ROW_ID,ORDER_ID,ORDER_DATE,SHIP_DATE,SHIP_METHOD,CUSTOMER_ID,CUSTOMER_NAME,CUST_CATEGORY,CITY,PROVINCE,COUNTRY,REGION,PRODUCT_ID,CATEGORY,SUB_CATEGORY,PRODUCT_NAME,SALES,QUANTITY,DISCOUNT,PROFIT
5,CN-202022-2975416,2023-05-31,2023-06-02,二级,万兰-15730,万兰,消费者,汕头,广东,中国,中南,办公用-器具-10003452,办公用品,器具,"KitchenAid 搅拌机, 黑色",1375.92,3,0.0,550.2
16,US-202022-2511714,2023-11-22,2023-11-25,一级,刘斯-20965,刘斯云,公司,徐州,江苏,中国,华东,办公用-器具-10003582,办公用品,器具,"KitchenAid 冰箱, 黑色",10336.452,7,0.4,-3962.728
17,US-202022-2511714,2023-11-22,2023-11-25,一级,刘斯-20965,刘斯云,公司,徐州,江苏,中国,华东,办公用-标签-10004648,办公用品,标签,"Novimex 圆形标签, 红色",85.26,3,0.0,38.22
25,US-202022-4150614,2023-06-07,2023-06-14,标准级,贾彩-10600,贾彩,公司,温岭,浙江,中国,华东,家具-书架-10004730,家具,书架,"Sauder 书架, 金属",1638.336,4,0.4,-464.464
26,US-202022-4150614,2023-06-07,2023-06-14,标准级,贾彩-10600,贾彩,公司,温岭,浙江,中国,华东,家具-椅子-10002386,家具,椅子,"Office Star 摇椅, 可调",1204.56,3,0.4,60.06
27,US-202022-4150614,2023-06-07,2023-06-14,标准级,贾彩-10600,贾彩,公司,温岭,浙江,中国,华东,办公用-系固-10003889,办公用品,系固件,"OIC 图钉, 金属",198.66,5,0.4,-16.94
28,US-202022-4150614,2023-06-07,2023-06-14,标准级,贾彩-10600,贾彩,公司,温岭,浙江,中国,华东,办公用-系固-10003118,办公用品,系固件,"Accos 图钉, 混合尺寸",249.312,8,0.4,-58.688
29,US-202022-4150614,2023-06-07,2023-06-14,标准级,贾彩-10600,贾彩,公司,温岭,浙江,中国,华东,办公用-用品-10002717,办公用品,用品,"Fiskars 剪刀, 蓝色",389.088,6,0.4,-182.112
30,US-202022-4150614,2023-06-07,2023-06-14,标准级,贾彩-10600,贾彩,公司,温岭,浙江,中国,华东,技术-配件-10003585,技术,配件,"罗技 路由器, 实惠",692.496,1,0.4,-34.664
31,US-202022-4150614,2023-06-07,2023-06-14,标准级,贾彩-10600,贾彩,公司,温岭,浙江,中国,华东,家具-用具-10001174,家具,用具,"Tenex 灯泡, 黑色",106.008,2,0.4,-9.072
35,US-202022-1966627,2023-11-19,2023-11-23,标准级,巩虢-13495,巩虢,公司,宁波,浙江,中国,华东,家具-书架-10002226,家具,书架,"Dania 书架, 白色",1390.032,4,0.4,-486.528
36,CN-202022-1190387,2023-02-28,2023-03-01,一级,常松-20575,常松,消费者,上海,上海,中国,华东,家具-用具-10002645,家具,用具,"Advantus 灯泡, 耐用",399.0,5,0.0,0.0
37,CN-202022-3216455,2023-09-03,2023-09-06,二级,田黎-16450,田黎明,公司,厦门,福建,中国,华东,办公用-美术-10001683,办公用品,美术,"Boston 画布, 蓝色",250.32,1,0.0,32.48
38,CN-202022-4690757,2023-09-17,2023-09-21,标准级,谭乐-17815,谭乐,消费者,宿州,安徽,中国,华东,办公用-纸张-10003357,办公用品,纸张,"Green Bar 笔记本, 优质",834.12,6,0.0,399.84
39,CN-202022-4690757,2023-09-17,2023-09-21,标准级,谭乐-17815,谭乐,消费者,宿州,安徽,中国,华东,办公用-收纳-10002029,办公用品,收纳具,"Smead 盘, 工业",228.48,1,0.0,77.56
40,CN-202022-4690757,2023-09-17,2023-09-21,标准级,谭乐-17815,谭乐,消费者,宿州,安徽,中国,华东,家具-桌子-10001094,家具,桌子,"Lesro 培训桌, 长方形",932.295,1,0.25,-211.365
41,CN-202022-4674220,2023-07-02,2023-07-05,一级,徐岱-11875,徐岱,公司,兰州,甘肃,中国,西北,办公用-纸张-10002597,办公用品,纸张,"SanDisk 羊皮纸, 每包 12 个",291.9,3,0.0,107.94
42,US-202022-3857264,2023-07-26,2023-08-01,标准级,武杰-14815,武杰,小型企业,淮阴,江苏,中国,华东,办公用-器具-10004757,办公用品,器具,"Breville 炉灶, 黑色",9424.296,6,0.4,-2042.544
43,CN-202022-4054371,2023-12-24,2023-12-26,二级,吕兰-15700,吕兰,消费者,肇源,黑龙江,中国,东北,办公用-器具-10003452,办公用品,器具,"KitchenAid 搅拌机, 黑色",4127.76,9,0.0,1650.6
46,CN-202022-3476344,2023-07-16,2023-07-20,标准级,葛毅-12505,葛毅,消费者,合肥,安徽,中国,华东,办公用-装订-10000749,办公用品,装订机,"Ibico 打孔机, 透明",697.9,5,0.0,236.6
47,US-202022-5956361,2023-06-16,2023-06-18,二级,邹涛-21265,邹涛,公司,内江,四川,中国,西南,办公用-美术-10001467,办公用品,美术,"Boston 速写本, 蓝色",272.16,6,0.8,-1020.6
48,US-202022-5956361,2023-06-16,2023-06-18,二级,邹涛-21265,邹涛,公司,内江,四川,中国,西南,技术-电话-10004349,技术,电话,"诺基亚 充电器, 蓝色",1780.968,1,0.4,237.328
49,US-202022-5956361,2023-06-16,2023-06-18,二级,邹涛-21265,邹涛,公司,内江,四川,中国,西南,办公用-信封-10002675,办公用品,信封,"Ames 邮寄品, 银色",357.0,2,0.0,149.8
53,CN-202022-2828982,2023-05-22,2023-05-26,标准级,苏晒-19825,苏晒明,消费者,青岛,山东,中国,华东,办公用-器具-10000297,办公用品,器具,"Hamilton Beach 炉灶, 黑色",12641.3,5,0.0,3539.2
54,CN-202022-2828982,2023-05-22,2023-05-26,标准级,苏晒-19825,苏晒明,消费者,青岛,山东,中国,华东,办公用-器具-10002796,办公用品,器具,"Hamilton Beach 烤面包机, 银色",1359.4,5,0.0,217.0
55,CN-202022-2828982,2023-05-22,2023-05-26,标准级,苏晒-19825,苏晒明,消费者,青岛,山东,中国,华东,办公用-收纳-10000932,办公用品,收纳具,"Rogers 文件夹, 蓝色",143.22,1,0.0,68.74
56,US-202022-4297166,2023-12-31,2024-01-04,标准级,林丹-11980,林丹,消费者,沈阳,辽宁,中国,东北,办公用-用品-10003822,办公用品,用品,"Acme 开信刀, 蓝色",338.352,4,0.4,-129.808
57,US-202022-4297166,2023-12-31,2024-01-04,标准级,林丹-11980,林丹,消费者,沈阳,辽宁,中国,东北,办公用-系固-10003020,办公用品,系固件,"Stockwell 订书钉, 每包 12 个",137.76,5,0.4,-71.54
58,US-202022-4297166,2023-12-31,2024-01-04,标准级,林丹-11980,林丹,消费者,沈阳,辽宁,中国,东北,办公用-系固-10004142,办公用品,系固件,"Accos 按钉, 整包",121.968,3,0.4,-40.992
59,US-202022-4292548,2023-10-01,2023-10-07,标准级,徐健-14590,徐健,公司,黄石,湖北,中国,中南,家具-书架-10001540,家具,书架,"Dania 古典书架, 白色",2314.368,2,0.4,-694.512
62,CN-202022-4162714,2023-06-07,2023-06-10,一级,马丽-16480,马丽娜,消费者,邓州,河南,中国,中南,技术-设备-10004500,技术,设备,"松下 电话, 耐用",2775.36,7,0.0,332.22
69,CN-202022-3064620,2023-03-11,2023-03-16,二级,韩凤-12820,韩凤,小型企业,哈尔滨,黑龙江,中国,东北,技术-配件-10003980,技术,配件,"SanDisk 路由器, 耐用",3591.84,3,0.0,933.66
80,CN-202022-4126497,2023-03-11,2023-03-16,标准级,钱珊-19855,钱珊,公司,南昌,江西,中国,华东,办公用-标签-10002541,办公用品,标签,"Harbour Creations 运输标签, 可调",611.52,14,0.0,84.28
81,CN-202022-4126497,2023-03-11,2023-03-16,标准级,钱珊-19855,钱珊,公司,南昌,江西,中国,华东,办公用-用品-10003186,办公用品,用品,"Kleencut 尺子, 钢",120.96,2,0.0,36.12
82,CN-202022-1751343,2023-08-08,2023-08-08,当日,彭雯-21790,彭雯,消费者,西安,陕西,中国,西北,技术-复印-10002908,技术,复印机,"佳能 复印机, 数字化",2443.28,2,0.0,439.6
88,CN-202022-5552260,2023-07-26,2023-07-26,当日,曾康-15445,曾康,消费者,绵阳,四川,中国,西南,家具-用具-10001977,家具,用具,"Eldon 框架, 优质",1929.816,6,0.4,192.696
108,CN-202022-2045726,2023-10-17,2023-10-18,一级,巩关-15595,巩关茵,公司,徐州,江苏,中国,华东,办公用-用品-10001026,办公用品,用品,"Fiskars 修剪器, 锯齿状",546.0,5,0.4,81.9
109,CN-202022-2045726,2023-10-17,2023-10-18,一级,巩关-15595,巩关茵,公司,徐州,江苏,中国,华东,技术-复印-10001588,技术,复印机,"Hewlett 复印机, 彩色",4453.848,6,0.4,-1484.952
111,CN-202022-3984376,2023-08-05,2023-08-07,二级,陈莲-16930,陈莲,公司,北京,北京,中国,华北,办公用-装订-10000285,办公用品,装订机,"Acco 孔加固材料, 透明",85.68,3,0.0,38.22
114,CN-202022-1498643,2023-06-22,2023-06-22,当日,牛德-12190,牛德伟,消费者,新泰,山东,中国,华东,技术-配件-10004442,技术,配件,"贝尔金 路由器, 耐用",2416.96,2,0.0,1015.0
115,CN-202022-1498643,2023-06-22,2023-06-22,当日,牛德-12190,牛德伟,消费者,新泰,山东,中国,华东,办公用-用品-10002859,办公用品,用品,"Fiskars 大剪刀, 工业",1149.4,5,0.0,298.2
128,CN-202022-3815654,2023-02-27,2023-03-04,标准级,丁妮-18610,丁妮,公司,禹州,河南,中国,中南,技术-复印-10003823,技术,复印机,"惠普 墨水, 彩色",3036.6,5,0.0,1335.6
132,CN-202022-4214287,2023-11-12,2023-11-17,标准级,倪幂-18085,倪幂,消费者,重庆,重庆,中国,西南,办公用-标签-10002776,办公用品,标签,"Novimex 圆形标签, 可调",77.84,4,0.0,34.72
133,CN-202022-4214287,2023-11-12,2023-11-17,标准级,倪幂-18085,倪幂,消费者,重庆,重庆,中国,西南,办公用-装订-10004829,办公用品,装订机,"Avery 孔加固材料, 透明",72.24,4,0.0,16.8
142,CN-202022-3988119,2023-04-16,2023-04-20,二级,袁保-10405,袁保,公司,昭通,云南,中国,西南,办公用-信封-10004848,办公用品,信封,"Cameo 搭扣信封, 回收",310.24,8,0.0,2.24
147,CN-202022-1190387,2023-11-04,2023-11-07,一级,苏晒-19825,苏晒明,消费者,肇源,黑龙江,中国,东北,技术-复印-10002416,技术,复印机,"惠普 墨水, 红色",592.2,1,0.0,159.88
148,CN-202022-3230180,2023-10-22,2023-10-28,标准级,贺平-19105,贺平,消费者,海口,海南,中国,西南,办公用-用品-10002649,办公用品,用品,"Kleencut 修剪器, 钢",381.08,2,0.0,95.2
149,CN-202022-3230180,2023-10-22,2023-10-28,标准级,贺平-19105,贺平,消费者,海口,海南,中国,西南,家具-用具-10001150,家具,用具,"Tenex 闹钟, 耐用",1103.2,5,0.0,242.2
150,CN-202022-3230180,2023-10-22,2023-10-28,标准级,贺平-19105,贺平,消费者,海口,海南,中国,西南,办公用-信封-10000118,办公用品,信封,"GlobeWeis 马尼拉纸信封, 银色",139.02,1,0.0,13.86
152,CN-202022-4544243,2023-09-18,2023-09-20,一级,贺斯-20935,贺斯云,消费者,襄城,河南,中国,中南,办公用-信封-10000118,办公用品,信封,"GlobeWeis 马尼拉纸信封, 银色",278.04,2,0.0,27.72
153,CN-202022-4544243,2023-09-18,2023-09-20,一级,贺斯-20935,贺斯云,消费者,襄城,河南,中国,中南,家具-椅子-10003780,家具,椅子,"Harbour Creations 扶手椅, 红色",1989.162,1,0.1,751.422
156,US-202022-2560726,2023-05-02,2023-05-07,标准级,康丽-15865,康丽,消费者,温州,浙江,中国,华东,技术-电话-10004336,技术,电话,"三星 办公室电话机, 全尺寸",1117.368,6,0.4,-37.632
173,CN-202022-2491194,2023-10-30,2023-11-04,标准级,徐蔓-17965,徐蔓楚,公司,洮南,吉林,中国,东北,办公用-美术-10002471,办公用品,美术,"Boston 记号笔, 蓝色",295.344,3,0.2,55.104
178,CN-202022-1122727,2023-02-27,2023-03-03,标准级,佘凤-12970,佘凤,公司,运城,山西,中国,华北,家具-桌子-10003757,家具,桌子,"Chromcraft 木桌, 组装",8469.825,5,0.25,1806.525
181,CN-202022-2866628,2023-08-18,2023-08-22,标准级,谢聪-11665,谢聪,消费者,杭州,浙江,中国,华东,办公用-收纳-10000871,办公用品,收纳具,"Eldon 盒, 工业",250.6,5,0.0,47.6
182,CN-202022-2062805,2023-05-22,2023-05-26,标准级,田妮-18595,田妮,小型企业,南昌,江西,中国,华东,技术-设备-10000066,技术,设备,"松下 喷墨打印机, 耐用",2913.96,2,0.0,116.48
201,US-202022-3065733,2023-06-19,2023-06-24,标准级,毛升-20155,毛升,小型企业,苏州,江苏,中国,华东,家具-桌子-10004333,家具,桌子,"Barricks 电脑桌, 长方形",2662.296,3,0.6,-732.144
208,US-202022-4870971,2023-11-29,2023-12-03,标准级,傅晨-11110,傅晨,公司,枝江,湖北,中国,中南,技术-配件-10004773,技术,配件,"贝尔金 闪存驱动器, 回收",890.4,8,0.4,-549.92
209,US-202022-4870971,2023-11-29,2023-12-03,标准级,傅晨-11110,傅晨,公司,枝江,湖北,中国,中南,技术-电话-10002515,技术,电话,"诺基亚 智能手机, 混合尺寸",1411.2,4,0.4,188.16
212,CN-202022-5339863,2023-04-10,2023-04-12,一级,贾柏-18910,贾柏,小型企业,潍坊,山东,中国,华东,办公用-标签-10002541,办公用品,标签,"Harbour Creations 运输标签, 可调",43.68,1,0.0,6.02
213,CN-202022-5339863,2023-04-10,2023-04-12,一级,贾柏-18910,贾柏,小型企业,潍坊,山东,中国,华东,办公用-收纳-10003407,办公用品,收纳具,"Tenex 盒, 金属",217.98,3,0.0,69.72
214,CN-202022-2995973,2023-08-05,2023-08-07,二级,陈健-14545,陈健,公司,潍坊,山东,中国,华东,办公用-装订-10004876,办公用品,装订机,"Avery 标签, 实惠",147.7,5,0.0,73.5
215,CN-202022-2995973,2023-08-05,2023-08-07,二级,陈健-14545,陈健,公司,潍坊,山东,中国,华东,办公用-装订-10003513,办公用品,装订机,"Acco 标签, 耐用",188.16,4,0.0,48.72
216,CN-202022-2995973,2023-08-05,2023-08-07,二级,陈健-14545,陈健,公司,潍坊,山东,中国,华东,技术-配件-10001881,技术,配件,"Enermax 鼠标, 可编程",390.04,2,0.0,23.24
217,CN-202022-3266914,2023-10-26,2023-10-28,一级,赵德-12145,赵德伟,消费者,河源,广东,中国,中南,技术-配件-10003605,技术,配件,"SanDisk 闪存驱动器, 回收",348.6,2,0.0,27.72
218,CN-202022-3266914,2023-10-26,2023-10-28,一级,赵德-12145,赵德伟,消费者,河源,广东,中国,中南,办公用-用品-10004796,办公用品,用品,"Stiletto 大剪刀, 工业",463.96,2,0.0,69.44
219,CN-202022-3266914,2023-10-26,2023-10-28,一级,赵德-12145,赵德伟,消费者,河源,广东,中国,中南,技术-配件-10004228,技术,配件,"Enermax 键盘, 回收",1137.78,3,0.0,375.06
220,CN-202022-3266914,2023-10-26,2023-10-28,一级,赵德-12145,赵德伟,消费者,河源,广东,中国,中南,办公用-标签-10001866,办公用品,标签,"Novimex 运输标签, 可调",290.08,7,0.0,34.3
229,CN-202022-3253076,2023-11-09,2023-11-13,标准级,巩德-12070,巩德,小型企业,平顶山,河南,中国,中南,技术-设备-10001533,技术,设备,"松下 电话, 白色",1165.5,3,0.0,81.48
230,CN-202022-3253076,2023-11-09,2023-11-13,标准级,巩德-12070,巩德,小型企业,平顶山,河南,中国,中南,技术-电话-10003347,技术,电话,"摩托罗拉 信号增强器, 全尺寸",7413.56,11,0.0,2964.5
238,CN-202022-2862017,2023-11-15,2023-11-18,一级,贾丹-11920,贾丹,消费者,珠海,广东,中国,中南,办公用-收纳-10004035,办公用品,收纳具,"Rogers 盘, 蓝色",863.52,3,0.0,301.98
239,CN-202022-2045726,2023-02-01,2023-02-06,标准级,曹诚-11350,曹诚,公司,新民,辽宁,中国,东北,家具-书架-10000621,家具,书架,"Bush 书库, 金属",2037.168,2,0.4,-1086.512
240,CN-202022-2662386,2023-11-11,2023-11-13,二级,白立-16825,白立,公司,临汾,山西,中国,华北,办公用-标签-10001981,办公用品,标签,"Avery 圆形标签, 红色",97.44,3,0.0,19.32
242,US-202022-3585437,2023-07-03,2023-07-05,一级,贾君-15160,贾君,消费者,满洲里,内蒙古,中国,华北,办公用-系固-10003379,办公用品,系固件,"Advantus 夹子, 混合尺寸",140.616,3,0.4,-68.124
243,US-202022-3585437,2023-07-03,2023-07-05,一级,贾君-15160,贾君,消费者,满洲里,内蒙古,中国,华北,办公用-装订-10002115,办公用品,装订机,"Acco 打孔机, 实惠",84.336,1,0.4,-52.024
244,CN-202022-4347413,2023-12-09,2023-12-15,标准级,倪芬-12790,倪芬,小型企业,徐州,江苏,中国,华东,技术-电话-10001063,技术,电话,"苹果 智能手机, 全尺寸",1046.556,3,0.4,17.136
249,US-202022-1815663,2023-10-04,2023-10-07,二级,贾廉-17215,贾廉,消费者,钟祥,湖北,中国,中南,技术-设备-10003254,技术,设备,"StarTech 打印机, 白色",2138.472,3,0.4,-356.748
250,US-202022-1815663,2023-10-04,2023-10-07,二级,贾廉-17215,贾廉,消费者,钟祥,湖北,中国,中南,办公用-标签-10001176,办公用品,标签,"Avery 合法证物标签, 可调",172.48,4,0.0,30.8
251,US-202022-1815663,2023-10-04,2023-10-07,二级,贾廉-17215,贾廉,消费者,钟祥,湖北,中国,中南,办公用-用品-10002349,办公用品,用品,"Kleencut 剪刀, 钢",60.732,1,0.4,-31.388
255,CN-202022-2662386,2023-03-04,2023-03-06,二级,段杰-14800,段杰,公司,哈尔滨,黑龙江,中国,东北,办公用-系固-10000353,办公用品,系固件,"Stockwell 按钉, 金属",263.2,4,0.0,120.96
256,CN-202022-2662386,2023-03-04,2023-03-06,二级,段杰-14800,段杰,公司,哈尔滨,黑龙江,中国,东北,技术-电话-10004933,技术,电话,"思科 办公室电话机, 全尺寸",2670.5,7,0.0,0.0
262,CN-202022-4725073,2023-12-30,2024-01-03,标准级,徐关-15655,徐关茵,公司,芜湖,安徽,中国,华东,家具-椅子-10000951,家具,椅子,"Hon 椅垫, 红色",1554.84,6,0.0,466.2
263,CN-202022-4725073,2023-12-30,2024-01-03,标准级,徐关-15655,徐关茵,公司,芜湖,安徽,中国,华东,办公用-收纳-10003434,办公用品,收纳具,"Rogers 锁柜, 金属",3932.88,4,0.0,274.96
264,CN-202022-4725073,2023-12-30,2024-01-03,标准级,徐关-15655,徐关茵,公司,芜湖,安徽,中国,华东,技术-设备-10003240,技术,设备,"爱普生 电话, 红色",1458.24,4,0.0,116.48
265,CN-202022-4725073,2023-12-30,2024-01-03,标准级,徐关-15655,徐关茵,公司,芜湖,安徽,中国,华东,家具-椅子-10002161,家具,椅子,"Harbour Creations 摇椅, 每套两件",3484.6,5,0.0,1254.4
266,CN-202022-4015472,2023-09-13,2023-09-19,标准级,冯立-16735,冯立,消费者,泰兴,江苏,中国,华东,办公用-纸张-10001162,办公用品,纸张,"Enermax 令, 每包 12 个",456.54,3,0.0,49.98
267,CN-202022-4015472,2023-09-13,2023-09-19,标准级,冯立-16735,冯立,消费者,泰兴,江苏,中国,华东,技术-电话-10004858,技术,电话,"思科 耳机, 蓝色",742.896,3,0.4,86.436
271,CN-202022-4992845,2023-07-22,2023-07-26,标准级,贺升-20110,贺升,消费者,无锡,江苏,中国,华东,办公用-信封-10003337,办公用品,信封,"GlobeWeis 商业信封, 每套 50 个",485.52,6,0.0,174.72
276,CN-202022-1776641,2023-10-18,2023-10-22,标准级,林康-15400,林康,公司,重庆,重庆,中国,西南,办公用-收纳-10004913,办公用品,收纳具,"Eldon 文件车, 金属",2369.92,4,0.0,924.0
277,CN-202022-1776641,2023-10-18,2023-10-22,标准级,林康-15400,林康,公司,重庆,重庆,中国,西南,办公用-用品-10002441,办公用品,用品,"Fiskars 尺子, 蓝色",269.36,4,0.0,15.68
280,CN-202022-1424056,2023-05-01,2023-05-03,一级,郝立-16570,郝立勤,消费者,内江,四川,中国,西南,办公用-纸张-10001162,办公用品,纸张,"Enermax 令, 每包 12 个",304.36,2,0.0,33.32
281,CN-202022-1424056,2023-05-01,2023-05-03,一级,郝立-16570,郝立勤,消费者,内江,四川,中国,西南,办公用-装订-10002373,办公用品,装订机,"Cardinal 装订机盖, 回收",103.824,3,0.4,17.304
295,CN-202022-2505404,2023-01-22,2023-01-26,二级,陶磊-16105,陶磊,公司,开原,辽宁,中国,东北,办公用-收纳-10000306,办公用品,收纳具,"Smead 文件夹, 单宽度",81.76,1,0.0,29.4
300,CN-202022-1108121,2023-04-30,2023-05-07,标准级,孟斯-20980,孟斯云,公司,南昌,江西,中国,华东,办公用-标签-10000039,办公用品,标签,"Avery 可去除的标签, 白色",300.72,6,0.0,11.76
301,CN-202022-1108121,2023-04-30,2023-05-07,标准级,孟斯-20980,孟斯云,公司,南昌,江西,中国,华东,家具-椅子-10001258,家具,椅子,"Harbour Creations 扶手椅, 可调",6665.4,3,0.0,2999.22
302,CN-202022-4733722,2023-11-29,2023-12-02,一级,武欢-14260,武欢,小型企业,周口,河南,中国,中南,技术-电话-10001870,技术,电话,"三星 信号增强器, 蓝色",6374.2,10,0.0,63.0
303,CN-202022-4733722,2023-11-29,2023-12-02,一级,武欢-14260,武欢,小型企业,周口,河南,中国,中南,技术-设备-10003361,技术,设备,"松下 喷墨打印机, 多色",4369.26,3,0.0,655.2
304,CN-202022-4733722,2023-11-29,2023-12-02,一级,武欢-14260,武欢,小型企业,周口,河南,中国,中南,办公用-装订-10004876,办公用品,装订机,"Avery 标签, 实惠",177.24,6,0.0,88.2
305,CN-202022-4733722,2023-11-29,2023-12-02,一级,武欢-14260,武欢,小型企业,周口,河南,中国,中南,家具-用具-10002431,家具,用具,"Rubvermaid 灯泡, 一包多件",264.6,3,0.0,124.32
306,CN-202022-4733722,2023-11-29,2023-12-02,一级,武欢-14260,武欢,小型企业,周口,河南,中国,中南,家具-用具-10000601,家具,用具,"Advantus 相框, 耐用",1166.9,5,0.0,420.0
307,CN-202022-4733722,2023-11-29,2023-12-02,一级,武欢-14260,武欢,小型企业,周口,河南,中国,中南,办公用-信封-10003425,办公用品,信封,"GlobeWeis 马尼拉纸信封, 红色",577.36,4,0.0,242.48
308,CN-202022-1391849,2023-03-27,2023-03-31,标准级,常丽-16180,常丽华,消费者,怀化,湖南,中国,中南,家具-椅子-10001812,家具,椅子,"Harbour Creations 折叠椅, 可调",2529.576,6,0.1,590.016
309,CN-202022-1391849,2023-03-27,2023-03-31,标准级,常丽-16180,常丽华,消费者,怀化,湖南,中国,中南,办公用-收纳-10002059,办公用品,收纳具,"Tenex 搁板, 工业",771.96,3,0.0,200.34
317,CN-202022-2000071,2023-10-31,2023-11-03,一级,贺斯-20935,贺斯云,消费者,塘沽,天津,中国,华北,家具-椅子-10003884,家具,椅子,"Hon 扶手椅, 可调",8579.76,4,0.0,686.0
318,CN-202022-2000071,2023-10-31,2023-11-03,一级,贺斯-20935,贺斯云,消费者,塘沽,天津,中国,华北,办公用-美术-10000566,办公用品,美术,"Binney & Smith 荧光笔, 整包",393.4,5,0.0,46.9
319,CN-202022-2000071,2023-10-31,2023-11-03,一级,贺斯-20935,贺斯云,消费者,塘沽,天津,中国,华北,家具-书架-10002309,家具,书架,"宜家 墙角架, 黑色",1161.16,2,0.0,127.68
325,CN-202022-1608087,2023-03-19,2023-03-21,一级,熊宣-20875,熊宣,消费者,焦作,河南,中国,中南,技术-电话-10001493,技术,电话,"三星 充电器, 整包",8907.36,3,0.0,2404.92
335,CN-202022-2966078,2023-10-04,2023-10-11,标准级,常刚-13090,常刚,消费者,宜昌,湖北,中国,中南,办公用-纸张-10001831,办公用品,纸张,"SanDisk 令, 优质",417.06,3,0.0,116.76
336,CN-202022-2966078,2023-10-04,2023-10-11,标准级,常刚-13090,常刚,消费者,宜昌,湖北,中国,中南,技术-复印-10003386,技术,复印机,"佳能 无线传真机, 彩色",1064.28,1,0.4,-372.54
337,CN-202022-4619981,2023-08-13,2023-08-18,标准级,卢淑-20455,卢淑芳,消费者,昆明,云南,中国,西南,技术-配件-10003153,技术,配件,"贝尔金 键区, 耐用",1352.4,5,0.0,121.1
338,CN-202022-4619981,2023-08-13,2023-08-18,标准级,卢淑-20455,卢淑芳,消费者,昆明,云南,中国,西南,家具-椅子-10001902,家具,椅子,"SAFCO 沙滩椅, 黑色",877.52,4,0.0,34.72
339,CN-202022-3074981,2023-12-31,2024-01-04,标准级,刘明-18295,刘明,公司,抚顺,辽宁,中国,东北,办公用-纸张-10000506,办公用品,纸张,"Enermax 羊皮纸, 优质",215.46,3,0.0,77.28
340,CN-202022-3074981,2023-12-31,2024-01-04,标准级,刘明-18295,刘明,公司,抚顺,辽宁,中国,东北,办公用-收纳-10004393,办公用品,收纳具,"Rogers 文件车, 金属",5908.14,9,0.0,767.34
341,CN-202022-3074981,2023-12-31,2024-01-04,标准级,刘明-18295,刘明,公司,抚顺,辽宁,中国,东北,办公用-装订-10002870,办公用品,装订机,"Ibico 标签, 回收",77.868,3,0.4,-18.312
342,CN-202022-3074981,2023-12-31,2024-01-04,标准级,刘明-18295,刘明,公司,抚顺,辽宁,中国,东北,办公用-系固-10004381,办公用品,系固件,"Accos 图钉, 金属",115.92,3,0.4,-69.72
343,CN-202022-3074981,2023-12-31,2024-01-04,标准级,刘明-18295,刘明,公司,抚顺,辽宁,中国,东北,家具-书架-10000835,家具,书架,"Dania 搁架, 金属",2363.34,5,0.4,-1103.06
344,US-202022-2756371,2023-03-27,2023-03-29,一级,彭琼-19645,彭琼,公司,嘉兴,浙江,中国,华东,办公用-器具-10004222,办公用品,器具,"KitchenAid 咖啡研磨机, 黑色",195.72,1,0.4,-101.22
345,US-202022-5364655,2023-07-12,2023-07-18,标准级,王嘉-14530,王嘉丽,公司,淮阴,江苏,中国,华东,技术-电话-10003816,技术,电话,"摩托罗拉 耳机, 全尺寸",453.768,2,0.4,-121.072
346,US-202022-5364655,2023-07-12,2023-07-18,标准级,王嘉-14530,王嘉丽,公司,淮阴,江苏,中国,华东,办公用-系固-10003871,办公用品,系固件,"Stockwell 订书钉, 每包 12 个",143.22,5,0.4,-91.28
347,US-202022-5364655,2023-07-12,2023-07-18,标准级,王嘉-14530,王嘉丽,公司,淮阴,江苏,中国,华东,办公用-纸张-10002428,办公用品,纸张,"施乐 信纸, 多色",432.88,2,0.0,207.76
350,US-202022-3381572,2023-01-15,2023-01-20,标准级,黄雯-21715,黄雯,小型企业,包头,内蒙古,中国,华北,办公用-装订-10001290,办公用品,装订机,"Ibico 装订机, 透明",125.496,3,0.4,-46.284
351,US-202022-3381572,2023-01-15,2023-01-20,标准级,黄雯-21715,黄雯,小型企业,包头,内蒙古,中国,华北,家具-用具-10000649,家具,用具,"Eldon 闹钟, 黑色",158.256,1,0.4,15.736
352,CN-202022-3476099,2023-08-30,2023-09-03,标准级,秦淑-20440,秦淑芳,公司,开远,云南,中国,西南,家具-书架-10004714,家具,书架,"Sauder 柜, 传统",4667.04,6,0.0,792.96
353,CN-202022-3476099,2023-08-30,2023-09-03,标准级,秦淑-20440,秦淑芳,公司,开远,云南,中国,西南,办公用-系固-10003721,办公用品,系固件,"Stockwell 图钉, 整包",122.64,2,0.0,42.84
354,CN-202022-3476099,2023-08-30,2023-09-03,标准级,秦淑-20440,秦淑芳,公司,开远,云南,中国,西南,办公用-用品-10003562,办公用品,用品,"Fiskars 剪刀, 锯齿状",278.04,3,0.0,24.78
355,CN-202022-1197917,2023-04-11,2023-04-16,标准级,袁梅-18130,袁梅,公司,汕头,广东,中国,中南,技术-电话-10001271,技术,电话,"摩托罗拉 耳机, 整包",1117.62,3,0.0,391.02
372,CN-202022-4347413,2023-02-13,2023-02-17,标准级,贺伟-21490,贺伟,消费者,杭州,浙江,中国,华东,办公用-装订-10002836,办公用品,装订机,"Avery 订书机, 回收",551.04,4,0.4,-285.04
373,CN-202022-4347413,2023-02-13,2023-02-17,标准级,贺伟-21490,贺伟,消费者,杭州,浙江,中国,华东,技术-设备-10004791,技术,设备,"StarTech 卡片打印机, 红色",1349.46,3,0.4,-449.82
374,US-202022-3777715,2023-12-09,2023-12-11,一级,方蔓-17950,方蔓楚,消费者,富阳,浙江,中国,华东,家具-椅子-10004470,家具,椅子,"Novimex 摇椅, 黑色",1083.6,3,0.4,-577.92
375,US-202022-3777715,2023-12-09,2023-12-11,一级,方蔓-17950,方蔓楚,消费者,富阳,浙江,中国,华东,办公用-装订-10002575,办公用品,装订机,"Wilson Jones 打孔机, 耐用",247.716,3,0.4,24.696
376,US-202022-3777715,2023-12-09,2023-12-11,一级,方蔓-17950,方蔓楚,消费者,富阳,浙江,中国,华东,办公用-收纳-10003289,办公用品,收纳具,"Tenex 搁板, 单宽度",765.66,3,0.0,191.1
377,CN-202022-1715632,2023-08-02,2023-08-06,标准级,贺绅-19945,贺绅,消费者,明水,山东,中国,华东,技术-配件-10002920,技术,配件,"贝尔金 键区, 可编程",553.0,2,0.0,176.96
381,CN-202022-1399832,2023-09-02,2023-09-04,二级,肖保-10315,肖保,消费者,唐山,河北,中国,华北,办公用-纸张-10002647,办公用品,纸张,"SanDisk 羊皮纸, 多色",338.24,4,0.0,36.96
382,CN-202022-1399832,2023-09-02,2023-09-04,二级,肖保-10315,肖保,消费者,唐山,河北,中国,华北,家具-用具-10003545,家具,用具,"Tenex 相框, 优质",470.96,2,0.0,188.16
383,CN-202022-1399832,2023-09-02,2023-09-04,二级,肖保-10315,肖保,消费者,唐山,河北,中国,华北,办公用-系固-10003933,办公用品,系固件,"OIC 图钉, 每包 12 个",378.0,6,0.0,105.84
384,CN-202022-1399832,2023-09-02,2023-09-04,二级,肖保-10315,肖保,消费者,唐山,河北,中国,华北,办公用-用品-10001056,办公用品,用品,"Stiletto 大剪刀, 蓝色",673.26,3,0.0,322.98
385,CN-202022-1399832,2023-09-02,2023-09-04,二级,肖保-10315,肖保,消费者,唐山,河北,中国,华北,家具-椅子-10002778,家具,椅子,"Office Star 沙滩椅, 每套两件",807.66,3,0.0,112.98
386,CN-202022-1399832,2023-09-02,2023-09-04,二级,肖保-10315,肖保,消费者,唐山,河北,中国,华北,办公用-装订-10000662,办公用品,装订机,"Cardinal 装订机盖, 耐用",252.0,4,0.0,10.08
387,CN-202022-1399832,2023-09-02,2023-09-04,二级,肖保-10315,肖保,消费者,唐山,河北,中国,华北,办公用-纸张-10002493,办公用品,纸张,"Enermax 备忘录便条, 优质",876.96,12,0.0,174.72
396,CN-202022-5648514,2023-11-13,2023-11-18,标准级,白忠-11515,白忠,消费者,株洲,湖南,中国,中南,家具-椅子-10002286,家具,椅子,"SAFCO 椅垫, 红色",1507.464,6,0.1,183.624
397,CN-202022-5648514,2023-11-13,2023-11-18,标准级,白忠-11515,白忠,消费者,株洲,湖南,中国,中南,办公用-装订-10000419,办公用品,装订机,"Cardinal 订书机, 耐用",478.52,2,0.0,234.36
399,CN-202022-2698139,2023-12-13,2023-12-20,标准级,秦诚-11245,秦诚,公司,昆明,云南,中国,西南,办公用-用品-10003562,办公用品,用品,"Fiskars 剪刀, 锯齿状",463.4,5,0.0,41.3
410,US-202022-1399108,2023-10-17,2023-10-21,标准级,马实-20215,马实,消费者,庄河,辽宁,中国,东北,技术-复印-10000050,技术,复印机,"Brother 复印机, 彩色",2215.332,3,0.4,-1366.428
411,US-202022-1399108,2023-10-17,2023-10-21,标准级,马实-20215,马实,消费者,庄河,辽宁,中国,东北,技术-配件-10002107,技术,配件,"贝尔金 闪存驱动器, 实惠",234.864,2,0.4,-105.896
412,US-202022-1399108,2023-10-17,2023-10-21,标准级,马实-20215,马实,消费者,庄河,辽宁,中国,东北,办公用-装订-10000850,办公用品,装订机,"Wilson Jones 装订机盖, 回收",161.7,5,0.4,-59.5
413,US-202022-1399108,2023-10-17,2023-10-21,标准级,马实-20215,马实,消费者,庄河,辽宁,中国,东北,办公用-用品-10003822,办公用品,用品,"Acme 开信刀, 蓝色",338.352,4,0.4,-129.808
414,US-202022-1399108,2023-10-17,2023-10-21,标准级,马实-20215,马实,消费者,庄河,辽宁,中国,东北,家具-用具-10004734,家具,用具,"Tenex 框架, 优质",1216.32,4,0.4,-689.36
415,US-202022-1399108,2023-10-17,2023-10-21,标准级,马实-20215,马实,消费者,庄河,辽宁,中国,东北,办公用-美术-10004417,办公用品,美术,"Binney & Smith 画布, 混合尺寸",50.904,1,0.8,-198.576
417,CN-202022-2075782,2023-10-04,2023-10-07,二级,陈磊-15970,陈磊,消费者,鸡西,黑龙江,中国,东北,家具-用具-10000601,家具,用具,"Advantus 相框, 耐用",466.76,2,0.0,168.0
430,US-202022-3694355,2023-06-03,2023-06-07,标准级,刘婵-10945,刘婵,消费者,徐州,江苏,中国,华东,办公用-器具-10000222,办公用品,器具,"KitchenAid 微波炉, 银色",3483.984,4,0.4,-522.816
435,CN-202022-3769666,2023-05-25,2023-05-28,一级,楚松-20605,楚松,消费者,大庆,黑龙江,中国,东北,技术-电话-10004290,技术,电话,"诺基亚 信号增强器, 蓝色",637.0,1,0.0,31.78
436,CN-202022-3769666,2023-05-25,2023-05-28,一级,楚松-20605,楚松,消费者,大庆,黑龙江,中国,东北,技术-复印-10001101,技术,复印机,"夏普 无线传真机, 红色",1652.56,1,0.0,495.74
443,CN-202022-3010037,2023-11-26,2023-11-29,二级,薛强-19330,薛强,消费者,恒山,黑龙江,中国,东北,家具-椅子-10002544,家具,椅子,"SAFCO 凳子, 黑色",3089.52,4,0.0,493.92
444,CN-202022-3010037,2023-11-26,2023-11-29,二级,薛强-19330,薛强,消费者,恒山,黑龙江,中国,东北,办公用-纸张-10001162,办公用品,纸张,"Enermax 令, 每包 12 个",304.36,2,0.0,33.32
445,CN-202022-3010037,2023-11-26,2023-11-29,二级,薛强-19330,薛强,消费者,恒山,黑龙江,中国,东北,办公用-系固-10004460,办公用品,系固件,"Advantus 订书钉, 金属",102.48,2,0.0,29.68
446,CN-202022-3010037,2023-11-26,2023-11-29,二级,薛强-19330,薛强,消费者,恒山,黑龙江,中国,东北,家具-书架-10004927,家具,书架,"Bush 书架, 金属",1147.72,2,0.0,516.32
447,CN-202022-3010037,2023-11-26,2023-11-29,二级,薛强-19330,薛强,消费者,恒山,黑龙江,中国,东北,技术-复印-10003757,技术,复印机,"Hewlett 墨水, 数字化",4152.96,6,0.0,1162.56
448,CN-202022-3010037,2023-11-26,2023-11-29,二级,薛强-19330,薛强,消费者,恒山,黑龙江,中国,东北,办公用-纸张-10003981,办公用品,纸张,"Green Bar 羊皮纸, 优质",389.2,5,0.0,61.6
449,CN-202022-3010037,2023-11-26,2023-11-29,二级,薛强-19330,薛强,消费者,恒山,黑龙江,中国,东北,办公用-器具-10000188,办公用品,器具,"KitchenAid 冰箱, 银色",4934.44,2,0.0,1776.32
451,CN-202022-5731370,2023-02-08,2023-02-13,标准级,叶立-16615,叶立勤,公司,大庆,黑龙江,中国,东北,办公用-系固-10002707,办公用品,系固件,"Advantus 按钉, 金属",135.8,2,0.0,42.0
452,US-202022-5082514,2023-09-04,2023-09-04,当日,任婵-10810,任婵娟,公司,大冶,湖北,中国,中南,办公用-装订-10004560,办公用品,装订机,"Wilson Jones 装订机盖, 耐用",319.788,9,0.4,-11.592
475,CN-202022-2166981,2023-12-06,2023-12-10,标准级,马荣-19750,马荣,消费者,淮南,安徽,中国,华东,办公用-系固-10003387,办公用品,系固件,"Advantus 回形针, 金属",196.98,3,0.0,57.12
480,CN-202022-3174894,2023-02-06,2023-02-11,二级,万达-11815,万达侠,公司,贵阳,贵州,中国,西南,办公用-装订-10002095,办公用品,装订机,"Cardinal 打孔机, 耐用",707.0,5,0.0,254.1
481,CN-202022-4288435,2023-10-23,2023-10-25,二级,殷宣-20920,殷宣,消费者,浏阳,湖南,中国,中南,家具-用具-10001150,家具,用具,"Tenex 闹钟, 耐用",661.92,3,0.0,145.32
488,US-202022-5956361,2023-07-13,2023-07-17,标准级,郝廉-17245,郝廉,消费者,漯河,河南,中国,中南,技术-配件-10002874,技术,配件,"Enermax 键区, 可编程",549.08,2,0.0,274.4
489,US-202022-5956361,2023-07-13,2023-07-17,标准级,郝廉-17245,郝廉,消费者,漯河,河南,中国,中南,技术-复印-10001701,技术,复印机,"Brother 墨水, 数字化",2742.88,4,0.0,1234.24
490,US-202022-5956361,2023-07-13,2023-07-17,标准级,郝廉-17245,郝廉,消费者,漯河,河南,中国,中南,办公用-收纳-10003383,办公用品,收纳具,"Eldon 盘, 蓝色",671.58,3,0.0,53.34
491,US-202022-5956361,2023-07-13,2023-07-17,标准级,郝廉-17245,郝廉,消费者,漯河,河南,中国,中南,家具-用具-10003459,家具,用具,"Rubvermaid 框架, 优质",1519.14,3,0.0,91.14
492,US-202022-5956361,2023-07-13,2023-07-17,标准级,郝廉-17245,郝廉,消费者,漯河,河南,中国,中南,技术-配件-10004328,技术,配件,"Memorex 闪存驱动器, 实惠",411.6,3,0.0,69.72
497,CN-202022-4662338,2023-12-18,2023-12-21,二级,郭莲-17005,郭莲,消费者,蓬莱,山东,中国,华东,办公用-装订-10002471,办公用品,装订机,"Acco 订书机, 实惠",476.84,2,0.0,147.56
498,CN-202022-4662338,2023-12-18,2023-12-21,二级,郭莲-17005,郭莲,消费者,蓬莱,山东,中国,华东,技术-设备-10004218,技术,设备,"松下 收据打印机, 多色",2821.0,5,0.0,1325.8
499,CN-202022-4662338,2023-12-18,2023-12-21,二级,郭莲-17005,郭莲,消费者,蓬莱,山东,中国,华东,办公用-信封-10000318,办公用品,信封,"GlobeWeis 邮寄品, 每套 50 个",359.8,2,0.0,24.92
500,CN-202022-4662338,2023-12-18,2023-12-21,二级,郭莲-17005,郭莲,消费者,蓬莱,山东,中国,华东,办公用-用品-10000469,办公用品,用品,"Elite 修剪器, 锯齿状",1074.36,6,0.0,21.0
501,CN-202022-4662338,2023-12-18,2023-12-21,二级,郭莲-17005,郭莲,消费者,蓬莱,山东,中国,华东,办公用-纸张-10004274,办公用品,纸张,"Eaton 备忘录便条, 每包 12 个",166.88,2,0.0,46.48
502,CN-202022-4662338,2023-12-18,2023-12-21,二级,郭莲-17005,郭莲,消费者,蓬莱,山东,中国,华东,技术-配件-10004611,技术,配件,"Memorex 键盘, 可编程",679.84,2,0.0,74.76
503,CN-202022-4662338,2023-12-18,2023-12-21,二级,郭莲-17005,郭莲,消费者,蓬莱,山东,中国,华东,办公用-收纳-10000208,办公用品,收纳具,"Rogers 搁板, 单宽度",870.24,3,0.0,260.82
506,US-202022-4774798,2023-05-03,2023-05-07,标准级,郝廉-17260,郝廉,消费者,衢州,浙江,中国,华东,办公用-系固-10002531,办公用品,系固件,"Stockwell 回形针, 金属",152.544,4,0.4,-74.256
509,CN-202022-2647402,2023-10-17,2023-10-24,标准级,袁丽-16285,袁丽美,小型企业,天津,天津,中国,华北,技术-设备-10002746,技术,设备,"松下 收据打印机, 耐用",1694.28,3,0.0,592.62
511,CN-202022-5848215,2023-03-16,2023-03-20,二级,任杰-14755,任杰,消费者,安达,黑龙江,中国,东北,技术-配件-10004728,技术,配件,"Enermax 记忆卡, 可编程",1622.46,3,0.0,307.86
512,CN-202022-5848215,2023-03-16,2023-03-20,二级,任杰-14755,任杰,消费者,安达,黑龙江,中国,东北,办公用-用品-10004128,办公用品,用品,"Acme 修剪器, 蓝色",1040.2,5,0.0,457.1
513,CN-202022-4998591,2023-04-12,2023-04-16,二级,白德-12205,白德伟,消费者,永川,重庆,中国,西南,技术-配件-10000680,技术,配件,"贝尔金 记忆卡, 耐用",1610.28,3,0.0,418.32
514,CN-202022-4246507,2023-05-07,2023-05-11,标准级,袁松-20785,袁松,消费者,临沂,山东,中国,华东,办公用-器具-10003678,办公用品,器具,"Cuisinart 微波炉, 银色",5211.92,4,0.0,1876.0
515,CN-202022-4246507,2023-05-07,2023-05-11,标准级,袁松-20785,袁松,消费者,临沂,山东,中国,华东,办公用-系固-10000296,办公用品,系固件,"Stockwell 按钉, 每包 12 个",257.6,4,0.0,123.2
516,CN-202022-4246507,2023-05-07,2023-05-11,标准级,袁松-20785,袁松,消费者,临沂,山东,中国,华东,家具-椅子-10002161,家具,椅子,"Harbour Creations 摇椅, 每套两件",2090.76,3,0.0,752.64
517,CN-202022-4246507,2023-05-07,2023-05-11,标准级,袁松-20785,袁松,消费者,临沂,山东,中国,华东,办公用-纸张-10003781,办公用品,纸张,"Green Bar 备忘录便条, 优质",237.3,3,0.0,101.64
523,CN-202022-3010037,2023-06-21,2023-06-27,标准级,唐凤-12985,唐凤,消费者,大同,山西,中国,华北,技术-复印-10001124,技术,复印机,"夏普 个人复印机, 每套两件",1120.0,2,0.0,44.8
530,CN-202022-5477816,2023-12-30,2024-01-02,一级,佘虢-13555,佘虢,公司,阳谷,山东,中国,华东,办公用-标签-10004982,办公用品,标签,"Harbour Creations 有色标签, 白色",421.4,7,0.0,147.0
538,CN-202022-2146974,2023-07-12,2023-07-16,二级,袁保-10405,袁保,公司,沈阳,辽宁,中国,东北,办公用-纸张-10002471,办公用品,纸张,"施乐 备忘录便条, 每包 12 个",247.38,3,0.0,123.48
539,CN-202022-2146974,2023-07-12,2023-07-16,二级,袁保-10405,袁保,公司,沈阳,辽宁,中国,东北,办公用-标签-10003752,办公用品,标签,"Hon 有色标签, 可调",299.88,6,0.0,89.88
540,CN-202022-2146974,2023-07-12,2023-07-16,二级,袁保-10405,袁保,公司,沈阳,辽宁,中国,东北,办公用-信封-10000020,办公用品,信封,"Ames 搭扣信封, 每套 50 个",67.2,2,0.0,29.4
541,CN-202022-2146974,2023-07-12,2023-07-16,二级,袁保-10405,袁保,公司,沈阳,辽宁,中国,东北,技术-电话-10003432,技术,电话,"三星 音频基座, 蓝色",1401.372,3,0.4,-583.968
542,CN-202022-2146974,2023-07-12,2023-07-16,二级,袁保-10405,袁保,公司,沈阳,辽宁,中国,东北,家具-椅子-10004470,家具,椅子,"Novimex 摇椅, 黑色",361.2,1,0.4,-192.64
545,CN-202022-3807036,2023-01-21,2023-01-25,标准级,曹灵-17590,曹灵,公司,洛阳,福建,中国,华东,办公用-标签-10004623,办公用品,标签,"Avery 有色标签, 可调",261.1,5,0.0,28.7
546,CN-202022-3807036,2023-01-21,2023-01-25,标准级,曹灵-17590,曹灵,公司,洛阳,福建,中国,华东,办公用-器具-10004675,办公用品,器具,"Hoover 炉灶, 白色",5288.36,2,0.0,0.0
547,CN-202022-3807036,2023-01-21,2023-01-25,标准级,曹灵-17590,曹灵,公司,洛阳,福建,中国,华东,办公用-美术-10000831,办公用品,美术,"Binney & Smith 钢笔, 金属",123.2,2,0.0,6.16
563,CN-202022-3434056,2023-08-13,2023-08-19,标准级,曹冬-12445,曹冬露,消费者,兰州,甘肃,中国,西北,家具-椅子-10004961,家具,椅子,"Office Star 椅垫, 可调",956.34,5,0.4,111.44
564,US-202022-3678373,2023-08-28,2023-09-02,二级,龙婷-21115,龙婷,公司,南通,江苏,中国,华东,技术-配件-10002092,技术,配件,"Memorex 记忆卡, 耐用",860.832,3,0.4,-129.528
565,US-202022-3678373,2023-08-28,2023-09-02,二级,龙婷-21115,龙婷,公司,南通,江苏,中国,华东,办公用-器具-10002966,办公用品,器具,"Cuisinart 冰箱, 红色",6945.12,5,0.4,-0.28
586,CN-202022-3360134,2023-10-24,2023-10-29,标准级,任婵-10810,任婵娟,公司,广州,广东,中国,中南,家具-书架-10004880,家具,书架,"宜家 书库, 白色",5122.74,3,0.0,1434.3
587,CN-202022-3360134,2023-10-24,2023-10-29,标准级,任婵-10810,任婵娟,公司,广州,广东,中国,中南,办公用-用品-10002903,办公用品,用品,"Elite 大剪刀, 锯齿状",407.96,2,0.0,142.52
588,CN-202022-3767771,2023-09-05,2023-09-09,二级,李谙-18775,李谙,小型企业,南隆,四川,中国,西南,办公用-信封-10001912,办公用品,信封,"Cameo 外皮和封条, 银色",546.0,5,0.0,92.4
590,CN-202022-5102195,2023-09-21,2023-09-26,标准级,封乐-17740,封乐,消费者,龙泉,云南,中国,西南,办公用-用品-10001427,办公用品,用品,"Elite 大剪刀, 蓝色",877.52,4,0.0,324.24
591,CN-202022-5102195,2023-09-21,2023-09-26,标准级,封乐-17740,封乐,消费者,龙泉,云南,中国,西南,办公用-用品-10001026,办公用品,用品,"Fiskars 修剪器, 锯齿状",364.0,2,0.0,178.36
592,CN-202022-5102195,2023-09-21,2023-09-26,标准级,封乐-17740,封乐,消费者,龙泉,云南,中国,西南,技术-设备-10002765,技术,设备,"爱普生 打印机, 白色",4872.56,4,0.0,146.16
593,CN-202022-5102195,2023-09-21,2023-09-26,标准级,封乐-17740,封乐,消费者,龙泉,云南,中国,西南,家具-椅子-10002837,家具,椅子,"Office Star 折叠椅, 可调",439.6,1,0.0,61.46
594,CN-202022-5102195,2023-09-21,2023-09-26,标准级,封乐-17740,封乐,消费者,龙泉,云南,中国,西南,办公用-装订-10002993,办公用品,装订机,"Acco 打孔机, 透明",414.12,3,0.0,94.92
595,CN-202022-5102195,2023-09-21,2023-09-26,标准级,封乐-17740,封乐,消费者,龙泉,云南,中国,西南,技术-电话-10002323,技术,电话,"诺基亚 充电器, 整包",8906.1,3,0.0,2938.74
604,CN-202022-2171205,2023-01-17,2023-01-20,二级,龙廷-21295,龙廷,消费者,常熟市,江苏,中国,华东,技术-配件-10002609,技术,配件,"Memorex 键区, 耐用",635.88,5,0.4,20.58
605,CN-202022-2171205,2023-01-17,2023-01-20,二级,龙廷-21295,龙廷,消费者,常熟市,江苏,中国,华东,家具-用具-10000579,家具,用具,"Eldon 门挡, 一包多件",421.848,3,0.4,-260.232
616,CN-202022-5908054,2023-06-24,2023-06-30,标准级,夏彩-10645,夏彩,消费者,信阳,河南,中国,中南,办公用-装订-10004263,办公用品,装订机,"Acco 装订机, 实惠",636.3,9,0.0,119.7
622,CN-202022-1424056,2023-08-03,2023-08-09,标准级,顾丹-11965,顾丹,公司,包头,内蒙古,中国,华北,办公用-收纳-10003152,办公用品,收纳具,"Smead 盒, 金属",137.76,3,0.0,30.24
623,CN-202022-1424056,2023-08-03,2023-08-09,标准级,顾丹-11965,顾丹,公司,包头,内蒙古,中国,华北,技术-设备-10004659,技术,设备,"爱普生 卡片打印机, 耐用",952.392,2,0.4,-285.768
624,CN-202022-1424056,2023-08-03,2023-08-09,标准级,顾丹-11965,顾丹,公司,包头,内蒙古,中国,华北,家具-椅子-10004282,家具,椅子,"Novimex 凳子, 红色",920.976,2,0.4,-491.344
625,CN-202022-2190451,2023-09-12,2023-09-14,二级,苏磊-16090,苏磊,消费者,浦城,福建,中国,华东,技术-配件-10001709,技术,配件,"Enermax 记忆卡, 回收",2094.4,4,0.0,795.76
626,CN-202022-2190451,2023-09-12,2023-09-14,二级,苏磊-16090,苏磊,消费者,浦城,福建,中国,华东,办公用-信封-10004263,办公用品,信封,"Cameo 商业信封, 银色",270.9,3,0.0,40.32
627,CN-202022-2190451,2023-09-12,2023-09-14,二级,苏磊-16090,苏磊,消费者,浦城,福建,中国,华东,办公用-美术-10002689,办公用品,美术,"Stanley 速写本, 整包",1668.8,8,0.0,333.76
628,CN-202022-2190451,2023-09-12,2023-09-14,二级,苏磊-16090,苏磊,消费者,浦城,福建,中国,华东,办公用-纸张-10003542,办公用品,纸张,"SanDisk 信纸, 每包 12 个",1226.4,5,0.0,281.4
629,CN-202022-2190451,2023-09-12,2023-09-14,二级,苏磊-16090,苏磊,消费者,浦城,福建,中国,华东,技术-设备-10002403,技术,设备,"StarTech 卡片打印机, 多色",1526.0,2,0.0,701.96
635,CN-202022-1067897,2023-09-25,2023-10-02,标准级,巩关-15595,巩关茵,公司,杭州,浙江,中国,华东,家具-用具-10000649,家具,用具,"Eldon 闹钟, 黑色",158.256,1,0.4,15.736
636,CN-202022-1067897,2023-09-25,2023-10-02,标准级,巩关-15595,巩关茵,公司,杭州,浙江,中国,华东,技术-设备-10001286,技术,设备,"冲电器 打印机, 白色",1494.696,2,0.4,-174.384
637,US-202022-2373769,2023-06-15,2023-06-18,二级,郝婷-21055,郝婷,消费者,牙克石,内蒙古,中国,华北,办公用-器具-10004554,办公用品,器具,"Hoover 炉灶, 黑色",3180.24,2,0.4,-636.16
638,CN-202022-2328434,2023-11-15,2023-11-15,当日,韩莲-16960,韩莲,小型企业,黎城,江苏,中国,华东,办公用-标签-10004405,办公用品,标签,"Avery 文件夹标签, 白色",85.12,2,0.0,1.68
651,CN-202022-3690158,2023-05-30,2023-06-04,标准级,程聪-11620,程聪,消费者,天津,天津,中国,华北,家具-用具-10003358,家具,用具,"Advantus 灯泡, 一包多件",469.7,5,0.0,93.8
652,CN-202022-3690158,2023-05-30,2023-06-04,标准级,程聪-11620,程聪,消费者,天津,天津,中国,华北,办公用-标签-10002381,办公用品,标签,"Harbour Creations 运输标签, 耐用",110.6,2,0.0,52.92
653,CN-202022-3690158,2023-05-30,2023-06-04,标准级,程聪-11620,程聪,消费者,天津,天津,中国,华北,办公用-器具-10002746,办公用品,器具,"Cuisinart 咖啡研磨机, 银色",367.36,2,0.0,25.48
654,CN-202022-3690158,2023-05-30,2023-06-04,标准级,程聪-11620,程聪,消费者,天津,天津,中国,华北,家具-书架-10000621,家具,书架,"Bush 书库, 金属",1697.64,1,0.0,135.8
656,CN-202022-5180154,2023-08-23,2023-08-28,标准级,邢伟-21505,邢伟,消费者,洛阳,广东,中国,中南,技术-设备-10004877,技术,设备,"冲电器 喷墨打印机, 白色",7291.9,5,0.0,1385.3
657,CN-202022-5180154,2023-08-23,2023-08-28,标准级,邢伟-21505,邢伟,消费者,洛阳,广东,中国,中南,技术-配件-10003605,技术,配件,"SanDisk 闪存驱动器, 回收",871.5,5,0.0,69.3
672,US-202022-4200185,2023-07-08,2023-07-13,标准级,邓惠-14470,邓惠,消费者,沈阳,辽宁,中国,东北,技术-电话-10001791,技术,电话,"摩托罗拉 智能手机, 全尺寸",1834.98,5,0.4,-1009.82
673,US-202022-4200185,2023-07-08,2023-07-13,标准级,邓惠-14470,邓惠,消费者,沈阳,辽宁,中国,东北,办公用-系固-10000944,办公用品,系固件,"Stockwell 夹子, 整包",161.532,3,0.4,-19.068
677,CN-202022-2312244,2023-10-02,2023-10-04,二级,孔辉-12610,孔辉,公司,海口,海南,中国,中南,家具-书架-10002456,家具,书架,"Safco 书架, 金属",1385.44,2,0.0,512.4
678,CN-202022-2312244,2023-10-02,2023-10-04,二级,孔辉-12610,孔辉,公司,海口,海南,中国,中南,办公用-用品-10003186,办公用品,用品,"Acme 修剪器, 工业",646.8,3,0.0,187.32
679,CN-202022-2312244,2023-10-02,2023-10-04,二级,孔辉-12610,孔辉,公司,海口,海南,中国,中南,办公用-标签-10002763,办公用品,标签,"Novimex 圆形标签, 白色",58.52,2,0.0,8.68
690,CN-202022-4075015,2023-10-11,2023-10-15,二级,常升-20020,常升,消费者,四平,吉林,中国,东北,家具-椅子-10000676,家具,椅子,"SAFCO 椅垫, 可调",581.56,2,0.0,267.4
691,CN-202022-4075015,2023-10-11,2023-10-15,二级,常升-20020,常升,消费者,四平,吉林,中国,东北,办公用-装订-10002575,办公用品,装订机,"Wilson Jones 打孔机, 耐用",550.48,4,0.0,253.12
692,CN-202022-4075015,2023-10-11,2023-10-15,二级,常升-20020,常升,消费者,四平,吉林,中国,东北,家具-椅子-10003377,家具,椅子,"SAFCO 折叠椅, 黑色",2331.84,6,0.0,139.44
693,US-202022-5146329,2023-11-27,2023-12-01,标准级,黄雯-21715,黄雯,小型企业,襄樊,湖北,中国,中南,办公用-美术-10004476,办公用品,美术,"BIC 速写本, 混合尺寸",96.768,2,0.8,-290.472
696,CN-202022-2852208,2023-08-26,2023-08-30,标准级,戴壁-10480,戴壁,消费者,上海,上海,中国,华东,技术-配件-10000911,技术,配件,"Memorex 路由器, 回收",4555.04,4,0.0,2231.6
707,CN-202022-3636322,2023-02-01,2023-02-08,标准级,邱刚-13120,邱刚,公司,张家口,河北,中国,华北,办公用-信封-10001487,办公用品,信封,"GlobeWeis 外皮和封条, 银色",222.04,2,0.0,110.88
714,CN-202022-5645996,2023-08-19,2023-08-21,一级,袁梅-18130,袁梅,公司,惠城,广东,中国,中南,办公用-装订-10000292,办公用品,装订机,"Wilson Jones 装订机盖, 实惠",104.44,2,0.0,34.44
721,CN-202022-3409532,2023-08-23,2023-08-25,一级,殷宣-20920,殷宣,消费者,韶关,广东,中国,中南,办公用-信封-10002653,办公用品,信封,"Jiffy 马尼拉纸信封, 回收",694.68,6,0.0,312.48
723,US-202022-3285234,2023-06-14,2023-06-19,标准级,丁君-15280,丁君,消费者,武汉,湖北,中国,中南,技术-复印-10004182,技术,复印机,"惠普 传真机, 红色",3339.168,4,0.4,-56.112
724,CN-202022-2295401,2023-09-17,2023-09-18,一级,潘谙-18820,潘谙,消费者,贵阳,贵州,中国,西南,办公用-装订-10002993,办公用品,装订机,"Acco 打孔机, 透明",276.08,2,0.0,63.28
725,CN-202022-2295401,2023-09-17,2023-09-18,一级,潘谙-18820,潘谙,消费者,贵阳,贵州,中国,西南,办公用-信封-10004375,办公用品,信封,"Cameo 商业信封, 每套 50 个",395.5,5,0.0,189.7
734,CN-202022-3188485,2023-08-16,2023-08-20,标准级,郝壁-10420,郝壁,公司,弥阳,云南,中国,西南,办公用-信封-10000686,办公用品,信封,"GlobeWeis 局间信封, 每套 50 个",446.32,2,0.0,182.84
737,CN-202022-1182921,2023-11-20,2023-11-23,一级,付聪-11650,付聪,公司,郴州,湖南,中国,中南,家具-用具-10001977,家具,用具,"Eldon 框架, 优质",2144.24,4,0.0,986.16
738,CN-202022-3676630,2023-09-10,2023-09-15,标准级,戴珑-17860,戴珑,公司,遵义,贵州,中国,西南,办公用-信封-10002073,办公用品,信封,"Kraft 局间信封, 银色",690.48,3,0.0,151.62
750,CN-202022-4395048,2023-02-18,2023-02-22,标准级,许绅-19960,许绅,消费者,哈尔滨,黑龙江,中国,东北,家具-桌子-10004946,家具,桌子,"Barricks 木桌, 长方形",12605.25,7,0.25,2857.19
751,CN-202022-4395048,2023-02-18,2023-02-22,标准级,许绅-19960,许绅,消费者,哈尔滨,黑龙江,中国,东北,办公用-用品-10002884,办公用品,用品,"Stiletto 修剪器, 蓝色",598.5,3,0.0,77.7
752,CN-202022-4395048,2023-02-18,2023-02-22,标准级,许绅-19960,许绅,消费者,哈尔滨,黑龙江,中国,东北,办公用-装订-10004028,办公用品,装订机,"Wilson Jones 打孔机, 实惠",914.34,7,0.0,72.52
753,CN-202022-4395048,2023-02-18,2023-02-22,标准级,许绅-19960,许绅,消费者,哈尔滨,黑龙江,中国,东北,办公用-器具-10002567,办公用品,器具,"Hoover 烤面包机, 黑色",1162.98,3,0.0,558.18
758,US-202022-5128542,2023-05-22,2023-05-24,二级,卢爽-20530,卢爽,消费者,宁波,浙江,中国,华东,办公用-系固-10000591,办公用品,系固件,"Stockwell 图钉, 整包",37.884,1,0.4,-13.356
759,US-202022-5128542,2023-05-22,2023-05-24,二级,卢爽-20530,卢爽,消费者,宁波,浙江,中国,华东,技术-复印-10004983,技术,复印机,"Brother 复印机, 每套两件",3672.06,5,0.4,-61.74
797,CN-202022-2979175,2023-05-15,2023-05-21,标准级,雷菊-15025,雷菊,消费者,九江,江西,中国,华东,技术-电话-10000581,技术,电话,"苹果 充电器, 蓝色",14844.9,5,0.0,3117.1
803,CN-202022-3852845,2023-02-05,2023-02-08,二级,徐虢-13600,徐虢,公司,辽源,吉林,中国,东北,技术-电话-10000920,技术,电话,"三星 智能手机, 蓝色",1150.24,2,0.0,413.84
804,US-202022-4842730,2023-09-24,2023-09-28,标准级,贺立-16780,贺立,公司,宽甸,辽宁,中国,东北,办公用-美术-10004410,办公用品,美术,"Boston 画布, 整包",150.948,3,0.8,-543.732
805,US-202022-4842730,2023-09-24,2023-09-28,标准级,贺立-16780,贺立,公司,宽甸,辽宁,中国,东北,办公用-信封-10000396,办公用品,信封,"Ames 商业信封, 每套 50 个",273.28,4,0.0,32.48
806,US-202022-4842730,2023-09-24,2023-09-28,标准级,贺立-16780,贺立,公司,宽甸,辽宁,中国,东北,办公用-器具-10001222,办公用品,器具,"Breville 咖啡研磨机, 红色",519.624,3,0.4,-173.376
846,CN-202022-2661656,2023-09-19,2023-09-24,标准级,韦磊-16135,韦磊,小型企业,岳阳,湖南,中国,中南,家具-椅子-10002343,家具,椅子,"Office Star 沙滩椅, 红色",698.544,3,0.1,116.424
848,US-202022-5082514,2023-11-26,2023-11-30,标准级,吕欢-14155,吕欢悦,消费者,丰县,江苏,中国,华东,办公用-美术-10002057,办公用品,美术,"Binney & Smith 画布, 整包",96.376,2,0.8,-289.184
849,US-202022-5082514,2023-11-26,2023-11-30,标准级,吕欢-14155,吕欢悦,消费者,丰县,江苏,中国,华东,办公用-纸张-10002647,办公用品,纸张,"SanDisk 羊皮纸, 多色",422.8,5,0.0,46.2
862,CN-202022-1300278,2023-09-26,2023-10-02,标准级,唐忠-11545,唐忠,公司,宁海,浙江,中国,华东,办公用-纸张-10002934,办公用品,纸张,"施乐 信纸, 每包 12 个",687.54,3,0.0,336.84
863,CN-202022-1300278,2023-09-26,2023-10-02,标准级,唐忠-11545,唐忠,公司,宁海,浙江,中国,华东,办公用-装订-10002118,办公用品,装订机,"Avery 打孔机, 透明",229.572,3,0.4,-15.708
864,CN-202022-1300278,2023-09-26,2023-10-02,标准级,唐忠-11545,唐忠,公司,宁海,浙江,中国,华东,家具-书架-10003505,家具,书架,"Sauder 书架, 白色",1254.456,3,0.4,-271.824
865,CN-202022-1300278,2023-09-26,2023-10-02,标准级,唐忠-11545,唐忠,公司,宁海,浙江,中国,华东,技术-配件-10004919,技术,配件,"Enermax 路由器, 可编程",2182.572,3,0.4,-363.888
866,CN-202022-1300278,2023-09-26,2023-10-02,标准级,唐忠-11545,唐忠,公司,宁海,浙江,中国,华东,办公用-收纳-10004673,办公用品,收纳具,"Smead 盒, 蓝色",150.78,3,0.0,2.94
867,CN-202022-1300278,2023-09-26,2023-10-02,标准级,唐忠-11545,唐忠,公司,宁海,浙江,中国,华东,办公用-器具-10001154,办公用品,器具,"Hoover 冰箱, 银色",1475.628,1,0.4,-787.052
868,CN-202022-1300278,2023-09-26,2023-10-02,标准级,唐忠-11545,唐忠,公司,宁海,浙江,中国,华东,办公用-装订-10001029,办公用品,装订机,"Ibico 订书机, 实惠",143.976,1,0.4,-9.604
882,CN-202022-3374395,2023-05-31,2023-06-06,标准级,戴康-15415,戴康,消费者,阳泉,山西,中国,华北,技术-电话-10003151,技术,电话,"三星 耳机, 混合尺寸",2129.4,6,0.0,233.52
883,CN-202022-4651879,2023-06-22,2023-06-26,标准级,熊临-17410,熊临耀,消费者,遂宁,四川,中国,西南,家具-椅子-10002550,家具,椅子,"Office Star 沙滩椅, 黑色",445.284,3,0.4,37.044
884,CN-202022-4651879,2023-06-22,2023-06-26,标准级,熊临-17410,熊临耀,消费者,遂宁,四川,中国,西南,办公用-纸张-10003176,办公用品,纸张,"SanDisk 计划信息表, 优质",778.12,7,0.0,178.36
885,CN-202022-4651879,2023-06-22,2023-06-26,标准级,熊临-17410,熊临耀,消费者,遂宁,四川,中国,西南,办公用-收纳-10000652,办公用品,收纳具,"Eldon 文件夹, 金属",374.5,5,0.0,172.2
889,US-202022-2257547,2023-07-02,2023-07-04,一级,田丽-16495,田丽娜,公司,成都,四川,中国,西南,办公用-美术-10003419,办公用品,美术,"Stanley 记号笔, 整包",41.944,2,0.8,-140.616
893,CN-202022-4733722,2023-04-11,2023-04-15,标准级,何惠-14395,何惠,公司,榆次,山西,中国,华北,家具-用具-10002670,家具,用具,"Tenex 门挡, 黑色",614.46,3,0.0,300.72
894,CN-202022-4733722,2023-04-11,2023-04-15,标准级,何惠-14395,何惠,公司,榆次,山西,中国,华北,家具-椅子-10004534,家具,椅子,"Office Star 扶手椅, 黑色",4340.0,2,0.0,0.0
895,CN-202022-4733722,2023-04-11,2023-04-15,标准级,何惠-14395,何惠,公司,榆次,山西,中国,华北,办公用-美术-10000387,办公用品,美术,"BIC 荧光笔, 金属",471.1,5,0.0,202.3
902,CN-202022-4092734,2023-08-08,2023-08-12,二级,武杰-14815,武杰,小型企业,青冈,黑龙江,中国,东北,办公用-系固-10003721,办公用品,系固件,"Stockwell 图钉, 整包",245.28,4,0.0,85.68
903,CN-202022-4092734,2023-08-08,2023-08-12,二级,武杰-14815,武杰,小型企业,青冈,黑龙江,中国,东北,办公用-器具-10000613,办公用品,器具,"Hamilton Beach 搅拌机, 黑色",1644.3,5,0.0,147.7
904,CN-202022-4092734,2023-08-08,2023-08-12,二级,武杰-14815,武杰,小型企业,青冈,黑龙江,中国,东北,办公用-收纳-10004747,办公用品,收纳具,"Eldon 文件夹, 单宽度",396.9,5,0.0,126.7
915,CN-202022-2577941,2023-04-29,2023-05-03,标准级,俞平-19195,俞平,小型企业,开封,河南,中国,中南,办公用-器具-10000913,办公用品,器具,"Hoover 咖啡研磨机, 银色",324.52,1,0.0,35.56
922,CN-202022-2828219,2023-09-05,2023-09-07,一级,余凤-13060,余凤,消费者,禹城,山东,中国,华东,技术-复印-10003040,技术,复印机,"佳能 无线传真机, 红色",1758.68,1,0.0,668.22
923,CN-202022-2828219,2023-09-05,2023-09-07,一级,余凤-13060,余凤,消费者,禹城,山东,中国,华东,技术-电话-10004578,技术,电话,"思科 智能手机, 蓝色",1292.48,2,0.0,258.44
924,CN-202022-2828219,2023-09-05,2023-09-07,一级,余凤-13060,余凤,消费者,禹城,山东,中国,华东,办公用-收纳-10004035,办公用品,收纳具,"Rogers 盘, 蓝色",863.52,3,0.0,301.98
925,CN-202022-2828219,2023-09-05,2023-09-07,一级,余凤-13060,余凤,消费者,禹城,山东,中国,华东,办公用-收纳-10003675,办公用品,收纳具,"Smead 搁板, 蓝色",685.02,3,0.0,294.42
926,CN-202022-2828219,2023-09-05,2023-09-07,一级,余凤-13060,余凤,消费者,禹城,山东,中国,华东,技术-配件-10004359,技术,配件,"Memorex 键区, 回收",602.28,3,0.0,72.24
937,CN-202022-1597520,2023-08-27,2023-08-29,二级,葛欢-14215,葛欢,公司,南宁,广西,中国,中南,家具-书架-10002086,家具,书架,"Safco 墙角架, 白色",3546.2,5,0.0,1276.1
938,US-202022-1756643,2023-01-12,2023-01-17,标准级,邵绅-19990,邵绅,消费者,武汉,湖北,中国,中南,办公用-美术-10000715,办公用品,美术,"Sanford 画布, 蓝色",94.304,2,0.8,-334.936
939,US-202022-1756643,2023-01-12,2023-01-17,标准级,邵绅-19990,邵绅,消费者,武汉,湖北,中国,中南,技术-电话-10003105,技术,电话,"诺基亚 办公室电话机, 整包",547.848,3,0.4,-9.492
955,CN-202022-3231478,2023-12-16,2023-12-21,二级,蔡梦-18265,蔡梦,消费者,泉州,福建,中国,华东,家具-椅子-10003019,家具,椅子,"Harbour Creations 摇椅, 红色",3432.1,5,0.0,411.6
956,CN-202022-3231478,2023-12-16,2023-12-21,二级,蔡梦-18265,蔡梦,消费者,泉州,福建,中国,华东,家具-椅子-10003377,家具,椅子,"SAFCO 折叠椅, 黑色",1165.92,3,0.0,69.72
964,CN-202022-5569845,2023-12-16,2023-12-22,标准级,彭娜-18550,彭娜,消费者,上海,上海,中国,华东,办公用-标签-10001520,办公用品,标签,"Hon 可去除的标签, 白色",239.4,5,0.0,9.1
965,CN-202022-5569845,2023-12-16,2023-12-22,标准级,彭娜-18550,彭娜,消费者,上海,上海,中国,华东,技术-电话-10002846,技术,电话,"三星 音频基座, 混合尺寸",4751.04,6,0.0,1947.12
966,CN-202022-5569845,2023-12-16,2023-12-22,标准级,彭娜-18550,彭娜,消费者,上海,上海,中国,华东,家具-椅子-10000270,家具,椅子,"Novimex 凳子, 黑色",2268.42,3,0.0,430.92
967,CN-202022-5569845,2023-12-16,2023-12-22,标准级,彭娜-18550,彭娜,消费者,上海,上海,中国,华东,办公用-器具-10000373,办公用品,器具,"Breville 冰箱, 银色",29124.48,12,0.0,6115.2
968,CN-202022-5569845,2023-12-16,2023-12-22,标准级,彭娜-18550,彭娜,消费者,上海,上海,中国,华东,技术-电话-10002777,技术,电话,"三星 办公室电话机, 整包",1219.12,4,0.0,548.24
969,CN-202022-5569845,2023-12-16,2023-12-22,标准级,彭娜-18550,彭娜,消费者,上海,上海,中国,华东,办公用-美术-10003207,办公用品,美术,"Stanley 铅笔刀, 金属",243.04,2,0.0,58.24
974,CN-202022-3704015,2023-12-19,2023-12-23,标准级,曾伟-21595,曾伟,消费者,兰西,黑龙江,中国,东北,办公用-器具-10003582,办公用品,器具,"KitchenAid 冰箱, 黑色",9844.24,4,0.0,1673.28
989,US-202022-5801512,2023-10-01,2023-10-05,标准级,田武-21895,田武,公司,阆中,四川,中国,西南,技术-电话-10000199,技术,电话,"三星 智能手机, 混合尺寸",706.104,2,0.4,-270.816
990,US-202022-5801512,2023-10-01,2023-10-05,标准级,田武-21895,田武,公司,阆中,四川,中国,西南,办公用-收纳-10003204,办公用品,收纳具,"Tenex 盒, 单宽度",462.84,6,0.0,216.72
991,US-202022-5801512,2023-10-01,2023-10-05,标准级,田武-21895,田武,公司,阆中,四川,中国,西南,办公用-装订-10000219,办公用品,装订机,"Ibico 装订机, 回收",44.352,1,0.4,-6.048
993,CN-202022-4347325,2023-03-05,2023-03-07,二级,秦蔓-17920,秦蔓楚,消费者,四平,吉林,中国,东北,技术-复印-10000631,技术,复印机,"佳能 个人复印机, 数字化",1328.88,2,0.0,504.84
994,CN-202022-3873167,2023-06-08,2023-06-09,一级,叶柏-19030,叶柏,公司,菏泽,山东,中国,华东,办公用-用品-10002884,办公用品,用品,"Stiletto 修剪器, 蓝色",598.5,3,0.0,77.7
1004,CN-202022-3813285,2023-08-30,2023-08-30,当日,贾伟-21415,贾伟,消费者,福州,福建,中国,华东,办公用-系固-10004607,办公用品,系固件,"Stockwell 橡皮筋, 金属",543.9,7,0.0,10.78
1005,CN-202022-3813285,2023-08-30,2023-08-30,当日,贾伟-21415,贾伟,消费者,福州,福建,中国,华东,技术-电话-10001992,技术,电话,"三星 充电器, 全尺寸",8924.16,3,0.0,1784.58
1006,CN-202022-5235171,2023-07-18,2023-07-18,当日,陶惠-14455,陶惠,小型企业,贵溪,江西,中国,华东,办公用-器具-10000253,办公用品,器具,"Hoover 搅拌机, 黑色",1352.4,3,0.0,486.78
1011,CN-202022-4167270,2023-12-10,2023-12-14,标准级,邵伟-21565,邵伟,公司,枣庄,山东,中国,华东,家具-椅子-10000951,家具,椅子,"Hon 椅垫, 红色",777.42,3,0.0,233.1
1012,CN-202022-4167270,2023-12-10,2023-12-14,标准级,邵伟-21565,邵伟,公司,枣庄,山东,中国,华东,技术-设备-10003033,技术,设备,"StarTech 喷墨打印机, 耐用",4226.46,3,0.0,1521.24
1013,CN-202022-4167270,2023-12-10,2023-12-14,标准级,邵伟-21565,邵伟,公司,枣庄,山东,中国,华东,办公用-装订-10001192,办公用品,装订机,"Avery 标签, 透明",81.06,3,0.0,29.82
1014,CN-202022-4167270,2023-12-10,2023-12-14,标准级,邵伟-21565,邵伟,公司,枣庄,山东,中国,华东,家具-椅子-10000671,家具,椅子,"Hon 折叠椅, 黑色",1474.48,4,0.0,73.36
1015,CN-202022-4167270,2023-12-10,2023-12-14,标准级,邵伟-21565,邵伟,公司,枣庄,山东,中国,华东,办公用-信封-10004310,办公用品,信封,"Jiffy 马尼拉纸信封, 红色",275.8,2,0.0,101.92
1016,CN-202022-4167270,2023-12-10,2023-12-14,标准级,邵伟-21565,邵伟,公司,枣庄,山东,中国,华东,办公用-用品-10004606,办公用品,用品,"Elite 尺子, 锯齿状",196.0,4,0.0,56.56
1017,CN-202022-3033487,2023-03-01,2023-03-05,二级,宋良-17170,宋良,公司,枣庄,山东,中国,华东,技术-电话-10001957,技术,电话,"摩托罗拉 智能手机, 整包",6666.66,11,0.0,1732.5
1018,US-202022-4759076,2023-11-25,2023-11-30,标准级,徐莲-17080,徐莲,消费者,湖州,浙江,中国,华东,技术-电话-10000751,技术,电话,"三星 信号增强器, 混合尺寸",780.864,2,0.4,-299.376
1019,US-202022-4759076,2023-11-25,2023-11-30,标准级,徐莲-17080,徐莲,消费者,湖州,浙江,中国,华东,办公用-用品-10000764,办公用品,用品,"Elite 尺子, 工业",86.352,2,0.4,-15.848
1020,CN-202022-2979175,2023-11-21,2023-11-23,二级,郝壁-10420,郝壁,公司,青岛,山东,中国,华东,办公用-系固-10002020,办公用品,系固件,"Advantus 橡皮筋, 金属",389.9,5,0.0,11.2
1021,CN-202022-1232384,2023-01-30,2023-02-04,标准级,楚松-20605,楚松,消费者,武汉,湖北,中国,中南,技术-配件-10000315,技术,配件,"罗技 记忆卡, 实惠",578.928,2,0.4,28.728
1042,CN-202022-2828982,2023-12-06,2023-12-10,标准级,郭升-20140,郭升,公司,新乡,河南,中国,中南,办公用-装订-10000322,办公用品,装订机,"Ibico 标签, 透明",78.12,2,0.0,10.08
1059,CN-202022-1893791,2023-02-25,2023-02-26,一级,武杰-14815,武杰,小型企业,依兰,黑龙江,中国,东北,办公用-收纳-10003434,办公用品,收纳具,"Rogers 锁柜, 金属",4916.1,5,0.0,343.7
1060,CN-202022-1893791,2023-02-25,2023-02-26,一级,武杰-14815,武杰,小型企业,依兰,黑龙江,中国,东北,办公用-装订-10001029,办公用品,装订机,"Ibico 订书机, 实惠",479.92,2,0.0,172.76
1061,CN-202022-1893791,2023-02-25,2023-02-26,一级,武杰-14815,武杰,小型企业,依兰,黑龙江,中国,东北,家具-椅子-10002161,家具,椅子,"Harbour Creations 摇椅, 每套两件",1393.84,2,0.0,501.76
1062,CN-202022-1893791,2023-02-25,2023-02-26,一级,武杰-14815,武杰,小型企业,依兰,黑龙江,中国,东北,家具-椅子-10000578,家具,椅子,"SAFCO 扶手椅, 可调",10824.8,5,0.0,3355.1
1063,CN-202022-3230180,2023-05-27,2023-05-29,二级,陈惠-14290,陈惠英,小型企业,顺义,北京,中国,华北,办公用-系固-10004187,办公用品,系固件,"Stockwell 图钉, 金属",63.7,1,0.0,15.26
1064,CN-202022-3230180,2023-05-27,2023-05-29,二级,陈惠-14290,陈惠英,小型企业,顺义,北京,中国,华北,家具-椅子-10002013,家具,椅子,"Harbour Creations 凳子, 红色",2521.68,3,0.0,504.0
1065,CN-202022-1290698,2023-11-13,2023-11-17,标准级,倪幂-18085,倪幂,消费者,沈阳,辽宁,中国,东北,办公用-标签-10000647,办公用品,标签,"Novimex 运输标签, 耐用",106.12,2,0.0,47.6
1088,US-202022-5835259,2023-07-10,2023-07-10,当日,徐健-14590,徐健,公司,黄州,湖北,中国,中南,办公用-器具-10002746,办公用品,器具,"Cuisinart 咖啡研磨机, 银色",330.624,3,0.4,-182.196
1091,CN-202022-1156969,2023-11-29,2023-12-03,标准级,贺斯-20935,贺斯云,消费者,开封,河南,中国,中南,技术-配件-10002176,技术,配件,"贝尔金 鼠标, 耐用",572.88,3,0.0,131.46
1092,CN-202022-1156969,2023-11-29,2023-12-03,标准级,贺斯-20935,贺斯云,消费者,开封,河南,中国,中南,技术-复印-10004944,技术,复印机,"惠普 无线传真机, 每套两件",13447.84,8,0.0,4706.24
1093,CN-202022-1156969,2023-11-29,2023-12-03,标准级,贺斯-20935,贺斯云,消费者,开封,河南,中国,中南,办公用-收纳-10004933,办公用品,收纳具,"Fellowes 盘, 单宽度",267.96,1,0.0,18.62
1094,CN-202022-2966078,2023-06-22,2023-06-22,当日,林关-15625,林关茵,消费者,朝阳,辽宁,中国,东北,家具-用具-10001632,家具,用具,"Eldon 分层置放架, 优质",421.68,3,0.0,75.6
1095,CN-202022-2966078,2023-06-22,2023-06-22,当日,林关-15625,林关茵,消费者,朝阳,辽宁,中国,东北,办公用-装订-10001828,办公用品,装订机,"Wilson Jones 装订机, 实惠",182.28,3,0.0,39.9
1102,CN-202022-5907567,2023-09-10,2023-09-14,二级,刘斯-20965,刘斯云,公司,福州,福建,中国,华东,办公用-纸张-10000416,办公用品,纸张,"施乐 笔记本, 每包 12 个",142.38,1,0.0,22.68
1105,CN-202022-2609031,2023-09-20,2023-09-23,二级,吕灵-17575,吕灵,消费者,尚志,黑龙江,中国,东北,技术-设备-10004381,技术,设备,"松下 电话, 多色",1187.76,3,0.0,0.0
1106,CN-202022-2609031,2023-09-20,2023-09-23,二级,吕灵-17575,吕灵,消费者,尚志,黑龙江,中国,东北,办公用-纸张-10003091,办公用品,纸张,"施乐 笔记本, 回收",613.2,5,0.0,232.4
1107,CN-202022-2609031,2023-09-20,2023-09-23,二级,吕灵-17575,吕灵,消费者,尚志,黑龙江,中国,东北,家具-书架-10004836,家具,书架,"Safco 书架, 传统",9038.12,13,0.0,3885.7
1109,CN-202022-5763224,2023-05-29,2023-06-04,标准级,侯虹-13825,侯虹,公司,七台河,黑龙江,中国,东北,技术-电话-10003758,技术,电话,"摩托罗拉 充电器, 蓝色",14996.1,5,0.0,1649.2
1116,CN-202022-5927801,2023-10-25,2023-10-30,标准级,范谙-18760,范谙,消费者,钦州,广西,中国,中南,家具-用具-10004087,家具,用具,"Eldon 门挡, 耐用",660.66,3,0.0,211.26
1117,CN-202022-5927801,2023-10-25,2023-10-30,标准级,范谙-18760,范谙,消费者,钦州,广西,中国,中南,技术-设备-10004791,技术,设备,"StarTech 卡片打印机, 红色",2249.1,3,0.0,449.82
1118,CN-202022-5927801,2023-10-25,2023-10-30,标准级,范谙-18760,范谙,消费者,钦州,广西,中国,中南,家具-椅子-10002321,家具,椅子,"Novimex 椅垫, 可调",1729.602,7,0.1,710.402
1119,CN-202022-5927801,2023-10-25,2023-10-30,标准级,范谙-18760,范谙,消费者,钦州,广西,中国,中南,家具-椅子-10002286,家具,椅子,"SAFCO 椅垫, 红色",502.488,2,0.1,61.208
1120,CN-202022-4497265,2023-11-16,2023-11-17,一级,涂博-10585,涂博,消费者,四平,吉林,中国,东北,家具-书架-10003069,家具,书架,"Safco 搁架, 金属",2746.8,3,0.0,906.36
1121,CN-202022-4497265,2023-11-16,2023-11-17,一级,涂博-10585,涂博,消费者,四平,吉林,中国,东北,办公用-系固-10004461,办公用品,系固件,"OIC 图钉, 混合尺寸",322.56,6,0.0,83.16
1122,CN-202022-4497265,2023-11-16,2023-11-17,一级,涂博-10585,涂博,消费者,四平,吉林,中国,东北,办公用-器具-10003122,办公用品,器具,"Breville 炉灶, 红色",2620.52,1,0.0,812.28
1124,CN-202022-4246507,2023-01-24,2023-01-26,二级,龚松-20710,龚松,小型企业,辽阳,辽宁,中国,东北,办公用-美术-10001978,办公用品,美术,"Stanley 铅笔刀, 蓝色",161.896,7,0.8,-396.704
1125,CN-202022-4246507,2023-01-24,2023-01-26,二级,龚松-20710,龚松,小型企业,辽阳,辽宁,中国,东北,家具-书架-10002899,家具,书架,"宜家 古典书架, 传统",2305.8,2,0.4,-538.16
1126,CN-202022-4246507,2023-01-24,2023-01-26,二级,龚松-20710,龚松,小型企业,辽阳,辽宁,中国,东北,技术-电话-10003598,技术,电话,"摩托罗拉 办公室电话机, 蓝色",803.712,4,0.4,-535.808
1127,CN-202022-4246507,2023-01-24,2023-01-26,二级,龚松-20710,龚松,小型企业,辽阳,辽宁,中国,东北,办公用-用品-10001696,办公用品,用品,"Stiletto 开信刀, 蓝色",397.32,5,0.4,-199.08
1128,US-202022-3069391,2023-08-22,2023-08-26,标准级,陶博-10570,陶博,消费者,成都,四川,中国,西南,技术-配件-10001617,技术,配件,"Memorex 鼠标, 耐用",397.32,5,0.4,-112.98
1129,US-202022-3069391,2023-08-22,2023-08-26,标准级,陶博-10570,陶博,消费者,成都,四川,中国,西南,办公用-装订-10003861,办公用品,装订机,"Avery 打孔机, 实惠",312.144,4,0.4,-182.336
1130,US-202022-3069391,2023-08-22,2023-08-26,标准级,陶博-10570,陶博,消费者,成都,四川,中国,西南,办公用-标签-10004705,办公用品,标签,"Harbour Creations 合法证物标签, 可调",82.6,2,0.0,0.56
1131,US-202022-3069391,2023-08-22,2023-08-26,标准级,陶博-10570,陶博,消费者,成都,四川,中国,西南,办公用-系固-10000678,办公用品,系固件,"Accos 按钉, 金属",122.976,3,0.4,-10.584
1132,US-202022-3069391,2023-08-22,2023-08-26,标准级,陶博-10570,陶博,消费者,成都,四川,中国,西南,办公用-标签-10003689,办公用品,标签,"Avery 圆形标签, 耐用",105.42,3,0.0,51.24
1139,CN-202022-3189070,2023-07-23,2023-07-27,标准级,常崆-15505,常崆,消费者,北京,北京,中国,华北,家具-用具-10003876,家具,用具,"Deflect-O 相框, 一包多件",727.44,3,0.0,57.96
1140,CN-202022-3189070,2023-07-23,2023-07-27,标准级,常崆-15505,常崆,消费者,北京,北京,中国,华北,办公用-装订-10003269,办公用品,装订机,"Wilson Jones 标签, 透明",82.74,3,0.0,8.82
1143,CN-202022-1516102,2023-05-14,2023-05-21,标准级,巩光-13435,巩光,消费者,萍乡,江西,中国,华东,技术-复印-10004787,技术,复印机,"佳能 墨水, 红色",2034.9,3,0.0,793.38
1144,CN-202022-1516102,2023-05-14,2023-05-21,标准级,巩光-13435,巩光,消费者,萍乡,江西,中国,华东,办公用-美术-10002672,办公用品,美术,"Sanford 画布, 金属",483.28,2,0.0,110.88
1155,CN-202022-4251154,2023-05-08,2023-05-12,标准级,徐岱-11875,徐岱,公司,安庆,安徽,中国,华东,办公用-美术-10000960,办公用品,美术,"Binney & Smith 铅笔刀, 混合尺寸",334.32,3,0.2,0.0
1156,CN-202022-4251154,2023-05-08,2023-05-12,标准级,徐岱-11875,徐岱,公司,安庆,安徽,中国,华东,办公用-美术-10001455,办公用品,美术,"Sanford 速写本, 金属",348.992,2,0.2,-43.848
1160,CN-202022-4167270,2023-06-24,2023-06-27,二级,施菊-15040,施菊,消费者,杭州,浙江,中国,华东,办公用-器具-10003572,办公用品,器具,"Breville 咖啡研磨机, 黑色",343.224,2,0.4,-74.536
1161,CN-202022-4167270,2023-06-24,2023-06-27,二级,施菊-15040,施菊,消费者,杭州,浙江,中国,华东,办公用-信封-10004257,办公用品,信封,"Jiffy 局间信封, 每套 50 个",433.44,2,0.0,125.44
1162,CN-202022-4167270,2023-06-24,2023-06-27,二级,施菊-15040,施菊,消费者,杭州,浙江,中国,华东,家具-书架-10004416,家具,书架,"Bush 墙角架, 黑色",1052.856,3,0.4,-123.144
1163,CN-202022-4167270,2023-06-24,2023-06-27,二级,施菊-15040,施菊,消费者,杭州,浙江,中国,华东,技术-电话-10003653,技术,电话,"三星 充电器, 混合尺寸",1789.2,1,0.4,149.1
1166,CN-202022-3279950,2023-05-24,2023-05-25,一级,陈霖-17500,陈霖,消费者,洛阳,福建,中国,华东,技术-设备-10001343,技术,设备,"松下 喷墨打印机, 白色",8694.0,6,0.0,2868.6
1167,CN-202022-3279950,2023-05-24,2023-05-25,一级,陈霖-17500,陈霖,消费者,洛阳,福建,中国,华东,家具-书架-10004172,家具,书架,"Safco 柜, 传统",2363.76,3,0.0,1086.96
1170,US-202022-4026974,2023-09-10,2023-09-14,标准级,白栋-12295,白栋,消费者,武汉,湖北,中国,中南,技术-电话-10003757,技术,电话,"三星 智能手机, 整包",1726.62,5,0.4,-978.88
1171,US-202022-4026974,2023-09-10,2023-09-14,标准级,白栋-12295,白栋,消费者,武汉,湖北,中国,中南,办公用-系固-10004097,办公用品,系固件,"Advantus 回形针, 每包 12 个",187.32,5,0.4,-38.08
1179,CN-202022-4288435,2023-09-12,2023-09-18,标准级,邱梦-18160,邱梦,消费者,苏州,江苏,中国,华东,办公用-器具-10000088,办公用品,器具,"Breville 搅拌机, 红色",505.344,2,0.4,-252.896
1180,CN-202022-4288435,2023-09-12,2023-09-18,标准级,邱梦-18160,邱梦,消费者,苏州,江苏,中国,华东,办公用-器具-10000736,办公用品,器具,"KitchenAid 冰箱, 红色",2956.464,2,0.4,-788.536
1181,CN-202022-4288435,2023-09-12,2023-09-18,标准级,邱梦-18160,邱梦,消费者,苏州,江苏,中国,华东,技术-电话-10000619,技术,电话,"三星 音频基座, 整包",1869.504,4,0.4,-1153.376
1186,US-202022-2055991,2023-11-20,2023-11-22,二级,袁临-17485,袁临耀,消费者,成都,四川,中国,西南,办公用-用品-10003575,办公用品,用品,"Stiletto 尺子, 蓝色",83.328,2,0.4,-5.712
1188,US-202022-2877300,2023-05-25,2023-05-27,二级,邱栋-12265,邱栋,消费者,冷水江,湖南,中国,中南,办公用-美术-10003381,办公用品,美术,"Binney & Smith 速写本, 整包",173.936,1,0.2,-24.024
1191,US-202022-2665116,2023-02-07,2023-02-10,二级,吕兰-15700,吕兰,消费者,丹东,辽宁,中国,东北,办公用-用品-10001508,办公用品,用品,"Acme 修剪器, 钢",369.432,3,0.4,-111.048
1215,CN-202022-2203847,2023-11-25,2023-11-30,标准级,武杰-14815,武杰,小型企业,威海,山东,中国,华东,技术-设备-10000970,技术,设备,"柯尼卡 喷墨打印机, 红色",7247.1,5,0.0,3260.6
1216,US-202022-3694355,2023-06-14,2023-06-19,标准级,许根-13240,许根基,小型企业,青州,山东,中国,华东,办公用-标签-10001867,办公用品,标签,"Smead 合法证物标签, 红色",152.88,3,0.0,30.24
1217,US-202022-3694355,2023-06-14,2023-06-19,标准级,许根-13240,许根基,小型企业,青州,山东,中国,华东,技术-配件-10004920,技术,配件,"SanDisk 键区, 可编程",795.9,3,0.0,206.64
1219,CN-202022-2245112,2023-08-22,2023-08-22,当日,万冬-12460,万冬露,消费者,哈尔滨,黑龙江,中国,东北,技术-复印-10001080,技术,复印机,"夏普 无线传真机, 彩色",6670.72,4,0.0,66.64
1224,CN-202022-5909028,2023-08-10,2023-08-14,标准级,韩莞-13255,韩莞颖,小型企业,哈尔滨,黑龙江,中国,东北,办公用-用品-10003797,办公用品,用品,"Acme 尺子, 蓝色",389.9,5,0.0,73.5
1225,CN-202022-5909028,2023-08-10,2023-08-14,标准级,韩莞-13255,韩莞颖,小型企业,哈尔滨,黑龙江,中国,东北,办公用-信封-10002118,办公用品,信封,"Kraft 局间信封, 红色",470.96,2,0.0,51.8
1226,CN-202022-5909028,2023-08-10,2023-08-14,标准级,韩莞-13255,韩莞颖,小型企业,哈尔滨,黑龙江,中国,东北,家具-椅子-10002162,家具,椅子,"Hon 摇椅, 可调",4969.44,8,0.0,2037.28
1227,CN-202022-2075782,2023-08-21,2023-08-26,标准级,程欢-14110,程欢悦,消费者,岳阳,湖南,中国,中南,办公用-收纳-10004893,办公用品,收纳具,"Tenex 盒, 蓝色",462.0,6,0.0,179.76
1239,CN-202022-5960733,2023-08-20,2023-08-24,二级,刘明-18295,刘明,公司,九台,吉林,中国,东北,办公用-标签-10004066,办公用品,标签,"Avery 可去除的标签, 红色",197.12,4,0.0,58.8
1240,CN-202022-5960733,2023-08-20,2023-08-24,二级,刘明-18295,刘明,公司,九台,吉林,中国,东北,办公用-装订-10002021,办公用品,装订机,"Wilson Jones 装订机, 透明",232.96,4,0.0,104.72
1241,CN-202022-5960733,2023-08-20,2023-08-24,二级,刘明-18295,刘明,公司,九台,吉林,中国,东北,家具-椅子-10003266,家具,椅子,"Harbour Creations 沙滩椅, 黑色",1381.1,5,0.0,220.5
1242,CN-202022-3834707,2023-04-26,2023-05-02,标准级,许根-13240,许根基,小型企业,石家庄,河北,中国,华北,办公用-系固-10001746,办公用品,系固件,"Advantus 回形针, 整包",390.6,6,0.0,89.04
1243,CN-202022-5754536,2023-08-21,2023-08-23,一级,徐婵-10870,徐婵娟,消费者,温州,浙江,中国,华东,办公用-标签-10002844,办公用品,标签,"Smead 圆形标签, 可调",67.2,3,0.0,14.7
1244,US-202022-4774798,2023-07-03,2023-07-08,标准级,冯立-16735,冯立,消费者,襄樊,湖北,中国,中南,办公用-用品-10003186,办公用品,用品,"Acme 修剪器, 工业",517.44,4,0.4,-95.2
1245,US-202022-4774798,2023-07-03,2023-07-08,标准级,冯立-16735,冯立,消费者,襄樊,湖北,中国,中南,办公用-装订-10000020,办公用品,装订机,"Cardinal 装订机, 透明",37.212,1,0.4,6.132
1272,CN-202022-3275681,2023-01-11,2023-01-16,二级,常松-20575,常松,消费者,西安,陕西,中国,西北,办公用-收纳-10003617,办公用品,收纳具,"Tenex 文件车, 单宽度",626.08,1,0.0,106.4
1276,CN-202022-2805987,2023-04-02,2023-04-07,标准级,佟崆-15550,佟崆,小型企业,天津,天津,中国,华北,技术-配件-10002665,技术,配件,"SanDisk 记忆卡, 回收",3086.16,6,0.0,1449.84
1277,CN-202022-2805987,2023-04-02,2023-04-07,标准级,佟崆-15550,佟崆,小型企业,天津,天津,中国,华北,技术-配件-10000935,技术,配件,"罗技 键区, 可编程",669.48,3,0.0,100.38
1278,CN-202022-2805987,2023-04-02,2023-04-07,标准级,佟崆-15550,佟崆,小型企业,天津,天津,中国,华北,技术-设备-10003952,技术,设备,"柯尼卡 卡片打印机, 白色",1620.08,2,0.0,15.96
1289,CN-202022-3022026,2023-04-08,2023-04-12,标准级,巩晒-19795,巩晒明,小型企业,常州,江苏,中国,华东,办公用-标签-10004025,办公用品,标签,"Harbour Creations 合法证物标签, 红色",251.3,5,0.0,79.8
1290,CN-202022-3022026,2023-04-08,2023-04-12,标准级,巩晒-19795,巩晒明,小型企业,常州,江苏,中国,华东,办公用-标签-10001566,办公用品,标签,"Hon 运输标签, 红色",156.66,3,0.0,39.06
1291,CN-202022-3022026,2023-04-08,2023-04-12,标准级,巩晒-19795,巩晒明,小型企业,常州,江苏,中国,华东,办公用-装订-10003061,办公用品,装订机,"Wilson Jones 订书机, 回收",138.096,1,0.4,-78.344
1292,CN-202022-3138910,2023-05-30,2023-06-05,标准级,陶巧-19495,陶巧,消费者,汕头,广东,中国,中南,办公用-器具-10003037,办公用品,器具,"Hamilton Beach 冰箱, 白色",4650.52,2,0.0,1022.84
1299,CN-202022-1564715,2023-01-09,2023-01-14,标准级,程安-10105,程安,消费者,重庆,重庆,中国,西南,家具-椅子-10000210,家具,椅子,"Harbour Creations 扶手椅, 每套两件",13324.08,6,0.0,2530.92
1300,CN-202022-1564715,2023-01-09,2023-01-14,标准级,程安-10105,程安,消费者,重庆,重庆,中国,西南,办公用-收纳-10004533,办公用品,收纳具,"Fellowes 盒, 蓝色",367.36,4,0.0,76.72
1301,CN-202022-3017568,2023-06-24,2023-06-24,当日,殷菊-15085,殷菊,消费者,合肥,安徽,中国,华东,办公用-信封-10004630,办公用品,信封,"Ames 马尼拉纸信封, 回收",219.24,2,0.0,21.84
1302,CN-202022-3017568,2023-06-24,2023-06-24,当日,殷菊-15085,殷菊,消费者,合肥,安徽,中国,华东,办公用-标签-10002839,办公用品,标签,"Novimex 合法证物标签, 耐用",152.04,3,0.0,30.24
1303,CN-202022-1628412,2023-12-18,2023-12-23,标准级,夏柏-18955,夏柏,小型企业,曲阜,山东,中国,华东,办公用-系固-10000554,办公用品,系固件,"Stockwell 橡皮筋, 每包 12 个",148.96,2,0.0,5.88
1304,CN-202022-1628412,2023-12-18,2023-12-23,标准级,夏柏-18955,夏柏,小型企业,曲阜,山东,中国,华东,办公用-装订-10002223,办公用品,装订机,"Avery 装订机, 回收",247.52,4,0.0,0.0
1310,US-202022-1525230,2023-11-02,2023-11-06,二级,吕君-15250,吕君,消费者,南充,四川,中国,西南,办公用-装订-10002241,办公用品,装订机,"Cardinal 订书机, 透明",551.376,4,0.4,-248.304
1311,US-202022-1525230,2023-11-02,2023-11-06,二级,吕君-15250,吕君,消费者,南充,四川,中国,西南,技术-配件-10004481,技术,配件,"Enermax 记忆卡, 耐用",1925.28,6,0.4,192.36
1314,US-202022-2560726,2023-07-17,2023-07-19,二级,毛保-10360,毛保,公司,大连,辽宁,中国,东北,技术-设备-10003147,技术,设备,"StarTech 收据打印机, 红色",904.932,3,0.4,-512.988
1315,US-202022-2560726,2023-07-17,2023-07-19,二级,毛保-10360,毛保,公司,大连,辽宁,中国,东北,技术-电话-10003837,技术,电话,"思科 信号增强器, 整包",850.752,2,0.4,-496.328
1316,US-202022-2560726,2023-07-17,2023-07-19,二级,毛保-10360,毛保,公司,大连,辽宁,中国,东北,家具-桌子-10004333,家具,桌子,"Barricks 电脑桌, 长方形",6212.024,7,0.6,-1708.336
1317,US-202022-2560726,2023-07-17,2023-07-19,二级,毛保-10360,毛保,公司,大连,辽宁,中国,东北,技术-复印-10001300,技术,复印机,"惠普 传真机, 每套两件",1679.664,2,0.4,-504.056
1318,CN-202022-4494383,2023-12-31,2024-01-04,标准级,倪芬-12790,倪芬,小型企业,洛阳,广东,中国,中南,家具-椅子-10000123,家具,椅子,"Hon 扶手椅, 黑色",3819.564,2,0.1,551.684
1319,CN-202022-4494383,2023-12-31,2024-01-04,标准级,倪芬-12790,倪芬,小型企业,洛阳,广东,中国,中南,办公用-纸张-10002896,办公用品,纸张,"Enermax 令, 优质",398.58,3,0.0,15.54
1320,CN-202022-4494383,2023-12-31,2024-01-04,标准级,倪芬-12790,倪芬,小型企业,洛阳,广东,中国,中南,办公用-器具-10002224,办公用品,器具,"Breville 搅拌机, 白色",824.88,2,0.0,74.2
1321,CN-202022-4494383,2023-12-31,2024-01-04,标准级,倪芬-12790,倪芬,小型企业,洛阳,广东,中国,中南,办公用-收纳-10001132,办公用品,收纳具,"Rogers 盒, 单宽度",224.0,2,0.0,8.96
1322,CN-202022-4494383,2023-12-31,2024-01-04,标准级,倪芬-12790,倪芬,小型企业,洛阳,广东,中国,中南,办公用-系固-10003387,办公用品,系固件,"Advantus 回形针, 金属",131.32,2,0.0,38.08
1323,CN-202022-4494383,2023-12-31,2024-01-04,标准级,倪芬-12790,倪芬,小型企业,洛阳,广东,中国,中南,办公用-纸张-10000328,办公用品,纸张,"Green Bar 备忘录便条, 每包 12 个",196.84,2,0.0,7.84
1324,CN-202022-4494383,2023-12-31,2024-01-04,标准级,倪芬-12790,倪芬,小型企业,洛阳,广东,中国,中南,办公用-装订-10002699,办公用品,装订机,"Wilson Jones 装订机, 耐用",135.52,2,0.0,0.0
1325,CN-202022-4494383,2023-12-31,2024-01-04,标准级,倪芬-12790,倪芬,小型企业,洛阳,广东,中国,中南,办公用-收纳-10000871,办公用品,收纳具,"Eldon 盒, 工业",350.84,7,0.0,66.64
1330,CN-202022-3132720,2023-07-01,2023-07-07,标准级,邱梦-18160,邱梦,消费者,重庆,重庆,中国,西南,办公用-标签-10000548,办公用品,标签,"Harbour Creations 可去除的标签, 耐用",100.24,2,0.0,11.76
1336,CN-202022-2187292,2023-03-15,2023-03-20,标准级,黄磊-16000,黄磊,消费者,咸阳,陕西,中国,西北,家具-椅子-10000123,家具,椅子,"Hon 扶手椅, 黑色",8487.92,4,0.0,1952.16
1337,CN-202022-2187292,2023-03-15,2023-03-20,标准级,黄磊-16000,黄磊,消费者,咸阳,陕西,中国,西北,办公用-器具-10000068,办公用品,器具,"Hamilton Beach 咖啡研磨机, 白色",380.8,2,0.0,159.88
1338,CN-202022-2187292,2023-03-15,2023-03-20,标准级,黄磊-16000,黄磊,消费者,咸阳,陕西,中国,西北,办公用-系固-10002825,办公用品,系固件,"Advantus 订书钉, 整包",50.68,1,0.0,11.62
1339,CN-202022-5308381,2023-10-31,2023-11-07,标准级,陈晨-11095,陈晨,公司,上海,上海,中国,华东,办公用-装订-10000225,办公用品,装订机,"Cardinal 装订机盖, 透明",427.84,8,0.0,144.48
1340,CN-202022-5308381,2023-10-31,2023-11-07,标准级,陈晨-11095,陈晨,公司,上海,上海,中国,华东,技术-电话-10001957,技术,电话,"摩托罗拉 智能手机, 整包",2424.24,4,0.0,630.0
1341,CN-202022-5308381,2023-10-31,2023-11-07,标准级,陈晨-11095,陈晨,公司,上海,上海,中国,华东,办公用-纸张-10000069,办公用品,纸张,"Eaton 备忘录便条, 多色",141.4,2,0.0,36.68
1342,CN-202022-5308381,2023-10-31,2023-11-07,标准级,陈晨-11095,陈晨,公司,上海,上海,中国,华东,家具-椅子-10002161,家具,椅子,"Harbour Creations 摇椅, 每套两件",1393.84,2,0.0,501.76
1345,CN-202022-3981825,2023-03-14,2023-03-18,标准级,苏江-14620,苏江丽,公司,安庆,安徽,中国,华东,家具-椅子-10000908,家具,椅子,"Office Star 凳子, 每套两件",4111.1,5,0.0,328.3
1373,CN-202022-1118317,2023-02-28,2023-03-06,标准级,邱丽-15745,邱丽,消费者,天津,天津,中国,华北,办公用-纸张-10004623,办公用品,纸张,"施乐 计划信息表, 回收",851.76,9,0.0,288.54
1374,CN-202022-1118317,2023-02-28,2023-03-06,标准级,邱丽-15745,邱丽,消费者,天津,天津,中国,华北,技术-配件-10003885,技术,配件,"Enermax 闪存驱动器, 可编程",602.28,3,0.0,126.42
1375,CN-202022-5838362,2023-08-30,2023-08-30,当日,彭安-10225,彭安,公司,汕头,广东,中国,中南,技术-电话-10004871,技术,电话,"三星 充电器, 蓝色",2968.7,1,0.0,474.88
1377,US-202022-1120887,2023-09-30,2023-10-06,标准级,贺婵-10915,贺婵,消费者,桂林,广西,中国,中南,办公用-美术-10001817,办公用品,美术,"Stanley 速写本, 混合尺寸",1421.952,8,0.2,-36.288
1378,US-202022-1120887,2023-09-30,2023-10-06,标准级,贺婵-10915,贺婵,消费者,桂林,广西,中国,中南,家具-书架-10003273,家具,书架,"Bush 古典书架, 白色",9688.0,5,0.0,484.4
1380,CN-202022-4687313,2023-10-22,2023-10-28,标准级,孙谙-18835,孙谙,公司,晋城,山西,中国,华北,技术-电话-10004290,技术,电话,"诺基亚 信号增强器, 蓝色",1911.0,3,0.0,95.34
1381,CN-202022-4687313,2023-10-22,2023-10-28,标准级,孙谙-18835,孙谙,公司,晋城,山西,中国,华北,技术-复印-10003306,技术,复印机,"Hewlett 传真复印机, 每套两件",2700.18,3,0.0,539.7
1388,CN-202022-1951831,2023-10-12,2023-10-17,二级,苏磊-16090,苏磊,消费者,曲靖,云南,中国,西南,办公用-器具-10003386,办公用品,器具,"Breville 烤面包机, 红色",2505.86,7,0.0,1152.48
1389,CN-202022-1951831,2023-10-12,2023-10-17,二级,苏磊-16090,苏磊,消费者,曲靖,云南,中国,西南,家具-书架-10004224,家具,书架,"Dania 书库, 白色",10217.76,6,0.0,3371.76
1390,CN-202022-1951831,2023-10-12,2023-10-17,二级,苏磊-16090,苏磊,消费者,曲靖,云南,中国,西南,家具-书架-10002113,家具,书架,"Dania 书库, 金属",3377.36,2,0.0,1350.72
1391,CN-202022-1951831,2023-10-12,2023-10-17,二级,苏磊-16090,苏磊,消费者,曲靖,云南,中国,西南,技术-电话-10002515,技术,电话,"诺基亚 智能手机, 混合尺寸",4116.0,7,0.0,1975.68
1392,US-202022-5720978,2023-11-12,2023-11-14,二级,马丽-15910,马丽,消费者,高邮,江苏,中国,华东,家具-用具-10004488,家具,用具,"Eldon 灯泡, 一包多件",353.64,5,0.4,-112.56
1395,CN-202022-2505404,2023-11-04,2023-11-07,二级,陈莲-16930,陈莲,公司,洛阳,广东,中国,中南,办公用-纸张-10003597,办公用品,纸张,"施乐 令, 多色",259.0,2,0.0,10.36
1396,CN-202022-5569894,2023-04-30,2023-05-02,二级,倪爽-20545,倪爽,公司,北京,北京,中国,华北,办公用-标签-10000389,办公用品,标签,"Smead 合法证物标签, 白色",103.6,2,0.0,6.16
1397,CN-202022-5569894,2023-04-30,2023-05-02,二级,倪爽-20545,倪爽,公司,北京,北京,中国,华北,办公用-用品-10002903,办公用品,用品,"Elite 大剪刀, 锯齿状",1835.82,9,0.0,641.34
1399,CN-202022-3550359,2023-07-11,2023-07-11,当日,严珑-17890,严珑,小型企业,晋江,海南,中国,中南,办公用-收纳-10003525,办公用品,收纳具,"Eldon 盒, 金属",217.7,5,0.0,77.7
1400,CN-202022-3550359,2023-07-11,2023-07-11,当日,严珑-17890,严珑,小型企业,晋江,海南,中国,中南,家具-桌子-10003747,家具,桌子,"Bevis 咖啡桌, 组装",3356.325,3,0.25,536.865
1403,CN-202022-4075862,2023-05-03,2023-05-05,二级,贺平-19105,贺平,消费者,深圳,广东,中国,中南,办公用-标签-10002697,办公用品,标签,"Smead 运输标签, 红色",160.02,3,0.0,70.14
1404,CN-202022-4075862,2023-05-03,2023-05-05,二级,贺平-19105,贺平,消费者,深圳,广东,中国,中南,技术-复印-10001249,技术,复印机,"夏普 个人复印机, 数字化",3908.24,7,0.0,586.04
1405,US-202022-5578438,2023-02-07,2023-02-11,标准级,徐黎-16330,徐黎明,公司,沈阳,辽宁,中国,东北,办公用-器具-10000297,办公用品,器具,"Hamilton Beach 炉灶, 黑色",9101.736,6,0.4,-1820.784
1406,CN-202022-2310505,2023-12-11,2023-12-13,一级,付聪-11650,付聪,公司,抚顺,辽宁,中国,东北,办公用-纸张-10003833,办公用品,纸张,"Enermax 计划信息表, 多色",334.74,3,0.0,49.98
1410,CN-202022-3258425,2023-08-27,2023-08-31,标准级,冯娜-18460,冯娜,公司,重庆,重庆,中国,西南,办公用-收纳-10001488,办公用品,收纳具,"Fellowes 搁板, 单宽度",1890.42,7,0.0,774.2
1411,CN-202022-3258425,2023-08-27,2023-08-31,标准级,冯娜-18460,冯娜,公司,重庆,重庆,中国,西南,家具-椅子-10001676,家具,椅子,"Hon 沙滩椅, 可调",222.32,1,0.0,39.9
1412,CN-202022-3258425,2023-08-27,2023-08-31,标准级,冯娜-18460,冯娜,公司,重庆,重庆,中国,西南,技术-电话-10004671,技术,电话,"苹果 信号增强器, 全尺寸",7724.64,12,0.0,3321.36
1413,CN-202022-5088485,2023-11-08,2023-11-14,标准级,袁德-12130,袁德,消费者,牙克石,内蒙古,中国,华北,办公用-纸张-10001321,办公用品,纸张,"Eaton 笔记本, 每包 12 个",286.72,2,0.0,2.8
1414,US-202022-1120887,2023-01-12,2023-01-14,二级,俞丹-12025,俞丹,消费者,椒江,浙江,中国,华东,办公用-收纳-10000306,办公用品,收纳具,"Smead 文件夹, 单宽度",81.76,1,0.0,29.4
1415,US-202022-1120887,2023-01-12,2023-01-14,二级,俞丹-12025,俞丹,消费者,椒江,浙江,中国,华东,技术-配件-10002006,技术,配件,"Memorex 鼠标, 回收",509.208,7,0.4,-187.572
1422,CN-202022-3197896,2023-01-24,2023-01-26,一级,柳明-18310,柳明,小型企业,周口,河南,中国,中南,办公用-收纳-10003626,办公用品,收纳具,"Eldon 文件车, 工业",1797.18,3,0.0,197.4
1423,CN-202022-4251154,2023-09-05,2023-09-09,标准级,谭乐-17815,谭乐,消费者,沈阳,辽宁,中国,东北,技术-电话-10002846,技术,电话,"三星 音频基座, 混合尺寸",475.104,1,0.4,7.784
1424,CN-202022-4251154,2023-09-05,2023-09-09,标准级,谭乐-17815,谭乐,消费者,沈阳,辽宁,中国,东北,家具-书架-10000942,家具,书架,"Dania 柜, 黑色",799.68,2,0.4,-199.92
1459,CN-202022-2513055,2023-04-24,2023-04-26,二级,孙斯-21010,孙斯云,消费者,北京,北京,中国,华北,办公用-纸张-10001792,办公用品,纸张,"施乐 备忘录便条, 优质",378.84,6,0.0,151.2
1460,CN-202022-2513055,2023-04-24,2023-04-26,二级,孙斯-21010,孙斯云,消费者,北京,北京,中国,华北,办公用-纸张-10002896,办公用品,纸张,"Enermax 令, 优质",664.3,5,0.0,25.9
1461,CN-202022-2513055,2023-04-24,2023-04-26,二级,孙斯-21010,孙斯云,消费者,北京,北京,中国,华北,家具-书架-10002456,家具,书架,"Safco 书架, 金属",3463.6,5,0.0,1281.0
1463,CN-202022-2292031,2023-04-02,2023-04-05,一级,田良-17185,田良,消费者,廊坊,河北,中国,华北,办公用-装订-10000048,办公用品,装订机,"Acco 标签, 回收",83.44,2,0.0,10.64
1464,CN-202022-2292031,2023-04-02,2023-04-05,一级,田良-17185,田良,消费者,廊坊,河北,中国,华北,家具-书架-10002686,家具,书架,"宜家 墙角架, 白色",4688.32,8,0.0,1593.76
1465,CN-202022-2292031,2023-04-02,2023-04-05,一级,田良-17185,田良,消费者,廊坊,河北,中国,华北,办公用-收纳-10003579,办公用品,收纳具,"Tenex 搁板, 蓝色",1530.48,6,0.0,30.24
1503,CN-202022-2918417,2023-10-07,2023-10-11,标准级,沈聪-11710,沈聪,消费者,寿光,山东,中国,华东,办公用-信封-10001526,办公用品,信封,"GlobeWeis 外皮和封条, 回收",282.66,3,0.0,13.86
1504,CN-202022-2918417,2023-10-07,2023-10-11,标准级,沈聪-11710,沈聪,消费者,寿光,山东,中国,华东,办公用-信封-10003367,办公用品,信封,"Cameo 局间信封, 回收",647.22,3,0.0,317.1
1525,CN-202022-4451680,2023-07-17,2023-07-22,标准级,邱升-20035,邱升,小型企业,昆明,云南,中国,西南,家具-书架-10004000,家具,书架,"Sauder 墙角架, 金属",4109.28,6,0.0,40.32
1527,CN-202022-4526574,2023-12-13,2023-12-19,标准级,林磊-16045,林磊,小型企业,珠海,广东,中国,中南,技术-配件-10001341,技术,配件,"Memorex 记忆卡, 回收",1868.16,4,0.0,728.56
1528,CN-202022-4526574,2023-12-13,2023-12-19,标准级,林磊-16045,林磊,小型企业,珠海,广东,中国,中南,办公用-收纳-10001262,办公用品,收纳具,"Eldon 搁板, 金属",443.24,2,0.0,124.04
1529,CN-202022-4526574,2023-12-13,2023-12-19,标准级,林磊-16045,林磊,小型企业,珠海,广东,中国,中南,办公用-器具-10002224,办公用品,器具,"Breville 搅拌机, 白色",3299.52,8,0.0,296.8
1530,CN-202022-4526574,2023-12-13,2023-12-19,标准级,林磊-16045,林磊,小型企业,珠海,广东,中国,中南,家具-椅子-10001132,家具,椅子,"Hon 椅垫, 黑色",1115.1,5,0.1,74.2
1531,CN-202022-4526574,2023-12-13,2023-12-19,标准级,林磊-16045,林磊,小型企业,珠海,广东,中国,中南,办公用-信封-10002675,办公用品,信封,"Ames 邮寄品, 银色",1428.0,8,0.0,599.2
1532,CN-202022-4526574,2023-12-13,2023-12-19,标准级,林磊-16045,林磊,小型企业,珠海,广东,中国,中南,办公用-系固-10004801,办公用品,系固件,"Stockwell 橡皮筋, 整包",385.7,5,0.0,84.7
1533,CN-202022-4526574,2023-12-13,2023-12-19,标准级,林磊-16045,林磊,小型企业,珠海,广东,中国,中南,办公用-用品-10003822,办公用品,用品,"Acme 开信刀, 蓝色",140.98,1,0.0,23.94
1534,CN-202022-4526574,2023-12-13,2023-12-19,标准级,林磊-16045,林磊,小型企业,珠海,广东,中国,中南,技术-配件-10000935,技术,配件,"罗技 键区, 可编程",446.32,2,0.0,66.92
1555,CN-202022-2666353,2023-04-18,2023-04-20,二级,姚秋-11605,姚秋,消费者,昌吉,新疆,中国,西北,家具-用具-10001878,家具,用具,"Rubvermaid 框架, 黑色",2051.28,4,0.0,348.32
1563,CN-202022-5264054,2023-12-02,2023-12-06,标准级,钟宣-20860,钟宣,公司,北京,北京,中国,华北,家具-用具-10001878,家具,用具,"Rubvermaid 框架, 黑色",1025.64,2,0.0,174.16
1564,CN-202022-5264054,2023-12-02,2023-12-06,标准级,钟宣-20860,钟宣,公司,北京,北京,中国,华北,办公用-标签-10002441,办公用品,标签,"Novimex 有色标签, 白色",173.88,3,0.0,52.08
1565,CN-202022-5264054,2023-12-02,2023-12-06,标准级,钟宣-20860,钟宣,公司,北京,北京,中国,华北,技术-电话-10000751,技术,电话,"三星 信号增强器, 混合尺寸",3904.32,6,0.0,663.6
1566,CN-202022-5264054,2023-12-02,2023-12-06,标准级,钟宣-20860,钟宣,公司,北京,北京,中国,华北,办公用-器具-10002516,办公用品,器具,"KitchenAid 搅拌机, 银色",464.8,1,0.0,64.96
1574,CN-202022-2871844,2023-06-28,2023-07-02,二级,贺婉-21355,贺婉,公司,武汉,湖北,中国,中南,办公用-收纳-10003675,办公用品,收纳具,"Smead 搁板, 蓝色",456.68,2,0.0,196.28
1575,CN-202022-2871844,2023-06-28,2023-07-02,二级,贺婉-21355,贺婉,公司,武汉,湖北,中国,中南,技术-复印-10003649,技术,复印机,"惠普 复印机, 数字化",2725.296,4,0.4,317.856
1576,CN-202022-2871844,2023-06-28,2023-07-02,二级,贺婉-21355,贺婉,公司,武汉,湖北,中国,中南,办公用-装订-10000833,办公用品,装订机,"Acco 装订机, 耐用",139.86,3,0.4,-26.04
1577,CN-202022-2871844,2023-06-28,2023-07-02,二级,贺婉-21355,贺婉,公司,武汉,湖北,中国,中南,家具-椅子-10004718,家具,椅子,"Novimex 折叠椅, 红色",460.488,2,0.4,-276.472
1578,CN-202022-2871844,2023-06-28,2023-07-02,二级,贺婉-21355,贺婉,公司,武汉,湖北,中国,中南,家具-椅子-10000676,家具,椅子,"SAFCO 椅垫, 可调",348.936,2,0.4,34.776
1579,CN-202022-2871844,2023-06-28,2023-07-02,二级,贺婉-21355,贺婉,公司,武汉,湖北,中国,中南,办公用-美术-10003822,办公用品,美术,"BIC 钢笔, 蓝色",39.984,3,0.8,-70.056
1580,CN-202022-2871844,2023-06-28,2023-07-02,二级,贺婉-21355,贺婉,公司,武汉,湖北,中国,中南,技术-电话-10003816,技术,电话,"摩托罗拉 耳机, 全尺寸",453.768,2,0.4,-121.072
1597,CN-202022-3898543,2023-11-12,2023-11-17,二级,姚彩-10765,姚彩,小型企业,兖州,山东,中国,华东,技术-设备-10003952,技术,设备,"柯尼卡 卡片打印机, 白色",2430.12,3,0.0,23.94
1598,CN-202022-3898543,2023-11-12,2023-11-17,二级,姚彩-10765,姚彩,小型企业,兖州,山东,中国,华东,技术-复印-10000495,技术,复印机,"Brother 传真复印机, 数字化",2675.82,3,0.0,240.66
1599,CN-202022-3898543,2023-11-12,2023-11-17,二级,姚彩-10765,姚彩,小型企业,兖州,山东,中国,华东,办公用-收纳-10002846,办公用品,收纳具,"Rogers 搁板, 工业",584.36,2,0.0,11.48
1600,CN-202022-3898543,2023-11-12,2023-11-17,二级,姚彩-10765,姚彩,小型企业,兖州,山东,中国,华东,办公用-收纳-10000379,办公用品,收纳具,"Smead 锁柜, 工业",1856.4,2,0.0,426.72
1601,CN-202022-3898543,2023-11-12,2023-11-17,二级,姚彩-10765,姚彩,小型企业,兖州,山东,中国,华东,家具-椅子-10003884,家具,椅子,"Hon 扶手椅, 可调",4289.88,2,0.0,343.0
1612,CN-202022-4596452,2023-11-20,2023-11-24,标准级,徐婵-11005,徐婵,小型企业,郑州,河南,中国,中南,技术-电话-10001717,技术,电话,"摩托罗拉 音频基座, 整包",3237.92,4,0.0,1618.96
1620,US-202022-1964482,2023-05-11,2023-05-15,二级,施良-17155,施良,消费者,成都,四川,中国,西南,家具-用具-10003581,家具,用具,"Deflect-O 门挡, 一包多件",369.684,3,0.4,-86.436
1621,US-202022-1964482,2023-05-11,2023-05-15,二级,施良-17155,施良,消费者,成都,四川,中国,西南,办公用-标签-10004286,办公用品,标签,"Avery 有色标签, 耐用",319.2,5,0.0,70.0
1640,CN-202022-5113626,2023-03-04,2023-03-10,标准级,陶武-21880,陶武,公司,北京,北京,中国,华北,技术-配件-10002107,技术,配件,"贝尔金 闪存驱动器, 实惠",391.44,2,0.0,50.68
1641,CN-202022-5113626,2023-03-04,2023-03-10,标准级,陶武-21880,陶武,公司,北京,北京,中国,华北,办公用-美术-10000757,办公用品,美术,"Boston 记号笔, 混合尺寸",275.8,2,0.0,82.6
1642,CN-202022-5113626,2023-03-04,2023-03-10,标准级,陶武-21880,陶武,公司,北京,北京,中国,华北,办公用-信封-10000222,办公用品,信封,"Ames 商业信封, 回收",439.04,7,0.0,25.48
1643,US-202022-2841000,2023-02-21,2023-02-26,标准级,李谙-18775,李谙,小型企业,内江,四川,中国,西南,家具-椅子-10000519,家具,椅子,"SAFCO 扶手椅, 黑色",3855.6,3,0.4,-835.38
1654,CN-202022-2877606,2023-08-07,2023-08-12,标准级,洪华-14080,洪华,公司,上梅,湖南,中国,中南,技术-设备-10003561,技术,设备,"松下 收据打印机, 白色",556.78,1,0.0,5.46
1655,CN-202022-2877606,2023-08-07,2023-08-12,标准级,洪华-14080,洪华,公司,上梅,湖南,中国,中南,办公用-装订-10000127,办公用品,装订机,"Acco 标签, 透明",112.56,3,0.0,52.5
1656,CN-202022-2877606,2023-08-07,2023-08-12,标准级,洪华-14080,洪华,公司,上梅,湖南,中国,中南,办公用-收纳-10003040,办公用品,收纳具,"Tenex 锁柜, 工业",2864.82,3,0.0,658.56
1665,CN-202022-3266914,2023-06-07,2023-06-13,标准级,严诚-11395,严诚,公司,沈阳,辽宁,中国,东北,技术-配件-10003355,技术,配件,"Enermax 闪存驱动器, 耐用",467.376,4,0.4,-155.904
1676,US-202022-4644475,2023-09-16,2023-09-20,标准级,钟虹-13795,钟虹,小型企业,珠海,广东,中国,中南,家具-椅子-10002861,家具,椅子,"Hon 沙滩椅, 黑色",538.272,3,0.1,-48.048
1681,CN-202022-1177754,2023-06-25,2023-06-30,标准级,田武-21895,田武,公司,廉江,广东,中国,中南,技术-复印-10001365,技术,复印机,"夏普 传真复印机, 每套两件",2360.4,3,0.0,613.62
1682,CN-202022-1177754,2023-06-25,2023-06-30,标准级,田武-21895,田武,公司,廉江,广东,中国,中南,办公用-标签-10004066,办公用品,标签,"Avery 可去除的标签, 红色",147.84,3,0.0,44.1
1689,US-202022-1344410,2023-09-02,2023-09-06,标准级,贺婵-10915,贺婵,消费者,泰州,江苏,中国,华东,办公用-美术-10001414,办公用品,美术,"Binney & Smith 记号笔, 蓝色",179.872,8,0.8,-620.928
1706,CN-202022-5844177,2023-09-02,2023-09-07,二级,刘立-16810,刘立,消费者,三明,福建,中国,华东,办公用-收纳-10001011,办公用品,收纳具,"Fellowes 文件夹, 金属",356.58,3,0.0,24.78
1707,CN-202022-5844177,2023-09-02,2023-09-07,二级,刘立-16810,刘立,消费者,三明,福建,中国,华东,办公用-信封-10004310,办公用品,信封,"Jiffy 马尼拉纸信封, 红色",965.3,7,0.0,356.72
1708,CN-202022-5844177,2023-09-02,2023-09-07,二级,刘立-16810,刘立,消费者,三明,福建,中国,华东,办公用-纸张-10001146,办公用品,纸张,"施乐 羊皮纸, 多色",136.92,2,0.0,8.12
1720,CN-202022-1399832,2023-10-08,2023-10-12,标准级,贾嫒-10030,贾嫒,公司,集宁,内蒙古,中国,华北,家具-用具-10004382,家具,用具,"Eldon 相框, 一包多件",488.628,3,0.4,7.728
1721,CN-202022-1399832,2023-10-08,2023-10-12,标准级,贾嫒-10030,贾嫒,公司,集宁,内蒙古,中国,华北,家具-椅子-10002246,家具,椅子,"Novimex 沙滩椅, 每套两件",674.94,5,0.4,-34.16
1724,CN-202022-3569535,2023-09-03,2023-09-07,二级,廖立-16795,廖立,小型企业,沈阳,辽宁,中国,东北,家具-书架-10003011,家具,书架,"Sauder 书架, 黑色",1244.628,3,0.4,103.488
1725,CN-202022-2203847,2023-02-28,2023-03-04,二级,田谙-18865,田谙,消费者,辽阳,辽宁,中国,东北,家具-椅子-10001902,家具,椅子,"SAFCO 沙滩椅, 黑色",131.628,1,0.4,-79.072
1726,CN-202022-2203847,2023-02-28,2023-03-04,二级,田谙-18865,田谙,消费者,辽阳,辽宁,中国,东北,办公用-装订-10003861,办公用品,装订机,"Avery 打孔机, 实惠",390.18,5,0.4,-227.92
1727,CN-202022-2203847,2023-02-28,2023-03-04,二级,田谙-18865,田谙,消费者,辽阳,辽宁,中国,东北,技术-配件-10000783,技术,配件,"罗技 键盘, 回收",2557.464,13,0.4,-640.276
1728,CN-202022-4309040,2023-09-03,2023-09-05,二级,陈嫒-10015,陈嫒,消费者,潍坊,山东,中国,华东,家具-椅子-10001595,家具,椅子,"Office Star 凳子, 红色",1623.44,2,0.0,698.04
1729,CN-202022-4309040,2023-09-03,2023-09-05,二级,陈嫒-10015,陈嫒,消费者,潍坊,山东,中国,华东,办公用-用品-10002349,办公用品,用品,"Kleencut 剪刀, 钢",202.44,2,0.0,18.2
1730,CN-202022-4309040,2023-09-03,2023-09-05,二级,陈嫒-10015,陈嫒,消费者,潍坊,山东,中国,华东,办公用-器具-10001071,办公用品,器具,"KitchenAid 烤面包机, 红色",1592.64,4,0.0,222.88
1731,CN-202022-4309040,2023-09-03,2023-09-05,二级,陈嫒-10015,陈嫒,消费者,潍坊,山东,中国,华东,办公用-器具-10002834,办公用品,器具,"Hamilton Beach 烤面包机, 红色",2147.04,8,0.0,150.08
1732,CN-202022-4309040,2023-09-03,2023-09-05,二级,陈嫒-10015,陈嫒,消费者,潍坊,山东,中国,华东,办公用-器具-10002834,办公用品,器具,"Hamilton Beach 烤面包机, 红色",536.76,2,0.0,37.52
1733,CN-202022-4309040,2023-09-03,2023-09-05,二级,陈嫒-10015,陈嫒,消费者,潍坊,山东,中国,华东,办公用-系固-10002024,办公用品,系固件,"Stockwell 按钉, 整包",67.06,1,0.0,20.72
1737,CN-202022-2295401,2023-03-23,2023-03-30,标准级,巩晒-19795,巩晒明,小型企业,桦甸,吉林,中国,东北,办公用-纸张-10000506,办公用品,纸张,"Enermax 羊皮纸, 优质",287.28,4,0.0,103.04
1738,CN-202022-2295401,2023-03-23,2023-03-30,标准级,巩晒-19795,巩晒明,小型企业,桦甸,吉林,中国,东北,技术-配件-10001666,技术,配件,"SanDisk 键区, 回收",744.24,3,0.0,297.36
1743,CN-202022-2312244,2023-08-09,2023-08-15,标准级,邵杰-14770,邵杰,小型企业,随州,湖北,中国,中南,技术-复印-10000191,技术,复印机,"佳能 无线传真机, 数字化",3177.72,3,0.4,-1748.04
1748,CN-202022-2312244,2023-09-20,2023-09-23,二级,徐谙-18880,徐谙,消费者,浯溪,湖南,中国,中南,办公用-收纳-10004975,办公用品,收纳具,"Fellowes 文件夹, 工业",376.32,3,0.0,60.06
1751,US-202022-4644475,2023-12-11,2023-12-15,标准级,付惠-14365,付惠,公司,寿光,山东,中国,华东,家具-椅子-10004563,家具,椅子,"Office Star 沙滩椅, 可调",540.68,2,0.0,124.32
1752,US-202022-4644475,2023-12-11,2023-12-15,标准级,付惠-14365,付惠,公司,寿光,山东,中国,华东,办公用-标签-10003382,办公用品,标签,"Novimex 文件夹标签, 耐用",120.96,3,0.0,15.54
1753,US-202022-4644475,2023-12-11,2023-12-15,标准级,付惠-14365,付惠,公司,寿光,山东,中国,华东,办公用-器具-10002119,办公用品,器具,"KitchenAid 搅拌机, 红色",3229.1,7,0.0,1259.3
1754,US-202022-4644475,2023-12-11,2023-12-15,标准级,付惠-14365,付惠,公司,寿光,山东,中国,华东,家具-用具-10003459,家具,用具,"Rubvermaid 框架, 优质",2025.52,4,0.0,121.52
1755,CN-202022-3490468,2023-06-18,2023-06-25,标准级,陈锦-14830,陈锦,公司,广州,广东,中国,中南,办公用-信封-10003369,办公用品,信封,"GlobeWeis 局间信封, 回收",1087.8,5,0.0,380.1
1756,CN-202022-3490468,2023-06-18,2023-06-25,标准级,陈锦-14830,陈锦,公司,广州,广东,中国,中南,技术-配件-10001327,技术,配件,"Enermax 记忆卡, 实惠",533.82,1,0.0,149.38
1757,CN-202022-3490468,2023-06-18,2023-06-25,标准级,陈锦-14830,陈锦,公司,广州,广东,中国,中南,家具-书架-10002086,家具,书架,"Safco 墙角架, 白色",3546.2,5,0.0,1276.1
1758,CN-202022-3490468,2023-06-18,2023-06-25,标准级,陈锦-14830,陈锦,公司,广州,广东,中国,中南,技术-复印-10001364,技术,复印机,"夏普 传真复印机, 数字化",2355.36,3,0.0,70.56
1759,CN-202022-1119011,2023-12-17,2023-12-23,标准级,马雯-21760,马雯,公司,芜湖,安徽,中国,华东,办公用-收纳-10003736,办公用品,收纳具,"Rogers 文件夹, 单宽度",286.72,2,0.0,82.88
1760,CN-202022-1119011,2023-12-17,2023-12-23,标准级,马雯-21760,马雯,公司,芜湖,安徽,中国,华东,家具-椅子-10004059,家具,椅子,"Novimex 扶手椅, 每套两件",12885.6,6,0.0,2189.88
1763,US-202022-5578438,2023-10-29,2023-11-05,标准级,赵盛-20320,赵盛,小型企业,临沂,山东,中国,华东,办公用-用品-10001871,办公用品,用品,"Fiskars 开信刀, 蓝色",130.34,1,0.0,28.56
1764,US-202022-5578438,2023-10-29,2023-11-05,标准级,赵盛-20320,赵盛,小型企业,临沂,山东,中国,华东,家具-用具-10001348,家具,用具,"Advantus 相框, 一包多件",1237.6,5,0.0,197.4
1775,US-202022-5578438,2023-12-18,2023-12-25,标准级,廖松-20725,廖松,消费者,云阳,河南,中国,中南,技术-电话-10003837,技术,电话,"思科 信号增强器, 整包",3544.8,5,0.0,177.1
1779,CN-202022-5873075,2023-11-30,2023-12-04,标准级,侯虹-13825,侯虹,公司,浏阳,湖南,中国,中南,办公用-系固-10002368,办公用品,系固件,"OIC 回形针, 混合尺寸",166.32,3,0.0,2.94
1780,CN-202022-5873075,2023-11-30,2023-12-04,标准级,侯虹-13825,侯虹,公司,浏阳,湖南,中国,中南,办公用-美术-10003303,办公用品,美术,"Stanley 荧光笔, 整包",335.328,6,0.2,-63.672
1781,CN-202022-5873075,2023-11-30,2023-12-04,标准级,侯虹-13825,侯虹,公司,浏阳,湖南,中国,中南,技术-复印-10004358,技术,复印机,"Brother 传真机, 数字化",2969.68,2,0.0,415.52
1782,CN-202022-4591322,2023-05-17,2023-05-21,标准级,俞丹-12025,俞丹,消费者,毕节,贵州,中国,西南,家具-用具-10002886,家具,用具,"Eldon 闹钟, 一包多件",792.12,3,0.0,213.78
1783,CN-202022-4591322,2023-05-17,2023-05-21,标准级,俞丹-12025,俞丹,消费者,毕节,贵州,中国,西南,办公用-美术-10001431,办公用品,美术,"Sanford 钢笔, 蓝色",103.6,2,0.0,3.08
1784,CN-202022-4591322,2023-05-17,2023-05-21,标准级,俞丹-12025,俞丹,消费者,毕节,贵州,中国,西南,办公用-系固-10001221,办公用品,系固件,"Stockwell 按钉, 金属",202.86,3,0.0,97.02
1788,CN-202022-4375818,2023-09-22,2023-09-26,标准级,许根-13240,许根基,小型企业,重庆,重庆,中国,西南,办公用-用品-10004001,办公用品,用品,"Fiskars 剪刀, 工业",231.28,2,0.0,52.92
1789,CN-202022-4375818,2023-09-22,2023-09-26,标准级,许根-13240,许根基,小型企业,重庆,重庆,中国,西南,技术-复印-10003240,技术,复印机,"Brother 传真机, 每套两件",2378.432,2,0.2,356.552
1790,CN-202022-4375818,2023-09-22,2023-09-26,标准级,许根-13240,许根基,小型企业,重庆,重庆,中国,西南,办公用-标签-10002245,办公用品,标签,"Smead 可去除的标签, 白色",98.0,2,0.0,20.44
1791,CN-202022-4375818,2023-09-22,2023-09-26,标准级,许根-13240,许根基,小型企业,重庆,重庆,中国,西南,办公用-装订-10001078,办公用品,装订机,"Ibico 订书机, 回收",1449.84,6,0.0,550.2
1792,CN-202022-4375818,2023-09-22,2023-09-26,标准级,许根-13240,许根基,小型企业,重庆,重庆,中国,西南,家具-椅子-10000374,家具,椅子,"Harbour Creations 椅垫, 可调",695.24,2,0.0,319.76
1793,CN-202022-2575295,2023-05-10,2023-05-16,标准级,潘舟-11440,潘舟,消费者,深圳,广东,中国,中南,办公用-系固-10000678,办公用品,系固件,"Accos 按钉, 金属",478.24,7,0.0,166.6
1806,US-202022-1777670,2023-03-30,2023-04-02,一级,施丽-17380,施丽丽,公司,扬州,江苏,中国,华东,办公用-美术-10000463,办公用品,美术,"Binney & Smith 钢笔, 蓝色",66.864,6,0.8,-167.496
1807,US-202022-1777670,2023-03-30,2023-04-02,一级,施丽-17380,施丽丽,公司,扬州,江苏,中国,华东,办公用-装订-10004464,办公用品,装订机,"Wilson Jones 标签, 实惠",126.42,7,0.4,0.0
1833,CN-202022-1510100,2023-12-12,2023-12-19,标准级,万兰-15730,万兰,消费者,南通,江苏,中国,华东,技术-电话-10004671,技术,电话,"苹果 信号增强器, 全尺寸",772.464,2,0.4,38.584
1840,CN-202022-1141510,2023-07-27,2023-08-02,标准级,钱婵-10780,钱婵娟,公司,西安,陕西,中国,西北,技术-电话-10000244,技术,电话,"摩托罗拉 信号增强器, 整包",2005.08,3,0.0,300.72
1841,CN-202022-4596452,2023-10-17,2023-10-17,当日,袁丽-16285,袁丽美,小型企业,昆明,云南,中国,西南,家具-用具-10001410,家具,用具,"Advantus 门挡, 黑色",420.28,2,0.0,71.4
1842,CN-202022-4596452,2023-10-17,2023-10-17,当日,袁丽-16285,袁丽美,小型企业,昆明,云南,中国,西南,办公用-标签-10002765,办公用品,标签,"Novimex 可去除的标签, 可调",108.78,3,0.0,2.94
1843,CN-202022-3257417,2023-09-09,2023-09-14,标准级,钱崆-15490,钱崆,消费者,商丘,河南,中国,中南,办公用-标签-10001867,办公用品,标签,"Smead 合法证物标签, 红色",305.76,6,0.0,60.48
1846,CN-202022-1156969,2023-11-30,2023-12-06,标准级,白松-20740,白松,小型企业,铜陵,安徽,中国,华东,办公用-装订-10004816,办公用品,装订机,"Wilson Jones 标签, 回收",63.56,2,0.0,29.12
1847,CN-202022-1156969,2023-11-30,2023-12-06,标准级,白松-20740,白松,小型企业,铜陵,安徽,中国,华东,技术-复印-10003723,技术,复印机,"Hewlett 个人复印机, 数字化",1343.16,2,0.0,671.44
1848,CN-202022-2353754,2023-08-10,2023-08-10,当日,麦虢-13525,麦虢,公司,武汉,湖北,中国,中南,办公用-信封-10000222,办公用品,信封,"Ames 商业信封, 回收",125.44,2,0.0,7.28
1849,CN-202022-2353754,2023-08-10,2023-08-10,当日,麦虢-13525,麦虢,公司,武汉,湖北,中国,中南,家具-用具-10004607,家具,用具,"Deflect-O 框架, 一包多件",616.56,2,0.4,-236.6
1850,CN-202022-2353754,2023-08-10,2023-08-10,当日,麦虢-13525,麦虢,公司,武汉,湖北,中国,中南,技术-电话-10001437,技术,电话,"诺基亚 信号增强器, 全尺寸",771.624,2,0.4,-257.376
1864,CN-202022-4687313,2023-06-28,2023-07-02,标准级,蔡菊-15055,蔡菊,消费者,温州,浙江,中国,华东,办公用-器具-10000224,办公用品,器具,"Breville 咖啡研磨机, 银色",350.616,2,0.4,-181.384
1865,CN-202022-4687313,2023-06-28,2023-07-02,标准级,蔡菊-15055,蔡菊,消费者,温州,浙江,中国,华东,办公用-美术-10000708,办公用品,美术,"Stanley 记号笔, 混合尺寸",165.816,7,0.8,-382.004
1868,CN-202022-5057492,2023-08-16,2023-08-20,标准级,黄磊-16000,黄磊,消费者,沈阳,辽宁,中国,东北,办公用-用品-10004755,办公用品,用品,"Stiletto 剪刀, 工业",211.932,3,0.4,20.832
1869,US-202022-2560123,2023-08-02,2023-08-07,二级,牛黎-16390,牛黎明,公司,武汉,湖北,中国,中南,家具-用具-10002471,家具,用具,"Tenex 分层置放架, 黑色",494.508,7,0.4,-157.192
1874,US-202022-4505574,2023-02-22,2023-02-24,一级,肖冬-12400,肖冬露,小型企业,仙居,浙江,中国,华东,技术-电话-10003599,技术,电话,"思科 智能手机, 全尺寸",1174.068,3,0.4,-469.812
1875,US-202022-4505574,2023-02-22,2023-02-24,一级,肖冬-12400,肖冬露,小型企业,仙居,浙江,中国,华东,技术-复印-10004535,技术,复印机,"佳能 墨水, 彩色",3744.468,9,0.4,-1935.612
1890,US-202022-2841000,2023-12-19,2023-12-22,二级,倪乐-17800,倪乐,小型企业,太原,山西,中国,华北,办公用-装订-10000364,办公用品,装订机,"Ibico 孔加固材料, 耐用",158.48,4,0.0,71.12
1891,US-202022-2841000,2023-12-19,2023-12-22,二级,倪乐-17800,倪乐,小型企业,太原,山西,中国,华北,技术-电话-10004095,技术,电话,"摩托罗拉 智能手机, 蓝色",4239.48,7,0.0,1949.22
1892,US-202022-2841000,2023-12-19,2023-12-22,二级,倪乐-17800,倪乐,小型企业,太原,山西,中国,华北,办公用-纸张-10003981,办公用品,纸张,"Green Bar 羊皮纸, 优质",233.52,3,0.0,36.96
1893,CN-202022-2558627,2023-08-16,2023-08-20,标准级,韦绅-20005,韦绅,消费者,信阳,河南,中国,中南,办公用-收纳-10002196,办公用品,收纳具,"Fellowes 文件车, 单宽度",5768.28,9,0.0,691.74
1894,CN-202022-2558627,2023-08-16,2023-08-20,标准级,韦绅-20005,韦绅,消费者,信阳,河南,中国,中南,办公用-装订-10000090,办公用品,装订机,"Wilson Jones 装订机盖, 透明",149.1,3,0.0,23.52
1895,CN-202022-1384966,2023-01-11,2023-01-11,当日,麦磊-16060,麦磊,消费者,双阳,吉林,中国,东北,办公用-收纳-10002355,办公用品,收纳具,"Rogers 文件车, 蓝色",1321.6,2,0.0,13.16
1898,CN-202022-5533473,2023-10-23,2023-10-28,标准级,孙梦-18250,孙梦,公司,昆明,云南,中国,西南,办公用-装订-10000287,办公用品,装订机,"Wilson Jones 孔加固材料, 实惠",63.42,3,0.0,15.12
1899,CN-202022-5533473,2023-10-23,2023-10-28,标准级,孙梦-18250,孙梦,公司,昆明,云南,中国,西南,技术-配件-10003881,技术,配件,"Memorex 键盘, 耐用",2337.3,7,0.0,911.4
1900,CN-202022-5533473,2023-10-23,2023-10-28,标准级,孙梦-18250,孙梦,公司,昆明,云南,中国,西南,家具-书架-10001766,家具,书架,"Bush 书库, 黑色",10238.76,6,0.0,4299.96
1901,CN-202022-5533473,2023-10-23,2023-10-28,标准级,孙梦-18250,孙梦,公司,昆明,云南,中国,西南,办公用-器具-10001154,办公用品,器具,"Hoover 冰箱, 银色",12296.9,5,0.0,983.5
1902,CN-202022-5533473,2023-10-23,2023-10-28,标准级,孙梦-18250,孙梦,公司,昆明,云南,中国,西南,技术-配件-10004265,技术,配件,"Enermax 键盘, 耐用",1171.38,3,0.0,351.12
1916,CN-202022-1738807,2023-11-13,2023-11-17,标准级,潘涛-21205,潘涛,公司,皇岗,广东,中国,中南,办公用-器具-10002520,办公用品,器具,"Hoover 搅拌机, 银色",2284.8,5,0.0,730.8
1917,CN-202022-1738807,2023-11-13,2023-11-17,标准级,潘涛-21205,潘涛,公司,皇岗,广东,中国,中南,技术-复印-10000725,技术,复印机,"夏普 复印机, 每套两件",10054.8,9,0.0,99.54
1928,US-202022-4870971,2023-10-03,2023-10-09,标准级,邹凤-13000,邹凤,消费者,深圳,广东,中国,中南,办公用-信封-10003337,办公用品,信封,"GlobeWeis 商业信封, 每套 50 个",485.52,6,0.0,174.72
1929,US-202022-4940133,2023-10-03,2023-10-07,标准级,常松-20575,常松,消费者,沈阳,辽宁,中国,东北,家具-用具-10004678,家具,用具,"Eldon 闹钟, 优质",463.176,3,0.4,-285.684
1930,US-202022-4940133,2023-10-03,2023-10-07,标准级,常松-20575,常松,消费者,沈阳,辽宁,中国,东北,技术-电话-10000497,技术,电话,"苹果 耳机, 全尺寸",626.22,3,0.4,-407.4
1932,CN-202022-4596452,2023-10-12,2023-10-12,当日,徐婵-11005,徐婵,小型企业,许昌,河南,中国,中南,技术-电话-10000581,技术,电话,"苹果 充电器, 蓝色",8906.94,3,0.0,1870.26
1941,US-202022-1964482,2023-11-08,2023-11-11,一级,郝立-16570,郝立勤,消费者,南京,江苏,中国,华东,家具-椅子-10001799,家具,椅子,"Harbour Creations 椅垫, 黑色",584.388,3,0.4,-195.132
1942,US-202022-1964482,2023-11-08,2023-11-11,一级,郝立-16570,郝立勤,消费者,南京,江苏,中国,华东,家具-椅子-10003805,家具,椅子,"Hon 扶手椅, 每套两件",2572.584,2,0.4,-86.016
1943,US-202022-1964482,2023-11-08,2023-11-11,一级,郝立-16570,郝立勤,消费者,南京,江苏,中国,华东,办公用-纸张-10000416,办公用品,纸张,"施乐 笔记本, 每包 12 个",711.9,5,0.0,113.4
1944,US-202022-1964482,2023-11-08,2023-11-11,一级,郝立-16570,郝立勤,消费者,南京,江苏,中国,华东,办公用-装订-10001505,办公用品,装订机,"Cardinal 孔加固材料, 回收",63.84,4,0.4,8.4
1945,US-202022-1964482,2023-11-08,2023-11-11,一级,郝立-16570,郝立勤,消费者,南京,江苏,中国,华东,办公用-纸张-10000506,办公用品,纸张,"Enermax 羊皮纸, 优质",359.1,5,0.0,128.8
1946,US-202022-1964482,2023-11-08,2023-11-11,一级,郝立-16570,郝立勤,消费者,南京,江苏,中国,华东,办公用-系固-10002492,办公用品,系固件,"Advantus 夹子, 金属",163.044,3,0.4,-21.756
1947,US-202022-1964482,2023-11-08,2023-11-11,一级,郝立-16570,郝立勤,消费者,南京,江苏,中国,华东,办公用-器具-10003678,办公用品,器具,"Cuisinart 微波炉, 银色",1563.576,2,0.4,-104.384
1965,CN-202022-5035540,2023-06-14,2023-06-18,标准级,邵彩-10720,邵彩,小型企业,开封,河南,中国,中南,办公用-器具-10001154,办公用品,器具,"Hoover 冰箱, 银色",17215.66,7,0.0,1376.9
1966,CN-202022-1966017,2023-09-20,2023-09-24,标准级,邵鹏-19075,邵鹏,消费者,衢州,浙江,中国,华东,办公用-收纳-10000335,办公用品,收纳具,"Tenex 盘, 金属",745.92,3,0.0,290.64
1977,US-202022-2286344,2023-12-09,2023-12-13,标准级,冯娜-18460,冯娜,公司,随州,湖北,中国,中南,办公用-器具-10002520,办公用品,器具,"Hoover 搅拌机, 银色",274.176,1,0.4,-36.624
1978,US-202022-2286344,2023-12-09,2023-12-13,标准级,冯娜-18460,冯娜,公司,随州,湖北,中国,中南,家具-用具-10001318,家具,用具,"Tenex 相框, 耐用",684.18,5,0.4,-319.62
1979,US-202022-2286344,2023-12-09,2023-12-13,标准级,冯娜-18460,冯娜,公司,随州,湖北,中国,中南,办公用-系固-10002224,办公用品,系固件,"Advantus 图钉, 每包 12 个",145.824,4,0.4,-29.456
1992,CN-202022-5385461,2023-05-31,2023-06-04,标准级,陶博-10570,陶博,消费者,哈尔滨,黑龙江,中国,东北,办公用-信封-10000469,办公用品,信封,"Kraft 邮寄品, 红色",1537.76,8,0.0,553.28
2001,CN-202022-3676630,2023-08-09,2023-08-10,一级,李蔓-17995,李蔓楚,小型企业,成都,四川,中国,西南,办公用-美术-10001455,办公用品,美术,"Sanford 速写本, 金属",43.624,1,0.8,-152.796
2006,CN-202022-1752478,2023-08-20,2023-08-25,标准级,殷崆-15565,殷崆,消费者,平遥,山西,中国,华北,办公用-装订-10003400,办公用品,装订机,"Acco 打孔机, 耐用",442.68,3,0.0,70.56
2007,CN-202022-1752478,2023-08-20,2023-08-25,标准级,殷崆-15565,殷崆,消费者,平遥,山西,中国,华北,家具-椅子-10000374,家具,椅子,"Harbour Creations 椅垫, 可调",1390.48,4,0.0,639.52
2010,CN-202022-1177754,2023-10-28,2023-11-02,标准级,贺锦-14845,贺锦,消费者,哈尔滨,黑龙江,中国,东北,家具-椅子-10001337,家具,椅子,"Harbour Creations 凳子, 可调",1704.36,2,0.0,613.48
2011,CN-202022-3188191,2023-11-18,2023-11-21,一级,常康-15325,常康,公司,晋江,福建,中国,华东,办公用-器具-10004119,办公用品,器具,"Hoover 搅拌机, 白色",444.78,1,0.0,164.5
2014,CN-202022-5035540,2023-01-07,2023-01-09,二级,徐安-10150,徐安,消费者,南阳,河南,中国,中南,办公用-信封-10001487,办公用品,信封,"GlobeWeis 外皮和封条, 银色",333.06,3,0.0,166.32
2015,CN-202022-4988987,2023-04-12,2023-04-12,当日,田诚-11335,田诚,小型企业,上虞,浙江,中国,华东,办公用-收纳-10001262,办公用品,收纳具,"Eldon 搁板, 金属",886.48,4,0.0,248.08
2016,CN-202022-4988987,2023-04-12,2023-04-12,当日,田诚-11335,田诚,小型企业,上虞,浙江,中国,华东,家具-用具-10002981,家具,用具,"Deflect-O 门挡, 黑色",369.18,3,0.4,-196.98
2017,CN-202022-4988987,2023-04-12,2023-04-12,当日,田诚-11335,田诚,小型企业,上虞,浙江,中国,华东,办公用-信封-10003694,办公用品,信封,"Cameo 邮寄品, 银色",1324.96,7,0.0,145.04
2021,US-202022-4505574,2023-08-28,2023-08-28,当日,夏平-19120,夏平,消费者,邳州,江苏,中国,华东,家具-椅子-10003809,家具,椅子,"Office Star 摇椅, 红色",789.096,2,0.4,-447.384
2025,CN-202022-4078386,2023-06-03,2023-06-10,标准级,薛娇-14665,薛娇,消费者,深圳,广东,中国,中南,技术-配件-10000405,技术,配件,"SanDisk 路由器, 实惠",3588.9,3,0.0,179.34
2026,CN-202022-4078386,2023-06-03,2023-06-10,标准级,薛娇-14665,薛娇,消费者,深圳,广东,中国,中南,办公用-装订-10004464,办公用品,装订机,"Wilson Jones 标签, 实惠",60.2,2,0.0,24.08
2031,CN-202022-4111983,2023-06-19,2023-06-22,一级,吕君-15250,吕君,消费者,黄山,安徽,中国,华东,办公用-装订-10002707,办公用品,装订机,"Ibico 标签, 耐用",97.16,2,0.0,19.32
2045,CN-202022-5592498,2023-08-21,2023-08-24,一级,顾升-20125,顾升,小型企业,佳木斯,黑龙江,中国,东北,办公用-标签-10000647,办公用品,标签,"Novimex 运输标签, 耐用",212.24,4,0.0,95.2
2046,CN-202022-5592498,2023-08-21,2023-08-24,一级,顾升-20125,顾升,小型企业,佳木斯,黑龙江,中国,东北,家具-用具-10001578,家具,用具,"Deflect-O 闹钟, 一包多件",1645.42,7,0.0,723.24
2047,CN-202022-5592498,2023-08-21,2023-08-24,一级,顾升-20125,顾升,小型企业,佳木斯,黑龙江,中国,东北,办公用-装订-10001062,办公用品,装订机,"Acco 订书机, 回收",2160.9,9,0.0,496.44
2048,CN-202022-1381339,2023-10-14,2023-10-18,标准级,巩达-11770,巩达侠,消费者,汕头,广东,中国,中南,技术-设备-10003240,技术,设备,"爱普生 电话, 红色",1093.68,3,0.0,87.36
2050,CN-202022-4180783,2023-01-25,2023-01-27,一级,涂丽-15955,涂丽,消费者,武汉,湖北,中国,中南,办公用-系固-10003317,办公用品,系固件,"Accos 夹子, 金属",109.2,2,0.4,18.2
2052,CN-202022-1900777,2023-08-22,2023-08-26,标准级,林德-12175,林德伟,公司,南平,福建,中国,华东,家具-椅子-10004390,家具,椅子,"SAFCO 扶手椅, 每套两件",2163.84,1,0.0,1016.96
2053,CN-202022-1900777,2023-08-22,2023-08-26,标准级,林德-12175,林德伟,公司,南平,福建,中国,华东,家具-椅子-10003670,家具,椅子,"Harbour Creations 摇椅, 黑色",675.08,1,0.0,236.18
2058,CN-202022-4054371,2023-10-11,2023-10-13,二级,杨栋-12340,杨栋,公司,朝阳,辽宁,中国,东北,办公用-装订-10003947,办公用品,装订机,"Cardinal 孔加固材料, 耐用",38.304,2,0.4,-24.416
2059,US-202022-4497736,2023-05-01,2023-05-06,标准级,邢盛-20335,邢盛,消费者,荆州,湖北,中国,中南,技术-配件-10002318,技术,配件,"贝尔金 键区, 回收",777.84,5,0.4,-259.56
2060,US-202022-4497736,2023-05-01,2023-05-06,标准级,邢盛-20335,邢盛,消费者,荆州,湖北,中国,中南,技术-设备-10001705,技术,设备,"StarTech 电话, 多色",1043.28,5,0.4,-348.32
2062,CN-202022-3904829,2023-09-10,2023-09-14,标准级,李蔓-17995,李蔓楚,小型企业,菏泽,山东,中国,华东,技术-电话-10002696,技术,电话,"思科 充电器, 混合尺寸",12212.48,4,0.0,1220.8
2063,US-202022-2844736,2023-02-12,2023-02-16,标准级,巩德-12070,巩德,小型企业,苏家屯,辽宁,中国,东北,办公用-系固-10001319,办公用品,系固件,"OIC 夹子, 混合尺寸",144.648,3,0.4,-72.492
2067,CN-202022-5007229,2023-08-22,2023-08-28,标准级,任实-20200,任实,消费者,淮南,安徽,中国,华东,办公用-系固-10000353,办公用品,系固件,"Stockwell 按钉, 金属",394.8,6,0.0,181.44
2068,CN-202022-5007229,2023-08-22,2023-08-28,标准级,任实-20200,任实,消费者,淮南,安徽,中国,华东,办公用-收纳-10003199,办公用品,收纳具,"Fellowes 锁柜, 金属",1926.4,2,0.0,19.04
2073,CN-202022-1129627,2023-10-29,2023-11-04,标准级,谭涛-21235,谭涛,公司,上海,上海,中国,华东,办公用-纸张-10003708,办公用品,纸张,"Eaton 计划信息表, 每包 12 个",1038.24,9,0.0,51.66
2082,CN-202022-4180783,2023-11-05,2023-11-11,标准级,孔关-15610,孔关茵,公司,凤城,辽宁,中国,东北,技术-电话-10004848,技术,电话,"诺基亚 智能手机, 全尺寸",696.864,2,0.4,-232.456
2085,CN-202022-2275835,2023-04-02,2023-04-07,标准级,常君-15145,常君,公司,郑州,河南,中国,中南,技术-配件-10001327,技术,配件,"Enermax 记忆卡, 实惠",1067.64,2,0.0,298.76
2089,US-202022-4427946,2023-11-21,2023-11-25,标准级,卢谙-18805,卢谙,小型企业,大连,辽宁,中国,东北,办公用-器具-10001757,办公用品,器具,"KitchenAid 炉灶, 黑色",11163.768,7,0.4,-186.592
2090,US-202022-4427946,2023-11-21,2023-11-25,标准级,卢谙-18805,卢谙,小型企业,大连,辽宁,中国,东北,技术-复印-10004064,技术,复印机,"佳能 传真复印机, 每套两件",2678.76,5,0.4,-1607.34
2091,US-202022-4427946,2023-11-21,2023-11-25,标准级,卢谙-18805,卢谙,小型企业,大连,辽宁,中国,东北,办公用-信封-10002653,办公用品,信封,"Jiffy 马尼拉纸信封, 回收",463.12,4,0.0,208.32
2092,US-202022-4427946,2023-11-21,2023-11-25,标准级,卢谙-18805,卢谙,小型企业,大连,辽宁,中国,东北,办公用-装订-10002223,办公用品,装订机,"Avery 装订机, 回收",37.128,1,0.4,-24.752
2098,CN-202022-4957098,2023-05-27,2023-05-31,标准级,余德-12100,余德,小型企业,南昌,江西,中国,华东,办公用-收纳-10003626,办公用品,收纳具,"Eldon 文件车, 工业",2396.24,4,0.0,263.2
2105,CN-202022-3245528,2023-07-18,2023-07-24,标准级,武廷-21310,武廷,消费者,平顶山,河南,中国,中南,办公用-系固-10002340,办公用品,系固件,"OIC 按钉, 每包 12 个",267.68,4,0.0,5.04
2106,CN-202022-3245528,2023-07-18,2023-07-24,标准级,武廷-21310,武廷,消费者,平顶山,河南,中国,中南,技术-配件-10004519,技术,配件,"罗技 鼠标, 实惠",409.92,3,0.0,118.86
2149,CN-202022-4988987,2023-06-07,2023-06-11,标准级,邓实-20245,邓实,消费者,襄樊,湖北,中国,中南,家具-书架-10004880,家具,书架,"宜家 书库, 白色",4098.192,4,0.4,-819.728
2150,CN-202022-3028018,2023-10-07,2023-10-14,标准级,秦刚-13075,秦刚,公司,吉林市,吉林,中国,东北,技术-电话-10004671,技术,电话,"苹果 信号增强器, 全尺寸",3218.6,5,0.0,1383.9
2153,CN-202022-3551529,2023-10-09,2023-10-15,标准级,彭安-10225,彭安,公司,武汉,湖北,中国,中南,办公用-标签-10004607,办公用品,标签,"Novimex 合法证物标签, 红色",144.06,3,0.0,2.52
2158,CN-202022-2052338,2023-12-05,2023-12-12,标准级,蒋安-10120,蒋安,小型企业,淮南,安徽,中国,华东,家具-椅子-10000128,家具,椅子,"Novimex 沙滩椅, 可调",1356.6,6,0.0,26.88
2159,CN-202022-2052338,2023-12-05,2023-12-12,标准级,蒋安-10120,蒋安,小型企业,淮南,安徽,中国,华东,办公用-系固-10004197,办公用品,系固件,"OIC 回形针, 每包 12 个",258.72,4,0.0,35.84
2162,CN-202022-1753680,2023-09-21,2023-09-23,二级,沈光-13450,沈光,小型企业,百色,广西,中国,中南,办公用-纸张-10004686,办公用品,纸张,"SanDisk 信纸, 多色",697.62,3,0.0,188.16
2163,CN-202022-1753680,2023-09-21,2023-09-23,二级,沈光-13450,沈光,小型企业,百色,广西,中国,中南,办公用-系固-10004444,办公用品,系固件,"Stockwell 回形针, 金属",196.14,3,0.0,76.44
2167,CN-202022-2872339,2023-09-17,2023-09-19,二级,罗婵-10960,罗婵,消费者,烟台,山东,中国,华东,办公用-纸张-10004825,办公用品,纸张,"施乐 令, 回收",367.5,3,0.0,32.76
2168,CN-202022-5360498,2023-05-05,2023-05-11,标准级,彭婉-21370,彭婉,公司,沙市,湖北,中国,中南,办公用-器具-10002760,办公用品,器具,"Hoover 搅拌机, 红色",544.152,2,0.4,54.152
2169,CN-202022-5360498,2023-05-05,2023-05-11,标准级,彭婉-21370,彭婉,公司,沙市,湖北,中国,中南,办公用-系固-10003118,办公用品,系固件,"Accos 图钉, 混合尺寸",62.328,2,0.4,-14.672
2170,CN-202022-2491194,2023-06-10,2023-06-15,标准级,邵娜-18565,邵娜,小型企业,阳江,广东,中国,中南,办公用-标签-10004567,办公用品,标签,"Smead 有色标签, 红色",60.06,1,0.0,29.96
2178,CN-202022-4497265,2023-09-10,2023-09-13,一级,余德-12100,余德,小型企业,宁海,浙江,中国,华东,办公用-器具-10000084,办公用品,器具,"KitchenAid 烤面包机, 黑色",237.3,1,0.4,-19.88
2179,CN-202022-4497265,2023-09-10,2023-09-13,一级,余德-12100,余德,小型企业,宁海,浙江,中国,华东,家具-椅子-10002161,家具,椅子,"Harbour Creations 摇椅, 每套两件",418.152,1,0.4,-27.888
2180,CN-202022-4497265,2023-09-10,2023-09-13,一级,余德-12100,余德,小型企业,宁海,浙江,中国,华东,办公用-装订-10003982,办公用品,装订机,"Cardinal 标签, 耐用",73.584,3,0.4,2.184
2183,CN-202022-4188418,2023-09-03,2023-09-06,二级,罗婵-10960,罗婵,消费者,石河子,新疆,中国,西北,办公用-收纳-10000319,办公用品,收纳具,"Rogers 锁柜, 单宽度",2963.1,3,0.0,651.84
2190,CN-202022-1397931,2023-06-07,2023-06-11,二级,程雯-21655,程雯,消费者,浯溪,湖南,中国,中南,办公用-用品-10004456,办公用品,用品,"Fiskars 大剪刀, 锯齿状",620.76,3,0.0,254.1
2191,CN-202022-1397931,2023-06-07,2023-06-11,二级,程雯-21655,程雯,消费者,浯溪,湖南,中国,中南,办公用-美术-10003325,办公用品,美术,"Stanley 记号笔, 蓝色",414.4,5,0.2,30.8
2192,CN-202022-1397931,2023-06-07,2023-06-11,二级,程雯-21655,程雯,消费者,浯溪,湖南,中国,中南,办公用-标签-10002137,办公用品,标签,"Harbour Creations 运输标签, 白色",106.96,2,0.0,11.76
2193,CN-202022-1397931,2023-06-07,2023-06-11,二级,程雯-21655,程雯,消费者,浯溪,湖南,中国,中南,家具-书架-10001035,家具,书架,"Bush 柜, 金属",5998.86,9,0.0,1499.4
2196,CN-202022-4719760,2023-03-09,2023-03-13,二级,康娇-14680,康娇,消费者,绵阳,四川,中国,西南,办公用-信封-10000504,办公用品,信封,"Cameo 邮寄品, 回收",172.48,1,0.0,27.58
2197,CN-202022-4719760,2023-03-09,2023-03-13,二级,康娇-14680,康娇,消费者,绵阳,四川,中国,西南,家具-书架-10003505,家具,书架,"Sauder 书架, 白色",1254.456,3,0.4,-271.824
2198,CN-202022-4719760,2023-03-09,2023-03-13,二级,康娇-14680,康娇,消费者,绵阳,四川,中国,西南,办公用-装订-10001078,办公用品,装订机,"Ibico 订书机, 回收",869.904,6,0.4,-29.736
2211,US-202022-3285234,2023-09-16,2023-09-21,标准级,钟丽-15760,钟丽,小型企业,临海,浙江,中国,华东,办公用-美术-10001817,办公用品,美术,"Stanley 速写本, 混合尺寸",133.308,3,0.8,-413.532
2212,US-202022-2841000,2023-09-18,2023-09-20,一级,田武-21895,田武,公司,凌源,辽宁,中国,东北,家具-用具-10001578,家具,用具,"Deflect-O 闹钟, 一包多件",987.252,7,0.4,65.072
2216,CN-202022-1361457,2023-09-03,2023-09-08,标准级,巩光-13435,巩光,消费者,三亚,海南,中国,中南,家具-椅子-10000270,家具,椅子,"Novimex 凳子, 黑色",4083.156,6,0.1,408.156
2217,CN-202022-1361457,2023-09-03,2023-09-08,标准级,巩光-13435,巩光,消费者,三亚,海南,中国,中南,办公用-纸张-10003542,办公用品,纸张,"SanDisk 信纸, 每包 12 个",981.12,4,0.0,225.12
2218,CN-202022-5252007,2023-05-07,2023-05-11,标准级,薛立-16675,薛立伟,公司,上海,上海,中国,华东,办公用-收纳-10004292,办公用品,收纳具,"Rogers 文件车, 工业",3315.2,5,0.0,928.2
2219,CN-202022-5252007,2023-05-07,2023-05-11,标准级,薛立-16675,薛立伟,公司,上海,上海,中国,华东,办公用-装订-10001029,办公用品,装订机,"Ibico 订书机, 实惠",239.96,1,0.0,86.38
2243,CN-202022-2609031,2023-09-20,2023-09-22,二级,麦磊-16060,麦磊,消费者,宜春,江西,中国,华东,技术-电话-10000014,技术,电话,"苹果 办公室电话机, 整包",305.06,1,0.0,67.06
2244,CN-202022-2609031,2023-09-20,2023-09-22,二级,麦磊-16060,麦磊,消费者,宜春,江西,中国,华东,技术-电话-10002340,技术,电话,"三星 耳机, 整包",1026.06,3,0.0,502.74
2254,CN-202022-5598912,2023-10-12,2023-10-16,标准级,胡凤-12850,胡凤,消费者,武汉,湖北,中国,中南,办公用-纸张-10001629,办公用品,纸张,"Green Bar 计划信息表, 多色",352.8,3,0.0,28.14
2260,US-202022-3597477,2023-01-08,2023-01-13,二级,付丽-15790,付丽,消费者,抚顺,辽宁,中国,东北,办公用-装订-10002118,办公用品,装订机,"Avery 打孔机, 透明",306.096,4,0.4,-20.944
2261,US-202022-4597424,2023-11-22,2023-11-24,一级,许绅-19960,许绅,消费者,湖州,浙江,中国,华东,办公用-器具-10000850,办公用品,器具,"KitchenAid 炉灶, 白色",9547.272,6,0.4,-3501.288
2262,US-202022-4597424,2023-11-22,2023-11-24,一级,许绅-19960,许绅,消费者,湖州,浙江,中国,华东,办公用-器具-10004848,办公用品,器具,"KitchenAid 烤面包机, 白色",467.376,2,0.4,-296.184
2295,US-202022-1120887,2023-09-13,2023-09-17,标准级,廖立-16795,廖立,小型企业,长春,吉林,中国,东北,技术-配件-10000459,技术,配件,"Memorex 路由器, 实惠",9191.84,8,0.0,3308.48
2296,US-202022-1120887,2023-09-13,2023-09-17,标准级,廖立-16795,廖立,小型企业,长春,吉林,中国,东北,技术-电话-10001971,技术,电话,"思科 信号增强器, 全尺寸",714.56,1,0.0,157.08
2297,US-202022-1120887,2023-09-13,2023-09-17,标准级,廖立-16795,廖立,小型企业,长春,吉林,中国,东北,办公用-收纳-10002935,办公用品,收纳具,"Tenex 锁柜, 单宽度",1905.68,2,0.0,800.24
2300,CN-202022-1156969,2023-07-25,2023-07-27,二级,孔辉-12610,孔辉,公司,潍坊,山东,中国,华东,办公用-美术-10001002,办公用品,美术,"Sanford 铅笔刀, 整包",121.8,1,0.0,30.38
2302,US-202022-1031662,2023-08-28,2023-08-28,当日,王庆-19555,王庆缘,消费者,忻州,湖北,中国,中南,家具-书架-10001061,家具,书架,"Safco 古典书架, 金属",1225.308,1,0.4,-510.552
2310,CN-202022-4075015,2023-10-21,2023-10-25,标准级,谢聪-11665,谢聪,消费者,温州,浙江,中国,华东,技术-配件-10001332,技术,配件,"罗技 路由器, 可编程",2090.088,3,0.4,-766.752
2311,CN-202022-4075015,2023-10-21,2023-10-25,标准级,谢聪-11665,谢聪,消费者,温州,浙江,中国,华东,技术-复印-10000191,技术,复印机,"佳能 无线传真机, 数字化",7414.68,7,0.4,-4078.76
2316,CN-202022-4836537,2023-07-11,2023-07-16,标准级,孔关-15610,孔关茵,公司,宜春,黑龙江,中国,东北,办公用-用品-10004822,办公用品,用品,"Acme 剪刀, 钢",811.44,7,0.0,299.88
2322,CN-202022-3455141,2023-09-09,2023-09-15,标准级,楚宣-20845,楚宣,消费者,昆明,云南,中国,西南,办公用-系固-10003317,办公用品,系固件,"Accos 夹子, 金属",455.0,5,0.0,227.5
2327,US-202022-5128542,2023-05-14,2023-05-18,标准级,钟忠-11485,钟忠,小型企业,淮南,安徽,中国,华东,办公用-装订-10001715,办公用品,装订机,"Avery 订书机, 透明",676.2,3,0.0,263.34
2328,CN-202022-1090625,2023-11-17,2023-11-21,标准级,夏柏-18955,夏柏,小型企业,烟台,山东,中国,华东,办公用-收纳-10000735,办公用品,收纳具,"Fellowes 文件夹, 单宽度",616.7,5,0.0,215.6
2329,CN-202022-5623341,2023-03-08,2023-03-10,二级,曹达-11800,曹达侠,小型企业,榆林,陕西,中国,西北,办公用-信封-10001091,办公用品,信封,"Kraft 商业信封, 回收",71.12,1,0.0,22.68
2330,CN-202022-5623341,2023-03-08,2023-03-10,二级,曹达-11800,曹达侠,小型企业,榆林,陕西,中国,西北,办公用-标签-10004932,办公用品,标签,"Novimex 运输标签, 红色",403.2,8,0.0,169.12
2346,CN-202022-4190541,2023-07-12,2023-07-18,标准级,曾康-15445,曾康,消费者,莆田,福建,中国,华东,办公用-美术-10002634,办公用品,美术,"BIC 钢笔, 整包",135.8,2,0.0,12.04
2347,CN-202022-1349856,2023-07-08,2023-07-13,二级,彭绅-19975,彭绅,公司,北京,北京,中国,华北,技术-电话-10003598,技术,电话,"摩托罗拉 办公室电话机, 蓝色",3348.8,10,0.0,0.0
2348,CN-202022-4190541,2023-07-05,2023-07-09,二级,卢伟-21520,卢伟,消费者,南阳,河南,中国,中南,办公用-标签-10000673,办公用品,标签,"Harbour Creations 文件夹标签, 白色",203.7,5,0.0,85.4
2349,CN-202022-4190541,2023-07-05,2023-07-09,二级,卢伟-21520,卢伟,消费者,南阳,河南,中国,中南,技术-配件-10002092,技术,配件,"Memorex 记忆卡, 耐用",956.48,2,0.0,296.24
2350,CN-202022-4190541,2023-07-05,2023-07-09,二级,卢伟-21520,卢伟,消费者,南阳,河南,中国,中南,办公用-纸张-10001162,办公用品,纸张,"Enermax 令, 每包 12 个",304.36,2,0.0,33.32
2367,CN-202022-1246652,2023-02-13,2023-02-17,标准级,潘荷-13735,潘荷,小型企业,许昌,河南,中国,中南,办公用-信封-10004944,办公用品,信封,"Cameo 外皮和封条, 回收",462.0,5,0.0,133.7
2369,CN-202022-3965921,2023-04-08,2023-04-10,一级,蒋安-10120,蒋安,小型企业,汪清,吉林,中国,东北,办公用-纸张-10004748,办公用品,纸张,"Eaton 羊皮纸, 优质",188.58,3,0.0,90.3
2373,CN-202022-3490468,2023-04-16,2023-04-21,标准级,徐杰-14740,徐杰,公司,湖州,浙江,中国,华东,办公用-信封-10003334,办公用品,信封,"Cameo 马尼拉纸信封, 红色",855.12,6,0.0,76.44
2374,CN-202022-3490468,2023-04-16,2023-04-21,标准级,徐杰-14740,徐杰,公司,湖州,浙江,中国,华东,办公用-系固-10002857,办公用品,系固件,"Advantus 橡皮筋, 整包",139.356,3,0.4,-16.464
2375,CN-202022-3490468,2023-04-16,2023-04-21,标准级,徐杰-14740,徐杰,公司,湖州,浙江,中国,华东,技术-复印-10001927,技术,复印机,"夏普 墨水, 数字化",347.34,1,0.4,-127.4
2386,US-202022-4752200,2023-08-21,2023-08-25,标准级,贺平-19105,贺平,消费者,椒江,浙江,中国,华东,办公用-器具-10000373,办公用品,器具,"Breville 冰箱, 银色",2912.448,2,0.4,-922.432
2387,US-202022-4752200,2023-08-21,2023-08-25,标准级,贺平-19105,贺平,消费者,椒江,浙江,中国,华东,办公用-纸张-10004071,办公用品,纸张,"Eaton 羊皮纸, 每包 12 个",246.54,3,0.0,36.96
2388,US-202022-4752200,2023-08-21,2023-08-25,标准级,贺平-19105,贺平,消费者,椒江,浙江,中国,华东,办公用-信封-10000017,办公用品,信封,"Jiffy 局间信封, 银色",683.76,3,0.0,88.62
2394,CN-202022-2062805,2023-06-06,2023-06-09,二级,廖保-10330,廖保,消费者,本溪,辽宁,中国,东北,办公用-信封-10003337,办公用品,信封,"GlobeWeis 商业信封, 每套 50 个",80.92,1,0.0,29.12
2395,CN-202022-1708265,2023-08-28,2023-09-02,标准级,曹丽-16510,曹丽娜,消费者,湛江,广东,中国,中南,办公用-收纳-10003199,办公用品,收纳具,"Fellowes 锁柜, 金属",2889.6,3,0.0,28.56
2399,US-202022-2935239,2023-11-01,2023-11-05,标准级,田丽-16495,田丽娜,公司,武汉,湖北,中国,中南,技术-设备-10001640,技术,设备,"柯尼卡 打印机, 红色",2225.916,3,0.4,-222.684
2401,CN-202022-1231498,2023-11-06,2023-11-13,标准级,刘斯-20965,刘斯云,公司,涟源,湖南,中国,中南,办公用-美术-10003325,办公用品,美术,"Stanley 记号笔, 蓝色",82.88,1,0.2,6.16
2403,CN-202022-3409532,2023-08-12,2023-08-13,一级,余德-12100,余德,小型企业,本溪,辽宁,中国,东北,家具-用具-10001098,家具,用具,"Rubvermaid 分层置放架, 黑色",563.136,8,0.4,-179.424
2405,CN-202022-1197917,2023-09-06,2023-09-09,一级,周诚-11290,周诚,消费者,南充,四川,中国,西南,技术-电话-10000199,技术,电话,"三星 智能手机, 混合尺寸",1412.208,4,0.4,-541.632
2432,CN-202022-5679752,2023-11-22,2023-11-27,二级,彭绅-19975,彭绅,公司,洛阳,福建,中国,华东,技术-配件-10003902,技术,配件,"Memorex 闪存驱动器, 可编程",865.2,6,0.0,294.0
2433,CN-202022-5679752,2023-11-22,2023-11-27,二级,彭绅-19975,彭绅,公司,洛阳,福建,中国,华东,办公用-美术-10000310,办公用品,美术,"Binney & Smith 画布, 蓝色",479.36,2,0.0,76.44
2434,CN-202022-5679752,2023-11-22,2023-11-27,二级,彭绅-19975,彭绅,公司,洛阳,福建,中国,华东,办公用-系固-10002326,办公用品,系固件,"Accos 订书钉, 混合尺寸",39.2,1,0.0,18.76
2442,US-202022-3765639,2023-06-28,2023-07-05,标准级,林德-12175,林德伟,公司,武汉,湖北,中国,中南,办公用-美术-10002411,办公用品,美术,"BIC 速写本, 整包",228.34,5,0.8,-400.26
2443,US-202022-3765639,2023-06-28,2023-07-05,标准级,林德-12175,林德伟,公司,武汉,湖北,中国,中南,办公用-标签-10002109,办公用品,标签,"Harbour Creations 合法证物标签, 耐用",423.36,8,0.0,7.84
2444,US-202022-3765639,2023-06-28,2023-07-05,标准级,林德-12175,林德伟,公司,武汉,湖北,中国,中南,办公用-器具-10004848,办公用品,器具,"KitchenAid 烤面包机, 白色",467.376,2,0.4,-296.184
2445,US-202022-3765639,2023-06-28,2023-07-05,标准级,林德-12175,林德伟,公司,武汉,湖北,中国,中南,办公用-信封-10001882,办公用品,信封,"Ames 邮寄品, 红色",367.64,2,0.0,157.92
2446,US-202022-3765639,2023-06-28,2023-07-05,标准级,林德-12175,林德伟,公司,武汉,湖北,中国,中南,办公用-器具-10000912,办公用品,器具,"Hamilton Beach 冰箱, 黑色",6993.84,5,0.4,-4313.26
2448,CN-202022-2693856,2023-12-19,2023-12-24,标准级,秦芯-13915,秦芯,消费者,北京,北京,中国,华北,家具-椅子-10004046,家具,椅子,"SAFCO 摇椅, 红色",1259.16,2,0.0,339.92
2449,CN-202022-2693856,2023-12-19,2023-12-24,标准级,秦芯-13915,秦芯,消费者,北京,北京,中国,华北,家具-椅子-10002013,家具,椅子,"Harbour Creations 凳子, 红色",2521.68,3,0.0,504.0
2460,CN-202022-3291123,2023-11-28,2023-12-03,标准级,佘凤-12970,佘凤,公司,合肥,安徽,中国,华东,办公用-装订-10001290,办公用品,装订机,"Ibico 装订机, 透明",348.6,5,0.0,62.3
2461,US-202022-5630783,2023-11-07,2023-11-11,标准级,龙锦-14875,龙锦,小型企业,广元,四川,中国,西南,技术-设备-10002164,技术,设备,"松下 打印机, 耐用",1493.016,2,0.4,-696.864
2462,US-202022-5630783,2023-11-07,2023-11-11,标准级,龙锦-14875,龙锦,小型企业,广元,四川,中国,西南,办公用-纸张-10001757,办公用品,纸张,"SanDisk 计划信息表, 回收",332.22,3,0.0,119.28
2463,US-202022-4479623,2023-11-22,2023-11-28,标准级,田安-10255,田安,小型企业,成都,四川,中国,西南,家具-书架-10000720,家具,书架,"Bush 柜, 白色",816.984,2,0.4,-149.856
2470,CN-202022-5486414,2023-08-23,2023-08-27,标准级,许娜-18490,许娜,小型企业,西安,陕西,中国,西北,办公用-收纳-10002847,办公用品,收纳具,"Tenex 文件车, 金属",1864.8,3,0.0,596.4
2471,CN-202022-5486414,2023-08-23,2023-08-27,标准级,许娜-18490,许娜,小型企业,西安,陕西,中国,西北,办公用-纸张-10001526,办公用品,纸张,"Enermax 备忘录便条, 回收",217.98,3,0.0,45.36
2472,CN-202022-5486414,2023-08-23,2023-08-27,标准级,许娜-18490,许娜,小型企业,西安,陕西,中国,西北,办公用-纸张-10004354,办公用品,纸张,"Enermax 笔记本, 多色",279.16,2,0.0,136.64
2474,CN-202022-5035540,2023-03-22,2023-03-22,当日,徐杰-14740,徐杰,公司,仙居,浙江,中国,华东,技术-电话-10003206,技术,电话,"诺基亚 音频基座, 全尺寸",940.968,2,0.4,-282.352
2477,CN-202022-2606671,2023-12-02,2023-12-06,二级,刘明-18295,刘明,公司,昆明,云南,中国,西南,家具-书架-10001586,家具,书架,"Dania 墙角架, 白色",1744.26,3,0.0,540.54
2478,CN-202022-2606671,2023-12-02,2023-12-06,二级,刘明-18295,刘明,公司,昆明,云南,中国,西南,家具-椅子-10001116,家具,椅子,"Hon 摇椅, 红色",3047.8,5,0.0,1371.3
2483,CN-202022-4757928,2023-06-21,2023-06-27,标准级,罗琼-19615,罗琼,消费者,扶余,吉林,中国,东北,家具-用具-10001120,家具,用具,"Deflect-O 分层置放架, 耐用",312.48,3,0.0,31.08
2486,CN-202022-2069532,2023-06-14,2023-06-19,标准级,林丹-11980,林丹,消费者,阿城,黑龙江,中国,东北,家具-椅子-10000519,家具,椅子,"SAFCO 扶手椅, 黑色",4284.0,2,0.0,1156.68
2494,CN-202022-5579979,2023-12-19,2023-12-23,标准级,陶莞-13300,陶莞颖,公司,曲阜,山东,中国,华东,办公用-系固-10002927,办公用品,系固件,"Advantus 橡皮筋, 每包 12 个",149.52,2,0.0,61.04
2506,CN-202022-3526566,2023-12-30,2023-12-30,当日,周诚-11275,周诚,公司,天津,天津,中国,华北,技术-电话-10004846,技术,电话,"摩托罗拉 音频基座, 蓝色",1618.12,2,0.0,776.44
2527,CN-202022-2531621,2023-10-03,2023-10-07,标准级,武杰-14815,武杰,小型企业,郑州,河南,中国,中南,技术-复印-10004220,技术,复印机,"夏普 无线传真机, 每套两件",6643.84,4,0.0,2989.28
2536,CN-202022-5542988,2023-12-11,2023-12-16,标准级,贾嫒-10030,贾嫒,公司,重庆,重庆,中国,西南,家具-椅子-10002919,家具,椅子,"Harbour Creations 沙滩椅, 可调",2393.44,8,0.0,430.08
2537,CN-202022-4114478,2023-09-02,2023-09-08,标准级,周木-18400,周木兰,消费者,淮阴,江苏,中国,华东,办公用-信封-10004523,办公用品,信封,"Cameo 马尼拉纸信封, 回收",481.6,4,0.0,86.24
2552,CN-202022-2530333,2023-12-06,2023-12-10,二级,毛芯-13975,毛芯,公司,开封,河南,中国,中南,技术-配件-10003340,技术,配件,"Enermax 键区, 回收",1543.92,6,0.0,400.68
2553,CN-202022-2530333,2023-12-06,2023-12-10,二级,毛芯-13975,毛芯,公司,开封,河南,中国,中南,办公用-纸张-10004483,办公用品,纸张,"施乐 羊皮纸, 每包 12 个",162.4,2,0.0,38.92
2554,CN-202022-2530333,2023-12-06,2023-12-10,二级,毛芯-13975,毛芯,公司,开封,河南,中国,中南,办公用-标签-10000869,办公用品,标签,"Novimex 有色标签, 耐用",538.02,9,0.0,268.38
2555,US-202022-4842730,2023-10-07,2023-10-09,二级,夏彩-10645,夏彩,消费者,龙井,吉林,中国,东北,办公用-纸张-10001302,办公用品,纸张,"Eaton 笔记本, 优质",248.08,2,0.0,76.72
2560,CN-202022-1150523,2023-08-06,2023-08-10,标准级,常惠-14305,常惠英,消费者,梧州,广西,中国,中南,办公用-美术-10004812,办公用品,美术,"Binney & Smith 铅笔刀, 蓝色",298.704,3,0.2,78.204
2561,CN-202022-1150523,2023-08-06,2023-08-10,标准级,常惠-14305,常惠英,消费者,梧州,广西,中国,中南,办公用-系固-10000068,办公用品,系固件,"Stockwell 夹子, 混合尺寸",152.04,2,0.0,68.32
2562,CN-202022-1150523,2023-08-06,2023-08-10,标准级,常惠-14305,常惠英,消费者,梧州,广西,中国,中南,家具-用具-10003917,家具,用具,"Tenex 闹钟, 一包多件",939.12,4,0.0,150.08
2565,CN-202022-1436231,2023-08-27,2023-09-01,二级,常丽-16180,常丽华,消费者,忻州,山西,中国,华北,办公用-装订-10004617,办公用品,装订机,"Avery 打孔机, 回收",395.22,3,0.0,19.74
2569,CN-202022-4591322,2023-12-17,2023-12-22,标准级,周康-15340,周康,消费者,余下,陕西,中国,西北,办公用-系固-10003018,办公用品,系固件,"Advantus 图钉, 混合尺寸",103.04,2,0.0,32.76
2584,CN-202022-3289723,2023-04-10,2023-04-17,标准级,冯婷-21040,冯婷,小型企业,石家庄,河北,中国,华北,办公用-收纳-10004393,办公用品,收纳具,"Rogers 文件车, 金属",656.46,1,0.0,85.26
2585,CN-202022-3289723,2023-04-10,2023-04-17,标准级,冯婷-21040,冯婷,小型企业,石家庄,河北,中国,华北,技术-设备-10003833,技术,设备,"柯尼卡 卡片打印机, 耐用",3272.08,4,0.0,196.0
2592,US-202022-5247158,2023-09-30,2023-10-05,标准级,余凤-13060,余凤,消费者,鞍山,辽宁,中国,东北,办公用-美术-10004287,办公用品,美术,"BIC 记号笔, 蓝色",123.34,5,0.8,-400.96
2593,US-202022-5247158,2023-09-30,2023-10-05,标准级,余凤-13060,余凤,消费者,鞍山,辽宁,中国,东北,办公用-收纳-10001253,办公用品,收纳具,"Eldon 锁柜, 金属",1838.48,2,0.0,147.0
2594,US-202022-5247158,2023-09-30,2023-10-05,标准级,余凤-13060,余凤,消费者,鞍山,辽宁,中国,东北,技术-电话-10004858,技术,电话,"思科 耳机, 蓝色",247.632,1,0.4,28.812
2599,CN-202022-5036114,2023-08-22,2023-08-27,标准级,罗琼-19615,罗琼,消费者,北京,北京,中国,华北,办公用-装订-10004132,办公用品,装订机,"Cardinal 孔加固材料, 实惠",99.68,4,0.0,12.88
2602,CN-202022-5036114,2023-10-15,2023-10-17,二级,巩荣-19735,巩荣,消费者,毕节,贵州,中国,西南,技术-电话-10004837,技术,电话,"思科 耳机, 整包",1239.42,3,0.0,346.92
2603,CN-202022-5036114,2023-10-15,2023-10-17,二级,巩荣-19735,巩荣,消费者,毕节,贵州,中国,西南,办公用-美术-10001370,办公用品,美术,"Stanley 记号笔, 金属",437.92,4,0.0,8.4
2612,CN-202022-5679752,2023-07-30,2023-08-03,标准级,施奇-11410,施奇,消费者,辽阳,辽宁,中国,东北,家具-椅子-10000670,家具,椅子,"Office Star 凳子, 可调",1482.012,3,0.4,-321.468
2613,US-202022-1756643,2023-06-08,2023-06-12,标准级,曹伟-21580,曹伟,消费者,杭州,浙江,中国,华东,技术-电话-10003599,技术,电话,"思科 智能手机, 全尺寸",1174.068,3,0.4,-469.812
2614,US-202022-1756643,2023-06-08,2023-06-12,标准级,曹伟-21580,曹伟,消费者,杭州,浙江,中国,华东,办公用-装订-10000363,办公用品,装订机,"Cardinal 装订机, 实惠",77.448,2,0.4,-23.352
2615,CN-202022-1230612,2023-01-01,2023-01-08,标准级,肖良-17125,肖良,消费者,浯溪,湖南,中国,中南,家具-椅子-10003266,家具,椅子,"Harbour Creations 沙滩椅, 黑色",745.794,3,0.1,49.434
2616,CN-202022-1230612,2023-01-01,2023-01-08,标准级,肖良-17125,肖良,消费者,浯溪,湖南,中国,中南,办公用-信封-10002698,办公用品,信封,"Kraft 马尼拉纸信封, 每套 50 个",741.72,6,0.0,259.56
2622,CN-202022-3834707,2023-02-04,2023-02-06,一级,巩荷-13720,巩荷,消费者,济南,山东,中国,华东,办公用-信封-10000562,办公用品,信封,"Kraft 搭扣信封, 银色",106.4,2,0.0,48.72
2625,US-202022-5037027,2023-12-31,2024-01-06,标准级,佘莲-17050,佘莲,消费者,平顶山,河南,中国,中南,办公用-美术-10000407,办公用品,美术,"Sanford 速写本, 混合尺寸",1271.648,7,0.2,-191.492
2626,CN-202022-5278891,2023-06-29,2023-07-01,一级,卢芳-12775,卢芳,消费者,哈尔滨,黑龙江,中国,东北,办公用-标签-10003939,办公用品,标签,"Harbour Creations 有色标签, 红色",237.44,4,0.0,23.52
2627,CN-202022-5278891,2023-06-29,2023-07-01,一级,卢芳-12775,卢芳,消费者,哈尔滨,黑龙江,中国,东北,办公用-装订-10000994,办公用品,装订机,"Avery 装订机, 耐用",201.6,3,0.0,68.46
2628,CN-202022-5278891,2023-06-29,2023-07-01,一级,卢芳-12775,卢芳,消费者,哈尔滨,黑龙江,中国,东北,技术-复印-10000795,技术,复印机,"夏普 无线传真机, 数字化",4977.84,3,0.0,1841.7
2629,CN-202022-5278891,2023-06-29,2023-07-01,一级,卢芳-12775,卢芳,消费者,哈尔滨,黑龙江,中国,东北,办公用-系固-10004460,办公用品,系固件,"Advantus 订书钉, 金属",153.72,3,0.0,44.52
2631,US-202022-2977814,2023-12-31,2024-01-05,标准级,苏江-14620,苏江丽,公司,成都,四川,中国,西南,办公用-系固-10004954,办公用品,系固件,"Stockwell 按钉, 混合尺寸",99.288,3,0.4,-14.952
2642,CN-202022-5250870,2023-08-21,2023-08-23,二级,杨健-14605,杨健,消费者,韶关,广东,中国,中南,家具-椅子-10002448,家具,椅子,"SAFCO 折叠椅, 红色",359.982,1,0.1,31.962
2643,CN-202022-5250870,2023-08-21,2023-08-23,二级,杨健-14605,杨健,消费者,韶关,广东,中国,中南,家具-书架-10003449,家具,书架,"Bush 柜, 黑色",675.36,1,0.0,134.96
2644,CN-202022-5250870,2023-08-21,2023-08-23,二级,杨健-14605,杨健,消费者,韶关,广东,中国,中南,办公用-收纳-10002935,办公用品,收纳具,"Tenex 锁柜, 单宽度",8575.56,9,0.0,3601.08
2652,CN-202022-1244124,2023-11-12,2023-11-18,标准级,袁丽-16210,袁丽华,公司,烟台,山东,中国,华东,家具-用具-10001374,家具,用具,"Deflect-O 闹钟, 优质",1370.04,6,0.0,218.4
2653,CN-202022-1244124,2023-11-12,2023-11-18,标准级,袁丽-16210,袁丽华,公司,烟台,山东,中国,华东,技术-配件-10001642,技术,配件,"贝尔金 键盘, 回收",2668.54,7,0.0,1174.04
2655,CN-202022-4178476,2023-02-04,2023-02-08,标准级,曹欢-14200,曹欢悦,小型企业,桂林,广西,中国,中南,办公用-装订-10002115,办公用品,装订机,"Acco 打孔机, 实惠",140.56,1,0.0,4.2
2657,CN-202022-5665875,2023-12-09,2023-12-13,二级,袁德-12130,袁德,消费者,富锦,黑龙江,中国,东北,办公用-信封-10003644,办公用品,信封,"Kraft 外皮和封条, 回收",180.04,2,0.0,50.4
2658,CN-202022-5665875,2023-12-09,2023-12-13,二级,袁德-12130,袁德,消费者,富锦,黑龙江,中国,东北,办公用-纸张-10002399,办公用品,纸张,"Green Bar 备忘录便条, 回收",236.04,3,0.0,0.0
2659,CN-202022-5665875,2023-12-09,2023-12-13,二级,袁德-12130,袁德,消费者,富锦,黑龙江,中国,东北,技术-复印-10001943,技术,复印机,"佳能 传真机, 红色",7387.1,5,0.0,2880.5
2660,CN-202022-5665875,2023-12-09,2023-12-13,二级,袁德-12130,袁德,消费者,富锦,黑龙江,中国,东北,办公用-纸张-10002647,办公用品,纸张,"SanDisk 羊皮纸, 多色",338.24,4,0.0,36.96
2661,CN-202022-3560054,2023-06-14,2023-06-19,标准级,程宁-18640,程宁,公司,蛟河,吉林,中国,东北,家具-书架-10000167,家具,书架,"Dania 书架, 黑色",1721.16,3,0.0,309.54
2662,CN-202022-3560054,2023-06-14,2023-06-19,标准级,程宁-18640,程宁,公司,蛟河,吉林,中国,东北,办公用-信封-10002707,办公用品,信封,"Cameo 局间信封, 每套 50 个",442.68,2,0.0,168.0
2663,CN-202022-3560054,2023-06-14,2023-06-19,标准级,程宁-18640,程宁,公司,蛟河,吉林,中国,东北,办公用-装订-10003973,办公用品,装订机,"Ibico 装订机, 实惠",216.72,3,0.0,62.58
2666,CN-202022-1904299,2023-03-30,2023-04-05,标准级,佟丽-16525,佟丽娜,消费者,哈尔滨,黑龙江,中国,东北,办公用-装订-10000020,办公用品,装订机,"Cardinal 装订机, 透明",310.1,5,0.0,154.7
2667,CN-202022-1904299,2023-03-30,2023-04-05,标准级,佟丽-16525,佟丽娜,消费者,哈尔滨,黑龙江,中国,东北,家具-椅子-10002162,家具,椅子,"Hon 摇椅, 可调",1242.36,2,0.0,509.32
2668,US-202022-3057386,2023-09-19,2023-09-24,标准级,巩荷-13720,巩荷,消费者,杭州,浙江,中国,华东,家具-书架-10002334,家具,书架,"宜家 古典书架, 金属",1151.388,1,0.4,-633.332
2669,US-202022-3057386,2023-09-19,2023-09-24,标准级,巩荷-13720,巩荷,消费者,杭州,浙江,中国,华东,办公用-器具-10004675,办公用品,器具,"Hoover 炉灶, 白色",3173.016,2,0.4,-2115.344
2670,US-202022-3057386,2023-09-19,2023-09-24,标准级,巩荷-13720,巩荷,消费者,杭州,浙江,中国,华东,办公用-美术-10002057,办公用品,美术,"Binney & Smith 画布, 整包",48.188,1,0.8,-144.592
2689,CN-202022-4195666,2023-02-13,2023-02-19,标准级,田黎-16450,田黎明,公司,宿州,安徽,中国,华东,办公用-用品-10003793,办公用品,用品,"Stiletto 美工刀, 锯齿状",762.3,5,0.0,228.2
2690,CN-202022-2831197,2023-08-16,2023-08-18,一级,潘凤-12940,潘凤,小型企业,汕头,广东,中国,中南,办公用-收纳-10003557,办公用品,收纳具,"Fellowes 搁板, 蓝色",1349.6,5,0.0,364.0
2691,CN-202022-2831197,2023-08-16,2023-08-18,一级,潘凤-12940,潘凤,小型企业,汕头,广东,中国,中南,办公用-装订-10000285,办公用品,装订机,"Acco 孔加固材料, 透明",57.12,2,0.0,25.48
2710,US-202022-1031662,2023-11-27,2023-12-03,标准级,郭莲-17005,郭莲,消费者,沈阳,辽宁,中国,东北,家具-用具-10001078,家具,用具,"Advantus 灯泡, 优质",104.664,2,0.4,-52.416
2711,US-202022-1031662,2023-11-27,2023-12-03,标准级,郭莲-17005,郭莲,消费者,沈阳,辽宁,中国,东北,家具-桌子-10003747,家具,桌子,"Bevis 咖啡桌, 组装",5370.12,9,0.6,-3088.26
2713,CN-202022-4046246,2023-10-10,2023-10-15,标准级,何虢-13480,何虢,小型企业,宜城,湖北,中国,中南,办公用-纸张-10003781,办公用品,纸张,"Green Bar 备忘录便条, 优质",316.4,4,0.0,135.52
2714,CN-202022-4046246,2023-10-10,2023-10-15,标准级,何虢-13480,何虢,小型企业,宜城,湖北,中国,中南,办公用-美术-10001893,办公用品,美术,"Binney & Smith 速写本, 混合尺寸",46.2,1,0.8,-99.4
2716,CN-202022-5315398,2023-09-18,2023-09-23,标准级,方惠-14350,方惠,消费者,七台河,黑龙江,中国,东北,家具-用具-10004408,家具,用具,"Rubvermaid 门挡, 耐用",571.62,3,0.0,91.14
2717,CN-202022-5315398,2023-09-18,2023-09-23,标准级,方惠-14350,方惠,消费者,七台河,黑龙江,中国,东北,技术-电话-10002696,技术,电话,"思科 充电器, 混合尺寸",15265.6,5,0.0,1526.0
2718,CN-202022-3138910,2023-04-18,2023-04-23,二级,邱升-20080,邱升,消费者,扬州,江苏,中国,华东,办公用-纸张-10001957,办公用品,纸张,"Enermax 令, 回收",397.32,3,0.0,35.7
2728,US-202022-5801512,2023-12-25,2023-12-27,二级,徐嘉-14515,徐嘉丽,消费者,肃州,甘肃,中国,西北,办公用-收纳-10004384,办公用品,收纳具,"Smead 锁柜, 金属",3686.48,4,0.0,1732.64
2729,US-202022-5801512,2023-12-25,2023-12-27,二级,徐嘉-14515,徐嘉丽,消费者,肃州,甘肃,中国,西北,技术-电话-10000581,技术,电话,"苹果 充电器, 蓝色",7125.552,4,0.4,-2256.688
2730,CN-202022-1933544,2023-11-08,2023-11-12,标准级,姚彩-10765,姚彩,小型企业,寒亭,山东,中国,华东,技术-电话-10001493,技术,电话,"三星 充电器, 整包",11876.48,4,0.0,3206.56
2731,US-202022-4752200,2023-06-28,2023-07-02,标准级,田丹-11995,田丹,消费者,郑州,河南,中国,中南,办公用-收纳-10002418,办公用品,收纳具,"Rogers 盒, 金属",752.64,7,0.0,278.32
2734,CN-202022-3649263,2023-05-21,2023-05-24,一级,邵黎-16420,邵黎明,公司,南平,福建,中国,华东,办公用-装订-10003269,办公用品,装订机,"Wilson Jones 标签, 透明",82.74,3,0.0,8.82
2747,CN-202022-1516102,2023-09-20,2023-09-25,标准级,钟松-20620,钟松,公司,武汉,湖北,中国,中南,办公用-系固-10001361,办公用品,系固件,"Accos 橡皮筋, 整包",93.408,2,0.4,-43.792
2748,CN-202022-1516102,2023-09-20,2023-09-25,标准级,钟松-20620,钟松,公司,武汉,湖北,中国,中南,办公用-系固-10004097,办公用品,系固件,"Advantus 回形针, 每包 12 个",224.784,6,0.4,-45.696
2757,CN-202022-3561948,2023-01-17,2023-01-20,一级,施黎-16435,施黎明,消费者,长沙,湖南,中国,中南,技术-复印-10004761,技术,复印机,"Brother 复印机, 红色",12156.2,10,0.0,4496.8
2764,US-202022-3281446,2023-06-15,2023-06-19,标准级,夏明-18355,夏明媚,公司,泰州,江苏,中国,华东,家具-桌子-10001240,家具,桌子,"Hon 培训桌, 长方形",1233.008,2,0.6,-924.952
2765,US-202022-3281446,2023-06-15,2023-06-19,标准级,夏明-18355,夏明媚,公司,泰州,江苏,中国,华东,办公用-用品-10000963,办公用品,用品,"Fiskars 开信刀, 钢",153.048,2,0.4,-2.632
2766,US-202022-3281446,2023-06-15,2023-06-19,标准级,夏明-18355,夏明媚,公司,泰州,江苏,中国,华东,技术-配件-10000513,技术,配件,"贝尔金 键区, 实惠",323.4,2,0.4,-102.48
2768,US-202022-2136895,2023-06-20,2023-06-24,标准级,殷涛-21280,殷涛,消费者,苏州,江苏,中国,华东,办公用-系固-10001531,办公用品,系固件,"OIC 橡皮筋, 整包",143.388,3,0.4,-55.272
2795,CN-202022-4364300,2023-10-29,2023-11-04,标准级,倪幂-18085,倪幂,消费者,白城,吉林,中国,东北,家具-用具-10003555,家具,用具,"Rubvermaid 闹钟, 一包多件",468.72,2,0.0,42.0
2796,CN-202022-4364300,2023-10-29,2023-11-04,标准级,倪幂-18085,倪幂,消费者,白城,吉林,中国,东北,技术-复印-10001365,技术,复印机,"夏普 传真复印机, 每套两件",7081.2,9,0.0,1840.86
2798,US-202022-1525230,2023-12-12,2023-12-14,二级,沈光-13450,沈光,小型企业,无锡,江苏,中国,华东,办公用-标签-10004363,办公用品,标签,"Smead 圆形标签, 白色",64.4,2,0.0,15.4
2799,US-202022-1525230,2023-12-12,2023-12-14,二级,沈光-13450,沈光,小型企业,无锡,江苏,中国,华东,家具-书架-10002197,家具,书架,"宜家 搁架, 金属",950.88,2,0.4,-459.76
2828,CN-202022-2737126,2023-12-13,2023-12-17,标准级,唐忠-11545,唐忠,公司,大同,安徽,中国,华东,家具-椅子-10002013,家具,椅子,"Harbour Creations 凳子, 红色",1681.12,2,0.0,336.0
2829,CN-202022-2737126,2023-12-13,2023-12-17,标准级,唐忠-11545,唐忠,公司,大同,安徽,中国,华东,技术-配件-10000935,技术,配件,"罗技 键区, 可编程",446.32,2,0.0,66.92
2830,CN-202022-2737126,2023-12-13,2023-12-17,标准级,唐忠-11545,唐忠,公司,大同,安徽,中国,华东,家具-用具-10004678,家具,用具,"Eldon 闹钟, 优质",514.64,2,0.0,15.4
2831,CN-202022-2737126,2023-12-13,2023-12-17,标准级,唐忠-11545,唐忠,公司,大同,安徽,中国,华东,技术-配件-10003629,技术,配件,"SanDisk 键盘, 可编程",1936.2,5,0.0,0.0
2838,CN-202022-5586841,2023-07-27,2023-07-31,标准级,黄婷-21085,黄婷,消费者,新泰,山东,中国,华东,办公用-纸张-10002523,办公用品,纸张,"Enermax 计划信息表, 回收",836.64,8,0.0,359.52
2840,CN-202022-4150128,2023-06-20,2023-06-24,二级,范恒-13615,范恒,消费者,太原,山西,中国,华北,技术-设备-10004236,技术,设备,"StarTech 收据打印机, 白色",1017.24,2,0.0,325.36
2847,CN-202022-3566090,2023-09-22,2023-09-25,二级,韩廉-17230,韩廉,消费者,重庆,重庆,中国,西南,办公用-信封-10003687,办公用品,信封,"Cameo 局间信封, 红色",475.72,2,0.0,52.08
2850,CN-202022-3297567,2023-03-22,2023-03-27,标准级,俞丹-12025,俞丹,消费者,海口,海南,中国,西南,技术-电话-10002453,技术,电话,"思科 信号增强器, 蓝色",4251.24,6,0.0,1785.0
2851,CN-202022-3297567,2023-03-22,2023-03-27,标准级,俞丹-12025,俞丹,消费者,海口,海南,中国,西南,技术-电话-10001271,技术,电话,"摩托罗拉 耳机, 整包",1117.62,3,0.0,391.02
2852,CN-202022-3297567,2023-03-22,2023-03-27,标准级,俞丹-12025,俞丹,消费者,海口,海南,中国,西南,技术-配件-10004826,技术,配件,"罗技 键区, 耐用",651.42,3,0.0,58.38
2857,CN-202022-1086295,2023-03-20,2023-03-25,标准级,刘婵-10945,刘婵,消费者,长春,吉林,中国,东北,技术-复印-10000179,技术,复印机,"Brother 传真机, 红色",13303.08,9,0.0,1595.16
2858,CN-202022-1086295,2023-03-20,2023-03-25,标准级,刘婵-10945,刘婵,消费者,长春,吉林,中国,东北,办公用-收纳-10003289,办公用品,收纳具,"Tenex 搁板, 单宽度",1786.54,7,0.0,445.9
2866,CN-202022-5929986,2023-10-28,2023-11-02,标准级,夏芯-13960,夏芯,消费者,深圳,广东,中国,中南,办公用-收纳-10004747,办公用品,收纳具,"Eldon 文件夹, 单宽度",238.14,3,0.0,76.02
2869,CN-202022-3969050,2023-08-16,2023-08-16,当日,常光-13345,常光,公司,合肥,安徽,中国,华东,家具-用具-10002112,家具,用具,"Eldon 框架, 耐用",1585.92,3,0.0,538.86
2873,CN-202022-4266965,2023-11-18,2023-11-24,标准级,谢雯-21700,谢雯,小型企业,沅江,湖南,中国,中南,办公用-美术-10003409,办公用品,美术,"Binney & Smith 记号笔, 整包",181.888,2,0.2,11.368
2874,CN-202022-4266965,2023-11-18,2023-11-24,标准级,谢雯-21700,谢雯,小型企业,沅江,湖南,中国,中南,办公用-标签-10004405,办公用品,标签,"Avery 文件夹标签, 白色",212.8,5,0.0,4.2
2875,US-202022-4519254,2023-06-14,2023-06-18,二级,常君-15145,常君,公司,黄石,湖北,中国,中南,技术-配件-10002107,技术,配件,"贝尔金 闪存驱动器, 实惠",469.728,4,0.4,-211.792
2882,US-202022-4764837,2023-06-13,2023-06-17,二级,曹欢-14200,曹欢悦,小型企业,武汉,湖北,中国,中南,办公用-器具-10004844,办公用品,器具,"KitchenAid 炉灶, 银色",4795.56,3,0.4,-1918.56
2883,US-202022-4764837,2023-06-13,2023-06-17,二级,曹欢-14200,曹欢悦,小型企业,武汉,湖北,中国,中南,办公用-系固-10004057,办公用品,系固件,"OIC 夹子, 每包 12 个",215.04,4,0.4,-3.92
2891,US-202022-2560123,2023-03-18,2023-03-22,标准级,秦宁-18670,秦宁,消费者,西安,陕西,中国,西北,办公用-收纳-10003484,办公用品,收纳具,"Tenex 盘, 单宽度",759.36,3,0.0,242.76
2892,US-202022-2560123,2023-03-18,2023-03-22,标准级,秦宁-18670,秦宁,消费者,西安,陕西,中国,西北,办公用-纸张-10001526,办公用品,纸张,"Enermax 备忘录便条, 回收",217.98,3,0.0,45.36
2893,US-202022-2560123,2023-03-18,2023-03-22,标准级,秦宁-18670,秦宁,消费者,西安,陕西,中国,西北,家具-椅子-10002919,家具,椅子,"Harbour Creations 沙滩椅, 可调",2094.26,7,0.0,376.32
2894,US-202022-2560123,2023-03-18,2023-03-22,标准级,秦宁-18670,秦宁,消费者,西安,陕西,中国,西北,办公用-装订-10003079,办公用品,装订机,"Acco 标签, 实惠",80.08,2,0.0,36.68
2895,US-202022-2560123,2023-03-18,2023-03-22,标准级,秦宁-18670,秦宁,消费者,西安,陕西,中国,西北,办公用-信封-10000318,办公用品,信封,"GlobeWeis 邮寄品, 每套 50 个",539.7,3,0.0,37.38
2896,US-202022-2560123,2023-03-18,2023-03-22,标准级,秦宁-18670,秦宁,消费者,西安,陕西,中国,西北,家具-书架-10002499,家具,书架,"Safco 墙角架, 黑色",3518.9,5,0.0,70.0
2897,US-202022-2560123,2023-03-18,2023-03-22,标准级,秦宁-18670,秦宁,消费者,西安,陕西,中国,西北,办公用-装订-10003128,办公用品,装订机,"Wilson Jones 孔加固材料, 耐用",56.28,2,0.0,0.0
2904,CN-202022-1587245,2023-05-21,2023-05-25,二级,白欢-14245,白欢,小型企业,深圳,广东,中国,中南,家具-用具-10000952,家具,用具,"Eldon 门挡, 黑色",2574.88,11,0.0,745.36
2905,CN-202022-1587245,2023-05-21,2023-05-25,二级,白欢-14245,白欢,小型企业,深圳,广东,中国,中南,办公用-用品-10000032,办公用品,用品,"Acme 美工刀, 工业",1287.72,7,0.0,205.8
2906,CN-202022-1587245,2023-05-21,2023-05-25,二级,白欢-14245,白欢,小型企业,深圳,广东,中国,中南,家具-用具-10000539,家具,用具,"Tenex 门挡, 一包多件",205.1,1,0.0,69.72
2907,CN-202022-1587245,2023-05-21,2023-05-25,二级,白欢-14245,白欢,小型企业,深圳,广东,中国,中南,办公用-标签-10000389,办公用品,标签,"Smead 合法证物标签, 白色",155.4,3,0.0,9.24
2918,CN-202022-5922906,2023-07-11,2023-07-17,标准级,陶盛-20395,陶盛,消费者,广州,广东,中国,中南,家具-书架-10004848,家具,书架,"Sauder 搁架, 黑色",914.34,1,0.0,402.22
2919,CN-202022-5922906,2023-07-11,2023-07-17,标准级,陶盛-20395,陶盛,消费者,广州,广东,中国,中南,办公用-收纳-10002744,办公用品,收纳具,"Eldon 盒, 单宽度",48.02,1,0.0,5.74
2924,US-202022-5844938,2023-09-23,2023-09-27,标准级,潘雯-21775,潘雯,公司,仪征,江苏,中国,华东,家具-书架-10000631,家具,书架,"Dania 古典书架, 金属",1148.616,1,0.4,-555.184
2925,CN-202022-2051602,2023-10-30,2023-11-03,标准级,谢君-15190,谢君,消费者,桂平,广西,中国,中南,家具-用具-10000649,家具,用具,"Eldon 闹钟, 黑色",1055.04,4,0.0,484.96
2956,CN-202022-5592498,2023-11-22,2023-11-27,标准级,徐谙-18895,徐谙,消费者,集宁,内蒙古,中国,华北,家具-桌子-10002831,家具,桌子,"Chromcraft 咖啡桌, 组装",1002.624,2,0.6,-301.056
2957,CN-202022-5592498,2023-11-22,2023-11-27,标准级,徐谙-18895,徐谙,消费者,集宁,内蒙古,中国,华北,办公用-收纳-10003383,办公用品,收纳具,"Eldon 盘, 蓝色",447.72,2,0.0,35.56
2962,CN-202022-4815290,2023-08-09,2023-08-14,标准级,严盛-20410,严盛,消费者,曲阜,山东,中国,华东,办公用-收纳-10000076,办公用品,收纳具,"Eldon 锁柜, 工业",3703.28,4,0.0,1073.52
2964,CN-202022-1900777,2023-10-29,2023-11-03,标准级,陶昌-11065,陶昌,消费者,大连,辽宁,中国,东北,技术-配件-10003629,技术,配件,"SanDisk 键盘, 可编程",464.688,2,0.4,-309.792
2965,CN-202022-1900777,2023-10-29,2023-11-03,标准级,陶昌-11065,陶昌,消费者,大连,辽宁,中国,东北,办公用-信封-10001899,办公用品,信封,"Cameo 马尼拉纸信封, 银色",274.4,2,0.0,5.32
2970,CN-202022-1150523,2023-08-16,2023-08-19,一级,何芯-13945,何芯,消费者,益阳,湖南,中国,中南,办公用-纸张-10002647,办公用品,纸张,"SanDisk 羊皮纸, 多色",591.92,7,0.0,64.68
2984,CN-202022-2640851,2023-03-12,2023-03-17,标准级,康丽-15850,康丽,消费者,海口,海南,中国,中南,技术-配件-10004781,技术,配件,"贝尔金 路由器, 实惠",3622.5,3,0.0,325.92
2985,CN-202022-2640851,2023-03-12,2023-03-17,标准级,康丽-15850,康丽,消费者,海口,海南,中国,中南,技术-电话-10002929,技术,电话,"三星 耳机, 蓝色",1708.0,5,0.0,170.8
2986,CN-202022-2640851,2023-03-12,2023-03-17,标准级,康丽-15850,康丽,消费者,海口,海南,中国,中南,办公用-器具-10000254,办公用品,器具,"KitchenAid 咖啡研磨机, 白色",640.36,2,0.0,115.08
2987,CN-202022-2640851,2023-03-12,2023-03-17,标准级,康丽-15850,康丽,消费者,海口,海南,中国,中南,技术-配件-10002013,技术,配件,"SanDisk 闪存驱动器, 实惠",553.56,3,0.0,215.88
2997,CN-202022-4963271,2023-06-13,2023-06-17,标准级,涂伟-21640,涂伟,消费者,天津,天津,中国,华北,技术-电话-10003432,技术,电话,"三星 音频基座, 蓝色",778.54,1,0.0,116.76
3000,US-202022-4940133,2023-12-02,2023-12-06,标准级,佘升-20170,佘升,消费者,丹江口,湖北,中国,中南,办公用-系固-10002707,办公用品,系固件,"Advantus 按钉, 金属",122.22,3,0.4,-18.48
3001,US-202022-4940133,2023-12-02,2023-12-06,标准级,佘升-20170,佘升,消费者,丹江口,湖北,中国,中南,技术-配件-10003153,技术,配件,"贝尔金 键区, 耐用",811.44,5,0.4,-419.86
3012,US-202022-3483704,2023-09-27,2023-09-30,一级,马丽-15910,马丽,消费者,襄城,河南,中国,中南,家具-椅子-10004534,家具,椅子,"Office Star 扶手椅, 黑色",5859.0,3,0.1,-651.0
3014,CN-202022-1392177,2023-10-24,2023-10-29,标准级,贺鹏-19045,贺鹏,小型企业,信阳,河南,中国,中南,技术-配件-10002236,技术,配件,"贝尔金 路由器, 可编程",3643.5,3,0.0,1347.78
3027,CN-202022-3832812,2023-12-14,2023-12-18,标准级,薛光-13405,薛光,消费者,敦化,吉林,中国,东北,家具-用具-10000753,家具,用具,"Deflect-O 灯泡, 一包多件",88.9,1,0.0,34.58
3028,CN-202022-3832812,2023-12-14,2023-12-18,标准级,薛光-13405,薛光,消费者,敦化,吉林,中国,东北,办公用-美术-10001243,办公用品,美术,"BIC 记号笔, 金属",310.128,3,0.2,-62.412
3029,CN-202022-3509971,2023-10-03,2023-10-08,标准级,王立-16585,王立勤,公司,天津,天津,中国,华北,办公用-装订-10000048,办公用品,装订机,"Acco 标签, 回收",125.16,3,0.0,15.96
3031,CN-202022-3706710,2023-08-01,2023-08-06,标准级,熊丽-15805,熊丽,公司,唐山,河北,中国,华北,办公用-标签-10001875,办公用品,标签,"Avery 文件夹标签, 可调",65.52,2,0.0,32.76
3040,CN-202022-2578637,2023-09-11,2023-09-14,一级,谭忠-11560,谭忠,小型企业,安埠,广东,中国,中南,技术-复印-10000779,技术,复印机,"夏普 个人复印机, 红色",3861.2,7,0.0,1351.42
3041,US-202022-2373769,2023-04-18,2023-04-22,标准级,熊临-17410,熊临耀,消费者,西安,陕西,中国,西北,办公用-用品-10001056,办公用品,用品,"Stiletto 大剪刀, 蓝色",448.84,2,0.0,215.32
3047,US-202022-4759076,2023-10-03,2023-10-07,标准级,谭君-15265,谭君,公司,石家庄,河北,中国,华北,办公用-信封-10003334,办公用品,信封,"Cameo 马尼拉纸信封, 红色",570.08,4,0.0,50.96
3056,CN-202022-4690757,2023-04-03,2023-04-08,标准级,秦淑-20440,秦淑芳,公司,黎城,江苏,中国,华东,技术-设备-10003013,技术,设备,"松下 喷墨打印机, 红色",2597.616,3,0.4,-43.344
3070,CN-202022-2932548,2023-10-19,2023-10-19,当日,楚宣-20845,楚宣,消费者,天津,天津,中国,华北,办公用-系固-10003670,办公用品,系固件,"Advantus 按钉, 混合尺寸",166.32,3,0.0,74.76
3071,CN-202022-2932548,2023-10-19,2023-10-19,当日,楚宣-20845,楚宣,消费者,天津,天津,中国,华北,技术-复印-10000779,技术,复印机,"夏普 个人复印机, 红色",4412.8,8,0.0,1544.48
3076,US-202022-1973789,2023-01-01,2023-01-07,标准级,孟刚-13180,孟刚,公司,宜昌,湖北,中国,中南,家具-桌子-10003819,家具,桌子,"Chromcraft 圆桌, 黑色",1743.84,2,0.6,-1177.12
3081,CN-202022-1455994,2023-04-06,2023-04-12,标准级,贺宁-18700,贺宁,消费者,即墨,山东,中国,华东,办公用-信封-10004487,办公用品,信封,"Kraft 邮寄品, 银色",186.9,1,0.0,41.02
3082,US-202022-2770008,2023-02-08,2023-02-13,标准级,沈婷-21130,沈婷,消费者,武汉,湖北,中国,中南,办公用-器具-10001375,办公用品,器具,"Hamilton Beach 微波炉, 红色",1582.056,2,0.4,-659.344
3087,CN-202022-1933544,2023-05-21,2023-05-26,二级,洪辉-12580,洪辉,小型企业,秦皇岛,河北,中国,华北,办公用-纸张-10004748,办公用品,纸张,"Eaton 羊皮纸, 优质",125.72,2,0.0,60.2
3088,CN-202022-1933544,2023-05-21,2023-05-26,二级,洪辉-12580,洪辉,小型企业,秦皇岛,河北,中国,华北,办公用-系固-10004954,办公用品,系固件,"Stockwell 按钉, 混合尺寸",496.44,9,0.0,153.72
3091,CN-202022-3297567,2023-04-08,2023-04-13,标准级,罗嫒-10060,罗嫒,小型企业,齐齐哈尔,黑龙江,中国,东北,家具-书架-10002588,家具,书架,"Dania 书库, 传统",5073.6,3,0.0,1522.08
3092,CN-202022-5792032,2023-02-07,2023-02-09,一级,丁妮-18610,丁妮,公司,化州,广东,中国,中南,技术-配件-10002236,技术,配件,"贝尔金 路由器, 可编程",6072.5,5,0.0,2246.3
3099,US-202022-5021484,2023-07-02,2023-07-06,二级,邱升-20080,邱升,消费者,朝阳,辽宁,中国,东北,技术-配件-10004328,技术,配件,"Memorex 闪存驱动器, 实惠",411.6,5,0.4,-158.2
3100,CN-202022-2501800,2023-11-12,2023-11-16,标准级,万莞-13330,万莞颖,消费者,洛阳,河南,中国,中南,技术-电话-10000920,技术,电话,"三星 智能手机, 蓝色",3450.72,6,0.0,1241.52
3101,CN-202022-2501800,2023-11-12,2023-11-16,标准级,万莞-13330,万莞颖,消费者,洛阳,河南,中国,中南,技术-配件-10001134,技术,配件,"Enermax 鼠标, 回收",889.0,5,0.0,17.5
3102,CN-202022-2501800,2023-11-12,2023-11-16,标准级,万莞-13330,万莞颖,消费者,洛阳,河南,中国,中南,办公用-美术-10002494,办公用品,美术,"BIC 铅笔刀, 蓝色",541.52,5,0.2,101.22
3103,CN-202022-2501800,2023-11-12,2023-11-16,标准级,万莞-13330,万莞颖,消费者,洛阳,河南,中国,中南,办公用-装订-10000749,办公用品,装订机,"Ibico 打孔机, 透明",418.74,3,0.0,141.96
3108,CN-202022-2303851,2023-07-31,2023-08-06,标准级,韦立-16915,韦立,消费者,泉州,福建,中国,华东,办公用-收纳-10001617,办公用品,收纳具,"Tenex 锁柜, 金属",3793.44,4,0.0,1896.72
3109,CN-202022-2662386,2023-06-13,2023-06-17,标准级,韩廉-17230,韩廉,消费者,成都,四川,中国,西南,办公用-系固-10000296,办公用品,系固件,"Stockwell 按钉, 每包 12 个",193.2,5,0.4,25.2
3111,US-202022-2298972,2023-10-12,2023-10-16,标准级,佘巧-19480,佘巧,消费者,贵阳,贵州,中国,西南,技术-复印-10004642,技术,复印机,"夏普 传真机, 每套两件",3311.28,3,0.2,-372.54
3112,US-202022-2055991,2023-01-09,2023-01-11,一级,赖虎-14035,赖虎,公司,寿光,山东,中国,华东,办公用-标签-10000389,办公用品,标签,"Smead 合法证物标签, 白色",103.6,2,0.0,6.16
3113,US-202022-2055991,2023-01-09,2023-01-11,一级,赖虎-14035,赖虎,公司,寿光,山东,中国,华东,家具-书架-10002387,家具,书架,"宜家 柜, 黑色",1342.04,2,0.0,617.12
3114,US-202022-2055991,2023-01-09,2023-01-11,一级,赖虎-14035,赖虎,公司,寿光,山东,中国,华东,技术-设备-10003000,技术,设备,"冲电器 电话, 耐用",2841.02,7,0.0,141.12
3115,US-202022-2055991,2023-01-09,2023-01-11,一级,赖虎-14035,赖虎,公司,寿光,山东,中国,华东,办公用-系固-10001221,办公用品,系固件,"Stockwell 按钉, 金属",67.62,1,0.0,32.34
3133,CN-202022-5784606,2023-05-06,2023-05-06,当日,韩虎-14005,韩虎,小型企业,新乡,河南,中国,中南,办公用-用品-10002536,办公用品,用品,"Fiskars 美工刀, 锯齿状",601.44,4,0.0,234.08
3152,CN-202022-3874208,2023-09-30,2023-10-04,标准级,候武-21850,候武,消费者,济宁,山东,中国,华东,办公用-装订-10004263,办公用品,装订机,"Acco 装订机, 实惠",212.1,3,0.0,39.9
3153,CN-202022-1637441,2023-06-10,2023-06-11,一级,麦虢-13525,麦虢,公司,苏州,江苏,中国,华东,办公用-收纳-10002059,办公用品,收纳具,"Tenex 搁板, 工业",1286.6,5,0.0,333.9
3154,US-202022-5578438,2023-10-29,2023-11-03,标准级,宋栋-12310,宋栋,公司,成都,四川,中国,西南,办公用-装订-10000648,办公用品,装订机,"Cardinal 装订机盖, 实惠",134.4,4,0.4,8.96
3155,US-202022-5578438,2023-10-29,2023-11-03,标准级,宋栋-12310,宋栋,公司,成都,四川,中国,西南,家具-书架-10003692,家具,书架,"Safco 柜, 金属",3298.68,7,0.4,-934.92
3156,CN-202022-1399832,2023-12-02,2023-12-05,一级,贾柏-18910,贾柏,小型企业,包头,内蒙古,中国,华北,技术-设备-10002765,技术,设备,"爱普生 打印机, 白色",2192.652,3,0.4,-1352.148
3157,CN-202022-1399832,2023-12-02,2023-12-05,一级,贾柏-18910,贾柏,小型企业,包头,内蒙古,中国,华北,办公用-纸张-10004033,办公用品,纸张,"Eaton 信纸, 多色",869.68,4,0.0,95.2
3159,CN-202022-1887568,2023-09-17,2023-09-18,一级,徐菊-15070,徐菊,消费者,泉州,福建,中国,华东,办公用-用品-10000030,办公用品,用品,"Acme 尺子, 锯齿状",187.74,3,0.0,70.98
3160,CN-202022-1887568,2023-09-17,2023-09-18,一级,徐菊-15070,徐菊,消费者,泉州,福建,中国,华东,办公用-系固-10004460,办公用品,系固件,"Advantus 订书钉, 金属",51.24,1,0.0,14.84
3161,CN-202022-1887568,2023-09-17,2023-09-18,一级,徐菊-15070,徐菊,消费者,泉州,福建,中国,华东,技术-复印-10004182,技术,复印机,"惠普 传真机, 红色",13913.2,10,0.0,5425.0
3162,CN-202022-2969769,2023-05-30,2023-06-04,标准级,武廷-21310,武廷,消费者,石嘴山,宁夏,中国,西北,技术-电话-10000942,技术,电话,"思科 智能手机, 整包",3233.3,5,0.0,646.1
3163,CN-202022-2969769,2023-05-30,2023-06-04,标准级,武廷-21310,武廷,消费者,石嘴山,宁夏,中国,西北,家具-桌子-10004549,家具,桌子,"Chromcraft 会议桌, 黑色",4886.952,2,0.4,-2117.808
3170,US-202022-3381572,2023-07-25,2023-07-29,标准级,邹实-20260,邹实,公司,梧州,广西,中国,中南,技术-电话-10003816,技术,电话,"摩托罗拉 耳机, 全尺寸",378.14,1,0.0,90.72
3179,CN-202022-2547654,2023-05-03,2023-05-09,标准级,邹伟-21610,邹伟,消费者,天津,天津,中国,华北,办公用-装订-10002545,办公用品,装订机,"Wilson Jones 订书机, 实惠",228.48,1,0.0,98.14
3180,CN-202022-2547654,2023-05-03,2023-05-09,标准级,邹伟-21610,邹伟,消费者,天津,天津,中国,华北,技术-配件-10000196,技术,配件,"罗技 闪存驱动器, 可编程",298.76,2,0.0,59.64
3181,CN-202022-2051602,2023-08-22,2023-08-28,标准级,陈霖-17500,陈霖,消费者,洛阳,福建,中国,华东,办公用-纸张-10004665,办公用品,纸张,"Green Bar 羊皮纸, 回收",309.68,4,0.0,145.04
3190,CN-202022-3551529,2023-04-24,2023-04-29,标准级,薛娇-14665,薛娇,消费者,天津,天津,中国,华北,办公用-收纳-10002355,办公用品,收纳具,"Rogers 文件车, 蓝色",1321.6,2,0.0,13.16
3191,CN-202022-3551529,2023-04-24,2023-04-29,标准级,薛娇-14665,薛娇,消费者,天津,天津,中国,华北,技术-配件-10003779,技术,配件,"Enermax 键盘, 可编程",1982.4,5,0.0,257.6
3193,CN-202022-4242366,2023-06-13,2023-06-14,一级,蒋宣-20830,蒋宣,消费者,临沂,山东,中国,华东,办公用-信封-10003613,办公用品,信封,"GlobeWeis 搭扣信封, 每套 50 个",138.6,3,0.0,41.58
3194,CN-202022-4242366,2023-06-13,2023-06-14,一级,蒋宣-20830,蒋宣,消费者,临沂,山东,中国,华东,技术-电话-10000581,技术,电话,"苹果 充电器, 蓝色",5937.96,2,0.0,1246.84
3195,CN-202022-4242366,2023-06-13,2023-06-14,一级,蒋宣-20830,蒋宣,消费者,临沂,山东,中国,华东,办公用-装订-10004617,办公用品,装订机,"Avery 打孔机, 回收",395.22,3,0.0,19.74
3198,CN-202022-3643443,2023-10-16,2023-10-21,标准级,涂博-10585,涂博,消费者,洮南,吉林,中国,东北,技术-复印-10001141,技术,复印机,"Brother 传真复印机, 每套两件",1787.24,2,0.0,446.6
3203,CN-202022-3455141,2023-04-11,2023-04-16,标准级,田谙-18865,田谙,消费者,洛阳,福建,中国,华东,办公用-收纳-10003383,办公用品,收纳具,"Eldon 盘, 蓝色",447.72,2,0.0,35.56
3204,CN-202022-3455141,2023-04-11,2023-04-16,标准级,田谙-18865,田谙,消费者,洛阳,福建,中国,华东,办公用-美术-10001717,办公用品,美术,"Boston 钢笔, 混合尺寸",162.4,2,0.0,50.12
3205,CN-202022-5113626,2023-03-20,2023-03-20,当日,巩珑-17845,巩珑,消费者,潼川,四川,中国,西南,办公用-标签-10002541,办公用品,标签,"Harbour Creations 运输标签, 可调",131.04,3,0.0,18.06
3208,CN-202022-4843371,2023-05-02,2023-05-09,标准级,曹丽-15940,曹丽,小型企业,上海,上海,中国,华东,办公用-标签-10000834,办公用品,标签,"Hon 有色标签, 红色",117.88,2,0.0,55.16
3209,CN-202022-4843371,2023-05-02,2023-05-09,标准级,曹丽-15940,曹丽,小型企业,上海,上海,中国,华东,办公用-用品-10003489,办公用品,用品,"Stiletto 剪刀, 钢",214.76,2,0.0,32.2
3217,CN-202022-2606671,2023-09-06,2023-09-13,标准级,潘舟-11440,潘舟,消费者,佛山,广东,中国,中南,办公用-器具-10003725,办公用品,器具,"Breville 搅拌机, 银色",2123.1,5,0.0,997.5
3218,CN-202022-2606671,2023-09-06,2023-09-13,标准级,潘舟-11440,潘舟,消费者,佛山,广东,中国,中南,家具-椅子-10002686,家具,椅子,"Novimex 沙滩椅, 黑色",365.652,2,0.1,56.812
3228,CN-202022-3476099,2023-08-20,2023-08-24,标准级,邢柏-18970,邢柏,小型企业,辽源,吉林,中国,东北,办公用-收纳-10002840,办公用品,收纳具,"Fellowes 盒, 金属",262.5,3,0.0,36.54
3236,CN-202022-3865865,2023-05-31,2023-06-04,二级,彭伟-21550,彭伟,小型企业,青岛,山东,中国,华东,办公用-器具-10004623,办公用品,器具,"Hoover 冰箱, 黑色",2453.22,1,0.0,367.92
3237,CN-202022-3865865,2023-05-31,2023-06-04,二级,彭伟-21550,彭伟,小型企业,青岛,山东,中国,华东,技术-电话-10002475,技术,电话,"诺基亚 办公室电话机, 全尺寸",929.88,3,0.0,288.12
3241,CN-202022-1255631,2023-12-10,2023-12-15,标准级,任灵-17560,任灵,小型企业,铁力,黑龙江,中国,东北,技术-设备-10004713,技术,设备,"松下 计算器, 红色",1992.06,9,0.0,497.7
3243,CN-202022-5490018,2023-01-05,2023-01-08,一级,高凤-12865,高凤,消费者,深圳,广东,中国,中南,办公用-信封-10003109,办公用品,信封,"Jiffy 搭扣信封, 银色",101.92,2,0.0,16.24
3244,CN-202022-5490018,2023-01-05,2023-01-08,一级,高凤-12865,高凤,消费者,深圳,广东,中国,中南,家具-椅子-10002697,家具,椅子,"Novimex 摇椅, 每套两件",561.456,1,0.1,74.816
3245,CN-202022-5490018,2023-01-05,2023-01-08,一级,高凤-12865,高凤,消费者,深圳,广东,中国,中南,家具-书架-10002499,家具,书架,"Safco 墙角架, 黑色",1407.56,2,0.0,28.0
3248,CN-202022-5278891,2023-08-19,2023-08-21,二级,贺伟-21490,贺伟,消费者,余姚,浙江,中国,华东,家具-用具-10001977,家具,用具,"Eldon 框架, 优质",321.636,1,0.4,32.116
3255,CN-202022-5252007,2023-07-29,2023-08-02,标准级,陈昌-11035,陈昌,消费者,珠海,广东,中国,中南,办公用-收纳-10000871,办公用品,收纳具,"Eldon 盒, 工业",300.72,6,0.0,57.12
3272,US-202022-1120887,2023-05-10,2023-05-15,标准级,郭博-10525,郭博,公司,廊坊,河北,中国,华北,技术-复印-10004980,技术,复印机,"佳能 复印机, 彩色",6150.2,5,0.0,1475.6
3273,US-202022-1120887,2023-05-10,2023-05-15,标准级,郭博-10525,郭博,公司,廊坊,河北,中国,华北,办公用-用品-10002405,办公用品,用品,"Elite 美工刀, 锯齿状",294.84,2,0.0,41.16
3290,US-202022-4318875,2023-05-27,2023-06-01,标准级,冯娜-18460,冯娜,公司,武穴,湖北,中国,中南,家具-椅子-10003266,家具,椅子,"Harbour Creations 沙滩椅, 黑色",994.392,6,0.4,-398.328
3291,CN-202022-2977061,2023-12-20,2023-12-22,二级,程德-12040,程德,小型企业,兖州,山东,中国,华东,技术-配件-10004728,技术,配件,"Enermax 记忆卡, 可编程",540.82,1,0.0,102.62
3293,CN-202022-4020885,2023-11-19,2023-11-23,标准级,陈爽-20515,陈爽,小型企业,上海,上海,中国,华东,办公用-收纳-10004245,办公用品,收纳具,"Smead 搁板, 工业",230.58,1,0.0,13.72
3294,CN-202022-4020885,2023-11-19,2023-11-23,标准级,陈爽-20515,陈爽,小型企业,上海,上海,中国,华东,办公用-系固-10000554,办公用品,系固件,"Stockwell 橡皮筋, 每包 12 个",148.96,2,0.0,5.88
3295,CN-202022-4020885,2023-11-19,2023-11-23,标准级,陈爽-20515,陈爽,小型企业,上海,上海,中国,华东,办公用-标签-10002378,办公用品,标签,"Smead 文件夹标签, 耐用",216.3,5,0.0,42.7
3296,CN-202022-4020885,2023-11-19,2023-11-23,标准级,陈爽-20515,陈爽,小型企业,上海,上海,中国,华东,办公用-收纳-10000793,办公用品,收纳具,"Smead 锁柜, 单宽度",2778.3,3,0.0,222.18
3297,CN-202022-4020885,2023-11-19,2023-11-23,标准级,陈爽-20515,陈爽,小型企业,上海,上海,中国,华东,办公用-装订-10002836,办公用品,装订机,"Avery 订书机, 回收",688.8,3,0.0,61.74
3298,CN-202022-4020885,2023-11-19,2023-11-23,标准级,陈爽-20515,陈爽,小型企业,上海,上海,中国,华东,办公用-标签-10003582,办公用品,标签,"Smead 运输标签, 白色",270.9,5,0.0,4.9
3299,CN-202022-2491194,2023-12-06,2023-12-10,标准级,徐虎-14020,徐虎,消费者,保定,河北,中国,华北,办公用-器具-10004059,办公用品,器具,"Cuisinart 冰箱, 银色",4637.08,2,0.0,1993.88
3300,CN-202022-2491194,2023-12-06,2023-12-10,标准级,徐虎-14020,徐虎,消费者,保定,河北,中国,华北,办公用-信封-10002929,办公用品,信封,"Jiffy 邮寄品, 每套 50 个",867.3,5,0.0,251.3
3301,CN-202022-2491194,2023-12-06,2023-12-10,标准级,徐虎-14020,徐虎,消费者,保定,河北,中国,华北,办公用-美术-10003198,办公用品,美术,"Sanford 铅笔刀, 蓝色",482.16,4,0.0,86.24
3304,CN-202022-3103245,2023-05-30,2023-06-04,标准级,邵伟-21565,邵伟,公司,涟源,湖南,中国,中南,家具-用具-10003581,家具,用具,"Deflect-O 门挡, 一包多件",1437.66,7,0.0,373.38
3305,US-202022-5779998,2023-08-05,2023-08-07,二级,余毅-12535,余毅,公司,让胡路,黑龙江,中国,东北,办公用-美术-10003303,办公用品,美术,"Stanley 荧光笔, 整包",782.432,14,0.2,-148.568
3306,US-202022-5779998,2023-08-05,2023-08-07,二级,余毅-12535,余毅,公司,让胡路,黑龙江,中国,东北,办公用-美术-10004417,办公用品,美术,"Binney & Smith 画布, 混合尺寸",1018.08,5,0.2,-229.32
3309,CN-202022-3189070,2023-05-23,2023-05-27,标准级,黄磊-16000,黄磊,消费者,湛江,广东,中国,中南,办公用-用品-10000855,办公用品,用品,"Fiskars 剪刀, 钢",315.84,3,0.0,37.8
3310,CN-202022-3189070,2023-05-23,2023-05-27,标准级,黄磊-16000,黄磊,消费者,湛江,广东,中国,中南,办公用-美术-10000664,办公用品,美术,"Boston 荧光笔, 混合尺寸",411.6,5,0.2,-41.3
3311,CN-202022-3189070,2023-05-23,2023-05-27,标准级,黄磊-16000,黄磊,消费者,湛江,广东,中国,中南,办公用-用品-10000469,办公用品,用品,"Elite 修剪器, 锯齿状",895.3,5,0.0,17.5
3323,CN-202022-4326007,2023-09-05,2023-09-10,二级,马莲-17035,马莲,公司,上海,上海,中国,华东,家具-书架-10001124,家具,书架,"Safco 古典书架, 黑色",6153.0,3,0.0,246.12
3324,CN-202022-2353754,2023-09-17,2023-09-21,标准级,夏明-18355,夏明媚,公司,张家口,河北,中国,华北,办公用-纸张-10002934,办公用品,纸张,"施乐 信纸, 每包 12 个",916.72,4,0.0,449.12
3325,CN-202022-2353754,2023-09-17,2023-09-21,标准级,夏明-18355,夏明媚,公司,张家口,河北,中国,华北,家具-桌子-10000293,家具,桌子,"Lesro 电脑桌, 白色",4520.565,3,0.25,421.785
3326,CN-202022-2353754,2023-09-17,2023-09-21,标准级,夏明-18355,夏明媚,公司,张家口,河北,中国,华北,办公用-信封-10000832,办公用品,信封,"Ames 商业信封, 红色",169.68,2,0.0,54.04
3327,CN-202022-2353754,2023-09-17,2023-09-21,标准级,夏明-18355,夏明媚,公司,张家口,河北,中国,华北,办公用-收纳-10000409,办公用品,收纳具,"Smead 盘, 金属",665.7,3,0.0,266.28
3328,CN-202022-2353754,2023-09-17,2023-09-21,标准级,夏明-18355,夏明媚,公司,张家口,河北,中国,华北,办公用-信封-10004840,办公用品,信封,"GlobeWeis 搭扣信封, 银色",401.8,7,0.0,155.82
3337,CN-202022-1244124,2023-06-04,2023-06-08,标准级,毛庆-19540,毛庆缘,公司,南昌,江西,中国,华东,办公用-装订-10001290,办公用品,装订机,"Ibico 装订机, 透明",139.44,2,0.0,24.92
3340,CN-202022-2551450,2023-02-13,2023-02-15,一级,贾丹-11920,贾丹,消费者,鹤壁,河南,中国,中南,办公用-美术-10003943,办公用品,美术,"BIC 铅笔刀, 混合尺寸",480.704,4,0.2,11.984
3341,CN-202022-2551450,2023-02-13,2023-02-15,一级,贾丹-11920,贾丹,消费者,鹤壁,河南,中国,中南,办公用-美术-10003689,办公用品,美术,"BIC 荧光笔, 蓝色",494.704,7,0.2,-7.056
3342,CN-202022-2551450,2023-02-13,2023-02-15,一级,贾丹-11920,贾丹,消费者,鹤壁,河南,中国,中南,办公用-装订-10004336,办公用品,装订机,"Acco 装订机盖, 实惠",124.32,2,0.0,23.52
3343,CN-202022-2551450,2023-02-13,2023-02-15,一级,贾丹-11920,贾丹,消费者,鹤壁,河南,中国,中南,办公用-美术-10003943,办公用品,美术,"BIC 铅笔刀, 混合尺寸",360.528,3,0.2,8.988
3344,CN-202022-2551450,2023-02-13,2023-02-15,一级,贾丹-11920,贾丹,消费者,鹤壁,河南,中国,中南,办公用-器具-10002224,办公用品,器具,"Breville 搅拌机, 白色",1237.32,3,0.0,111.3
3348,CN-202022-2330845,2023-11-02,2023-11-09,标准级,黄娜-18505,黄娜,消费者,长沙,湖南,中国,中南,办公用-装订-10002699,办公用品,装订机,"Wilson Jones 装订机, 耐用",474.32,7,0.0,0.0
3350,US-202022-3670764,2023-11-27,2023-12-01,标准级,郝立-16765,郝立,消费者,长春,吉林,中国,东北,办公用-美术-10000664,办公用品,美术,"Boston 荧光笔, 混合尺寸",411.6,5,0.2,-41.3
3360,CN-202022-1410437,2023-05-08,2023-05-11,二级,殷宣-20920,殷宣,消费者,玉林,广西,中国,中南,技术-电话-10000751,技术,电话,"三星 信号增强器, 混合尺寸",4555.04,7,0.0,774.2
3361,CN-202022-1410437,2023-05-08,2023-05-11,二级,殷宣-20920,殷宣,消费者,玉林,广西,中国,中南,技术-电话-10004848,技术,电话,"诺基亚 智能手机, 全尺寸",1742.16,3,0.0,348.18
3362,CN-202022-1410437,2023-05-08,2023-05-11,二级,殷宣-20920,殷宣,消费者,玉林,广西,中国,中南,办公用-装订-10004615,办公用品,装订机,"Wilson Jones 订书机, 耐用",941.92,4,0.0,338.8
3388,CN-202022-5278404,2023-06-04,2023-06-06,二级,康丽-15850,康丽,消费者,上海,上海,中国,华东,技术-设备-10003833,技术,设备,"柯尼卡 卡片打印机, 耐用",2454.06,3,0.0,147.0
3389,CN-202022-5278404,2023-06-04,2023-06-06,二级,康丽-15850,康丽,消费者,上海,上海,中国,华东,办公用-收纳-10004035,办公用品,收纳具,"Rogers 盘, 蓝色",863.52,3,0.0,301.98
3390,CN-202022-5278404,2023-06-04,2023-06-06,二级,康丽-15850,康丽,消费者,上海,上海,中国,华东,办公用-收纳-10000103,办公用品,收纳具,"Tenex 文件夹, 蓝色",866.88,8,0.0,181.44
3392,CN-202022-4525677,2023-01-09,2023-01-13,标准级,夏芯-13960,夏芯,消费者,开远,云南,中国,西南,办公用-用品-10000764,办公用品,用品,"Elite 尺子, 工业",287.84,4,0.0,83.44
3393,CN-202022-2491194,2023-05-01,2023-05-06,标准级,陈安-10090,陈安,消费者,集宁,内蒙古,中国,华北,办公用-装订-10000333,办公用品,装订机,"Cardinal 订书机, 回收",982.548,7,0.4,-246.372
3396,CN-202022-1726701,2023-04-11,2023-04-13,一级,邵彩-10720,邵彩,小型企业,太原,山西,中国,华北,办公用-装订-10002049,办公用品,装订机,"Ibico 装订机盖, 透明",244.72,4,0.0,41.44
3404,CN-202022-2222921,2023-08-16,2023-08-22,标准级,陈莲-16930,陈莲,公司,长沙,湖南,中国,中南,办公用-标签-10001981,办公用品,标签,"Avery 圆形标签, 红色",64.96,2,0.0,12.88
3405,CN-202022-2222921,2023-08-16,2023-08-22,标准级,陈莲-16930,陈莲,公司,长沙,湖南,中国,中南,办公用-纸张-10001677,办公用品,纸张,"Green Bar 备忘录便条, 多色",257.04,3,0.0,30.66
3429,US-202022-5720978,2023-05-10,2023-05-14,标准级,柯强-19360,柯强,消费者,济南,山东,中国,华东,办公用-装订-10003487,办公用品,装订机,"Avery 装订机盖, 回收",106.68,2,0.0,20.16
3430,US-202022-5720978,2023-05-10,2023-05-14,标准级,柯强-19360,柯强,消费者,济南,山东,中国,华东,办公用-系固-10004607,办公用品,系固件,"Stockwell 橡皮筋, 金属",155.4,2,0.0,3.08
3431,US-202022-5720978,2023-05-10,2023-05-14,标准级,柯强-19360,柯强,消费者,济南,山东,中国,华东,家具-椅子-10004534,家具,椅子,"Office Star 扶手椅, 黑色",4340.0,2,0.0,0.0
3440,CN-202022-2575295,2023-10-07,2023-10-08,当日,贾柏-18910,贾柏,小型企业,公主岭,吉林,中国,东北,技术-配件-10002107,技术,配件,"贝尔金 闪存驱动器, 实惠",782.88,4,0.0,101.36
3452,CN-202022-2571041,2023-04-12,2023-04-16,标准级,薛柏-18985,薛柏,小型企业,唐山,河北,中国,华北,办公用-纸张-10002493,办公用品,纸张,"Enermax 备忘录便条, 优质",657.72,9,0.0,131.04
3453,CN-202022-2571041,2023-04-12,2023-04-16,标准级,薛柏-18985,薛柏,小型企业,唐山,河北,中国,华北,技术-复印-10000907,技术,复印机,"佳能 无线传真机, 每套两件",1767.08,1,0.0,742.14
3455,US-202022-1308033,2023-06-25,2023-06-29,标准级,康娇-14680,康娇,消费者,盐城,江苏,中国,华东,办公用-美术-10003943,办公用品,美术,"BIC 铅笔刀, 混合尺寸",90.132,3,0.8,-261.408
3456,US-202022-1308033,2023-06-25,2023-06-29,标准级,康娇-14680,康娇,消费者,盐城,江苏,中国,华东,技术-电话-10000691,技术,电话,"摩托罗拉 耳机, 蓝色",893.088,4,0.4,-551.152
3457,US-202022-1308033,2023-06-25,2023-06-29,标准级,康娇-14680,康娇,消费者,盐城,江苏,中国,华东,办公用-标签-10002774,办公用品,标签,"Harbour Creations 圆形标签, 耐用",99.96,3,0.0,2.94
3458,US-202022-1308033,2023-06-25,2023-06-29,标准级,康娇-14680,康娇,消费者,盐城,江苏,中国,华东,技术-设备-10001107,技术,设备,"StarTech 电话, 红色",802.704,4,0.4,-481.936
3459,US-202022-1308033,2023-06-25,2023-06-29,标准级,康娇-14680,康娇,消费者,盐城,江苏,中国,华东,家具-书架-10003672,家具,书架,"Safco 书库, 传统",5457.06,5,0.4,-1819.44
3460,US-202022-1308033,2023-06-25,2023-06-29,标准级,康娇-14680,康娇,消费者,盐城,江苏,中国,华东,家具-书架-10001133,家具,书架,"Sauder 书库, 白色",6554.52,6,0.4,-2950.08
3463,CN-202022-5250870,2023-08-02,2023-08-05,二级,余丽-16540,余丽娜,消费者,西安,陕西,中国,西北,技术-复印-10000562,技术,复印机,"惠普 传真复印机, 数字化",4830.84,6,0.0,1738.8
3467,US-202022-4505574,2023-05-13,2023-05-14,一级,邓秋-11590,邓秋,公司,玉林,广西,中国,中南,家具-椅子-10000670,家具,椅子,"Office Star 凳子, 可调",1482.012,2,0.1,279.692
3483,US-202022-4493648,2023-04-18,2023-04-18,当日,柯婷-21100,柯婷,消费者,徐州,江苏,中国,华东,办公用-器具-10004278,办公用品,器具,"Hamilton Beach 搅拌机, 白色",387.408,2,0.4,-38.752
3486,CN-202022-3700485,2023-11-23,2023-11-27,标准级,谭君-15265,谭君,公司,广州,广东,中国,中南,技术-设备-10004218,技术,设备,"松下 收据打印机, 多色",1692.6,3,0.0,795.48
3489,CN-202022-2883758,2023-11-09,2023-11-09,当日,邓实-20245,邓实,消费者,莆田,福建,中国,华东,技术-电话-10001440,技术,电话,"摩托罗拉 智能手机, 混合尺寸",2475.76,4,0.0,1089.2
3490,CN-202022-1887568,2023-06-17,2023-06-19,二级,胡临-17425,胡临耀,公司,汉中,陕西,中国,西北,办公用-美术-10003207,办公用品,美术,"Stanley 铅笔刀, 金属",364.56,3,0.0,87.36
3491,CN-202022-1887568,2023-06-17,2023-06-19,二级,胡临-17425,胡临耀,公司,汉中,陕西,中国,西北,技术-设备-10001433,技术,设备,"爱普生 计算器, 多色",649.74,3,0.0,116.76
3492,CN-202022-4490778,2023-12-30,2024-01-04,标准级,康丽-15865,康丽,消费者,滕州,山东,中国,华东,办公用-器具-10002993,办公用品,器具,"Hoover 烤面包机, 白色",3434.76,9,0.0,961.38
3496,US-202022-1815663,2023-04-20,2023-04-25,标准级,韦绅-20005,韦绅,消费者,杭州,浙江,中国,华东,技术-电话-10004558,技术,电话,"思科 办公室电话机, 整包",676.62,3,0.4,-270.9
3512,US-202022-5279873,2023-07-15,2023-07-17,二级,程聪-11620,程聪,消费者,江油,四川,中国,西南,办公用-器具-10001049,办公用品,器具,"Breville 冰箱, 黑色",13072.752,9,0.4,-5012.028
3513,US-202022-5578438,2023-12-19,2023-12-22,一级,常黎-16315,常黎明,消费者,北京,北京,中国,华北,家具-书架-10001468,家具,书架,"宜家 柜, 传统",1994.16,3,0.0,637.98
3514,US-202022-5578438,2023-12-19,2023-12-22,一级,常黎-16315,常黎明,消费者,北京,北京,中国,华北,家具-书架-10004132,家具,书架,"Safco 书库, 金属",7266.0,4,0.0,799.12
3515,US-202022-5578438,2023-12-19,2023-12-22,一级,常黎-16315,常黎明,消费者,北京,北京,中国,华北,办公用-美术-10002672,办公用品,美术,"Sanford 画布, 金属",1208.2,5,0.0,277.2
3516,US-202022-5578438,2023-12-19,2023-12-22,一级,常黎-16315,常黎明,消费者,北京,北京,中国,华北,家具-用具-10001098,家具,用具,"Rubvermaid 分层置放架, 黑色",351.96,3,0.0,73.5
3517,US-202022-4150614,2023-07-26,2023-07-28,二级,薛芳-12745,薛芳,公司,苏州,江苏,中国,华东,办公用-美术-10000410,办公用品,美术,"BIC 铅笔刀, 金属",84.756,3,0.8,-318.024
3527,CN-202022-4494383,2023-05-15,2023-05-21,标准级,秦芯-13915,秦芯,消费者,沈阳,辽宁,中国,东北,办公用-器具-10002942,办公用品,器具,"KitchenAid 炉灶, 红色",7982.1,5,0.4,-2394.7
3528,US-202022-5445015,2023-11-22,2023-11-25,一级,陈荷-13675,陈荷,小型企业,沈阳,辽宁,中国,东北,办公用-美术-10002911,办公用品,美术,"Stanley 荧光笔, 金属",44.688,3,0.8,-114.072
3543,CN-202022-4862116,2023-09-20,2023-09-23,一级,薛健-14560,薛健,公司,泉州,福建,中国,华东,办公用-用品-10003822,办公用品,用品,"Acme 开信刀, 蓝色",281.96,2,0.0,47.88
3544,CN-202022-4862116,2023-09-20,2023-09-23,一级,薛健-14560,薛健,公司,泉州,福建,中国,华东,家具-书架-10000196,家具,书架,"Sauder 柜, 白色",11054.4,14,0.0,4641.28
3545,CN-202022-4862116,2023-09-20,2023-09-23,一级,薛健-14560,薛健,公司,泉州,福建,中国,华东,办公用-用品-10002573,办公用品,用品,"Fiskars 尺子, 工业",224.7,3,0.0,33.6
3553,CN-202022-5717181,2023-08-12,2023-08-17,二级,陈立-16705,陈立,小型企业,三亚,海南,中国,中南,家具-椅子-10002913,家具,椅子,"Office Star 椅垫, 每套两件",571.788,2,0.1,139.748
3554,CN-202022-5717181,2023-08-12,2023-08-17,二级,陈立-16705,陈立,小型企业,三亚,海南,中国,中南,办公用-美术-10000800,办公用品,美术,"Boston 记号笔, 金属",722.064,7,0.2,143.864
3555,CN-202022-5717181,2023-08-12,2023-08-17,二级,陈立-16705,陈立,小型企业,三亚,海南,中国,中南,办公用-美术-10001035,办公用品,美术,"Boston 荧光笔, 金属",225.456,3,0.2,11.256
3557,US-202022-4173980,2023-01-17,2023-01-19,二级,谢雯-21700,谢雯,小型企业,武汉,湖北,中国,中南,家具-用具-10002675,家具,用具,"Eldon 相框, 耐用",463.176,3,0.4,-170.184
3584,CN-202022-1711156,2023-01-23,2023-01-28,标准级,樊彩-10630,樊彩,小型企业,成都,四川,中国,西南,办公用-纸张-10002471,办公用品,纸张,"施乐 备忘录便条, 每包 12 个",247.38,3,0.0,123.48
3585,CN-202022-1711156,2023-01-23,2023-01-28,标准级,樊彩-10630,樊彩,小型企业,成都,四川,中国,西南,办公用-信封-10003126,办公用品,信封,"Ames 邮寄品, 回收",808.5,5,0.0,105.0
3592,CN-202022-2990089,2023-08-22,2023-08-27,二级,巩荷-13720,巩荷,消费者,塘沽,天津,中国,华北,办公用-纸张-10003542,办公用品,纸张,"SanDisk 信纸, 每包 12 个",1471.68,6,0.0,337.68
3593,CN-202022-2990089,2023-08-22,2023-08-27,二级,巩荷-13720,巩荷,消费者,塘沽,天津,中国,华北,办公用-纸张-10003382,办公用品,纸张,"施乐 计划信息表, 多色",406.56,4,0.0,129.92
3594,CN-202022-2990089,2023-08-22,2023-08-27,二级,巩荷-13720,巩荷,消费者,塘沽,天津,中国,华北,技术-复印-10004302,技术,复印机,"Brother 无线传真机, 数字化",5298.3,3,0.0,1960.14
3595,CN-202022-3867173,2023-12-19,2023-12-20,一级,薛强-19330,薛强,消费者,深圳,广东,中国,中南,办公用-器具-10002516,办公用品,器具,"KitchenAid 搅拌机, 银色",1859.2,4,0.0,259.84
3596,CN-202022-3867173,2023-12-19,2023-12-20,一级,薛强-19330,薛强,消费者,深圳,广东,中国,中南,家具-用具-10002443,家具,用具,"Advantus 框架, 黑色",1037.12,2,0.0,507.92
3602,US-202022-2033462,2023-08-14,2023-08-18,标准级,何安-10135,何安,小型企业,杭州,浙江,中国,华东,技术-复印-10000562,技术,复印机,"惠普 传真复印机, 数字化",1932.336,4,0.4,-129.024
3608,US-202022-2556865,2023-07-19,2023-07-23,标准级,武欢-14260,武欢,小型企业,苏州,江苏,中国,华东,办公用-系固-10000410,办公用品,系固件,"OIC 夹子, 金属",278.46,5,0.4,-102.34
3609,US-202022-2556865,2023-07-19,2023-07-23,标准级,武欢-14260,武欢,小型企业,苏州,江苏,中国,华东,技术-电话-10004122,技术,电话,"诺基亚 耳机, 混合尺寸",425.376,2,0.4,-120.624
3610,US-202022-2556865,2023-07-19,2023-07-23,标准级,武欢-14260,武欢,小型企业,苏州,江苏,中国,华东,办公用-收纳-10003557,办公用品,收纳具,"Fellowes 搁板, 蓝色",1619.52,6,0.0,436.8
3611,US-202022-2556865,2023-07-19,2023-07-23,标准级,武欢-14260,武欢,小型企业,苏州,江苏,中国,华东,办公用-收纳-10003199,办公用品,收纳具,"Fellowes 锁柜, 金属",1926.4,2,0.0,19.04
3612,CN-202022-3562924,2023-06-06,2023-06-11,标准级,戴武-21910,戴武,消费者,重庆,重庆,中国,西南,办公用-收纳-10004188,办公用品,收纳具,"Smead 文件夹, 蓝色",244.86,3,0.0,100.38
3613,CN-202022-1638210,2023-07-24,2023-07-27,一级,谷莲-16990,谷莲,公司,西宁,青海,中国,西北,家具-用具-10000753,家具,用具,"Deflect-O 灯泡, 一包多件",355.6,4,0.0,138.32
3616,CN-202022-1498643,2023-06-27,2023-07-03,标准级,陶聪-11725,陶聪,消费者,洮南,吉林,中国,东北,办公用-标签-10004762,办公用品,标签,"Hon 运输标签, 耐用",109.76,2,0.0,53.76
3617,CN-202022-1498643,2023-06-27,2023-07-03,标准级,陶聪-11725,陶聪,消费者,洮南,吉林,中国,东北,技术-配件-10004481,技术,配件,"Enermax 记忆卡, 耐用",2139.2,4,0.0,983.92
3618,CN-202022-1498643,2023-06-27,2023-07-03,标准级,陶聪-11725,陶聪,消费者,洮南,吉林,中国,东北,办公用-收纳-10004188,办公用品,收纳具,"Smead 文件夹, 蓝色",326.48,4,0.0,133.84
3631,CN-202022-5838362,2023-11-30,2023-12-04,标准级,钱伟-21430,钱伟,公司,大庆,黑龙江,中国,东北,办公用-系固-10004801,办公用品,系固件,"Stockwell 橡皮筋, 整包",154.28,2,0.0,33.88
3632,CN-202022-5838362,2023-11-30,2023-12-04,标准级,钱伟-21430,钱伟,公司,大庆,黑龙江,中国,东北,办公用-装订-10004336,办公用品,装订机,"Acco 装订机盖, 实惠",497.28,8,0.0,94.08
3638,CN-202022-1398198,2023-06-11,2023-06-15,标准级,罗嫒-10060,罗嫒,小型企业,河源,广东,中国,中南,家具-椅子-10002544,家具,椅子,"SAFCO 凳子, 黑色",3475.71,5,0.1,231.21
3639,CN-202022-1398198,2023-06-11,2023-06-15,标准级,罗嫒-10060,罗嫒,小型企业,河源,广东,中国,中南,家具-书架-10004132,家具,书架,"Safco 书库, 金属",3633.0,2,0.0,399.56
3646,US-202022-1103148,2023-05-09,2023-05-15,标准级,肖崆-15520,肖崆,消费者,西丰,辽宁,中国,东北,家具-椅子-10001132,家具,椅子,"Hon 椅垫, 黑色",446.04,3,0.4,-178.5
3647,US-202022-1103148,2023-05-09,2023-05-15,标准级,肖崆-15520,肖崆,消费者,西丰,辽宁,中国,东北,技术-复印-10004286,技术,复印机,"Hewlett 墨水, 彩色",1681.344,4,0.4,-784.896
3648,US-202022-2286344,2023-12-05,2023-12-09,标准级,孟虢-13540,孟虢,消费者,汕头,广东,中国,中南,家具-椅子-10000519,家具,椅子,"SAFCO 扶手椅, 黑色",5783.4,3,0.1,1092.42
3673,CN-202022-4373153,2023-05-15,2023-05-18,二级,洪黎-16345,洪黎明,消费者,西昌,四川,中国,西南,办公用-信封-10004013,办公用品,信封,"GlobeWeis 外皮和封条, 每套 50 个",99.82,1,0.0,5.88
3678,CN-202022-1179561,2023-12-17,2023-12-22,二级,韦磊-16135,韦磊,小型企业,塘沽,天津,中国,华北,技术-配件-10002880,技术,配件,"Enermax 鼠标, 耐用",1134.0,6,0.0,78.96
3681,CN-202022-3351509,2023-08-08,2023-08-13,标准级,苏涛-21220,苏涛,消费者,即墨,山东,中国,华东,技术-复印-10003759,技术,复印机,"Hewlett 复印机, 红色",3666.18,3,0.0,1319.64
3682,CN-202022-3351509,2023-08-08,2023-08-13,标准级,苏涛-21220,苏涛,消费者,即墨,山东,中国,华东,办公用-装订-10004589,办公用品,装订机,"Avery 孔加固材料, 耐用",55.16,2,0.0,0.84
3688,CN-202022-4347413,2023-05-25,2023-05-28,一级,巩辉-12595,巩辉,消费者,浦阳,浙江,中国,华东,办公用-信封-10004503,办公用品,信封,"Jiffy 商业信封, 回收",344.4,5,0.0,95.9
3689,US-202022-5837615,2023-09-11,2023-09-14,一级,邓珊-19915,邓珊,消费者,上虞,浙江,中国,华东,办公用-系固-10002556,办公用品,系固件,"Stockwell 订书钉, 金属",235.872,8,0.4,-63.168
3690,US-202022-5837615,2023-09-11,2023-09-14,一级,邓珊-19915,邓珊,消费者,上虞,浙江,中国,华东,办公用-系固-10000647,办公用品,系固件,"OIC 订书钉, 金属",192.528,6,0.4,-106.512
3698,CN-202022-3847012,2023-03-01,2023-03-06,标准级,陶惠-14455,陶惠,小型企业,唐山,河北,中国,华北,技术-电话-10003828,技术,电话,"摩托罗拉 充电器, 混合尺寸",6025.04,2,0.0,722.96
3699,CN-202022-3847012,2023-03-01,2023-03-06,标准级,陶惠-14455,陶惠,小型企业,唐山,河北,中国,华北,家具-用具-10002645,家具,用具,"Advantus 灯泡, 耐用",319.2,4,0.0,0.0
3700,CN-202022-3847012,2023-03-01,2023-03-06,标准级,陶惠-14455,陶惠,小型企业,唐山,河北,中国,华北,办公用-收纳-10001549,办公用品,收纳具,"Eldon 盒, 蓝色",143.64,3,0.0,49.98
3701,US-202022-1815663,2023-05-26,2023-05-30,标准级,邱梦-18160,邱梦,消费者,济南,山东,中国,华东,办公用-信封-10004354,办公用品,信封,"Ames 外皮和封条, 每套 50 个",174.44,2,0.0,26.04
3702,US-202022-1815663,2023-05-26,2023-05-30,标准级,邱梦-18160,邱梦,消费者,济南,山东,中国,华东,办公用-纸张-10002327,办公用品,纸张,"Enermax 信纸, 每包 12 个",717.36,3,0.0,150.36
3703,CN-202022-2998954,2023-08-06,2023-08-11,标准级,曾辉-12640,曾辉,消费者,唐山,河北,中国,华北,家具-椅子-10004563,家具,椅子,"Office Star 沙滩椅, 可调",540.68,2,0.0,124.32
3704,CN-202022-2998954,2023-08-06,2023-08-11,标准级,曾辉-12640,曾辉,消费者,唐山,河北,中国,华北,家具-书架-10002387,家具,书架,"宜家 柜, 黑色",1342.04,2,0.0,617.12
3705,CN-202022-2998954,2023-08-06,2023-08-11,标准级,曾辉-12640,曾辉,消费者,唐山,河北,中国,华北,办公用-标签-10000838,办公用品,标签,"Avery 运输标签, 耐用",228.48,4,0.0,49.84
3707,CN-202022-3852845,2023-06-07,2023-06-11,标准级,韦君-15310,韦君,公司,吉林市,吉林,中国,东北,办公用-用品-10001002,办公用品,用品,"Acme 剪刀, 锯齿状",619.92,6,0.0,42.84
3708,CN-202022-3852845,2023-06-07,2023-06-11,标准级,韦君-15310,韦君,公司,吉林市,吉林,中国,东北,办公用-美术-10003943,办公用品,美术,"BIC 铅笔刀, 混合尺寸",360.528,3,0.2,8.988
3713,US-202022-4902997,2023-12-16,2023-12-20,标准级,庄丹-11935,庄丹,消费者,平顶山,河南,中国,中南,办公用-美术-10002634,办公用品,美术,"BIC 钢笔, 整包",108.64,2,0.2,-15.12
3725,CN-202022-1726701,2023-05-15,2023-05-19,二级,林谦-19285,林谦,消费者,成都,四川,中国,西南,办公用-系固-10002218,办公用品,系固件,"Accos 夹子, 每包 12 个",210.672,4,0.4,-3.808
3726,CN-202022-1726701,2023-05-15,2023-05-19,二级,林谦-19285,林谦,消费者,成都,四川,中国,西南,办公用-装订-10000020,办公用品,装订机,"Cardinal 装订机, 透明",111.636,3,0.4,18.396
3727,CN-202022-1726701,2023-05-15,2023-05-19,二级,林谦-19285,林谦,消费者,成都,四川,中国,西南,办公用-标签-10000647,办公用品,标签,"Novimex 运输标签, 耐用",159.18,3,0.0,71.4
3728,CN-202022-1951831,2023-12-26,2023-12-30,标准级,常刚-13090,常刚,消费者,深圳,广东,中国,中南,技术-配件-10001919,技术,配件,"SanDisk 鼠标, 实惠",1251.46,7,0.0,149.94
3729,CN-202022-1951831,2023-12-26,2023-12-30,标准级,常刚-13090,常刚,消费者,深圳,广东,中国,中南,技术-复印-10000386,技术,复印机,"惠普 无线传真机, 红色",23416.12,14,0.0,7726.32
3745,CN-202022-3284718,2023-09-24,2023-10-01,标准级,秦黎-16300,秦黎明,公司,郑州,河南,中国,中南,办公用-用品-10000602,办公用品,用品,"Fiskars 修剪器, 蓝色",197.4,1,0.0,96.6
3746,CN-202022-3284718,2023-09-24,2023-10-01,标准级,秦黎-16300,秦黎明,公司,郑州,河南,中国,中南,技术-电话-10002266,技术,电话,"苹果 充电器, 整包",2969.4,1,0.0,920.5
3747,CN-202022-3284718,2023-09-24,2023-10-01,标准级,秦黎-16300,秦黎明,公司,郑州,河南,中国,中南,技术-复印-10004535,技术,复印机,"佳能 墨水, 彩色",3467.1,5,0.0,311.5
3748,CN-202022-3284718,2023-09-24,2023-10-01,标准级,秦黎-16300,秦黎明,公司,郑州,河南,中国,中南,办公用-收纳-10004245,办公用品,收纳具,"Smead 搁板, 工业",1844.64,8,0.0,109.76
3749,CN-202022-3284718,2023-09-24,2023-10-01,标准级,秦黎-16300,秦黎明,公司,郑州,河南,中国,中南,家具-椅子-10001460,家具,椅子,"Harbour Creations 摇椅, 可调",1256.472,2,0.1,27.832
3750,CN-202022-3284718,2023-09-24,2023-10-01,标准级,秦黎-16300,秦黎明,公司,郑州,河南,中国,中南,家具-书架-10002499,家具,书架,"Safco 墙角架, 黑色",2815.12,4,0.0,56.0
3753,US-202022-3420308,2023-06-19,2023-06-24,标准级,曾康-15445,曾康,消费者,大连,辽宁,中国,东北,办公用-装订-10002115,办公用品,装订机,"Acco 打孔机, 实惠",759.024,9,0.4,-468.216
3759,CN-202022-2491194,2023-08-23,2023-08-25,一级,陈霖-17500,陈霖,消费者,浯溪,湖南,中国,中南,办公用-纸张-10000778,办公用品,纸张,"施乐 备忘录便条, 回收",564.48,9,0.0,66.78
3768,CN-202022-4750815,2023-07-23,2023-07-28,标准级,林谙-18790,林谙,小型企业,开封,河南,中国,中南,办公用-装订-10000833,办公用品,装订机,"Acco 装订机, 耐用",388.5,5,0.0,112.0
3770,CN-202022-5569894,2023-09-20,2023-09-22,一级,施旺-21400,施旺,消费者,宝应,江苏,中国,华东,家具-书架-10001668,家具,书架,"宜家 搁架, 黑色",1922.928,4,0.4,-0.112
3771,US-202022-3503696,2023-09-18,2023-09-22,标准级,袁岱-11905,袁岱,小型企业,徐州,江苏,中国,华东,家具-椅子-10001812,家具,椅子,"Harbour Creations 折叠椅, 可调",1967.448,7,0.4,-295.372
3772,US-202022-3503696,2023-09-18,2023-09-22,标准级,袁岱-11905,袁岱,小型企业,徐州,江苏,中国,华东,技术-复印-10000302,技术,复印机,"Hewlett 个人复印机, 每套两件",2019.78,5,0.4,133.98
3773,US-202022-3503696,2023-09-18,2023-09-22,标准级,袁岱-11905,袁岱,小型企业,徐州,江苏,中国,华东,办公用-收纳-10000319,办公用品,收纳具,"Rogers 锁柜, 单宽度",1975.4,2,0.0,434.56
3774,CN-202022-4373153,2023-10-03,2023-10-05,一级,白欢-14245,白欢,小型企业,保定,河北,中国,华北,办公用-美术-10000574,办公用品,美术,"Sanford 铅笔刀, 金属",632.1,5,0.0,233.8
3775,CN-202022-4373153,2023-10-03,2023-10-05,一级,白欢-14245,白欢,小型企业,保定,河北,中国,华北,家具-椅子-10004040,家具,椅子,"Harbour Creations 折叠椅, 黑色",2227.4,5,0.0,311.5
3778,CN-202022-3200743,2023-12-23,2023-12-28,标准级,叶莲-17095,叶莲,消费者,东海,广东,中国,中南,家具-椅子-10002386,家具,椅子,"Office Star 摇椅, 可调",602.28,1,0.1,220.78
3780,CN-202022-2052338,2023-12-02,2023-12-06,标准级,邱明-18280,邱明,公司,青岛,山东,中国,华东,技术-复印-10003649,技术,复印机,"惠普 复印机, 数字化",4542.16,4,0.0,2134.72
3781,CN-202022-2052338,2023-12-02,2023-12-06,标准级,邱明-18280,邱明,公司,青岛,山东,中国,华东,办公用-装订-10003061,办公用品,装订机,"Wilson Jones 订书机, 回收",460.32,2,0.0,27.44
3782,CN-202022-2052338,2023-12-02,2023-12-06,标准级,邱明-18280,邱明,公司,青岛,山东,中国,华东,办公用-装订-10004074,办公用品,装订机,"Ibico 装订机盖, 耐用",141.4,2,0.0,70.56
3783,CN-202022-2295401,2023-11-19,2023-11-21,二级,付芳-12700,付芳茵,小型企业,萍乡,江西,中国,华东,家具-书架-10004714,家具,书架,"Sauder 柜, 传统",1555.68,2,0.0,264.32
3784,CN-202022-2295401,2023-11-19,2023-11-21,二级,付芳-12700,付芳茵,小型企业,萍乡,江西,中国,华东,办公用-装订-10004764,办公用品,装订机,"Avery 装订机盖, 透明",98.28,2,0.0,29.4
3785,CN-202022-2295401,2023-11-19,2023-11-21,二级,付芳-12700,付芳茵,小型企业,萍乡,江西,中国,华东,办公用-用品-10002441,办公用品,用品,"Fiskars 尺子, 蓝色",202.02,3,0.0,11.76
3786,CN-202022-3230180,2023-07-19,2023-07-23,标准级,陶聪-11725,陶聪,消费者,开远,云南,中国,西南,办公用-收纳-10001197,办公用品,收纳具,"Eldon 锁柜, 单宽度",1847.44,2,0.0,868.28
3789,CN-202022-5221522,2023-09-10,2023-09-16,标准级,唐安-10240,唐安,消费者,西安,陕西,中国,西北,办公用-收纳-10002440,办公用品,收纳具,"Tenex 文件车, 蓝色",1251.88,2,0.0,99.96
3790,CN-202022-5221522,2023-09-10,2023-09-16,标准级,唐安-10240,唐安,消费者,西安,陕西,中国,西北,技术-电话-10004197,技术,电话,"摩托罗拉 耳机, 混合尺寸",3083.36,8,0.0,1233.12
3791,US-202022-5247158,2023-06-06,2023-06-11,标准级,潘惠-14425,潘惠,消费者,肃州,甘肃,中国,西北,家具-用具-10004872,家具,用具,"Advantus 框架, 一包多件",933.912,3,0.4,61.992
3792,US-202022-5247158,2023-06-06,2023-06-11,标准级,潘惠-14425,潘惠,消费者,肃州,甘肃,中国,西北,办公用-信封-10000814,办公用品,信封,"Cameo 商业信封, 红色",191.24,2,0.0,82.04
3793,US-202022-5247158,2023-06-06,2023-06-11,标准级,潘惠-14425,潘惠,消费者,肃州,甘肃,中国,西北,办公用-纸张-10004033,办公用品,纸张,"Eaton 信纸, 多色",1087.1,5,0.0,119.0
3794,CN-202022-5250870,2023-06-20,2023-06-25,标准级,沈强-19375,沈强,消费者,莘县,山东,中国,华东,办公用-装订-10002116,办公用品,装订机,"Ibico 孔加固材料, 透明",150.5,5,0.0,21.0
3797,CN-202022-3269021,2023-06-27,2023-07-03,标准级,曾惠-14485,曾惠,公司,岭东,黑龙江,中国,东北,办公用-标签-10004554,办公用品,标签,"Harbour Creations 可去除的标签, 白色",386.4,8,0.0,142.24
3811,CN-202022-1122727,2023-06-05,2023-06-07,一级,巩达-11770,巩达侠,消费者,信阳,河南,中国,中南,技术-复印-10000216,技术,复印机,"Brother 传真复印机, 彩色",2701.02,3,0.0,1026.06
3820,CN-202022-4150128,2023-10-30,2023-11-05,标准级,孟伟-21535,孟伟,小型企业,本溪,辽宁,中国,东北,办公用-收纳-10001132,办公用品,收纳具,"Rogers 盒, 单宽度",448.0,4,0.0,17.92
3821,CN-202022-2477297,2023-08-07,2023-08-09,二级,雷菊-15025,雷菊,消费者,鞍山,辽宁,中国,东北,办公用-系固-10001285,办公用品,系固件,"Stockwell 订书钉, 整包",90.72,3,0.4,11.76
3822,CN-202022-2477297,2023-08-07,2023-08-09,二级,雷菊-15025,雷菊,消费者,鞍山,辽宁,中国,东北,办公用-收纳-10002029,办公用品,收纳具,"Smead 盘, 工业",913.92,4,0.0,310.24
3823,CN-202022-2477297,2023-08-07,2023-08-09,二级,雷菊-15025,雷菊,消费者,鞍山,辽宁,中国,东北,技术-配件-10004500,技术,配件,"罗技 键盘, 实惠",608.58,3,0.4,-162.54
3826,CN-202022-3988119,2023-08-21,2023-08-23,二级,范彩-10615,范彩,公司,重庆,重庆,中国,西南,家具-椅子-10003924,家具,椅子,"Novimex 扶手椅, 可调",2148.72,1,0.0,794.92
3827,CN-202022-3988119,2023-08-21,2023-08-23,二级,范彩-10615,范彩,公司,重庆,重庆,中国,西南,技术-复印-10000725,技术,复印机,"夏普 复印机, 每套两件",6256.32,7,0.2,-1486.66
3828,CN-202022-3988119,2023-08-21,2023-08-23,二级,范彩-10615,范彩,公司,重庆,重庆,中国,西南,家具-用具-10003687,家具,用具,"Tenex 门挡, 耐用",381.92,2,0.0,106.68
3835,CN-202022-3509971,2023-06-28,2023-07-04,标准级,佘凤-12955,佘凤,公司,广州,广东,中国,中南,办公用-用品-10003039,办公用品,用品,"Acme 开信刀, 锯齿状",502.32,4,0.0,215.6
3853,CN-202022-5404138,2023-06-20,2023-06-22,一级,邵兰-15715,邵兰,消费者,铜川,陕西,中国,西北,技术-复印-10003250,技术,复印机,"Hewlett 墨水, 红色",1370.88,2,0.0,561.96
3854,CN-202022-5404138,2023-06-20,2023-06-22,一级,邵兰-15715,邵兰,消费者,铜川,陕西,中国,西北,办公用-装订-10001165,办公用品,装订机,"Cardinal 打孔机, 回收",272.16,2,0.0,54.32
3863,CN-202022-1340062,2023-09-30,2023-10-05,标准级,洪强-19345,洪强,公司,太原,山西,中国,华北,办公用-收纳-10001749,办公用品,收纳具,"Rogers 锁柜, 工业",2969.4,3,0.0,1039.08
3870,CN-202022-3904829,2023-12-03,2023-12-05,二级,涂辉-12655,涂辉,小型企业,西昌,四川,中国,西南,办公用-收纳-10002840,办公用品,收纳具,"Fellowes 盒, 金属",350.0,4,0.0,48.72
3872,CN-202022-2203847,2023-10-18,2023-10-21,二级,冯娜-18460,冯娜,公司,琼山,海南,中国,中南,办公用-用品-10001871,办公用品,用品,"Fiskars 开信刀, 蓝色",391.02,3,0.0,85.68
3877,CN-202022-3815654,2023-01-31,2023-02-05,标准级,李雯-21730,李雯,小型企业,无锡,江苏,中国,华东,办公用-美术-10003628,办公用品,美术,"Boston 荧光笔, 蓝色",52.836,3,0.8,-110.964
3885,US-202022-5364655,2023-05-06,2023-05-11,标准级,俞明-18325,俞明,消费者,江门,广东,中国,中南,办公用-收纳-10002196,办公用品,收纳具,"Fellowes 文件车, 单宽度",3204.6,5,0.0,384.3
3886,US-202022-5364655,2023-05-06,2023-05-11,标准级,俞明-18325,俞明,消费者,江门,广东,中国,中南,家具-椅子-10002162,家具,椅子,"Hon 摇椅, 可调",1118.124,2,0.1,385.084
3887,CN-202022-2932548,2023-04-09,2023-04-13,标准级,胡锦-14860,胡锦,公司,天津,天津,中国,华北,家具-椅子-10001207,家具,椅子,"Office Star 扶手椅, 可调",4385.92,2,0.0,2061.36
3888,CN-202022-2932548,2023-04-09,2023-04-13,标准级,胡锦-14860,胡锦,公司,天津,天津,中国,华北,办公用-装订-10004829,办公用品,装订机,"Avery 孔加固材料, 透明",144.48,8,0.0,33.6
3889,CN-202022-2932548,2023-04-09,2023-04-13,标准级,胡锦-14860,胡锦,公司,天津,天津,中国,华北,办公用-标签-10002541,办公用品,标签,"Harbour Creations 运输标签, 可调",305.76,7,0.0,42.14
3890,CN-202022-1637441,2023-10-23,2023-10-25,二级,胡宣-20890,胡宣,公司,七台河,黑龙江,中国,东北,办公用-器具-10002746,办公用品,器具,"Cuisinart 咖啡研磨机, 银色",1469.44,8,0.0,101.92
3891,CN-202022-1637441,2023-10-23,2023-10-25,二级,胡宣-20890,胡宣,公司,七台河,黑龙江,中国,东北,办公用-装订-10004764,办公用品,装订机,"Avery 装订机盖, 透明",49.14,1,0.0,14.7
3892,CN-202022-1637441,2023-10-23,2023-10-25,二级,胡宣-20890,胡宣,公司,七台河,黑龙江,中国,东北,办公用-收纳-10004384,办公用品,收纳具,"Smead 锁柜, 金属",4608.1,5,0.0,2165.8
3896,US-202022-4575912,2023-12-13,2023-12-20,标准级,邱博-10495,邱博,公司,曲靖,云南,中国,西南,技术-复印-10001080,技术,复印机,"夏普 无线传真机, 彩色",8004.864,6,0.2,-1901.256
3897,CN-202022-3103245,2023-05-15,2023-05-19,标准级,沈彩-10750,沈彩,消费者,兴城,辽宁,中国,东北,办公用-用品-10001248,办公用品,用品,"Elite 大剪刀, 工业",408.492,3,0.4,-177.408
3898,CN-202022-3103245,2023-05-15,2023-05-19,标准级,沈彩-10750,沈彩,消费者,兴城,辽宁,中国,东北,技术-复印-10000037,技术,复印机,"佳能 墨水, 每套两件",1236.06,3,0.4,-82.74
3899,CN-202022-3103245,2023-05-15,2023-05-19,标准级,沈彩-10750,沈彩,消费者,兴城,辽宁,中国,东北,技术-电话-10002846,技术,电话,"三星 音频基座, 混合尺寸",1425.312,3,0.4,23.352
3903,CN-202022-2779535,2023-06-17,2023-06-20,二级,郝立-16765,郝立,消费者,平顶山,河南,中国,中南,家具-用具-10000539,家具,用具,"Tenex 门挡, 一包多件",1230.6,6,0.0,418.32
3904,CN-202022-2964244,2023-08-23,2023-08-26,一级,潘谙-18820,潘谙,消费者,石家庄,河北,中国,华北,办公用-装订-10001192,办公用品,装订机,"Avery 标签, 透明",54.04,2,0.0,19.88
3905,CN-202022-1230612,2023-01-19,2023-01-21,一级,武欢-14260,武欢,小型企业,江门,广东,中国,中南,办公用-器具-10003452,办公用品,器具,"KitchenAid 搅拌机, 黑色",917.28,2,0.0,366.8
3906,CN-202022-1230612,2023-01-19,2023-01-21,一级,武欢-14260,武欢,小型企业,江门,广东,中国,中南,办公用-用品-10004471,办公用品,用品,"Kleencut 大剪刀, 钢",1077.3,5,0.0,484.4
3907,CN-202022-1230612,2023-01-19,2023-01-21,一级,武欢-14260,武欢,小型企业,江门,广东,中国,中南,家具-椅子-10003570,家具,椅子,"Harbour Creations 凳子, 每套两件",1531.908,2,0.1,459.508
3910,CN-202022-3240329,2023-08-30,2023-09-03,标准级,毛刚-13165,毛刚,消费者,密山,黑龙江,中国,东北,家具-用具-10001691,家具,用具,"Eldon 灯泡, 优质",444.64,4,0.0,62.16
3913,CN-202022-2831197,2023-02-19,2023-02-22,二级,邹丽-17680,邹丽雪,小型企业,禄步,广东,中国,中南,办公用-用品-10000963,办公用品,用品,"Fiskars 开信刀, 钢",382.62,3,0.0,149.1
3915,CN-202022-3773206,2023-09-27,2023-09-30,二级,钱涛-21145,钱涛,公司,西宁,青海,中国,西北,家具-椅子-10003924,家具,椅子,"Novimex 扶手椅, 可调",4297.44,2,0.0,1589.84
3916,CN-202022-1435617,2023-11-06,2023-11-11,标准级,施立-16690,施立伟,公司,义乌,浙江,中国,华东,办公用-标签-10003944,办公用品,标签,"Harbour Creations 圆形标签, 白色",63.0,2,0.0,6.72
3917,US-202022-4870971,2023-11-13,2023-11-18,标准级,谢聪-11665,谢聪,消费者,钟祥,湖北,中国,中南,办公用-收纳-10000652,办公用品,收纳具,"Eldon 文件夹, 金属",74.9,1,0.0,34.44
3918,US-202022-4870971,2023-11-13,2023-11-18,标准级,谢聪-11665,谢聪,消费者,钟祥,湖北,中国,中南,技术-配件-10002874,技术,配件,"Enermax 键区, 可编程",494.172,3,0.4,82.152
3920,CN-202022-3497234,2023-06-26,2023-07-02,标准级,孟虢-13540,孟虢,消费者,重庆,重庆,中国,西南,技术-配件-10002679,技术,配件,"Enermax 路由器, 实惠",1205.54,1,0.0,277.2
3921,CN-202022-3497234,2023-06-26,2023-07-02,标准级,孟虢-13540,孟虢,消费者,重庆,重庆,中国,西南,家具-椅子-10002686,家具,椅子,"Novimex 沙滩椅, 黑色",609.42,3,0.0,146.16
3922,CN-202022-3497234,2023-06-26,2023-07-02,标准级,孟虢-13540,孟虢,消费者,重庆,重庆,中国,西南,办公用-系固-10002825,办公用品,系固件,"Advantus 订书钉, 整包",101.36,2,0.0,23.24
3944,CN-202022-2571041,2023-08-19,2023-08-23,标准级,李谙-18775,李谙,小型企业,南宁,广西,中国,中南,办公用-纸张-10001757,办公用品,纸张,"SanDisk 计划信息表, 回收",221.48,2,0.0,79.52
3945,CN-202022-5308381,2023-12-31,2024-01-04,标准级,巩嫒-10045,巩嫒,公司,上海,上海,中国,华东,办公用-纸张-10004837,办公用品,纸张,"SanDisk 笔记本, 优质",695.8,5,0.0,104.3
3946,CN-202022-5308381,2023-12-31,2024-01-04,标准级,巩嫒-10045,巩嫒,公司,上海,上海,中国,华东,办公用-标签-10004363,办公用品,标签,"Smead 圆形标签, 白色",64.4,2,0.0,15.4
3963,CN-202022-4302272,2023-12-31,2024-01-05,标准级,韦实-20275,韦实,消费者,北京,北京,中国,华北,办公用-器具-10001375,办公用品,器具,"Hamilton Beach 微波炉, 红色",2636.76,2,0.0,395.36
3973,CN-202022-5966135,2023-09-13,2023-09-19,标准级,武磊-16150,武磊,公司,常州,江苏,中国,华东,家具-椅子-10003692,家具,椅子,"SAFCO 扶手椅, 红色",1292.004,1,0.4,86.044
3975,US-202022-1538609,2023-11-08,2023-11-12,标准级,周诚-11275,周诚,公司,武汉,湖北,中国,中南,技术-电话-10003816,技术,电话,"摩托罗拉 耳机, 全尺寸",453.768,2,0.4,-121.072
3976,CN-202022-3847012,2023-07-08,2023-07-12,标准级,曹灵-17590,曹灵,公司,郸城,河南,中国,中南,办公用-标签-10004932,办公用品,标签,"Novimex 运输标签, 红色",201.6,4,0.0,84.56
3977,CN-202022-3847012,2023-07-08,2023-07-12,标准级,曹灵-17590,曹灵,公司,郸城,河南,中国,中南,办公用-用品-10000602,办公用品,用品,"Fiskars 修剪器, 蓝色",394.8,2,0.0,193.2
3978,CN-202022-3847012,2023-07-08,2023-07-12,标准级,曹灵-17590,曹灵,公司,郸城,河南,中国,中南,办公用-系固-10002226,办公用品,系固件,"Advantus 图钉, 金属",255.92,4,0.0,66.08
3990,CN-202022-3017568,2023-10-30,2023-11-02,二级,王立-16585,王立勤,公司,开远,云南,中国,西南,办公用-纸张-10003708,办公用品,纸张,"Eaton 计划信息表, 每包 12 个",346.08,3,0.0,17.22
3991,CN-202022-3017568,2023-10-30,2023-11-02,二级,王立-16585,王立勤,公司,开远,云南,中国,西南,办公用-美术-10004503,办公用品,美术,"BIC 画布, 混合尺寸",2919.84,11,0.0,642.18
3992,CN-202022-3017568,2023-10-30,2023-11-02,二级,王立-16585,王立勤,公司,开远,云南,中国,西南,办公用-收纳-10003736,办公用品,收纳具,"Rogers 文件夹, 单宽度",1003.52,7,0.0,290.08
4010,US-202022-5844938,2023-03-18,2023-03-20,二级,牛黎-16390,牛黎明,公司,莆田,福建,中国,华东,办公用-收纳-10003461,办公用品,收纳具,"Tenex 文件夹, 工业",663.6,6,0.0,0.0
4022,CN-202022-2900587,2023-05-06,2023-05-10,标准级,钱崆-15490,钱崆,消费者,浯溪,湖南,中国,中南,办公用-标签-10001566,办公用品,标签,"Hon 运输标签, 红色",261.1,5,0.0,65.1
4024,CN-202022-2605699,2023-07-30,2023-08-02,二级,邱芯-13930,邱芯,消费者,赤峰,内蒙古,中国,华北,办公用-标签-10002476,办公用品,标签,"Avery 圆形标签, 白色",66.64,2,0.0,18.48
4026,CN-202022-5434393,2023-06-10,2023-06-14,标准级,曹冬-12445,曹冬露,消费者,郴州,湖南,中国,中南,办公用-收纳-10001132,办公用品,收纳具,"Rogers 盒, 单宽度",224.0,2,0.0,8.96
4027,CN-202022-5434393,2023-06-10,2023-06-14,标准级,曹冬-12445,曹冬露,消费者,郴州,湖南,中国,中南,家具-椅子-10000989,家具,椅子,"Office Star 摇椅, 每套两件",601.272,1,0.1,-46.788
4068,CN-202022-4475873,2023-08-12,2023-08-16,二级,杨德-12250,杨德伟,公司,长清,山东,中国,华东,技术-电话-10001271,技术,电话,"摩托罗拉 耳机, 整包",745.08,2,0.0,260.68
4069,CN-202022-5940390,2023-06-25,2023-06-27,二级,邓实-20245,邓实,消费者,石家庄,河北,中国,华北,办公用-信封-10004375,办公用品,信封,"Cameo 商业信封, 每套 50 个",395.5,5,0.0,189.7
4070,CN-202022-5940390,2023-06-25,2023-06-27,二级,邓实-20245,邓实,消费者,石家庄,河北,中国,华北,办公用-标签-10000258,办公用品,标签,"Harbour Creations 文件夹标签, 红色",119.7,3,0.0,29.82
4080,US-202022-2560726,2023-10-19,2023-10-25,标准级,殷昌-11080,殷昌,消费者,毕节,贵州,中国,西南,办公用-装订-10004560,办公用品,装订机,"Wilson Jones 装订机盖, 耐用",177.66,3,0.0,67.2
4084,CN-202022-1718050,2023-11-11,2023-11-13,二级,邵兰-15715,邵兰,消费者,北京,北京,中国,华北,办公用-纸张-10002588,办公用品,纸张,"Eaton 羊皮纸, 回收",624.4,10,0.0,30.8
4085,CN-202022-1718050,2023-11-11,2023-11-13,二级,邵兰-15715,邵兰,消费者,北京,北京,中国,华北,办公用-纸张-10001146,办公用品,纸张,"施乐 羊皮纸, 多色",479.22,7,0.0,28.42
4086,CN-202022-1718050,2023-11-11,2023-11-13,二级,邵兰-15715,邵兰,消费者,北京,北京,中国,华北,技术-复印-10003326,技术,复印机,"夏普 复印机, 彩色",12363.12,11,0.0,4944.94
4087,CN-202022-1718050,2023-11-11,2023-11-13,二级,邵兰-15715,邵兰,消费者,北京,北京,中国,华北,办公用-收纳-10003152,办公用品,收纳具,"Smead 盒, 金属",91.84,2,0.0,20.16
4088,CN-202022-1718050,2023-11-11,2023-11-13,二级,邵兰-15715,邵兰,消费者,北京,北京,中国,华北,家具-椅子-10000676,家具,椅子,"SAFCO 椅垫, 可调",1744.68,6,0.0,802.2
4089,CN-202022-1718050,2023-11-11,2023-11-13,二级,邵兰-15715,邵兰,消费者,北京,北京,中国,华北,办公用-用品-10002441,办公用品,用品,"Fiskars 尺子, 蓝色",269.36,4,0.0,15.68
4090,CN-202022-1718050,2023-11-11,2023-11-13,二级,邵兰-15715,邵兰,消费者,北京,北京,中国,华北,办公用-用品-10003397,办公用品,用品,"Acme 开信刀, 钢",414.54,3,0.0,45.36
4096,CN-202022-2930075,2023-09-25,2023-09-27,二级,彭欢-14230,彭欢,公司,德州,山东,中国,华东,办公用-收纳-10004714,办公用品,收纳具,"Smead 盒, 单宽度",50.4,1,0.0,22.12
4097,CN-202022-3668469,2023-12-05,2023-12-09,标准级,田谙-18865,田谙,消费者,杭州,浙江,中国,华东,技术-设备-10000548,技术,设备,"柯尼卡 收据打印机, 耐用",1027.908,3,0.4,68.208
4098,US-202022-2770008,2023-05-21,2023-05-27,标准级,夏明-18355,夏明媚,公司,长春,吉林,中国,东北,家具-用具-10003917,家具,用具,"Tenex 闹钟, 一包多件",939.12,4,0.0,150.08
4101,CN-202022-5873075,2023-10-18,2023-10-22,标准级,陈丽-17605,陈丽雪,公司,汕头,广东,中国,中南,技术-配件-10002880,技术,配件,"Enermax 鼠标, 耐用",1701.0,9,0.0,118.44
4102,CN-202022-5873075,2023-10-18,2023-10-22,标准级,陈丽-17605,陈丽雪,公司,汕头,广东,中国,中南,家具-书架-10004880,家具,书架,"宜家 书库, 白色",3415.16,2,0.0,956.2
4103,CN-202022-3702485,2023-05-18,2023-05-22,标准级,常君-15145,常君,公司,天津,天津,中国,华北,家具-书架-10000720,家具,书架,"Bush 柜, 白色",1361.64,2,0.0,394.8
4104,CN-202022-3702485,2023-05-18,2023-05-22,标准级,常君-15145,常君,公司,天津,天津,中国,华北,办公用-用品-10001494,办公用品,用品,"Kleencut 美工刀, 钢",317.8,2,0.0,76.16
4114,CN-202022-2518780,2023-03-19,2023-03-22,一级,何根-13225,何根基,公司,德州,山东,中国,华东,办公用-美术-10000463,办公用品,美术,"Binney & Smith 钢笔, 蓝色",278.6,5,0.0,83.3
4115,CN-202022-2018203,2023-09-09,2023-09-14,标准级,邱丽-17620,邱丽雪,公司,保定,河北,中国,华北,办公用-系固-10000178,办公用品,系固件,"Stockwell 按钉, 每包 12 个",125.16,2,0.0,12.32
4116,CN-202022-4121606,2023-01-07,2023-01-12,标准级,楚伟-21445,楚伟,公司,哈尔滨,黑龙江,中国,东北,家具-椅子-10001812,家具,椅子,"Harbour Creations 折叠椅, 可调",936.88,2,0.0,290.36
4117,CN-202022-4121606,2023-01-07,2023-01-12,标准级,楚伟-21445,楚伟,公司,哈尔滨,黑龙江,中国,东北,技术-配件-10000459,技术,配件,"Memorex 路由器, 实惠",5744.9,5,0.0,2067.8
4118,CN-202022-4121606,2023-01-07,2023-01-12,标准级,楚伟-21445,楚伟,公司,哈尔滨,黑龙江,中国,东北,家具-桌子-10004814,家具,桌子,"Lesro 电脑桌, 组装",1504.335,1,0.25,481.355
4121,CN-202022-5679752,2023-09-26,2023-10-02,标准级,范宁-18685,范宁,小型企业,武汉,湖北,中国,中南,家具-椅子-10001595,家具,椅子,"Office Star 凳子, 红色",974.064,2,0.4,48.664
4124,CN-202022-2330845,2023-05-02,2023-05-06,二级,邓实-20245,邓实,消费者,烟台,山东,中国,华东,办公用-信封-10000814,办公用品,信封,"Cameo 商业信封, 红色",286.86,3,0.0,123.06
4126,CN-202022-2828982,2023-03-28,2023-04-01,标准级,范恒-13615,范恒,消费者,北票,辽宁,中国,东北,办公用-收纳-10000254,办公用品,收纳具,"Tenex 文件夹, 单宽度",434.0,4,0.0,12.88
4127,CN-202022-2062805,2023-12-12,2023-12-14,二级,蒋雯-21670,蒋雯,消费者,合肥,安徽,中国,华东,家具-椅子-10002368,家具,椅子,"Office Star 扶手椅, 红色",4362.68,2,0.0,1526.84
4134,CN-202022-2900587,2023-05-17,2023-05-21,标准级,黄丽-15835,黄丽,消费者,无锡,江苏,中国,华东,家具-书架-10001061,家具,书架,"Safco 古典书架, 金属",7351.848,6,0.4,-3063.312
4135,CN-202022-2900587,2023-05-17,2023-05-21,标准级,黄丽-15835,黄丽,消费者,无锡,江苏,中国,华东,技术-配件-10000080,技术,配件,"Memorex 键区, 可编程",523.152,4,0.4,-26.208
4143,CN-202022-2234207,2023-04-30,2023-05-04,标准级,洪梦-18205,洪梦,公司,信阳,河南,中国,中南,技术-配件-10000138,技术,配件,"贝尔金 鼠标, 可编程",590.94,3,0.0,47.04
4148,CN-202022-4347413,2023-05-01,2023-05-06,标准级,杨立-16600,杨立勤,公司,开原,辽宁,中国,东北,办公用-纸张-10002428,办公用品,纸张,"施乐 信纸, 多色",432.88,2,0.0,207.76
4156,CN-202022-4957098,2023-01-31,2023-02-05,标准级,徐婵-11005,徐婵,小型企业,宿州,安徽,中国,华东,技术-配件-10002869,技术,配件,"贝尔金 记忆卡, 回收",2627.8,5,0.0,1234.8
4157,CN-202022-4957098,2023-01-31,2023-02-05,标准级,徐婵-11005,徐婵,小型企业,宿州,安徽,中国,华东,办公用-装订-10000225,办公用品,装订机,"Cardinal 装订机盖, 透明",106.96,2,0.0,36.12
4164,CN-202022-4171126,2023-02-12,2023-02-14,一级,熊荣-19720,熊荣,消费者,上海,上海,中国,华东,办公用-标签-10000258,办公用品,标签,"Harbour Creations 文件夹标签, 红色",119.7,3,0.0,29.82
4165,CN-202022-4171126,2023-02-12,2023-02-14,一级,熊荣-19720,熊荣,消费者,上海,上海,中国,华东,技术-复印-10004642,技术,复印机,"夏普 传真机, 每套两件",5518.8,4,0.0,607.04
4166,CN-202022-4171126,2023-02-12,2023-02-14,一级,熊荣-19720,熊荣,消费者,上海,上海,中国,华东,办公用-收纳-10003199,办公用品,收纳具,"Fellowes 锁柜, 金属",6742.4,7,0.0,66.64
4174,CN-202022-2280831,2023-08-17,2023-08-23,标准级,陈磊-15970,陈磊,消费者,天津,天津,中国,华北,技术-电话-10003816,技术,电话,"摩托罗拉 耳机, 全尺寸",2268.84,6,0.0,544.32
4175,CN-202022-2280831,2023-08-17,2023-08-23,标准级,陈磊-15970,陈磊,消费者,天津,天津,中国,华北,办公用-标签-10001294,办公用品,标签,"Hon 合法证物标签, 耐用",315.0,6,0.0,90.72
4176,CN-202022-2280831,2023-08-17,2023-08-23,标准级,陈磊-15970,陈磊,消费者,天津,天津,中国,华北,技术-配件-10002679,技术,配件,"Enermax 路由器, 实惠",4822.16,4,0.0,1108.8
4177,CN-202022-3211633,2023-11-25,2023-11-30,标准级,赖聪-11680,赖聪,消费者,乐山,四川,中国,西南,办公用-信封-10004437,办公用品,信封,"Jiffy 局间信封, 回收",422.24,2,0.0,8.4
4178,CN-202022-3211633,2023-11-25,2023-11-30,标准级,赖聪-11680,赖聪,消费者,乐山,四川,中国,西南,办公用-系固-10003093,办公用品,系固件,"OIC 图钉, 整包",315.168,8,0.4,-100.352
4179,CN-202022-3211633,2023-11-25,2023-11-30,标准级,赖聪-11680,赖聪,消费者,乐山,四川,中国,西南,技术-复印-10002448,技术,复印机,"夏普 传真机, 数字化",1653.624,2,0.4,-220.696
4180,CN-202022-3211633,2023-11-25,2023-11-30,标准级,赖聪-11680,赖聪,消费者,乐山,四川,中国,西南,家具-桌子-10003819,家具,桌子,"Chromcraft 圆桌, 黑色",1743.84,2,0.6,-1177.12
4181,CN-202022-3211633,2023-11-25,2023-11-30,标准级,赖聪-11680,赖聪,消费者,乐山,四川,中国,西南,家具-用具-10003847,家具,用具,"Deflect-O 框架, 黑色",2464.896,8,0.4,-699.104
4182,CN-202022-3211633,2023-11-25,2023-11-30,标准级,赖聪-11680,赖聪,消费者,乐山,四川,中国,西南,办公用-用品-10004419,办公用品,用品,"Acme 剪刀, 工业",75.768,1,0.4,-25.312
4183,CN-202022-3211633,2023-11-25,2023-11-30,标准级,赖聪-11680,赖聪,消费者,乐山,四川,中国,西南,办公用-纸张-10002493,办公用品,纸张,"Enermax 备忘录便条, 优质",219.24,3,0.0,43.68
4184,CN-202022-3211633,2023-11-25,2023-11-30,标准级,赖聪-11680,赖聪,消费者,乐山,四川,中国,西南,技术-复印-10000101,技术,复印机,"惠普 个人复印机, 彩色",1408.176,4,0.4,-657.664
4185,CN-202022-3211633,2023-11-25,2023-11-30,标准级,赖聪-11680,赖聪,消费者,乐山,四川,中国,西南,技术-复印-10004582,技术,复印机,"夏普 复印机, 红色",1330.56,2,0.4,-887.04
4190,US-202022-4479623,2023-06-18,2023-06-23,标准级,卢欢-14125,卢欢悦,小型企业,皇岗,广东,中国,中南,家具-椅子-10001337,家具,椅子,"Harbour Creations 凳子, 可调",2300.886,3,0.1,664.566
4191,US-202022-4479623,2023-06-18,2023-06-23,标准级,卢欢-14125,卢欢悦,小型企业,皇岗,广东,中国,中南,家具-椅子-10000670,家具,椅子,"Office Star 凳子, 可调",1482.012,2,0.1,279.692
4192,US-202022-4479623,2023-06-18,2023-06-23,标准级,卢欢-14125,卢欢悦,小型企业,皇岗,广东,中国,中南,技术-复印-10000302,技术,复印机,"Hewlett 个人复印机, 每套两件",2693.04,4,0.0,1184.4
4193,US-202022-4479623,2023-06-18,2023-06-23,标准级,卢欢-14125,卢欢悦,小型企业,皇岗,广东,中国,中南,办公用-收纳-10003897,办公用品,收纳具,"Rogers 搁板, 金属",1142.4,4,0.0,193.76
4194,US-202022-4479623,2023-06-18,2023-06-23,标准级,卢欢-14125,卢欢悦,小型企业,皇岗,广东,中国,中南,家具-书架-10001371,家具,书架,"Safco 古典书架, 传统",8178.8,4,0.0,2208.08
4195,US-202022-4479623,2023-06-18,2023-06-23,标准级,卢欢-14125,卢欢悦,小型企业,皇岗,广东,中国,中南,办公用-收纳-10004131,办公用品,收纳具,"Rogers 文件夹, 金属",833.28,6,0.0,308.28
4198,CN-202022-1172542,2023-08-15,2023-08-19,标准级,郝惠-14380,郝惠,消费者,海口,海南,中国,西南,办公用-收纳-10004374,办公用品,收纳具,"Smead 文件车, 工业",2405.76,4,0.0,456.96
4199,CN-202022-1172542,2023-08-15,2023-08-19,标准级,郝惠-14380,郝惠,消费者,海口,海南,中国,西南,家具-用具-10000753,家具,用具,"Deflect-O 灯泡, 一包多件",1244.6,14,0.0,484.12
4200,CN-202022-1172542,2023-08-15,2023-08-19,标准级,郝惠-14380,郝惠,消费者,海口,海南,中国,西南,办公用-标签-10000869,办公用品,标签,"Novimex 有色标签, 耐用",777.14,13,0.0,387.66
4201,CN-202022-1172542,2023-08-15,2023-08-19,标准级,郝惠-14380,郝惠,消费者,海口,海南,中国,西南,技术-复印-10001543,技术,复印机,"佳能 个人复印机, 彩色",538.272,1,0.2,73.892
4204,CN-202022-1141510,2023-11-21,2023-11-24,二级,夏惠-14320,夏惠英,消费者,镇江,江苏,中国,华东,办公用-纸张-10002096,办公用品,纸张,"Enermax 备忘录便条, 多色",159.32,2,0.0,6.16
4219,CN-202022-1755383,2023-05-14,2023-05-18,标准级,曹丽-15940,曹丽,小型企业,咸阳,陕西,中国,西北,办公用-美术-10003409,办公用品,美术,"Binney & Smith 记号笔, 整包",341.04,3,0.0,85.26
4220,CN-202022-1755383,2023-05-14,2023-05-18,标准级,曹丽-15940,曹丽,小型企业,咸阳,陕西,中国,西北,办公用-标签-10001184,办公用品,标签,"Harbour Creations 文件夹标签, 可调",92.82,3,0.0,12.6
4221,CN-202022-1755383,2023-05-14,2023-05-18,标准级,曹丽-15940,曹丽,小型企业,咸阳,陕西,中国,西北,办公用-装订-10002538,办公用品,装订机,"Acco 装订机, 透明",340.9,5,0.0,0.0
4234,CN-202022-3028018,2023-07-09,2023-07-13,标准级,范谙-18760,范谙,消费者,杭州,浙江,中国,华东,办公用-装订-10004617,办公用品,装订机,"Avery 打孔机, 回收",158.088,2,0.4,-92.232
4237,CN-202022-1947265,2023-11-19,2023-11-23,二级,潘惠-14425,潘惠,消费者,呼和浩特,内蒙古,中国,华北,办公用-收纳-10002059,办公用品,收纳具,"Tenex 搁板, 工业",2058.56,8,0.0,534.24
4242,CN-202022-1850111,2023-06-28,2023-07-01,一级,李谙-18775,李谙,小型企业,北京,北京,中国,华北,办公用-系固-10003721,办公用品,系固件,"Stockwell 图钉, 整包",183.96,3,0.0,64.26
4243,US-202022-4479623,2023-11-02,2023-11-07,二级,熊宣-20875,熊宣,消费者,廉江,广东,中国,中南,办公用-信封-10003126,办公用品,信封,"Ames 邮寄品, 回收",808.5,5,0.0,105.0
4244,CN-202022-4978724,2023-11-13,2023-11-20,标准级,陈丽-17605,陈丽雪,公司,聊城,山东,中国,华东,技术-配件-10003090,技术,配件,"Enermax 闪存驱动器, 回收",550.62,3,0.0,220.08
4245,CN-202022-4978724,2023-11-13,2023-11-20,标准级,陈丽-17605,陈丽雪,公司,聊城,山东,中国,华东,办公用-用品-10000347,办公用品,用品,"Stiletto 尺子, 锯齿状",108.08,2,0.0,15.96
4246,CN-202022-4978724,2023-11-13,2023-11-20,标准级,陈丽-17605,陈丽雪,公司,聊城,山东,中国,华东,家具-桌子-10004549,家具,桌子,"Chromcraft 会议桌, 黑色",12217.38,5,0.4,-5294.52
4252,CN-202022-5486414,2023-09-20,2023-09-24,标准级,秦黎-16300,秦黎明,公司,鄂州,湖北,中国,中南,技术-设备-10004777,技术,设备,"StarTech 计算器, 红色",415.632,4,0.4,-159.488
4263,CN-202022-3232413,2023-11-25,2023-11-29,标准级,方蔓-17950,方蔓楚,消费者,广州,广东,中国,中南,办公用-信封-10004068,办公用品,信封,"Ames 搭扣信封, 回收",168.0,6,0.0,23.52
4264,CN-202022-5386632,2023-10-28,2023-11-02,标准级,范谙-18760,范谙,消费者,鸡西,黑龙江,中国,东北,技术-复印-10000302,技术,复印机,"Hewlett 个人复印机, 每套两件",3366.3,5,0.0,1480.5
4270,CN-202022-1587245,2023-10-28,2023-11-02,标准级,邱荷-13690,邱荷,消费者,西安,陕西,中国,西北,办公用-美术-10001497,办公用品,美术,"Sanford 荧光笔, 整包",373.8,5,0.0,134.4
4278,CN-202022-3237233,2023-04-04,2023-04-08,标准级,徐蔓-17965,徐蔓楚,公司,仙桃,湖北,中国,中南,办公用-纸张-10000506,办公用品,纸张,"Enermax 羊皮纸, 优质",215.46,3,0.0,77.28
4279,CN-202022-3867173,2023-04-09,2023-04-13,标准级,马荣-19750,马荣,消费者,太原,山西,中国,华北,家具-椅子-10003924,家具,椅子,"Novimex 扶手椅, 可调",2148.72,1,0.0,794.92
4280,CN-202022-3867173,2023-04-09,2023-04-13,标准级,马荣-19750,马荣,消费者,太原,山西,中国,华北,办公用-美术-10004772,办公用品,美术,"Stanley 钢笔, 金属",105.56,2,0.0,6.16
4281,US-202022-3664982,2023-05-14,2023-05-16,二级,白聪-11695,白聪,公司,武汉,湖北,中国,中南,办公用-器具-10000088,办公用品,器具,"Breville 搅拌机, 红色",1010.688,4,0.4,-505.792
4292,CN-202022-4141331,2023-02-05,2023-02-12,标准级,方惠-14350,方惠,消费者,北京,北京,中国,华北,家具-书架-10001586,家具,书架,"Dania 墙角架, 白色",1744.26,3,0.0,540.54
4293,CN-202022-4141331,2023-02-05,2023-02-12,标准级,方惠-14350,方惠,消费者,北京,北京,中国,华北,家具-椅子-10004126,家具,椅子,"Novimex 折叠椅, 黑色",1862.0,5,0.0,111.3
4302,US-202022-1640388,2023-10-21,2023-10-26,二级,曹琼-19675,曹琼,小型企业,盐城,江苏,中国,华东,家具-书架-10003672,家具,书架,"Safco 书库, 传统",1091.412,1,0.4,-363.888
4312,CN-202022-3526566,2023-11-27,2023-12-01,标准级,黄雯-21715,黄雯,小型企业,宁阳,山东,中国,华东,办公用-纸张-10004087,办公用品,纸张,"Eaton 计划信息表, 回收",382.48,4,0.0,34.16
4351,CN-202022-5834341,2023-01-25,2023-01-28,一级,楚伟-21445,楚伟,公司,乌海,内蒙古,中国,华北,办公用-收纳-10001262,办公用品,收纳具,"Eldon 搁板, 金属",443.24,2,0.0,124.04
4352,CN-202022-5834341,2023-01-25,2023-01-28,一级,楚伟-21445,楚伟,公司,乌海,内蒙古,中国,华北,办公用-用品-10004001,办公用品,用品,"Fiskars 剪刀, 工业",208.152,3,0.4,-59.388
4355,CN-202022-4027651,2023-12-19,2023-12-24,标准级,范娜-18445,范娜,小型企业,北京,北京,中国,华北,办公用-器具-10000068,办公用品,器具,"Hamilton Beach 咖啡研磨机, 白色",571.2,3,0.0,239.82
4356,CN-202022-4027651,2023-12-19,2023-12-24,标准级,范娜-18445,范娜,小型企业,北京,北京,中国,华北,办公用-装订-10000662,办公用品,装订机,"Cardinal 装订机盖, 耐用",567.0,9,0.0,22.68
4357,CN-202022-4027651,2023-12-19,2023-12-24,标准级,范娜-18445,范娜,小型企业,北京,北京,中国,华北,办公用-系固-10001531,办公用品,系固件,"OIC 橡皮筋, 整包",159.32,2,0.0,26.88
4365,CN-202022-1734605,2023-01-30,2023-02-04,标准级,楚丽-17320,楚丽丽,小型企业,邓州,河南,中国,中南,办公用-装订-10003079,办公用品,装订机,"Acco 标签, 实惠",160.16,4,0.0,73.36
4367,CN-202022-1086295,2023-06-21,2023-06-25,标准级,巩荷-13720,巩荷,消费者,天津,天津,中国,华北,办公用-装订-10003487,办公用品,装订机,"Avery 装订机盖, 回收",160.02,3,0.0,30.24
4368,CN-202022-1086295,2023-06-21,2023-06-25,标准级,巩荷-13720,巩荷,消费者,天津,天津,中国,华北,办公用-信封-10002073,办公用品,信封,"Kraft 局间信封, 银色",1841.28,8,0.0,404.32
4369,CN-202022-1086295,2023-06-21,2023-06-25,标准级,巩荷-13720,巩荷,消费者,天津,天津,中国,华北,办公用-美术-10000831,办公用品,美术,"Binney & Smith 钢笔, 金属",123.2,2,0.0,6.16
4370,CN-202022-1086295,2023-06-21,2023-06-25,标准级,巩荷-13720,巩荷,消费者,天津,天津,中国,华北,办公用-信封-10002707,办公用品,信封,"Cameo 局间信封, 每套 50 个",442.68,2,0.0,168.0
4371,CN-202022-1086295,2023-06-21,2023-06-25,标准级,巩荷-13720,巩荷,消费者,天津,天津,中国,华北,办公用-用品-10004652,办公用品,用品,"Stiletto 开信刀, 钢",388.92,3,0.0,19.32
4375,CN-202022-3350819,2023-08-29,2023-08-31,一级,谭琼-19660,谭琼,小型企业,广州,广东,中国,中南,办公用-用品-10000818,办公用品,用品,"Elite 剪刀, 钢",204.68,2,0.0,16.24
4376,CN-202022-3350819,2023-08-29,2023-08-31,一级,谭琼-19660,谭琼,小型企业,广州,广东,中国,中南,家具-椅子-10000329,家具,椅子,"Novimex 扶手椅, 红色",3846.78,2,0.1,769.3
4410,CN-202022-3504524,2023-03-18,2023-03-21,二级,葛乐-17755,葛乐,小型企业,大同,安徽,中国,华东,办公用-纸张-10002327,办公用品,纸张,"Enermax 信纸, 每包 12 个",717.36,3,0.0,150.36
4411,CN-202022-3504524,2023-03-18,2023-03-21,二级,葛乐-17755,葛乐,小型企业,大同,安徽,中国,华东,技术-设备-10003739,技术,设备,"松下 打印机, 白色",2472.4,2,0.0,988.96
4412,CN-202022-3504524,2023-03-18,2023-03-21,二级,葛乐-17755,葛乐,小型企业,大同,安徽,中国,华东,办公用-收纳-10000923,办公用品,收纳具,"Tenex 文件车, 工业",1256.36,2,0.0,464.8
4418,US-202022-3670764,2023-07-08,2023-07-11,一级,唐安-10240,唐安,消费者,石家庄,河北,中国,华北,家具-椅子-10004059,家具,椅子,"Novimex 扶手椅, 每套两件",10738.0,5,0.0,1824.9
4419,US-202022-3670764,2023-07-08,2023-07-11,一级,唐安-10240,唐安,消费者,石家庄,河北,中国,华北,家具-用具-10003909,家具,用具,"Eldon 分层置放架, 一包多件",736.4,5,0.0,95.2
4420,US-202022-3670764,2023-07-08,2023-07-11,一级,唐安-10240,唐安,消费者,石家庄,河北,中国,华北,办公用-美术-10000775,办公用品,美术,"Sanford 记号笔, 整包",109.76,1,0.0,13.16
4421,US-202022-3670764,2023-07-08,2023-07-11,一级,唐安-10240,唐安,消费者,石家庄,河北,中国,华北,技术-电话-10003796,技术,电话,"思科 办公室电话机, 蓝色",2628.36,7,0.0,314.58
4422,US-202022-3670764,2023-07-08,2023-07-11,一级,唐安-10240,唐安,消费者,石家庄,河北,中国,华北,技术-电话-10004197,技术,电话,"摩托罗拉 耳机, 混合尺寸",770.84,2,0.0,308.28
4423,US-202022-3670764,2023-07-08,2023-07-11,一级,唐安-10240,唐安,消费者,石家庄,河北,中国,华北,技术-复印-10000334,技术,复印机,"Hewlett 无线传真机, 数字化",10635.24,6,0.0,1807.68
4424,US-202022-3670764,2023-07-08,2023-07-11,一级,唐安-10240,唐安,消费者,石家庄,河北,中国,华北,办公用-装订-10001290,办公用品,装订机,"Ibico 装订机, 透明",348.6,5,0.0,62.3
4425,CN-202022-4719760,2023-05-08,2023-05-12,标准级,贾柏-18910,贾柏,小型企业,北京,北京,中国,华北,家具-书架-10003069,家具,书架,"Safco 搁架, 金属",3662.4,4,0.0,1208.48
4428,CN-202022-4682811,2023-05-15,2023-05-18,二级,孙斯-21010,孙斯云,消费者,临海,浙江,中国,华东,技术-配件-10000207,技术,配件,"Enermax 闪存驱动器, 实惠",232.512,2,0.4,11.592
4430,CN-202022-5048976,2023-03-03,2023-03-09,标准级,余嫒-10075,余嫒,公司,广州,广东,中国,中南,办公用-装订-10001062,办公用品,装订机,"Acco 订书机, 回收",1440.6,6,0.0,330.96
4437,CN-202022-2265001,2023-11-26,2023-12-03,标准级,徐蔓-17965,徐蔓楚,公司,铜陵,安徽,中国,华东,办公用-装订-10001828,办公用品,装订机,"Wilson Jones 装订机, 实惠",243.04,4,0.0,53.2
4438,CN-202022-3064630,2023-07-02,2023-07-07,标准级,邱谦-19255,邱谦,公司,重庆,重庆,中国,西南,办公用-收纳-10000932,办公用品,收纳具,"Rogers 文件夹, 蓝色",429.66,3,0.0,206.22
4439,CN-202022-3064630,2023-07-02,2023-07-07,标准级,邱谦-19255,邱谦,公司,重庆,重庆,中国,西南,办公用-收纳-10001011,办公用品,收纳具,"Fellowes 文件夹, 金属",356.58,3,0.0,24.78
4446,CN-202022-3438839,2023-12-05,2023-12-11,标准级,万达-11815,万达侠,公司,济宁,山东,中国,华东,办公用-标签-10003689,办公用品,标签,"Avery 圆形标签, 耐用",175.7,5,0.0,85.4
4447,CN-202022-3438839,2023-12-05,2023-12-11,标准级,万达-11815,万达侠,公司,济宁,山东,中国,华东,家具-椅子-10002162,家具,椅子,"Hon 摇椅, 可调",1863.54,3,0.0,763.98
4452,US-202022-2560726,2023-10-30,2023-11-06,标准级,龙谦-19300,龙谦,消费者,襄城,河南,中国,中南,家具-书架-10000942,家具,书架,"Dania 柜, 黑色",3332.0,5,0.0,833.0
4453,US-202022-2560726,2023-10-30,2023-11-06,标准级,龙谦-19300,龙谦,消费者,襄城,河南,中国,中南,办公用-美术-10001370,办公用品,美术,"Stanley 记号笔, 金属",262.752,3,0.2,-59.388
4454,US-202022-2560726,2023-10-30,2023-11-06,标准级,龙谦-19300,龙谦,消费者,襄城,河南,中国,中南,办公用-美术-10001431,办公用品,美术,"Sanford 钢笔, 蓝色",82.88,2,0.2,-17.64
4455,US-202022-2560726,2023-10-30,2023-11-06,标准级,龙谦-19300,龙谦,消费者,襄城,河南,中国,中南,办公用-纸张-10002327,办公用品,纸张,"Enermax 信纸, 每包 12 个",1673.84,7,0.0,350.84
4466,CN-202022-5569894,2023-07-02,2023-07-06,标准级,卢伟-21520,卢伟,消费者,内江,四川,中国,西南,办公用-标签-10004405,办公用品,标签,"Avery 文件夹标签, 白色",127.68,3,0.0,2.52
4467,CN-202022-5569894,2023-07-02,2023-07-06,标准级,卢伟-21520,卢伟,消费者,内江,四川,中国,西南,家具-用具-10003344,家具,用具,"Advantus 闹钟, 耐用",271.152,2,0.4,-27.328
4472,CN-202022-1887568,2023-10-01,2023-10-06,标准级,杨立-16600,杨立勤,公司,广州,广东,中国,中南,家具-书架-10004069,家具,书架,"宜家 书架, 金属",1139.04,2,0.0,11.2
4490,CN-202022-1787632,2023-11-16,2023-11-21,标准级,俞荷-13780,俞荷,消费者,重庆,重庆,中国,西南,办公用-信封-10004630,办公用品,信封,"Ames 马尼拉纸信封, 回收",328.86,3,0.0,32.76
4491,US-202022-2544332,2023-12-31,2024-01-04,标准级,陈霖-17500,陈霖,消费者,温州,浙江,中国,华东,办公用-装订-10000833,办公用品,装订机,"Acco 装订机, 耐用",93.24,2,0.4,-17.36
4492,US-202022-2544332,2023-12-31,2024-01-04,标准级,陈霖-17500,陈霖,消费者,温州,浙江,中国,华东,办公用-系固-10004142,办公用品,系固件,"Accos 按钉, 整包",284.592,7,0.4,-95.648
4493,US-202022-2544332,2023-12-31,2024-01-04,标准级,陈霖-17500,陈霖,消费者,温州,浙江,中国,华东,办公用-器具-10002669,办公用品,器具,"Breville 烤面包机, 白色",1047.9,5,0.4,-17.5
4496,CN-202022-2313079,2023-06-25,2023-06-25,当日,韦华-14095,韦华,公司,上海,上海,中国,华东,家具-书架-10004171,家具,书架,"Bush 搁架, 白色",6488.16,8,0.0,1880.48
4497,CN-202022-2313079,2023-06-25,2023-06-25,当日,韦华-14095,韦华,公司,上海,上海,中国,华东,家具-书架-10003499,家具,书架,"宜家 书库, 金属",5079.9,3,0.0,914.34
4498,CN-202022-2313079,2023-06-25,2023-06-25,当日,韦华-14095,韦华,公司,上海,上海,中国,华东,办公用-装订-10004816,办公用品,装订机,"Wilson Jones 标签, 回收",63.56,2,0.0,29.12
4499,CN-202022-2313079,2023-06-25,2023-06-25,当日,韦华-14095,韦华,公司,上海,上海,中国,华东,家具-用具-10002269,家具,用具,"Rubvermaid 闹钟, 耐用",1761.76,8,0.0,210.56
4500,CN-202022-2313079,2023-06-25,2023-06-25,当日,韦华-14095,韦华,公司,上海,上海,中国,华东,办公用-器具-10004554,办公用品,器具,"Hoover 炉灶, 黑色",5300.4,2,0.0,1484.0
4501,CN-202022-2313079,2023-06-25,2023-06-25,当日,韦华-14095,韦华,公司,上海,上海,中国,华东,技术-设备-10004218,技术,设备,"松下 收据打印机, 多色",1128.4,2,0.0,530.32
4502,CN-202022-1069751,2023-04-04,2023-04-07,一级,武杰-14815,武杰,小型企业,山城,山东,中国,华东,家具-用具-10001374,家具,用具,"Deflect-O 闹钟, 优质",228.34,1,0.0,36.4
4503,CN-202022-1069751,2023-04-04,2023-04-07,一级,武杰-14815,武杰,小型企业,山城,山东,中国,华东,家具-书架-10003132,家具,书架,"Dania 古典书架, 黑色",11539.08,6,0.0,1384.32
4504,CN-202022-1069751,2023-04-04,2023-04-07,一级,武杰-14815,武杰,小型企业,山城,山东,中国,华东,技术-复印-10002364,技术,复印机,"Hewlett 复印机, 每套两件",11074.14,9,0.0,5203.8
4509,CN-202022-3832812,2023-10-15,2023-10-20,标准级,黎雯-21745,黎雯,公司,临海,浙江,中国,华东,技术-电话-10002670,技术,电话,"思科 音频基座, 蓝色",1529.388,3,0.4,152.628
4510,CN-202022-3832812,2023-10-15,2023-10-20,标准级,黎雯-21745,黎雯,公司,临海,浙江,中国,华东,办公用-标签-10004363,办公用品,标签,"Smead 圆形标签, 白色",193.2,6,0.0,46.2
4511,CN-202022-3832812,2023-10-15,2023-10-20,标准级,黎雯-21745,黎雯,公司,临海,浙江,中国,华东,家具-书架-10003961,家具,书架,"Safco 古典书架, 白色",4935.504,4,0.4,-2468.256
4526,US-202022-4479160,2023-10-07,2023-10-11,二级,韩杰-14725,韩杰,消费者,内江,四川,中国,西南,家具-椅子-10002697,家具,椅子,"Novimex 摇椅, 每套两件",1871.52,5,0.4,-561.68
4538,US-202022-3065733,2023-12-31,2024-01-02,二级,余丽-16540,余丽娜,消费者,济南,山东,中国,华东,办公用-美术-10000574,办公用品,美术,"Sanford 铅笔刀, 金属",252.84,2,0.0,93.52
4539,US-202022-3065733,2023-12-31,2024-01-02,二级,余丽-16540,余丽娜,消费者,济南,山东,中国,华东,办公用-器具-10003678,办公用品,器具,"Cuisinart 微波炉, 银色",3908.94,3,0.0,1407.0
4551,CN-202022-1850111,2023-03-20,2023-03-22,一级,丁蔓-18025,丁蔓楚,消费者,丹东,辽宁,中国,东北,家具-用具-10002112,家具,用具,"Eldon 框架, 耐用",2220.288,7,0.4,-222.852
4552,CN-202022-1850111,2023-03-20,2023-03-22,一级,丁蔓-18025,丁蔓楚,消费者,丹东,辽宁,中国,东北,办公用-纸张-10004536,办公用品,纸张,"Eaton 令, 优质",123.9,1,0.0,4.9
4573,CN-202022-4875771,2023-12-18,2023-12-23,二级,许娜-18490,许娜,小型企业,枣庄,山东,中国,华东,家具-椅子-10002837,家具,椅子,"Office Star 折叠椅, 可调",1318.8,3,0.0,184.38
4574,CN-202022-4875771,2023-12-18,2023-12-23,二级,许娜-18490,许娜,小型企业,枣庄,山东,中国,华东,办公用-标签-10004982,办公用品,标签,"Harbour Creations 有色标签, 白色",240.8,4,0.0,84.0
4575,CN-202022-4875771,2023-12-18,2023-12-23,二级,许娜-18490,许娜,小型企业,枣庄,山东,中国,华东,办公用-用品-10004606,办公用品,用品,"Elite 尺子, 锯齿状",49.0,1,0.0,14.14
4577,CN-202022-2642546,2023-09-06,2023-09-11,标准级,武明-18385,武明媚,消费者,万县,重庆,中国,西南,办公用-标签-10000058,办公用品,标签,"Novimex 运输标签, 白色",204.96,4,0.0,96.32
4578,CN-202022-2484493,2023-05-24,2023-05-30,标准级,郝涛-21175,郝涛,公司,呼和浩特,内蒙古,中国,华北,办公用-纸张-10002428,办公用品,纸张,"施乐 信纸, 多色",649.32,3,0.0,311.64
4579,CN-202022-2484493,2023-05-24,2023-05-30,标准级,郝涛-21175,郝涛,公司,呼和浩特,内蒙古,中国,华北,办公用-系固-10003889,办公用品,系固件,"OIC 图钉, 金属",39.732,1,0.4,-3.388
4580,CN-202022-2484493,2023-05-24,2023-05-30,标准级,郝涛-21175,郝涛,公司,呼和浩特,内蒙古,中国,华北,技术-电话-10004636,技术,电话,"摩托罗拉 音频基座, 全尺寸",978.096,2,0.4,-130.424
4581,CN-202022-2275835,2023-03-02,2023-03-06,标准级,钱珑-17830,钱珑,消费者,本溪,辽宁,中国,东北,办公用-系固-10001168,办公用品,系固件,"Accos 图钉, 每包 12 个",220.248,6,0.4,10.248
4582,CN-202022-2606671,2023-08-08,2023-08-13,二级,洪康-15370,洪康,消费者,临清,山东,中国,华东,办公用-装订-10003269,办公用品,装订机,"Wilson Jones 标签, 透明",82.74,3,0.0,8.82
4585,CN-202022-2547654,2023-10-28,2023-10-31,一级,丁崆-15535,丁崆,消费者,高邮,江苏,中国,华东,办公用-标签-10002378,办公用品,标签,"Smead 文件夹标签, 耐用",86.52,2,0.0,17.08
4586,CN-202022-2547654,2023-10-28,2023-10-31,一级,丁崆-15535,丁崆,消费者,高邮,江苏,中国,华东,办公用-信封-10000318,办公用品,信封,"GlobeWeis 邮寄品, 每套 50 个",359.8,2,0.0,24.92
4587,CN-202022-2547654,2023-10-28,2023-10-31,一级,丁崆-15535,丁崆,消费者,高邮,江苏,中国,华东,技术-电话-10000498,技术,电话,"苹果 信号增强器, 蓝色",1913.1,5,0.4,191.1
4591,CN-202022-1718050,2023-04-05,2023-04-11,标准级,彭琼-19645,彭琼,公司,浯溪,湖南,中国,中南,办公用-装订-10001898,办公用品,装订机,"Wilson Jones 孔加固材料, 透明",55.86,3,0.0,22.26
4609,CN-202022-1900344,2023-09-16,2023-09-20,标准级,万达-11815,万达侠,公司,许昌,河南,中国,中南,家具-桌子-10000558,家具,桌子,"Bevis 培训桌, 组装",9420.6,8,0.25,502.04
4610,CN-202022-1900344,2023-09-16,2023-09-20,标准级,万达-11815,万达侠,公司,许昌,河南,中国,中南,办公用-用品-10002649,办公用品,用品,"Kleencut 修剪器, 钢",381.08,2,0.0,95.2
4611,CN-202022-1900344,2023-09-16,2023-09-20,标准级,万达-11815,万达侠,公司,许昌,河南,中国,中南,办公用-收纳-10002846,办公用品,收纳具,"Rogers 搁板, 工业",1168.72,4,0.0,22.96
4627,US-202022-3581392,2023-12-06,2023-12-11,标准级,潘莞-13285,潘莞颖,消费者,营口,辽宁,中国,东北,技术-复印-10003306,技术,复印机,"Hewlett 传真复印机, 每套两件",1620.108,3,0.4,-540.372
4628,US-202022-3581392,2023-12-06,2023-12-11,标准级,潘莞-13285,潘莞颖,消费者,营口,辽宁,中国,东北,家具-用具-10004382,家具,用具,"Eldon 相框, 一包多件",488.628,3,0.4,7.728
4636,CN-202022-5591257,2023-10-22,2023-10-28,标准级,吕兰-15700,吕兰,消费者,厦门,福建,中国,华东,技术-电话-10001359,技术,电话,"诺基亚 耳机, 整包",341.6,1,0.0,126.28
4637,CN-202022-3566090,2023-04-12,2023-04-16,标准级,余晨-11230,余晨,消费者,随州,湖北,中国,中南,办公用-美术-10000770,办公用品,美术,"Boston 铅笔刀, 金属",56.392,2,0.8,-143.808
4646,US-202022-3850588,2023-11-20,2023-11-25,标准级,余丽-16540,余丽娜,消费者,鄂州,湖北,中国,中南,家具-桌子-10004043,家具,桌子,"Barricks 培训桌, 长方形",589.624,1,0.6,-368.536
4648,US-202022-5266113,2023-08-26,2023-08-29,一级,陶巧-19495,陶巧,消费者,泰兴,江苏,中国,华东,办公用-装订-10002552,办公用品,装订机,"Wilson Jones 装订机, 回收",112.392,3,0.4,-7.728
4649,US-202022-5266113,2023-08-26,2023-08-29,一级,陶巧-19495,陶巧,消费者,泰兴,江苏,中国,华东,家具-椅子-10001896,家具,椅子,"Office Star 椅垫, 黑色",354.984,2,0.4,-12.096
4655,CN-202022-4282122,2023-08-16,2023-08-21,标准级,常明-18340,常明媚,消费者,洛阳,河南,中国,中南,办公用-信封-10000118,办公用品,信封,"GlobeWeis 马尼拉纸信封, 银色",695.1,5,0.0,69.3
4666,CN-202022-5404138,2023-03-19,2023-03-24,二级,冯婷-21040,冯婷,小型企业,蓬莱,山东,中国,华东,办公用-纸张-10002363,办公用品,纸张,"施乐 笔记本, 优质",369.18,3,0.0,88.2
4671,CN-202022-5926511,2023-11-09,2023-11-11,二级,秦淑-20440,秦淑芳,公司,长春,吉林,中国,东北,家具-书架-10004771,家具,书架,"宜家 搁架, 传统",794.92,1,0.0,286.16
4672,CN-202022-5926511,2023-11-09,2023-11-11,二级,秦淑-20440,秦淑芳,公司,长春,吉林,中国,东北,家具-椅子-10002646,家具,椅子,"Hon 凳子, 红色",1527.4,2,0.0,137.2
4673,CN-202022-1122727,2023-11-08,2023-11-14,标准级,潘莞-13285,潘莞颖,消费者,延吉,吉林,中国,东北,家具-书架-10003011,家具,书架,"Sauder 书架, 黑色",8988.98,13,0.0,4044.04
4675,CN-202022-2470286,2023-09-01,2023-09-05,标准级,何娇-14650,何娇,公司,莱州,山东,中国,华东,技术-复印-10002061,技术,复印机,"Hewlett 无线传真机, 彩色",3561.88,2,0.0,1282.12
4686,CN-202022-5869494,2023-02-19,2023-02-25,标准级,田江-14635,田江丽,公司,衡水,河北,中国,华北,技术-设备-10001640,技术,设备,"柯尼卡 打印机, 红色",3709.86,3,0.0,1261.26
4687,CN-202022-5869494,2023-02-19,2023-02-25,标准级,田江-14635,田江丽,公司,衡水,河北,中国,华北,办公用-纸张-10004049,办公用品,纸张,"SanDisk 笔记本, 每包 12 个",316.96,2,0.0,75.88
4690,CN-202022-4795502,2023-02-13,2023-02-15,二级,黄磊-16015,黄磊,消费者,东胜,内蒙古,中国,华北,办公用-收纳-10000319,办公用品,收纳具,"Rogers 锁柜, 单宽度",4938.5,5,0.0,1086.4
4691,CN-202022-4795502,2023-02-13,2023-02-15,二级,黄磊-16015,黄磊,消费者,东胜,内蒙古,中国,华北,家具-椅子-10002343,家具,椅子,"Office Star 沙滩椅, 红色",155.232,1,0.4,-38.808
4692,CN-202022-4795502,2023-02-13,2023-02-15,二级,黄磊-16015,黄磊,消费者,东胜,内蒙古,中国,华北,家具-用具-10002855,家具,用具,"Deflect-O 分层置放架, 黑色",212.436,3,0.4,-7.224
4693,CN-202022-4795502,2023-02-13,2023-02-15,二级,黄磊-16015,黄磊,消费者,东胜,内蒙古,中国,华北,办公用-美术-10003265,办公用品,美术,"BIC 钢笔, 混合尺寸",48.888,3,0.8,-159.012
4694,CN-202022-4795502,2023-02-13,2023-02-15,二级,黄磊-16015,黄磊,消费者,东胜,内蒙古,中国,华北,技术-复印-10000604,技术,复印机,"夏普 传真复印机, 彩色",952.224,2,0.4,-142.856
4695,CN-202022-4795502,2023-02-13,2023-02-15,二级,黄磊-16015,黄磊,消费者,东胜,内蒙古,中国,华北,技术-复印-10004182,技术,复印机,"惠普 传真机, 红色",834.792,1,0.4,-14.028
4722,CN-202022-5623341,2023-12-28,2024-01-03,标准级,付芳-12700,付芳茵,小型企业,上虞,浙江,中国,华东,办公用-收纳-10003525,办公用品,收纳具,"Eldon 盒, 金属",130.62,3,0.0,46.62
4723,CN-202022-5623341,2023-12-28,2024-01-03,标准级,付芳-12700,付芳茵,小型企业,上虞,浙江,中国,华东,办公用-用品-10001876,办公用品,用品,"Stiletto 大剪刀, 钢",398.916,3,0.4,-226.464
4724,CN-202022-5623341,2023-12-28,2024-01-03,标准级,付芳-12700,付芳茵,小型企业,上虞,浙江,中国,华东,办公用-用品-10003240,办公用品,用品,"Kleencut 尺子, 蓝色",151.872,4,0.4,-58.688
4725,CN-202022-5623341,2023-12-28,2024-01-03,标准级,付芳-12700,付芳茵,小型企业,上虞,浙江,中国,华东,家具-用具-10002284,家具,用具,"Rubvermaid 闹钟, 优质",682.92,5,0.4,-409.78
4726,CN-202022-4957098,2023-02-26,2023-03-05,标准级,贾彩-10600,贾彩,公司,南台,辽宁,中国,东北,办公用-用品-10002536,办公用品,用品,"Fiskars 美工刀, 锯齿状",90.216,1,0.4,-1.624
4727,CN-202022-5036114,2023-09-04,2023-09-05,一级,贺升-20110,贺升,消费者,大连,辽宁,中国,东北,家具-椅子-10000578,家具,椅子,"SAFCO 扶手椅, 可调",7793.856,6,0.4,-1169.784
4728,CN-202022-5036114,2023-09-04,2023-09-05,一级,贺升-20110,贺升,消费者,大连,辽宁,中国,东北,办公用-美术-10000715,办公用品,美术,"Sanford 画布, 蓝色",235.76,5,0.8,-837.34
4729,CN-202022-5036114,2023-09-04,2023-09-05,一级,贺升-20110,贺升,消费者,大连,辽宁,中国,东北,办公用-器具-10000297,办公用品,器具,"Hamilton Beach 炉灶, 黑色",3033.912,2,0.4,-606.928
4730,CN-202022-5036114,2023-09-04,2023-09-05,一级,贺升-20110,贺升,消费者,大连,辽宁,中国,东北,技术-复印-10000099,技术,复印机,"Brother 个人复印机, 红色",790.104,2,0.4,-263.536
4731,CN-202022-5036114,2023-09-04,2023-09-05,一级,贺升-20110,贺升,消费者,大连,辽宁,中国,东北,家具-椅子-10002476,家具,椅子,"Office Star 折叠椅, 红色",770.364,3,0.4,-269.976
4732,CN-202022-5036114,2023-09-04,2023-09-05,一级,贺升-20110,贺升,消费者,大连,辽宁,中国,东北,办公用-装订-10001062,办公用品,装订机,"Acco 订书机, 回收",576.24,4,0.4,-163.52
4733,CN-202022-5036114,2023-09-04,2023-09-05,一级,贺升-20110,贺升,消费者,大连,辽宁,中国,东北,办公用-美术-10002373,办公用品,美术,"Stanley 画布, 整包",46.424,1,0.8,-157.976
4734,US-202022-2386979,2023-10-15,2023-10-18,二级,俞丹-12025,俞丹,消费者,武汉,湖北,中国,中南,办公用-装订-10001078,办公用品,装订机,"Ibico 订书机, 回收",1159.872,8,0.4,-39.648
4740,CN-202022-2647402,2023-11-09,2023-11-11,一级,熊丽-15805,熊丽,公司,深圳,广东,中国,中南,技术-设备-10003256,技术,设备,"柯尼卡 电话, 多色",1206.66,3,0.0,217.14
4754,CN-202022-5592498,2023-12-04,2023-12-11,标准级,邱明-18280,邱明,公司,烟台,山东,中国,华东,技术-设备-10002736,技术,设备,"StarTech 卡片打印机, 耐用",1527.12,2,0.0,702.24
4755,CN-202022-5592498,2023-12-04,2023-12-11,标准级,邱明-18280,邱明,公司,烟台,山东,中国,华东,技术-配件-10000513,技术,配件,"贝尔金 键区, 实惠",1347.5,5,0.0,282.8
4756,CN-202022-5592498,2023-12-04,2023-12-11,标准级,邱明-18280,邱明,公司,烟台,山东,中国,华东,技术-复印-10000631,技术,复印机,"佳能 个人复印机, 数字化",1993.32,3,0.0,757.26
4757,CN-202022-5592498,2023-12-04,2023-12-11,标准级,邱明-18280,邱明,公司,烟台,山东,中国,华东,家具-书架-10004848,家具,书架,"Sauder 搁架, 黑色",1828.68,2,0.0,804.44
4760,CN-202022-3404134,2023-08-21,2023-08-21,当日,邱丽-15745,邱丽,消费者,哈尔滨,黑龙江,中国,东北,技术-复印-10000037,技术,复印机,"佳能 墨水, 每套两件",2746.8,4,0.0,988.4
4764,CN-202022-2605699,2023-05-10,2023-05-15,标准级,贺丹-11950,贺丹,消费者,长春,吉林,中国,东北,办公用-器具-10003221,办公用品,器具,"Breville 微波炉, 红色",2815.96,2,0.0,140.56
4767,CN-202022-1374105,2023-10-29,2023-11-05,标准级,牛惠-14410,牛惠,小型企业,林口,黑龙江,中国,东北,办公用-用品-10003822,办公用品,用品,"Acme 开信刀, 蓝色",1127.84,8,0.0,191.52
4768,CN-202022-1374105,2023-10-29,2023-11-05,标准级,牛惠-14410,牛惠,小型企业,林口,黑龙江,中国,东北,办公用-美术-10003886,办公用品,美术,"Stanley 钢笔, 整包",192.64,5,0.2,-22.26
4769,CN-202022-1374105,2023-10-29,2023-11-05,标准级,牛惠-14410,牛惠,小型企业,林口,黑龙江,中国,东北,技术-电话-10001063,技术,电话,"苹果 智能手机, 全尺寸",3488.52,6,0.0,1429.68
4789,CN-202022-5956912,2023-08-30,2023-08-30,当日,秦淑-20440,秦淑芳,公司,兖州,山东,中国,华东,办公用-器具-10004848,办公用品,器具,"KitchenAid 烤面包机, 白色",1557.92,4,0.0,30.8
4797,CN-202022-2244327,2023-10-03,2023-10-08,二级,罗霖-17530,罗霖,消费者,威海,山东,中国,华东,办公用-标签-10004982,办公用品,标签,"Harbour Creations 有色标签, 白色",301.0,5,0.0,105.0
4798,CN-202022-2244327,2023-10-03,2023-10-08,二级,罗霖-17530,罗霖,消费者,威海,山东,中国,华东,技术-配件-10004481,技术,配件,"Enermax 记忆卡, 耐用",534.8,1,0.0,245.98
4801,CN-202022-2089373,2023-10-30,2023-11-01,二级,杨晨-11215,杨晨,小型企业,沅江,湖南,中国,中南,技术-电话-10003796,技术,电话,"思科 办公室电话机, 蓝色",375.48,1,0.0,44.94
4802,CN-202022-2089373,2023-10-30,2023-11-01,二级,杨晨-11215,杨晨,小型企业,沅江,湖南,中国,中南,办公用-收纳-10000306,办公用品,收纳具,"Smead 文件夹, 单宽度",245.28,3,0.0,88.2
4803,CN-202022-2089373,2023-10-30,2023-11-01,二级,杨晨-11215,杨晨,小型企业,沅江,湖南,中国,中南,办公用-用品-10003397,办公用品,用品,"Acme 开信刀, 钢",276.36,2,0.0,30.24
4805,CN-202022-2274874,2023-10-17,2023-10-17,当日,徐谙-18880,徐谙,消费者,西宁,青海,中国,西北,技术-电话-10000497,技术,电话,"苹果 耳机, 全尺寸",695.8,2,0.0,6.72
4806,CN-202022-2274874,2023-10-17,2023-10-17,当日,徐谙-18880,徐谙,消费者,西宁,青海,中国,西北,办公用-信封-10001868,办公用品,信封,"Jiffy 商业信封, 红色",273.0,3,0.0,133.56
4807,CN-202022-3561948,2023-10-04,2023-10-07,一级,黄娟-15130,黄娟,消费者,招远,山东,中国,华东,技术-设备-10004890,技术,设备,"柯尼卡 电话, 红色",1166.76,3,0.0,315.0
4808,CN-202022-3561948,2023-10-04,2023-10-07,一级,黄娟-15130,黄娟,消费者,招远,山东,中国,华东,技术-复印-10003759,技术,复印机,"Hewlett 复印机, 红色",7332.36,6,0.0,2639.28
4809,CN-202022-3561948,2023-10-04,2023-10-07,一级,黄娟-15130,黄娟,消费者,招远,山东,中国,华东,技术-配件-10003585,技术,配件,"罗技 路由器, 实惠",1154.16,1,0.0,427.0
4822,CN-202022-3734004,2023-10-08,2023-10-12,二级,秦黎-16300,秦黎明,公司,上海,上海,中国,华东,办公用-收纳-10004374,办公用品,收纳具,"Smead 文件车, 工业",4210.08,7,0.0,799.68
4824,CN-202022-1900344,2023-09-30,2023-09-30,当日,郝惠-14380,郝惠,消费者,鸡西,黑龙江,中国,东北,办公用-收纳-10001112,办公用品,收纳具,"Fellowes 盒, 工业",94.08,1,0.0,22.54
4825,US-202022-5386927,2023-06-05,2023-06-11,标准级,胡锦-14860,胡锦,公司,温岭,浙江,中国,华东,技术-复印-10004064,技术,复印机,"佳能 传真复印机, 每套两件",3750.264,7,0.4,-2250.276
4830,US-202022-5106829,2023-12-30,2024-01-03,标准级,赵幂-18055,赵幂,消费者,徐州,江苏,中国,华东,办公用-装订-10003117,办公用品,装订机,"Wilson Jones 标签, 耐用",89.04,4,0.4,-44.8
4831,US-202022-5106829,2023-12-30,2024-01-03,标准级,赵幂-18055,赵幂,消费者,徐州,江苏,中国,华东,办公用-信封-10002782,办公用品,信封,"Kraft 搭扣信封, 每套 50 个",84.0,2,0.0,6.72
4844,CN-202022-2640851,2023-09-03,2023-09-08,标准级,侯虹-13825,侯虹,公司,重庆,重庆,中国,西南,办公用-收纳-10001011,办公用品,收纳具,"Fellowes 文件夹, 金属",475.44,4,0.0,33.04
4872,CN-202022-5943918,2023-10-16,2023-10-20,标准级,楚宣-20845,楚宣,消费者,南宁,广西,中国,中南,技术-配件-10003340,技术,配件,"Enermax 键区, 回收",771.96,3,0.0,200.34
4873,CN-202022-5943918,2023-10-16,2023-10-20,标准级,楚宣-20845,楚宣,消费者,南宁,广西,中国,中南,办公用-器具-10001263,办公用品,器具,"Breville 冰箱, 红色",4847.08,2,0.0,1744.68
4881,US-202022-1350603,2023-11-01,2023-11-06,标准级,王敬-14965,王敬,公司,岫岩,辽宁,中国,东北,办公用-美术-10001893,办公用品,美术,"Binney & Smith 速写本, 混合尺寸",323.4,7,0.8,-695.8
4898,CN-202022-2271818,2023-09-14,2023-09-16,二级,钱宁-18655,钱宁,公司,合肥,安徽,中国,华东,家具-椅子-10002013,家具,椅子,"Harbour Creations 凳子, 红色",840.56,1,0.0,168.0
4899,CN-202022-2271818,2023-09-14,2023-09-16,二级,钱宁-18655,钱宁,公司,合肥,安徽,中国,华东,技术-复印-10000859,技术,复印机,"Hewlett 复印机, 数字化",4915.12,4,0.0,835.52
4900,CN-202022-2271818,2023-09-14,2023-09-16,二级,钱宁-18655,钱宁,公司,合肥,安徽,中国,华东,技术-电话-10003757,技术,电话,"三星 智能手机, 整包",1726.62,3,0.0,103.32
4901,CN-202022-2271818,2023-09-14,2023-09-16,二级,钱宁-18655,钱宁,公司,合肥,安徽,中国,华东,家具-椅子-10000671,家具,椅子,"Hon 折叠椅, 黑色",1105.86,3,0.0,55.02
4909,CN-202022-2089373,2023-02-25,2023-03-01,标准级,韦诚-11365,韦诚,公司,广州,广东,中国,中南,办公用-信封-10001526,办公用品,信封,"GlobeWeis 外皮和封条, 回收",188.44,2,0.0,9.24
4910,CN-202022-2089373,2023-02-25,2023-03-01,标准级,韦诚-11365,韦诚,公司,广州,广东,中国,中南,办公用-收纳-10004477,办公用品,收纳具,"Tenex 文件夹, 金属",312.06,3,0.0,27.72
4916,CN-202022-1090625,2023-12-02,2023-12-07,二级,罗琼-19615,罗琼,消费者,长春,吉林,中国,东北,办公用-美术-10002705,办公用品,美术,"Sanford 荧光笔, 蓝色",176.4,3,0.2,37.38
4917,CN-202022-3550359,2023-03-05,2023-03-07,一级,杨德-12250,杨德伟,公司,天津,天津,中国,华北,办公用-美术-10004953,办公用品,美术,"BIC 速写本, 蓝色",908.32,4,0.0,235.76
4955,CN-202022-5940390,2023-03-18,2023-03-20,二级,潘磊-16075,潘磊,消费者,潍坊,山东,中国,华东,办公用-纸张-10002204,办公用品,纸张,"Enermax 信纸, 回收",658.14,3,0.0,85.26
4956,CN-202022-5940390,2023-03-18,2023-03-20,二级,潘磊-16075,潘磊,消费者,潍坊,山东,中国,华东,办公用-美术-10000800,办公用品,美术,"Boston 记号笔, 金属",386.82,3,0.0,139.02
4962,CN-202022-1091379,2023-12-11,2023-12-15,标准级,余雯-21835,余雯,消费者,阳江,广东,中国,中南,办公用-装订-10001158,办公用品,装订机,"Avery 装订机盖, 实惠",103.32,2,0.0,6.16
4966,CN-202022-3284020,2023-10-23,2023-10-28,标准级,戴康-15415,戴康,消费者,昆明,云南,中国,西南,办公用-系固-10000678,办公用品,系固件,"Accos 按钉, 金属",204.96,3,0.0,71.4
4972,CN-202022-3336873,2023-11-11,2023-11-16,标准级,施梦-18235,施梦,公司,江门,广东,中国,中南,家具-用具-10002448,家具,用具,"Tenex 闹钟, 优质",684.18,3,0.0,177.66
4973,US-202022-4386495,2023-01-04,2023-01-07,一级,柳明-18310,柳明,小型企业,杭州,浙江,中国,华东,技术-复印-10004926,技术,复印机,"Hewlett 传真复印机, 彩色",1088.136,2,0.4,-689.304
4974,US-202022-3322413,2023-04-18,2023-04-23,标准级,楚聪-11635,楚聪,消费者,丰县,江苏,中国,华东,办公用-系固-10002340,办公用品,系固件,"OIC 按钉, 每包 12 个",120.456,3,0.4,-76.524
4975,CN-202022-4571372,2023-12-27,2023-12-30,一级,孙诚-11320,孙诚,消费者,临沂,山东,中国,华东,技术-复印-10002045,技术,复印机,"Hewlett 传真机, 数字化",11930.24,8,0.0,3101.28
4976,CN-202022-4571372,2023-12-27,2023-12-30,一级,孙诚-11320,孙诚,消费者,临沂,山东,中国,华东,家具-用具-10000649,家具,用具,"Eldon 闹钟, 黑色",1318.8,5,0.0,606.2
4989,CN-202022-1730893,2023-06-22,2023-06-25,二级,柳明-18310,柳明,小型企业,上海,上海,中国,华东,技术-电话-10001271,技术,电话,"摩托罗拉 耳机, 整包",745.08,2,0.0,260.68
4990,CN-202022-1730893,2023-06-22,2023-06-25,二级,柳明-18310,柳明,小型企业,上海,上海,中国,华东,技术-电话-10000498,技术,电话,"苹果 信号增强器, 蓝色",2550.8,4,0.0,1173.2
4991,US-202022-5869022,2023-11-18,2023-11-25,标准级,吕凤-12910,吕凤,小型企业,凌源,辽宁,中国,东北,办公用-系固-10003018,办公用品,系固件,"Advantus 图钉, 混合尺寸",61.824,2,0.4,-8.456
4992,CN-202022-4544243,2023-10-11,2023-10-11,当日,任临-17440,任临耀,公司,杭州,浙江,中国,华东,办公用-用品-10000960,办公用品,用品,"Fiskars 开信刀, 锯齿状",206.892,3,0.4,-34.608
4993,CN-202022-3284718,2023-12-17,2023-12-20,二级,曾幂-18100,曾幂,消费者,双鸭山,黑龙江,中国,东北,办公用-系固-10002031,办公用品,系固件,"Advantus 按钉, 整包",269.36,4,0.0,18.48
4994,CN-202022-3284718,2023-12-17,2023-12-20,二级,曾幂-18100,曾幂,消费者,双鸭山,黑龙江,中国,东北,办公用-信封-10004939,办公用品,信封,"Kraft 商业信封, 红色",466.2,5,0.0,46.2
4995,CN-202022-3284718,2023-12-17,2023-12-20,二级,曾幂-18100,曾幂,消费者,双鸭山,黑龙江,中国,东北,办公用-收纳-10002018,办公用品,收纳具,"Eldon 搁板, 工业",912.8,4,0.0,282.8
5001,CN-202022-5300830,2023-07-31,2023-08-04,标准级,贺婵-10915,贺婵,消费者,济南,山东,中国,华东,家具-书架-10000253,家具,书架,"宜家 书库, 传统",5087.46,3,0.0,2136.54
5023,CN-202022-4482834,2023-03-22,2023-03-26,标准级,曹丽-15940,曹丽,小型企业,四平,吉林,中国,东北,技术-复印-10002682,技术,复印机,"佳能 传真机, 每套两件",5943.28,4,0.0,1485.68
5024,CN-202022-1755383,2023-06-14,2023-06-17,一级,钟庆-19510,钟庆缘,小型企业,四平,吉林,中国,东北,家具-椅子-10000979,家具,椅子,"Hon 凳子, 可调",4651.92,6,0.0,1441.44
5045,CN-202022-4544243,2023-10-30,2023-11-01,二级,林谦-19285,林谦,消费者,呼和浩特,内蒙古,中国,华北,办公用-美术-10000387,办公用品,美术,"BIC 荧光笔, 金属",37.688,2,0.8,-69.832
5046,CN-202022-4544243,2023-10-30,2023-11-01,二级,林谦-19285,林谦,消费者,呼和浩特,内蒙古,中国,华北,办公用-纸张-10001757,办公用品,纸张,"SanDisk 计划信息表, 回收",553.7,5,0.0,198.8
5054,CN-202022-3834707,2023-11-23,2023-11-25,二级,何晨-11140,何晨,消费者,北京,北京,中国,华北,办公用-收纳-10001690,办公用品,收纳具,"Eldon 搁板, 蓝色",903.84,4,0.0,108.08
5055,CN-202022-3834707,2023-11-23,2023-11-25,二级,何晨-11140,何晨,消费者,北京,北京,中国,华北,办公用-用品-10001168,办公用品,用品,"Acme 美工刀, 蓝色",529.2,3,0.0,68.46
5056,CN-202022-3834707,2023-11-23,2023-11-25,二级,何晨-11140,何晨,消费者,北京,北京,中国,华北,办公用-信封-10003334,办公用品,信封,"Cameo 马尼拉纸信封, 红色",285.04,2,0.0,25.48
5057,CN-202022-3834707,2023-11-23,2023-11-25,二级,何晨-11140,何晨,消费者,北京,北京,中国,华北,办公用-装订-10004939,办公用品,装订机,"Ibico 打孔机, 耐用",894.6,6,0.0,35.28
5064,CN-202022-4957098,2023-09-26,2023-09-30,标准级,罗婵-10960,罗婵,消费者,泉州,福建,中国,华东,家具-书架-10002353,家具,书架,"Bush 书库, 传统",8500.8,5,0.0,3910.2
5082,US-202022-5779998,2023-12-05,2023-12-10,标准级,沈光-13450,沈光,小型企业,汕头,广东,中国,中南,办公用-信封-10003337,办公用品,信封,"GlobeWeis 商业信封, 每套 50 个",647.36,8,0.0,232.96
5083,US-202022-5779998,2023-12-05,2023-12-10,标准级,沈光-13450,沈光,小型企业,汕头,广东,中国,中南,家具-桌子-10004855,家具,桌子,"Barricks 培训桌, 白色",5608.575,5,0.25,1794.275
5084,US-202022-5779998,2023-12-05,2023-12-10,标准级,沈光-13450,沈光,小型企业,汕头,广东,中国,中南,办公用-收纳-10003464,办公用品,收纳具,"Rogers 盘, 金属",2268.0,8,0.0,974.4
5085,US-202022-5779998,2023-12-05,2023-12-10,标准级,沈光-13450,沈光,小型企业,汕头,广东,中国,中南,办公用-信封-10000017,办公用品,信封,"Jiffy 局间信封, 银色",1823.36,8,0.0,236.32
5086,US-202022-5779998,2023-12-05,2023-12-10,标准级,沈光-13450,沈光,小型企业,汕头,广东,中国,中南,办公用-纸张-10003494,办公用品,纸张,"Enermax 羊皮纸, 多色",862.4,11,0.0,326.48
5088,CN-202022-4843371,2023-08-03,2023-08-08,二级,邹伟-21610,邹伟,消费者,九台,吉林,中国,东北,技术-复印-10000191,技术,复印机,"佳能 无线传真机, 数字化",7061.6,4,0.0,493.92
5089,CN-202022-4843371,2023-08-03,2023-08-08,二级,邹伟-21610,邹伟,消费者,九台,吉林,中国,东北,技术-复印-10000495,技术,复印机,"Brother 传真复印机, 数字化",891.94,1,0.0,80.22
5090,CN-202022-4843371,2023-08-03,2023-08-08,二级,邹伟-21610,邹伟,消费者,九台,吉林,中国,东北,家具-书架-10001668,家具,书架,"宜家 搁架, 黑色",3204.88,4,0.0,1281.84
5091,CN-202022-4843371,2023-08-03,2023-08-08,二级,邹伟-21610,邹伟,消费者,九台,吉林,中国,东北,办公用-信封-10002389,办公用品,信封,"Kraft 外皮和封条, 每套 50 个",573.72,6,0.0,0.0
5092,CN-202022-4843371,2023-08-03,2023-08-08,二级,邹伟-21610,邹伟,消费者,九台,吉林,中国,东北,技术-设备-10000415,技术,设备,"冲电器 喷墨打印机, 红色",4357.5,3,0.0,1568.7
5093,CN-202022-4843371,2023-08-03,2023-08-08,二级,邹伟-21610,邹伟,消费者,九台,吉林,中国,东北,家具-用具-10003581,家具,用具,"Deflect-O 门挡, 一包多件",1026.9,5,0.0,266.7
5094,CN-202022-4843371,2023-08-03,2023-08-08,二级,邹伟-21610,邹伟,消费者,九台,吉林,中国,东北,办公用-用品-10002441,办公用品,用品,"Fiskars 尺子, 蓝色",606.06,9,0.0,35.28
5095,CN-202022-1384966,2023-06-16,2023-06-22,标准级,严恒-13660,严恒,消费者,聊城,山东,中国,华东,办公用-装订-10002115,办公用品,装订机,"Acco 打孔机, 实惠",1265.04,9,0.0,37.8
5096,CN-202022-1384966,2023-06-16,2023-06-22,标准级,严恒-13660,严恒,消费者,聊城,山东,中国,华东,办公用-信封-10003818,办公用品,信封,"Ames 局间信封, 回收",1434.72,7,0.0,473.34
5097,CN-202022-5591257,2023-12-31,2024-01-05,标准级,林廉-17290,林廉,小型企业,新泰,山东,中国,华东,办公用-器具-10003572,办公用品,器具,"Breville 咖啡研磨机, 黑色",2002.14,7,0.0,539.98
5099,CN-202022-4448783,2023-12-21,2023-12-23,二级,邓惠-14470,邓惠,消费者,洛阳,河南,中国,中南,技术-电话-10002846,技术,电话,"三星 音频基座, 混合尺寸",5542.88,7,0.0,2271.64
5100,CN-202022-4448783,2023-12-21,2023-12-23,二级,邓惠-14470,邓惠,消费者,洛阳,河南,中国,中南,办公用-用品-10004807,办公用品,用品,"Stiletto 剪刀, 锯齿状",189.56,2,0.0,90.72
5101,CN-202022-4448783,2023-12-21,2023-12-23,二级,邓惠-14470,邓惠,消费者,洛阳,河南,中国,中南,技术-电话-10004636,技术,电话,"摩托罗拉 音频基座, 全尺寸",5705.56,7,0.0,1825.74
5107,CN-202022-1969167,2023-10-08,2023-10-13,标准级,常升-20020,常升,消费者,赤峰,内蒙古,中国,华北,办公用-信封-10004263,办公用品,信封,"Cameo 商业信封, 银色",451.5,5,0.0,67.2
5108,CN-202022-1969167,2023-10-08,2023-10-13,标准级,常升-20020,常升,消费者,赤峰,内蒙古,中国,华北,办公用-器具-10001523,办公用品,器具,"Hoover 冰箱, 红色",4420.584,3,0.4,-1031.856
5127,CN-202022-3132720,2023-06-17,2023-06-19,二级,贺婵-10915,贺婵,消费者,钟祥,湖北,中国,中南,办公用-器具-10000084,办公用品,器具,"KitchenAid 烤面包机, 黑色",949.2,4,0.4,-79.52
5128,CN-202022-3132720,2023-06-17,2023-06-19,二级,贺婵-10915,贺婵,消费者,钟祥,湖北,中国,中南,办公用-收纳-10003383,办公用品,收纳具,"Eldon 盘, 蓝色",447.72,2,0.0,35.56
5129,CN-202022-1154983,2023-08-20,2023-08-23,二级,殷崆-15565,殷崆,消费者,双鸭山,黑龙江,中国,东北,办公用-信封-10000686,办公用品,信封,"GlobeWeis 局间信封, 每套 50 个",669.48,3,0.0,274.26
5130,CN-202022-1154983,2023-08-20,2023-08-23,二级,殷崆-15565,殷崆,消费者,双鸭山,黑龙江,中国,东北,家具-用具-10001318,家具,用具,"Tenex 相框, 耐用",456.12,2,0.0,54.6
5131,CN-202022-2130965,2023-05-06,2023-05-10,标准级,黎雯-21745,黎雯,公司,广州,广东,中国,中南,技术-设备-10003635,技术,设备,"StarTech 打印机, 耐用",5980.1,5,0.0,478.1
5132,CN-202022-1512811,2023-09-19,2023-09-24,标准级,田丹-11995,田丹,消费者,厦门,福建,中国,华东,办公用-信封-10001091,办公用品,信封,"Kraft 商业信封, 回收",640.08,9,0.0,204.12
5133,CN-202022-1512811,2023-09-19,2023-09-24,标准级,田丹-11995,田丹,消费者,厦门,福建,中国,华东,技术-复印-10001124,技术,复印机,"夏普 个人复印机, 每套两件",2240.0,4,0.0,89.6
5134,CN-202022-1512811,2023-09-19,2023-09-24,标准级,田丹-11995,田丹,消费者,厦门,福建,中国,华东,家具-用具-10000645,家具,用具,"Deflect-O 相框, 耐用",456.68,2,0.0,123.2
5135,CN-202022-1512811,2023-09-19,2023-09-24,标准级,田丹-11995,田丹,消费者,厦门,福建,中国,华东,技术-配件-10001327,技术,配件,"Enermax 记忆卡, 实惠",1601.46,3,0.0,448.14
5136,CN-202022-1512811,2023-09-19,2023-09-24,标准级,田丹-11995,田丹,消费者,厦门,福建,中国,华东,家具-桌子-10001991,家具,桌子,"Lesro 电脑桌, 长方形",1192.548,1,0.4,-357.812
5137,CN-202022-1512811,2023-09-19,2023-09-24,标准级,田丹-11995,田丹,消费者,厦门,福建,中国,华东,家具-书架-10004015,家具,书架,"Bush 墙角架, 传统",3471.72,6,0.0,867.72
5141,CN-202022-5698942,2023-04-05,2023-04-10,标准级,赵婵-10885,赵婵,消费者,汕尾,广东,中国,中南,办公用-器具-10000575,办公用品,器具,"Cuisinart 搅拌机, 红色",1563.1,5,0.0,186.9
5155,CN-202022-5373243,2023-09-09,2023-09-11,二级,韩莲-16960,韩莲,小型企业,石河子,新疆,中国,西北,办公用-系固-10002914,办公用品,系固件,"Accos 订书钉, 金属",103.32,2,0.0,38.08
5156,CN-202022-5373243,2023-09-09,2023-09-11,二级,韩莲-16960,韩莲,小型企业,石河子,新疆,中国,西北,技术-配件-10003779,技术,配件,"Enermax 键盘, 可编程",792.96,2,0.0,103.04
5157,CN-202022-5373243,2023-09-09,2023-09-11,二级,韩莲-16960,韩莲,小型企业,石河子,新疆,中国,西北,办公用-装订-10000292,办公用品,装订机,"Wilson Jones 装订机盖, 实惠",365.54,7,0.0,120.54
5162,CN-202022-5181244,2023-11-28,2023-12-02,二级,薛娇-14665,薛娇,消费者,新乡,河南,中国,中南,办公用-系固-10001646,办公用品,系固件,"OIC 夹子, 整包",830.34,9,0.0,306.18
5163,CN-202022-5181244,2023-11-28,2023-12-02,二级,薛娇-14665,薛娇,消费者,新乡,河南,中国,中南,办公用-美术-10001497,办公用品,美术,"Sanford 荧光笔, 整包",239.232,4,0.2,47.712
5230,CN-202022-2960006,2023-10-07,2023-10-10,一级,段强-19420,段强,公司,上海,上海,中国,华东,办公用-标签-10001866,办公用品,标签,"Novimex 运输标签, 可调",82.88,2,0.0,9.8
5231,CN-202022-2960006,2023-10-07,2023-10-10,一级,段强-19420,段强,公司,上海,上海,中国,华东,家具-椅子-10004126,家具,椅子,"Novimex 折叠椅, 黑色",1117.2,3,0.0,66.78
5232,US-202022-5801512,2023-03-04,2023-03-07,一级,郝廉-17245,郝廉,消费者,芜湖,安徽,中国,华东,技术-电话-10001992,技术,电话,"三星 充电器, 全尺寸",5949.44,2,0.0,1189.72
5233,US-202022-5801512,2023-03-04,2023-03-07,一级,郝廉-17245,郝廉,消费者,芜湖,安徽,中国,华东,办公用-装订-10001736,办公用品,装订机,"Cardinal 标签, 回收",177.8,5,0.0,88.9
5240,US-202022-2844736,2023-06-03,2023-06-06,二级,巩光-13435,巩光,消费者,潍坊,山东,中国,华东,办公用-收纳-10002847,办公用品,收纳具,"Tenex 文件车, 金属",1243.2,2,0.0,397.6
5241,US-202022-2844736,2023-06-03,2023-06-06,二级,巩光-13435,巩光,消费者,潍坊,山东,中国,华东,家具-椅子-10001821,家具,椅子,"SAFCO 椅垫, 黑色",1071.28,4,0.0,406.56
5248,CN-202022-5910958,2023-08-06,2023-08-12,标准级,雷菊-15025,雷菊,消费者,珠海,广东,中国,中南,办公用-器具-10000427,办公用品,器具,"Hoover 咖啡研磨机, 黑色",636.72,2,0.0,184.52
5256,US-202022-4497736,2023-07-03,2023-07-10,标准级,杨诚-11380,杨诚,公司,海口,海南,中国,中南,办公用-器具-10002081,办公用品,器具,"Hamilton Beach 炉灶, 白色",17655.68,7,0.0,3883.74
5257,US-202022-4497736,2023-07-03,2023-07-10,标准级,杨诚-11380,杨诚,公司,海口,海南,中国,中南,家具-桌子-10004891,家具,桌子,"Hon 咖啡桌, 黑色",3316.95,3,0.25,43.89
5258,CN-202022-2647402,2023-06-14,2023-06-14,当日,彭丽-17650,彭丽雪,小型企业,衡阳,湖南,中国,中南,家具-用具-10004087,家具,用具,"Eldon 门挡, 耐用",1981.98,9,0.0,633.78
5268,CN-202022-2477297,2023-11-20,2023-11-25,标准级,赵强-19315,赵强,消费者,阿城,黑龙江,中国,东北,家具-椅子-10001559,家具,椅子,"Novimex 椅垫, 红色",1314.6,5,0.0,446.6
5275,US-202022-1964482,2023-11-20,2023-11-24,标准级,叶实-20290,叶实,公司,青州,山东,中国,华东,办公用-器具-10000769,办公用品,器具,"Hamilton Beach 冰箱, 红色",7001.82,3,0.0,489.72
5299,CN-202022-3704015,2023-08-16,2023-08-20,标准级,徐杰-14740,徐杰,公司,石家庄,河北,中国,华北,技术-设备-10003013,技术,设备,"松下 喷墨打印机, 红色",1443.12,1,0.0,562.8
5300,CN-202022-3704015,2023-08-16,2023-08-20,标准级,徐杰-14740,徐杰,公司,石家庄,河北,中国,华北,办公用-标签-10004317,办公用品,标签,"Novimex 有色标签, 红色",342.72,6,0.0,33.6
5301,CN-202022-4688195,2023-08-14,2023-08-19,标准级,庄丹-11935,庄丹,消费者,牙克石,内蒙古,中国,华北,办公用-收纳-10002706,办公用品,收纳具,"Eldon 盘, 金属",1536.64,7,0.0,690.9
5302,CN-202022-4688195,2023-08-14,2023-08-19,标准级,庄丹-11935,庄丹,消费者,牙克石,内蒙古,中国,华北,办公用-系固-10000944,办公用品,系固件,"Stockwell 夹子, 整包",107.688,2,0.4,-12.712
5311,US-202022-2989709,2023-05-22,2023-05-27,标准级,佟崆-15550,佟崆,小型企业,辽阳,辽宁,中国,东北,家具-书架-10004006,家具,书架,"Sauder 柜, 黑色",470.484,1,0.4,-164.696
5312,US-202022-2989709,2023-05-22,2023-05-27,标准级,佟崆-15550,佟崆,小型企业,辽阳,辽宁,中国,东北,办公用-纸张-10003365,办公用品,纸张,"Enermax 计划信息表, 优质",210.0,2,0.0,0.0
5318,CN-202022-5873075,2023-10-02,2023-10-05,二级,钟宣-20860,钟宣,公司,黄石,湖北,中国,中南,办公用-标签-10002790,办公用品,标签,"Hon 文件夹标签, 白色",241.92,6,0.0,1.68
5319,CN-202022-5873075,2023-10-02,2023-10-05,二级,钟宣-20860,钟宣,公司,黄石,湖北,中国,中南,技术-配件-10002092,技术,配件,"Memorex 记忆卡, 耐用",286.944,1,0.4,-43.176
5320,CN-202022-5873075,2023-10-02,2023-10-05,二级,钟宣-20860,钟宣,公司,黄石,湖北,中国,中南,办公用-收纳-10004768,办公用品,收纳具,"Tenex 搁板, 金属",1253.7,5,0.0,501.2
5321,CN-202022-5873075,2023-10-02,2023-10-05,二级,钟宣-20860,钟宣,公司,黄石,湖北,中国,中南,技术-配件-10003585,技术,配件,"罗技 路由器, 实惠",692.496,1,0.4,-34.664
5322,CN-202022-5873075,2023-10-02,2023-10-05,二级,钟宣-20860,钟宣,公司,黄石,湖北,中国,中南,家具-用具-10004382,家具,用具,"Eldon 相框, 一包多件",325.752,2,0.4,5.152
5323,CN-202022-5873075,2023-10-02,2023-10-05,二级,钟宣-20860,钟宣,公司,黄石,湖北,中国,中南,家具-椅子-10001902,家具,椅子,"SAFCO 沙滩椅, 黑色",263.256,2,0.4,-158.144
5324,CN-202022-5873075,2023-10-02,2023-10-05,二级,钟宣-20860,钟宣,公司,黄石,湖北,中国,中南,办公用-收纳-10003434,办公用品,收纳具,"Rogers 锁柜, 金属",1966.44,2,0.0,137.48
5325,CN-202022-5873075,2023-10-02,2023-10-05,二级,钟宣-20860,钟宣,公司,黄石,湖北,中国,中南,办公用-用品-10002405,办公用品,用品,"Elite 美工刀, 锯齿状",176.904,2,0.4,-76.776
5326,CN-202022-5873075,2023-10-02,2023-10-05,二级,钟宣-20860,钟宣,公司,黄石,湖北,中国,中南,办公用-纸张-10003274,办公用品,纸张,"Enermax 令, 多色",278.88,2,0.0,105.84
5327,CN-202022-5873075,2023-10-02,2023-10-05,二级,钟宣-20860,钟宣,公司,黄石,湖北,中国,中南,办公用-纸张-10002058,办公用品,纸张,"Green Bar 计划信息表, 回收",774.2,7,0.0,332.22
5331,CN-202022-1933544,2023-08-21,2023-08-26,标准级,陈莲-16930,陈莲,公司,齐齐哈尔,黑龙江,中国,东北,办公用-收纳-10004714,办公用品,收纳具,"Smead 盒, 单宽度",252.0,5,0.0,110.6
5332,CN-202022-1933544,2023-08-21,2023-08-26,标准级,陈莲-16930,陈莲,公司,齐齐哈尔,黑龙江,中国,东北,办公用-信封-10003367,办公用品,信封,"Cameo 局间信封, 回收",1078.7,5,0.0,528.5
5333,CN-202022-2828982,2023-02-01,2023-02-07,标准级,熊光-13390,熊光,小型企业,晋江,福建,中国,华东,技术-复印-10004166,技术,复印机,"惠普 传真复印机, 红色",798.42,1,0.0,231.42
5334,CN-202022-2828982,2023-02-01,2023-02-07,标准级,熊光-13390,熊光,小型企业,晋江,福建,中国,华东,家具-书架-10001668,家具,书架,"宜家 搁架, 黑色",4807.32,6,0.0,1922.76
5335,CN-202022-2828982,2023-02-01,2023-02-07,标准级,熊光-13390,熊光,小型企业,晋江,福建,中国,华东,办公用-装订-10003676,办公用品,装订机,"Ibico 订书机, 透明",949.76,4,0.0,436.8
5336,CN-202022-1826929,2023-03-05,2023-03-07,一级,叶琪-19225,叶琪,消费者,洮南,吉林,中国,东北,办公用-器具-10000589,办公用品,器具,"Breville 炉灶, 白色",10447.36,4,0.0,1462.16
5337,CN-202022-1826929,2023-03-05,2023-03-07,一级,叶琪-19225,叶琪,消费者,洮南,吉林,中国,东北,办公用-收纳-10004188,办公用品,收纳具,"Smead 文件夹, 蓝色",244.86,3,0.0,100.38
5338,CN-202022-1826929,2023-03-05,2023-03-07,一级,叶琪-19225,叶琪,消费者,洮南,吉林,中国,东北,技术-电话-10002515,技术,电话,"诺基亚 智能手机, 混合尺寸",2352.0,4,0.0,1128.96
5340,CN-202022-2098822,2023-12-12,2023-12-17,二级,钟丽-15760,钟丽,小型企业,安阳,河南,中国,中南,技术-电话-10002699,技术,电话,"三星 音频基座, 全尺寸",784.56,1,0.0,148.96
5341,CN-202022-2098822,2023-12-12,2023-12-17,二级,钟丽-15760,钟丽,小型企业,安阳,河南,中国,中南,家具-椅子-10004559,家具,椅子,"SAFCO 折叠椅, 可调",740.88,2,0.1,82.32
5342,CN-202022-2737126,2023-09-11,2023-09-13,二级,任杰-14755,任杰,消费者,天津,天津,中国,华北,办公用-器具-10001375,办公用品,器具,"Hamilton Beach 微波炉, 红色",5273.52,4,0.0,790.72
5347,CN-202022-4309040,2023-02-27,2023-03-04,标准级,吕兰-15700,吕兰,消费者,重庆,重庆,中国,西南,办公用-纸张-10002173,办公用品,纸张,"Green Bar 笔记本, 多色",728.0,5,0.0,268.8
5348,CN-202022-4309040,2023-02-27,2023-03-04,标准级,吕兰-15700,吕兰,消费者,重庆,重庆,中国,西南,办公用-装订-10000048,办公用品,装订机,"Acco 标签, 回收",41.72,1,0.0,5.32
5349,CN-202022-4309040,2023-02-27,2023-03-04,标准级,吕兰-15700,吕兰,消费者,重庆,重庆,中国,西南,家具-用具-10001467,家具,用具,"Advantus 分层置放架, 一包多件",986.72,8,0.0,256.48
5350,CN-202022-4309040,2023-02-27,2023-03-04,标准级,吕兰-15700,吕兰,消费者,重庆,重庆,中国,西南,办公用-装订-10004336,办公用品,装订机,"Acco 装订机盖, 实惠",310.8,5,0.0,58.8
5351,CN-202022-4309040,2023-02-27,2023-03-04,标准级,吕兰-15700,吕兰,消费者,重庆,重庆,中国,西南,家具-用具-10001120,家具,用具,"Deflect-O 分层置放架, 耐用",104.16,1,0.0,10.36
5352,CN-202022-3074981,2023-05-23,2023-05-23,当日,万冬-12460,万冬露,消费者,上海,上海,中国,华东,家具-椅子-10000374,家具,椅子,"Harbour Creations 椅垫, 可调",2780.96,8,0.0,1279.04
5353,CN-202022-3074981,2023-05-23,2023-05-23,当日,万冬-12460,万冬露,消费者,上海,上海,中国,华东,办公用-纸张-10004284,办公用品,纸张,"Green Bar 信纸, 每包 12 个",1715.98,7,0.0,823.2
5356,CN-202022-5022660,2023-11-07,2023-11-14,标准级,陈爽-20515,陈爽,小型企业,济南,山东,中国,华东,办公用-美术-10001814,办公用品,美术,"BIC 画布, 金属",256.48,1,0.0,74.34
5357,CN-202022-5022660,2023-11-07,2023-11-14,标准级,陈爽-20515,陈爽,小型企业,济南,山东,中国,华东,家具-用具-10004678,家具,用具,"Eldon 闹钟, 优质",514.64,2,0.0,15.4
5359,CN-202022-4037167,2023-05-27,2023-05-30,二级,沈虢-13570,沈虢,消费者,开封,河南,中国,中南,办公用-器具-10001375,办公用品,器具,"Hamilton Beach 微波炉, 红色",2636.76,2,0.0,395.36
5360,CN-202022-4037167,2023-05-27,2023-05-30,二级,沈虢-13570,沈虢,消费者,开封,河南,中国,中南,技术-配件-10000166,技术,配件,"罗技 鼠标, 可编程",574.56,4,0.0,206.64
5361,CN-202022-4037167,2023-05-27,2023-05-30,二级,沈虢-13570,沈虢,消费者,开封,河南,中国,中南,办公用-纸张-10003708,办公用品,纸张,"Eaton 计划信息表, 每包 12 个",230.72,2,0.0,11.48
5362,CN-202022-5057492,2023-06-14,2023-06-17,一级,俞平-19195,俞平,小型企业,成都,四川,中国,西南,办公用-收纳-10002196,办公用品,收纳具,"Fellowes 文件车, 单宽度",1922.76,3,0.0,230.58
5373,CN-202022-5909028,2023-05-08,2023-05-12,标准级,徐荷-13765,徐荷,公司,沈阳,辽宁,中国,东北,技术-电话-10004933,技术,电话,"思科 办公室电话机, 全尺寸",228.9,1,0.4,-152.6
5374,CN-202022-5909028,2023-05-08,2023-05-12,标准级,徐荷-13765,徐荷,公司,沈阳,辽宁,中国,东北,办公用-收纳-10002059,办公用品,收纳具,"Tenex 搁板, 工业",257.32,1,0.0,66.78
5375,CN-202022-5909028,2023-05-08,2023-05-12,标准级,徐荷-13765,徐荷,公司,沈阳,辽宁,中国,东北,家具-桌子-10003933,家具,桌子,"Lesro 咖啡桌, 组装",946.288,2,0.6,-1159.312
5376,CN-202022-5909028,2023-05-08,2023-05-12,标准级,徐荷-13765,徐荷,公司,沈阳,辽宁,中国,东北,办公用-纸张-10003542,办公用品,纸张,"SanDisk 信纸, 每包 12 个",981.12,4,0.0,225.12
5377,CN-202022-5909028,2023-05-08,2023-05-12,标准级,徐荷-13765,徐荷,公司,沈阳,辽宁,中国,东北,家具-用具-10003581,家具,用具,"Deflect-O 门挡, 一包多件",246.456,2,0.4,-57.624
5378,CN-202022-5909028,2023-05-08,2023-05-12,标准级,徐荷-13765,徐荷,公司,沈阳,辽宁,中国,东北,技术-配件-10004102,技术,配件,"SanDisk 鼠标, 回收",101.136,1,0.4,-21.924
5379,CN-202022-5909028,2023-05-08,2023-05-12,标准级,徐荷-13765,徐荷,公司,沈阳,辽宁,中国,东北,技术-电话-10000244,技术,电话,"摩托罗拉 信号增强器, 整包",1203.048,3,0.4,-501.312
5389,CN-202022-1597520,2023-07-26,2023-07-30,标准级,邵伟-21565,邵伟,公司,西安,陕西,中国,西北,办公用-收纳-10001478,办公用品,收纳具,"Fellowes 锁柜, 工业",5818.68,6,0.0,2792.16
5390,CN-202022-1597520,2023-07-26,2023-07-30,标准级,邵伟-21565,邵伟,公司,西安,陕西,中国,西北,技术-配件-10000207,技术,配件,"Enermax 闪存驱动器, 实惠",581.28,3,0.0,249.9
5397,CN-202022-2661656,2023-10-10,2023-10-14,标准级,方栋-12280,方栋,消费者,淮北,安徽,中国,华东,技术-复印-10001141,技术,复印机,"Brother 传真复印机, 每套两件",2680.86,3,0.0,669.9
5403,CN-202022-2280831,2023-04-08,2023-04-09,一级,袁荣-19765,袁荣,公司,苏州,江苏,中国,华东,办公用-标签-10003689,办公用品,标签,"Avery 圆形标签, 耐用",316.26,9,0.0,153.72
5404,CN-202022-2280831,2023-04-08,2023-04-09,一级,袁荣-19765,袁荣,公司,苏州,江苏,中国,华东,家具-书架-10003449,家具,书架,"Bush 柜, 黑色",1215.648,3,0.4,-405.552
5405,CN-202022-2280831,2023-04-08,2023-04-09,一级,袁荣-19765,袁荣,公司,苏州,江苏,中国,华东,办公用-美术-10000574,办公用品,美术,"Sanford 铅笔刀, 金属",25.284,1,0.8,-54.376
5412,CN-202022-2017739,2023-05-07,2023-05-09,二级,袁松-20785,袁松,消费者,西安,陕西,中国,西北,家具-椅子-10002697,家具,椅子,"Novimex 摇椅, 每套两件",4990.72,8,0.0,1097.6
5413,US-202022-4505574,2023-03-19,2023-03-20,一级,程聪-11620,程聪,消费者,邳州,江苏,中国,华东,家具-椅子-10001287,家具,椅子,"Hon 摇椅, 黑色",1076.796,3,0.4,-502.824
5415,CN-202022-4978724,2023-08-05,2023-08-10,标准级,邹实-20260,邹实,公司,临清,山东,中国,华东,办公用-器具-10003382,办公用品,器具,"Breville 烤面包机, 银色",1445.92,4,0.0,288.96
5417,US-202022-1031662,2023-08-05,2023-08-09,标准级,顾君-15220,顾君,公司,石龙,广东,中国,中南,办公用-收纳-10003289,办公用品,收纳具,"Tenex 搁板, 单宽度",1276.1,5,0.0,318.5
5418,US-202022-1031662,2023-08-05,2023-08-09,标准级,顾君-15220,顾君,公司,石龙,广东,中国,中南,办公用-系固-10003763,办公用品,系固件,"Advantus 图钉, 整包",126.84,2,0.0,29.12
5419,US-202022-1031662,2023-08-05,2023-08-09,标准级,顾君-15220,顾君,公司,石龙,广东,中国,中南,办公用-器具-10004829,办公用品,器具,"Breville 微波炉, 银色",4234.44,3,0.0,296.1
5420,US-202022-1031662,2023-08-05,2023-08-09,标准级,顾君-15220,顾君,公司,石龙,广东,中国,中南,家具-用具-10000239,家具,用具,"Tenex 分层置放架, 耐用",623.28,6,0.0,111.72
5421,US-202022-1031662,2023-08-05,2023-08-09,标准级,顾君-15220,顾君,公司,石龙,广东,中国,中南,技术-复印-10001249,技术,复印机,"夏普 个人复印机, 数字化",1674.96,3,0.0,251.16
5422,US-202022-1031662,2023-08-05,2023-08-09,标准级,顾君-15220,顾君,公司,石龙,广东,中国,中南,技术-配件-10002633,技术,配件,"罗技 记忆卡, 耐用",2417.1,5,0.0,1183.7
5425,US-202022-5260002,2023-06-14,2023-06-19,二级,邱栋-12265,邱栋,消费者,白银,甘肃,中国,西北,办公用-装订-10001257,办公用品,装订机,"Ibico 打孔机, 实惠",341.04,4,0.4,-119.84
5427,CN-202022-4225447,2023-05-30,2023-06-04,标准级,贺婵-10915,贺婵,消费者,宜昌,湖北,中国,中南,技术-设备-10000554,技术,设备,"爱普生 卡片打印机, 红色",4210.92,9,0.4,631.26
5436,CN-202022-5181244,2023-10-22,2023-10-28,标准级,蒋冬-12370,蒋冬露,消费者,乌海,内蒙古,中国,华北,办公用-装订-10002707,办公用品,装订机,"Ibico 标签, 耐用",29.148,1,0.4,-9.772
5437,CN-202022-5181244,2023-10-22,2023-10-28,标准级,蒋冬-12370,蒋冬露,消费者,乌海,内蒙古,中国,华北,办公用-装订-10000749,办公用品,装订机,"Ibico 打孔机, 透明",167.496,2,0.4,-17.024
5438,CN-202022-5181244,2023-10-22,2023-10-28,标准级,蒋冬-12370,蒋冬露,消费者,乌海,内蒙古,中国,华北,办公用-收纳-10001573,办公用品,收纳具,"Smead 盘, 蓝色",452.48,2,0.0,212.52
5439,CN-202022-5181244,2023-10-22,2023-10-28,标准级,蒋冬-12370,蒋冬露,消费者,乌海,内蒙古,中国,华北,办公用-装订-10001078,办公用品,装订机,"Ibico 订书机, 回收",144.984,1,0.4,-4.956
5440,CN-202022-2960006,2023-08-08,2023-08-12,标准级,肖菊-15010,肖菊,公司,鞍山,辽宁,中国,东北,家具-用具-10002670,家具,用具,"Tenex 门挡, 黑色",983.136,8,0.4,146.496
5459,CN-202022-1190387,2023-11-07,2023-11-14,标准级,陶巧-19495,陶巧,消费者,天津,天津,中国,华北,技术-复印-10001364,技术,复印机,"夏普 传真复印机, 数字化",1570.24,2,0.0,47.04
5460,CN-202022-1190387,2023-11-07,2023-11-14,标准级,陶巧-19495,陶巧,消费者,天津,天津,中国,华北,办公用-纸张-10001285,办公用品,纸张,"Eaton 计划信息表, 多色",307.86,3,0.0,76.86
5461,CN-202022-1190387,2023-11-07,2023-11-14,标准级,陶巧-19495,陶巧,消费者,天津,天津,中国,华北,家具-书架-10000111,家具,书架,"Bush 书架, 传统",576.38,1,0.0,265.02
5462,CN-202022-1190387,2023-11-07,2023-11-14,标准级,陶巧-19495,陶巧,消费者,天津,天津,中国,华北,技术-复印-10003316,技术,复印机,"惠普 复印机, 每套两件",2274.44,2,0.0,227.36
5471,CN-202022-5908054,2023-03-23,2023-03-25,二级,姚秋-11605,姚秋,消费者,梅州,广东,中国,中南,家具-书架-10002197,家具,书架,"宜家 搁架, 金属",1584.8,2,0.0,174.16
5472,CN-202022-5908054,2023-03-23,2023-03-25,二级,姚秋-11605,姚秋,消费者,梅州,广东,中国,中南,办公用-信封-10004832,办公用品,信封,"GlobeWeis 搭扣信封, 红色",250.88,4,0.0,85.12
5475,CN-202022-5057492,2023-06-17,2023-06-21,标准级,郝柏-18940,郝柏,消费者,鸡西,黑龙江,中国,东北,办公用-纸张-10003833,办公用品,纸张,"Enermax 计划信息表, 多色",669.48,6,0.0,99.96
5476,CN-202022-5057492,2023-06-17,2023-06-21,标准级,郝柏-18940,郝柏,消费者,鸡西,黑龙江,中国,东北,技术-配件-10001403,技术,配件,"贝尔金 键盘, 可编程",1195.32,3,0.0,202.86
5477,CN-202022-5057492,2023-06-17,2023-06-21,标准级,郝柏-18940,郝柏,消费者,鸡西,黑龙江,中国,东北,办公用-用品-10002431,办公用品,用品,"Kleencut 剪刀, 锯齿状",88.62,1,0.0,27.44
5478,CN-202022-5057492,2023-06-17,2023-06-21,标准级,郝柏-18940,郝柏,消费者,鸡西,黑龙江,中国,东北,家具-书架-10002881,家具,书架,"Safco 书架, 白色",1414.0,2,0.0,579.6
5479,CN-202022-5057492,2023-06-17,2023-06-21,标准级,郝柏-18940,郝柏,消费者,鸡西,黑龙江,中国,东北,办公用-收纳-10002196,办公用品,收纳具,"Fellowes 文件车, 单宽度",4486.44,7,0.0,538.02
5483,CN-202022-4674220,2023-04-27,2023-05-02,二级,佘升-20170,佘升,消费者,锡林浩特,内蒙古,中国,华北,办公用-用品-10001725,办公用品,用品,"Fiskars 尺子, 钢",271.068,7,0.4,-14.112
5484,CN-202022-4674220,2023-04-27,2023-05-02,二级,佘升-20170,佘升,消费者,锡林浩特,内蒙古,中国,华北,办公用-装订-10002241,办公用品,装订机,"Cardinal 订书机, 透明",964.908,7,0.4,-434.532
5492,CN-202022-4347325,2023-12-23,2023-12-25,一级,卢谙-18805,卢谙,小型企业,凤城,辽宁,中国,东北,办公用-收纳-10004708,办公用品,收纳具,"Fellowes 文件车, 工业",3215.1,5,0.0,1478.4
5493,CN-202022-4347325,2023-12-23,2023-12-25,一级,卢谙-18805,卢谙,小型企业,凤城,辽宁,中国,东北,家具-椅子-10002994,家具,椅子,"Office Star 折叠椅, 黑色",499.968,2,0.4,-275.072
5494,CN-202022-4347325,2023-12-23,2023-12-25,一级,卢谙-18805,卢谙,小型企业,凤城,辽宁,中国,东北,技术-电话-10000244,技术,电话,"摩托罗拉 信号增强器, 整包",1203.048,3,0.4,-501.312
5495,CN-202022-4347325,2023-12-23,2023-12-25,一级,卢谙-18805,卢谙,小型企业,凤城,辽宁,中国,东北,家具-书架-10003501,家具,书架,"宜家 搁架, 白色",1936.032,4,0.4,322.672
5505,US-202022-5414820,2023-08-27,2023-09-02,标准级,邱秋-11575,邱秋,公司,德阳,四川,中国,西南,家具-椅子-10000210,家具,椅子,"Harbour Creations 扶手椅, 每套两件",2664.816,2,0.4,-932.904
5506,US-202022-5146329,2023-11-13,2023-11-20,标准级,牛晒-19810,牛晒明,小型企业,湘潭,湖南,中国,中南,办公用-收纳-10000083,办公用品,收纳具,"Smead 盒, 工业",52.5,1,0.0,16.24
5507,US-202022-5146329,2023-11-13,2023-11-20,标准级,牛晒-19810,牛晒明,小型企业,湘潭,湖南,中国,中南,家具-用具-10003236,家具,用具,"Rubvermaid 框架, 一包多件",2565.5,5,0.0,1282.4
5508,US-202022-5146329,2023-11-13,2023-11-20,标准级,牛晒-19810,牛晒明,小型企业,湘潭,湖南,中国,中南,家具-椅子-10002386,家具,椅子,"Office Star 摇椅, 可调",3011.4,5,0.1,1103.9
5509,US-202022-5146329,2023-11-13,2023-11-20,标准级,牛晒-19810,牛晒明,小型企业,湘潭,湖南,中国,中南,家具-椅子-10003570,家具,椅子,"Harbour Creations 凳子, 每套两件",4595.724,6,0.1,1378.524
5514,US-202022-3057386,2023-11-02,2023-11-04,二级,范雯-21685,范雯,小型企业,安达,黑龙江,中国,东北,办公用-美术-10002228,办公用品,美术,"BIC 荧光笔, 混合尺寸",165.088,2,0.2,1.848
5523,CN-202022-1346492,2023-05-24,2023-05-28,二级,李蔓-17995,李蔓楚,小型企业,宿州,安徽,中国,华东,办公用-收纳-10000181,办公用品,收纳具,"Eldon 文件车, 蓝色",4177.74,7,0.0,1252.44
5524,CN-202022-1346492,2023-05-24,2023-05-28,二级,李蔓-17995,李蔓楚,小型企业,宿州,安徽,中国,华东,办公用-装订-10002049,办公用品,装订机,"Ibico 装订机盖, 透明",244.72,4,0.0,41.44
5525,CN-202022-1346492,2023-05-24,2023-05-28,二级,李蔓-17995,李蔓楚,小型企业,宿州,安徽,中国,华东,办公用-装订-10000225,办公用品,装订机,"Cardinal 装订机盖, 透明",267.4,5,0.0,90.3
5526,CN-202022-1346492,2023-05-24,2023-05-28,二级,李蔓-17995,李蔓楚,小型企业,宿州,安徽,中国,华东,技术-复印-10001141,技术,复印机,"Brother 传真复印机, 每套两件",6255.34,7,0.0,1563.1
5527,CN-202022-1346492,2023-05-24,2023-05-28,二级,李蔓-17995,李蔓楚,小型企业,宿州,安徽,中国,华东,办公用-收纳-10000735,办公用品,收纳具,"Fellowes 文件夹, 单宽度",493.36,4,0.0,172.48
5528,CN-202022-4688195,2023-05-29,2023-05-31,二级,贺鹏-19045,贺鹏,小型企业,揭阳,广东,中国,中南,办公用-纸张-10002204,办公用品,纸张,"Enermax 信纸, 回收",219.38,1,0.0,28.42
5529,CN-202022-5057492,2023-12-19,2023-12-24,标准级,李黎-16375,李黎明,小型企业,诸暨,浙江,中国,华东,办公用-器具-10002746,办公用品,器具,"Cuisinart 咖啡研磨机, 银色",551.04,5,0.4,-303.66
5530,CN-202022-5057492,2023-12-19,2023-12-24,标准级,李黎-16375,李黎明,小型企业,诸暨,浙江,中国,华东,办公用-收纳-10001617,办公用品,收纳具,"Tenex 锁柜, 金属",1896.72,2,0.0,948.36
5531,CN-202022-5057492,2023-12-19,2023-12-24,标准级,李黎-16375,李黎明,小型企业,诸暨,浙江,中国,华东,技术-配件-10000783,技术,配件,"罗技 键盘, 回收",786.912,4,0.4,-197.008
5544,CN-202022-5112322,2023-08-07,2023-08-10,一级,金诚-11260,金诚,消费者,济宁,山东,中国,华东,家具-书架-10002967,家具,书架,"Sauder 古典书架, 白色",10231.9,5,0.0,1841.7
5545,CN-202022-5112322,2023-08-07,2023-08-10,一级,金诚-11260,金诚,消费者,济宁,山东,中国,华东,办公用-收纳-10000083,办公用品,收纳具,"Smead 盒, 工业",210.0,4,0.0,64.96
5546,CN-202022-5112322,2023-08-07,2023-08-10,一级,金诚-11260,金诚,消费者,济宁,山东,中国,华东,家具-椅子-10001132,家具,椅子,"Hon 椅垫, 黑色",991.2,4,0.0,158.48
5547,CN-202022-5112322,2023-08-07,2023-08-10,一级,金诚-11260,金诚,消费者,济宁,山东,中国,华东,办公用-器具-10001602,办公用品,器具,"Hoover 微波炉, 银色",4331.46,3,0.0,519.54
5548,CN-202022-1738807,2023-02-07,2023-02-13,标准级,陈翠-11755,陈翠,消费者,武汉,湖北,中国,中南,技术-设备-10004735,技术,设备,"StarTech 计算器, 耐用",673.344,6,0.4,-280.896
5549,CN-202022-1738807,2023-02-07,2023-02-13,标准级,陈翠-11755,陈翠,消费者,武汉,湖北,中国,中南,办公用-美术-10000574,办公用品,美术,"Sanford 铅笔刀, 金属",101.136,4,0.8,-217.504
5556,CN-202022-1340062,2023-10-10,2023-10-12,一级,楚杰-14710,楚杰,消费者,襄城,河南,中国,中南,办公用-装订-10000225,办公用品,装订机,"Cardinal 装订机盖, 透明",427.84,8,0.0,144.48
5557,CN-202022-1340062,2023-10-10,2023-10-12,一级,楚杰-14710,楚杰,消费者,襄城,河南,中国,中南,办公用-用品-10003822,办公用品,用品,"Acme 开信刀, 蓝色",563.92,4,0.0,95.76
5558,CN-202022-4159546,2023-12-28,2023-12-30,一级,常惠-14305,常惠英,消费者,铁岭,辽宁,中国,东北,办公用-标签-10002420,办公用品,标签,"Hon 圆形标签, 白色",93.24,3,0.0,3.36
5559,CN-202022-4159546,2023-12-28,2023-12-30,一级,常惠-14305,常惠英,消费者,铁岭,辽宁,中国,东北,家具-椅子-10000341,家具,椅子,"Office Star 椅垫, 红色",552.888,3,0.4,-332.052
5577,CN-202022-5173564,2023-10-03,2023-10-09,标准级,柳明-18310,柳明,小型企业,蚌埠,安徽,中国,华东,技术-复印-10000827,技术,复印机,"惠普 复印机, 彩色",3431.82,3,0.0,102.9
5578,CN-202022-3455141,2023-05-02,2023-05-06,标准级,陶磊-16105,陶磊,公司,天长,河北,中国,华北,家具-书架-10002304,家具,书架,"Safco 墙角架, 传统",2789.92,4,0.0,1338.96
5583,CN-202022-3230180,2023-01-21,2023-01-22,一级,陶昌-11065,陶昌,消费者,邯郸,河北,中国,华北,家具-椅子-10001132,家具,椅子,"Hon 椅垫, 黑色",247.8,1,0.0,39.62
5584,CN-202022-3230180,2023-01-21,2023-01-22,一级,陶昌-11065,陶昌,消费者,邯郸,河北,中国,华北,办公用-用品-10002441,办公用品,用品,"Fiskars 尺子, 蓝色",134.68,2,0.0,7.84
5585,CN-202022-3230180,2023-01-21,2023-01-22,一级,陶昌-11065,陶昌,消费者,邯郸,河北,中国,华北,办公用-收纳-10003456,办公用品,收纳具,"Eldon 文件车, 单宽度",1193.92,2,0.0,477.4
5586,CN-202022-3230180,2023-01-21,2023-01-22,一级,陶昌-11065,陶昌,消费者,邯郸,河北,中国,华北,办公用-收纳-10003525,办公用品,收纳具,"Eldon 盒, 金属",304.78,7,0.0,108.78
5591,CN-202022-5784606,2023-02-07,2023-02-10,二级,梁梦-18220,梁梦,消费者,西宁,青海,中国,西北,家具-书架-10004015,家具,书架,"Bush 墙角架, 传统",578.62,1,0.0,144.62
5592,CN-202022-5784606,2023-02-07,2023-02-10,二级,梁梦-18220,梁梦,消费者,西宁,青海,中国,西北,家具-桌子-10003635,家具,桌子,"Hon 会议桌, 长方形",7720.02,3,0.4,643.02
5593,CN-202022-5784606,2023-02-07,2023-02-10,二级,梁梦-18220,梁梦,消费者,西宁,青海,中国,西北,家具-书架-10003307,家具,书架,"Sauder 书库, 金属",9032.1,5,0.0,3612.7
5594,CN-202022-5784606,2023-02-07,2023-02-10,二级,梁梦-18220,梁梦,消费者,西宁,青海,中国,西北,办公用-纸张-10004686,办公用品,纸张,"SanDisk 信纸, 多色",1860.32,8,0.0,501.76
5595,CN-202022-5784606,2023-02-07,2023-02-10,二级,梁梦-18220,梁梦,消费者,西宁,青海,中国,西北,技术-配件-10003567,技术,配件,"罗技 鼠标, 回收",379.26,3,0.0,124.74
5600,CN-202022-3438839,2023-05-27,2023-05-31,标准级,廖保-10330,廖保,消费者,浯溪,湖南,中国,中南,办公用-收纳-10001749,办公用品,收纳具,"Rogers 锁柜, 工业",2969.4,3,0.0,1039.08
5601,CN-202022-3438839,2023-05-27,2023-05-31,标准级,廖保-10330,廖保,消费者,浯溪,湖南,中国,中南,办公用-纸张-10002247,办公用品,纸张,"施乐 令, 每包 12 个",142.24,1,0.0,39.76
5612,CN-202022-4936120,2023-08-19,2023-08-22,二级,周诚-11290,周诚,消费者,保定,河北,中国,华北,办公用-收纳-10000741,办公用品,收纳具,"Fellowes 盒, 单宽度",367.92,4,0.0,110.32
5613,CN-202022-4936120,2023-08-19,2023-08-22,二级,周诚-11290,周诚,消费者,保定,河北,中国,华北,技术-复印-10004926,技术,复印机,"Hewlett 传真复印机, 彩色",3627.12,4,0.0,72.24
5614,CN-202022-4936120,2023-08-19,2023-08-22,二级,周诚-11290,周诚,消费者,保定,河北,中国,华北,办公用-器具-10002669,办公用品,器具,"Breville 烤面包机, 白色",1397.2,4,0.0,544.88
5615,CN-202022-2924320,2023-05-17,2023-05-22,标准级,赵芳-12730,赵芳,消费者,阿城,黑龙江,中国,东北,办公用-用品-10002305,办公用品,用品,"Elite 美工刀, 蓝色",325.64,2,0.0,38.92
5624,US-202022-4842730,2023-09-19,2023-09-23,标准级,孟刚-13180,孟刚,公司,广州,广东,中国,中南,技术-复印-10001249,技术,复印机,"夏普 个人复印机, 数字化",6699.84,12,0.0,1004.64
5625,US-202022-4842730,2023-09-19,2023-09-23,标准级,孟刚-13180,孟刚,公司,广州,广东,中国,中南,办公用-美术-10000636,办公用品,美术,"Binney & Smith 记号笔, 金属",567.84,6,0.2,56.28
5626,US-202022-4842730,2023-09-19,2023-09-23,标准级,孟刚-13180,孟刚,公司,广州,广东,中国,中南,技术-复印-10003118,技术,复印机,"Brother 传真复印机, 红色",7966.98,9,0.0,2548.98
5627,US-202022-4842730,2023-09-19,2023-09-23,标准级,孟刚-13180,孟刚,公司,广州,广东,中国,中南,技术-电话-10002221,技术,电话,"苹果 音频基座, 全尺寸",1569.68,2,0.0,596.4
5630,CN-202022-4853457,2023-12-24,2023-12-27,二级,贺恒-13630,贺恒,消费者,北京,北京,中国,华北,技术-设备-10000806,技术,设备,"爱普生 卡片打印机, 多色",6344.8,8,0.0,1776.32
5631,CN-202022-4853457,2023-12-24,2023-12-27,二级,贺恒-13630,贺恒,消费者,北京,北京,中国,华北,家具-椅子-10004126,家具,椅子,"Novimex 折叠椅, 黑色",1117.2,3,0.0,66.78
5633,US-202022-1267778,2023-10-24,2023-10-27,一级,洪毅-12490,洪毅,公司,林口,黑龙江,中国,东北,家具-桌子-10002607,家具,桌子,"Bevis 木桌, 黑色",5602.905,3,0.25,-821.835
5634,CN-202022-1587245,2023-01-27,2023-02-01,标准级,殷昌-11080,殷昌,消费者,富阳,浙江,中国,华东,办公用-信封-10002073,办公用品,信封,"Kraft 局间信封, 银色",1611.12,7,0.0,353.78
5635,CN-202022-1587245,2023-01-27,2023-02-01,标准级,殷昌-11080,殷昌,消费者,富阳,浙江,中国,华东,技术-配件-10003601,技术,配件,"贝尔金 闪存驱动器, 可编程",729.792,6,0.4,-268.128
5637,US-202022-3922494,2023-10-28,2023-11-02,标准级,佟虹-13885,佟虹,小型企业,海城,辽宁,中国,东北,技术-复印-10004460,技术,复印机,"惠普 传真复印机, 每套两件",3388.644,7,0.4,-1976.856
5644,CN-202022-1734605,2023-06-28,2023-07-03,标准级,夏明-18355,夏明媚,公司,洛阳,河南,中国,中南,技术-设备-10002958,技术,设备,"柯尼卡 喷墨打印机, 耐用",7316.4,5,0.0,3511.2
5645,CN-202022-1734605,2023-06-28,2023-07-03,标准级,夏明-18355,夏明媚,公司,洛阳,河南,中国,中南,办公用-收纳-10001617,办公用品,收纳具,"Tenex 锁柜, 金属",2845.08,3,0.0,1422.54
5646,CN-202022-2594036,2023-09-21,2023-09-23,一级,邱升-20035,邱升,小型企业,齐齐哈尔,黑龙江,中国,东北,办公用-系固-10004244,办公用品,系固件,"Advantus 橡皮筋, 混合尺寸",393.12,6,0.0,3.36
5650,CN-202022-3021319,2023-05-29,2023-05-31,二级,徐谙-18895,徐谙,消费者,牡丹江,黑龙江,中国,东北,办公用-装订-10000749,办公用品,装订机,"Ibico 打孔机, 透明",977.06,7,0.0,331.24
5659,CN-202022-2351493,2023-05-20,2023-05-22,二级,徐虎-14020,徐虎,消费者,洛阳,河南,中国,中南,办公用-纸张-10002471,办公用品,纸张,"施乐 备忘录便条, 每包 12 个",494.76,6,0.0,246.96
5692,US-202022-4764837,2023-11-08,2023-11-15,标准级,贺伟-21490,贺伟,消费者,常州,江苏,中国,华东,办公用-信封-10002028,办公用品,信封,"Cameo 外皮和封条, 每套 50 个",294.0,3,0.0,26.46
5700,CN-202022-1361457,2023-09-16,2023-09-19,二级,谭忠-11560,谭忠,小型企业,榆树,吉林,中国,东北,办公用-收纳-10004245,办公用品,收纳具,"Smead 搁板, 工业",1614.06,7,0.0,96.04
5701,CN-202022-5613673,2023-07-03,2023-07-08,标准级,谭乐-17815,谭乐,消费者,莆田,福建,中国,华东,技术-电话-10002340,技术,电话,"三星 耳机, 整包",342.02,1,0.0,167.58
5704,US-202022-1308033,2023-08-07,2023-08-11,标准级,夏彩-10645,夏彩,消费者,广州,广东,中国,中南,家具-用具-10001691,家具,用具,"Eldon 灯泡, 优质",778.12,7,0.0,108.78
5711,CN-202022-5679752,2023-06-17,2023-06-21,标准级,杨栋-12340,杨栋,公司,廉州镇,广西,中国,中南,家具-椅子-10000374,家具,椅子,"Harbour Creations 椅垫, 可调",1564.29,5,0.1,625.59
5719,US-202022-2977814,2023-12-20,2023-12-20,当日,陈荷-13675,陈荷,小型企业,涪陵,重庆,中国,西南,家具-书架-10002899,家具,书架,"宜家 古典书架, 传统",1921.5,1,0.0,499.52
5720,US-202022-4173980,2023-09-30,2023-10-07,标准级,许根-13240,许根基,小型企业,武汉,湖北,中国,中南,办公用-美术-10000805,办公用品,美术,"Binney & Smith 荧光笔, 蓝色",185.808,12,0.8,-279.552
5727,CN-202022-5747151,2023-07-17,2023-07-21,标准级,戴虎-14065,戴虎,消费者,天津,天津,中国,华北,技术-配件-10003629,技术,配件,"SanDisk 键盘, 可编程",774.48,2,0.0,0.0
5728,CN-202022-5747151,2023-07-17,2023-07-21,标准级,戴虎-14065,戴虎,消费者,天津,天津,中国,华北,办公用-用品-10003489,办公用品,用品,"Stiletto 剪刀, 钢",1073.8,10,0.0,161.0
5729,CN-202022-5747151,2023-07-17,2023-07-21,标准级,戴虎-14065,戴虎,消费者,天津,天津,中国,华北,办公用-纸张-10001792,办公用品,纸张,"施乐 备忘录便条, 优质",378.84,6,0.0,151.2
5730,CN-202022-5747151,2023-07-17,2023-07-21,标准级,戴虎-14065,戴虎,消费者,天津,天津,中国,华北,办公用-装订-10001901,办公用品,装订机,"Cardinal 标签, 实惠",101.64,3,0.0,26.04
5736,CN-202022-3766882,2023-12-18,2023-12-21,一级,贺绅-19945,贺绅,消费者,鹤壁,河南,中国,中南,技术-电话-10004819,技术,电话,"诺基亚 智能手机, 整包",1150.24,2,0.0,45.92
5737,CN-202022-3766882,2023-12-18,2023-12-21,一级,贺绅-19945,贺绅,消费者,鹤壁,河南,中国,中南,办公用-标签-10002765,办公用品,标签,"Novimex 可去除的标签, 可调",181.3,5,0.0,4.9
5738,CN-202022-4266965,2023-10-24,2023-10-26,一级,叶莲-17095,叶莲,消费者,西安,陕西,中国,西北,技术-电话-10003828,技术,电话,"摩托罗拉 充电器, 混合尺寸",9037.56,3,0.0,1084.44
5739,CN-202022-5235171,2023-11-25,2023-11-29,标准级,孙诚-11320,孙诚,消费者,江都,江苏,中国,华东,办公用-美术-10001814,办公用品,美术,"BIC 画布, 金属",102.592,2,0.8,-261.688
5740,CN-202022-5235171,2023-11-25,2023-11-29,标准级,孙诚-11320,孙诚,消费者,江都,江苏,中国,华东,技术-配件-10004986,技术,配件,"贝尔金 路由器, 回收",2155.104,3,0.4,-107.856
5741,CN-202022-5235171,2023-11-25,2023-11-29,标准级,孙诚-11320,孙诚,消费者,江都,江苏,中国,华东,技术-设备-10002232,技术,设备,"StarTech 收据打印机, 耐用",1859.76,6,0.4,-248.64
5746,CN-202022-1119011,2023-03-01,2023-03-07,标准级,潘盛-20380,潘盛,消费者,枣庄,山东,中国,华东,办公用-收纳-10002059,办公用品,收纳具,"Tenex 搁板, 工业",771.96,3,0.0,200.34
5786,CN-202022-3734004,2023-01-07,2023-01-14,标准级,秦黎-16300,秦黎明,公司,辽源,吉林,中国,东北,技术-电话-10001271,技术,电话,"摩托罗拉 耳机, 整包",4097.94,11,0.0,1433.74
5787,CN-202022-3734004,2023-01-07,2023-01-14,标准级,秦黎-16300,秦黎明,公司,辽源,吉林,中国,东北,办公用-标签-10000647,办公用品,标签,"Novimex 运输标签, 耐用",212.24,4,0.0,95.2
5791,CN-202022-1165982,2023-11-01,2023-11-06,标准级,程安-10105,程安,消费者,连然,云南,中国,西南,办公用-标签-10002535,办公用品,标签,"Hon 可去除的标签, 耐用",49.7,1,0.0,9.94
5792,CN-202022-1165982,2023-11-01,2023-11-06,标准级,程安-10105,程安,消费者,连然,云南,中国,西南,技术-电话-10003347,技术,电话,"摩托罗拉 信号增强器, 全尺寸",2021.88,3,0.0,808.5
5793,CN-202022-1165982,2023-11-01,2023-11-06,标准级,程安-10105,程安,消费者,连然,云南,中国,西南,家具-椅子-10004416,家具,椅子,"Novimex 折叠椅, 每套两件",1182.72,3,0.0,449.4
5805,CN-202022-5943918,2023-07-31,2023-08-06,标准级,何虢-13480,何虢,小型企业,呼和浩特,内蒙古,中国,华北,办公用-系固-10002368,办公用品,系固件,"OIC 回形针, 混合尺寸",99.792,3,0.4,-63.588
5806,US-202022-4479160,2023-08-09,2023-08-14,标准级,邢盛-20335,邢盛,消费者,海拉尔,内蒙古,中国,华北,家具-椅子-10003410,家具,椅子,"Hon 沙滩椅, 红色",252.84,2,0.4,-147.56
5807,US-202022-4479160,2023-08-09,2023-08-14,标准级,邢盛-20335,邢盛,消费者,海拉尔,内蒙古,中国,华北,办公用-标签-10001292,办公用品,标签,"Smead 文件夹标签, 白色",82.88,2,0.0,8.96
5808,US-202022-4479160,2023-08-09,2023-08-14,标准级,邢盛-20335,邢盛,消费者,海拉尔,内蒙古,中国,华北,办公用-收纳-10004673,办公用品,收纳具,"Smead 盒, 蓝色",100.52,2,0.0,1.96
5809,US-202022-4479160,2023-08-09,2023-08-14,标准级,邢盛-20335,邢盛,消费者,海拉尔,内蒙古,中国,华北,办公用-标签-10001659,办公用品,标签,"Harbour Creations 圆形标签, 可调",43.4,2,0.0,20.16
5810,US-202022-4479160,2023-08-09,2023-08-14,标准级,邢盛-20335,邢盛,消费者,海拉尔,内蒙古,中国,华北,技术-配件-10000196,技术,配件,"罗技 闪存驱动器, 可编程",179.256,2,0.4,-59.864
5816,CN-202022-3476099,2023-07-22,2023-07-29,标准级,贺鹏-19060,贺鹏,小型企业,高州,广东,中国,中南,技术-配件-10004884,技术,配件,"SanDisk 键区, 实惠",258.3,1,0.0,98.14
5817,CN-202022-3476099,2023-07-22,2023-07-29,标准级,贺鹏-19060,贺鹏,小型企业,高州,广东,中国,中南,办公用-装订-10002432,办公用品,装订机,"Avery 打孔机, 耐用",685.3,5,0.0,13.3
5818,CN-202022-3476099,2023-07-22,2023-07-29,标准级,贺鹏-19060,贺鹏,小型企业,高州,广东,中国,中南,办公用-装订-10002814,办公用品,装订机,"Cardinal 打孔机, 透明",659.4,5,0.0,204.4
5819,CN-202022-1597983,2023-02-07,2023-02-11,标准级,宋栋-12310,宋栋,公司,临清,山东,中国,华东,技术-复印-10000216,技术,复印机,"Brother 传真复印机, 彩色",900.34,1,0.0,342.02
5820,CN-202022-1232384,2023-10-23,2023-10-29,标准级,谭琼-19660,谭琼,小型企业,常州,江苏,中国,华东,办公用-收纳-10000375,办公用品,收纳具,"Smead 搁板, 单宽度",685.44,3,0.0,205.38
5821,CN-202022-1232384,2023-10-23,2023-10-29,标准级,谭琼-19660,谭琼,小型企业,常州,江苏,中国,华东,技术-电话-10000751,技术,电话,"三星 信号增强器, 混合尺寸",1561.728,4,0.4,-598.752
5834,CN-202022-3883671,2023-08-26,2023-09-01,标准级,邓达-11785,邓达侠,消费者,广州,广东,中国,中南,办公用-系固-10004655,办公用品,系固件,"Stockwell 夹子, 金属",442.4,5,0.0,221.2
5839,CN-202022-3867173,2023-08-06,2023-08-12,标准级,廖珊-19870,廖珊,小型企业,包头,内蒙古,中国,华北,办公用-用品-10000602,办公用品,用品,"Fiskars 修剪器, 蓝色",355.32,3,0.4,52.92
5840,CN-202022-3867173,2023-08-06,2023-08-12,标准级,廖珊-19870,廖珊,小型企业,包头,内蒙古,中国,华北,办公用-收纳-10004714,办公用品,收纳具,"Smead 盒, 单宽度",453.6,9,0.0,199.08
5841,CN-202022-3867173,2023-08-06,2023-08-12,标准级,廖珊-19870,廖珊,小型企业,包头,内蒙古,中国,华北,办公用-标签-10000069,办公用品,标签,"Novimex 文件夹标签, 红色",37.66,1,0.0,15.68
5842,CN-202022-3867173,2023-08-06,2023-08-12,标准级,廖珊-19870,廖珊,小型企业,包头,内蒙古,中国,华北,办公用-装订-10000322,办公用品,装订机,"Ibico 标签, 透明",46.872,2,0.4,-21.168
5843,CN-202022-3867173,2023-08-06,2023-08-12,标准级,廖珊-19870,廖珊,小型企业,包头,内蒙古,中国,华北,办公用-器具-10000736,办公用品,器具,"KitchenAid 冰箱, 红色",5912.928,4,0.4,-1577.072
5854,CN-202022-2171205,2023-12-24,2023-12-28,二级,熊光-13390,熊光,小型企业,焦作,河南,中国,中南,办公用-装订-10002095,办公用品,装订机,"Cardinal 打孔机, 耐用",282.8,2,0.0,101.64
5855,CN-202022-2171205,2023-12-24,2023-12-28,二级,熊光-13390,熊光,小型企业,焦作,河南,中国,中南,办公用-用品-10003154,办公用品,用品,"Acme 剪刀, 蓝色",474.88,4,0.0,52.08
5881,CN-202022-4988987,2023-11-27,2023-12-02,标准级,罗君-15235,罗君,消费者,哈尔滨,黑龙江,中国,东北,家具-椅子-10002025,家具,椅子,"Novimex 折叠椅, 可调",395.36,1,0.0,193.62
5882,CN-202022-4988987,2023-11-27,2023-12-02,标准级,罗君-15235,罗君,消费者,哈尔滨,黑龙江,中国,东北,办公用-系固-10000749,办公用品,系固件,"Stockwell 图钉, 金属",309.4,5,0.0,79.8
5883,CN-202022-4988987,2023-11-27,2023-12-02,标准级,罗君-15235,罗君,消费者,哈尔滨,黑龙江,中国,东北,办公用-纸张-10003274,办公用品,纸张,"Enermax 令, 多色",976.08,7,0.0,370.44
5884,CN-202022-4988987,2023-11-27,2023-12-02,标准级,罗君-15235,罗君,消费者,哈尔滨,黑龙江,中国,东北,技术-配件-10001403,技术,配件,"贝尔金 键盘, 可编程",1195.32,3,0.0,202.86
5885,CN-202022-4988987,2023-11-27,2023-12-02,标准级,罗君-15235,罗君,消费者,哈尔滨,黑龙江,中国,东北,办公用-信封-10000562,办公用品,信封,"Kraft 搭扣信封, 银色",106.4,2,0.0,48.72
5886,CN-202022-1576836,2023-03-22,2023-03-27,二级,彭丽-17650,彭丽雪,小型企业,青岛,山东,中国,华东,办公用-纸张-10004748,办公用品,纸张,"Eaton 羊皮纸, 优质",125.72,2,0.0,60.2
5900,US-202022-4757396,2023-08-15,2023-08-21,标准级,郭刚-13150,郭刚,公司,沈阳,辽宁,中国,东北,办公用-系固-10000170,办公用品,系固件,"Stockwell 图钉, 混合尺寸",215.208,7,0.4,-75.852
5903,CN-202022-4680664,2023-07-18,2023-07-25,标准级,麦虹-13855,麦虹,公司,东村,山东,中国,华东,办公用-美术-10001497,办公用品,美术,"Sanford 荧光笔, 整包",299.04,4,0.0,107.52
5904,CN-202022-4680664,2023-07-18,2023-07-25,标准级,麦虹-13855,麦虹,公司,东村,山东,中国,华东,家具-用具-10000812,家具,用具,"Advantus 分层置放架, 耐用",218.4,2,0.0,67.48
5905,CN-202022-4680664,2023-07-18,2023-07-25,标准级,麦虹-13855,麦虹,公司,东村,山东,中国,华东,家具-用具-10002267,家具,用具,"Advantus 分层置放架, 优质",699.72,6,0.0,342.72
5906,CN-202022-4680664,2023-07-18,2023-07-25,标准级,麦虹-13855,麦虹,公司,东村,山东,中国,华东,家具-书架-10001013,家具,书架,"Dania 搁架, 白色",4812.36,6,0.0,1443.12
5907,CN-202022-4680664,2023-07-18,2023-07-25,标准级,麦虹-13855,麦虹,公司,东村,山东,中国,华东,家具-椅子-10002415,家具,椅子,"Novimex 摇椅, 红色",2453.36,4,0.0,735.84
5908,CN-202022-5835982,2023-07-29,2023-08-03,标准级,彭伟-21550,彭伟,小型企业,上海,上海,中国,华东,技术-配件-10000507,技术,配件,"贝尔金 鼠标, 回收",179.76,1,0.0,82.6
5925,CN-202022-4986506,2023-08-31,2023-09-03,一级,谢丽-17635,谢丽雪,公司,安埠,广东,中国,中南,办公用-装订-10002095,办公用品,装订机,"Cardinal 打孔机, 耐用",282.8,2,0.0,101.64
5944,US-202022-4595101,2023-03-09,2023-03-10,一级,蒋安-10120,蒋安,小型企业,黄岩,浙江,中国,华东,办公用-器具-10002468,办公用品,器具,"Cuisinart 烤面包机, 白色",577.92,4,0.4,-221.76
5945,US-202022-4595101,2023-03-09,2023-03-10,一级,蒋安-10120,蒋安,小型企业,黄岩,浙江,中国,华东,办公用-标签-10001814,办公用品,标签,"Smead 运输标签, 耐用",56.0,1,0.0,11.76
5947,CN-202022-3455141,2023-07-26,2023-07-31,二级,巩虢-13495,巩虢,公司,呼兰,黑龙江,中国,东北,家具-椅子-10003910,家具,椅子,"SAFCO 凳子, 可调",1590.68,2,0.0,413.56
5948,CN-202022-3455141,2023-07-26,2023-07-31,二级,巩虢-13495,巩虢,公司,呼兰,黑龙江,中国,东北,办公用-标签-10002420,办公用品,标签,"Hon 圆形标签, 白色",217.56,7,0.0,7.84
5958,CN-202022-2936253,2023-12-27,2024-01-02,标准级,戴康-15415,戴康,消费者,怀化,湖南,中国,中南,办公用-收纳-10003897,办公用品,收纳具,"Rogers 搁板, 金属",856.8,3,0.0,145.32
5959,CN-202022-2936253,2023-12-27,2024-01-02,标准级,戴康-15415,戴康,消费者,怀化,湖南,中国,中南,家具-椅子-10003795,家具,椅子,"Harbour Creations 沙滩椅, 红色",1811.628,7,0.1,482.748
5969,CN-202022-5943918,2023-06-06,2023-06-08,二级,龙锦-14875,龙锦,小型企业,浯溪,湖南,中国,中南,办公用-系固-10001160,办公用品,系固件,"Advantus 订书钉, 混合尺寸",116.34,3,0.0,32.34
5978,CN-202022-3766882,2023-08-27,2023-08-27,当日,常丽-16180,常丽华,消费者,江门,广东,中国,中南,办公用-用品-10003039,办公用品,用品,"Acme 开信刀, 锯齿状",879.06,7,0.0,377.3
5979,CN-202022-3766882,2023-08-27,2023-08-27,当日,常丽-16180,常丽华,消费者,江门,广东,中国,中南,办公用-器具-10000068,办公用品,器具,"Hamilton Beach 咖啡研磨机, 白色",380.8,2,0.0,159.88
5986,CN-202022-2995973,2023-07-03,2023-07-06,一级,丁蔓-18025,丁蔓楚,消费者,敦化,吉林,中国,东北,办公用-装订-10001165,办公用品,装订机,"Cardinal 打孔机, 回收",408.24,3,0.0,81.48
5994,CN-202022-3562924,2023-10-24,2023-10-28,标准级,曹灵-17590,曹灵,公司,大庆,黑龙江,中国,东北,家具-桌子-10004719,家具,桌子,"Bevis 圆桌, 黑色",3627.33,2,0.25,725.41
5995,CN-202022-3562924,2023-10-24,2023-10-28,标准级,曹灵-17590,曹灵,公司,大庆,黑龙江,中国,东北,办公用-信封-10001500,办公用品,信封,"Ames 外皮和封条, 银色",196.84,2,0.0,13.72
5996,CN-202022-3562924,2023-10-24,2023-10-28,标准级,曹灵-17590,曹灵,公司,大庆,黑龙江,中国,东北,办公用-信封-10002784,办公用品,信封,"Kraft 搭扣信封, 红色",234.08,4,0.0,100.24
5997,CN-202022-3562924,2023-10-24,2023-10-28,标准级,曹灵-17590,曹灵,公司,大庆,黑龙江,中国,东北,办公用-收纳-10004131,办公用品,收纳具,"Rogers 文件夹, 金属",416.64,3,0.0,154.14
5998,CN-202022-3562924,2023-10-24,2023-10-28,标准级,曹灵-17590,曹灵,公司,大庆,黑龙江,中国,东北,技术-电话-10000433,技术,电话,"诺基亚 耳机, 蓝色",1364.72,4,0.0,409.36
6004,CN-202022-5285028,2023-06-13,2023-06-19,标准级,涂德-12235,涂德伟,消费者,南宁,广西,中国,中南,技术-电话-10000938,技术,电话,"苹果 耳机, 混合尺寸",1065.54,3,0.0,244.86
6005,CN-202022-1510100,2023-09-27,2023-10-01,标准级,段强-19420,段强,公司,宜昌,湖北,中国,中南,办公用-收纳-10004747,办公用品,收纳具,"Eldon 文件夹, 单宽度",158.76,2,0.0,50.68
6006,CN-202022-1510100,2023-09-27,2023-10-01,标准级,段强-19420,段强,公司,宜昌,湖北,中国,中南,家具-用具-10002448,家具,用具,"Tenex 闹钟, 优质",684.18,5,0.4,-160.02
6007,CN-202022-1510100,2023-09-27,2023-10-01,标准级,段强-19420,段强,公司,宜昌,湖北,中国,中南,办公用-美术-10001002,办公用品,美术,"Sanford 铅笔刀, 整包",121.8,5,0.8,-335.3
6013,CN-202022-5278891,2023-08-07,2023-08-08,一级,殷宣-20920,殷宣,消费者,苏州,江苏,中国,华东,家具-椅子-10004534,家具,椅子,"Office Star 扶手椅, 黑色",3906.0,3,0.4,-2604.0
6014,CN-202022-5278891,2023-08-07,2023-08-08,一级,殷宣-20920,殷宣,消费者,苏州,江苏,中国,华东,办公用-标签-10004820,办公用品,标签,"Hon 有色标签, 白色",239.12,4,0.0,78.4
6023,US-202022-1538609,2023-09-05,2023-09-07,二级,曾辉-12640,曾辉,消费者,东台,江苏,中国,华东,技术-设备-10002958,技术,设备,"柯尼卡 喷墨打印机, 耐用",2633.904,3,0.4,350.784
6024,US-202022-1538609,2023-09-05,2023-09-07,二级,曾辉-12640,曾辉,消费者,东台,江苏,中国,华东,办公用-美术-10001497,办公用品,美术,"Sanford 荧光笔, 整包",44.856,3,0.8,-98.784
6041,CN-202022-2018203,2023-05-21,2023-05-28,标准级,吕欢-14155,吕欢悦,消费者,上海,上海,中国,华东,办公用-系固-10003387,办公用品,系固件,"Advantus 回形针, 金属",131.32,2,0.0,38.08
6042,CN-202022-2018203,2023-05-21,2023-05-28,标准级,吕欢-14155,吕欢悦,消费者,上海,上海,中国,华东,家具-用具-10003979,家具,用具,"Deflect-O 框架, 耐用",999.32,2,0.0,99.68
6043,CN-202022-4985754,2023-08-12,2023-08-13,一级,唐栋-12325,唐栋,小型企业,青岛,山东,中国,华东,家具-用具-10002670,家具,用具,"Tenex 门挡, 黑色",409.64,2,0.0,200.48
6044,CN-202022-4985754,2023-08-12,2023-08-13,一级,唐栋-12325,唐栋,小型企业,青岛,山东,中国,华东,家具-椅子-10002994,家具,椅子,"Office Star 折叠椅, 黑色",1249.92,3,0.0,87.36
6045,CN-202022-4985754,2023-08-12,2023-08-13,一级,唐栋-12325,唐栋,小型企业,青岛,山东,中国,华东,办公用-收纳-10000932,办公用品,收纳具,"Rogers 文件夹, 蓝色",429.66,3,0.0,206.22
6046,CN-202022-4985754,2023-08-12,2023-08-13,一级,唐栋-12325,唐栋,小型企业,青岛,山东,中国,华东,办公用-系固-10000353,办公用品,系固件,"Stockwell 按钉, 金属",131.6,2,0.0,60.48
6047,CN-202022-4985754,2023-08-12,2023-08-13,一级,唐栋-12325,唐栋,小型企业,青岛,山东,中国,华东,技术-复印-10001211,技术,复印机,"夏普 墨水, 彩色",5873.0,10,0.0,2114.0
6048,CN-202022-4985754,2023-08-12,2023-08-13,一级,唐栋-12325,唐栋,小型企业,青岛,山东,中国,华东,家具-书架-10003197,家具,书架,"Safco 书库, 白色",12815.46,7,0.0,3587.78
6049,CN-202022-4985754,2023-08-12,2023-08-13,一级,唐栋-12325,唐栋,小型企业,青岛,山东,中国,华东,办公用-收纳-10002059,办公用品,收纳具,"Tenex 搁板, 工业",1801.24,7,0.0,467.46
6050,CN-202022-4985754,2023-08-12,2023-08-13,一级,唐栋-12325,唐栋,小型企业,青岛,山东,中国,华东,家具-椅子-10002246,家具,椅子,"Novimex 沙滩椅, 每套两件",2024.82,9,0.0,748.44
6051,CN-202022-1576836,2023-12-27,2023-12-29,二级,叶实-20290,叶实,公司,武汉,湖北,中国,中南,办公用-纸张-10003274,办公用品,纸张,"Enermax 令, 多色",418.32,3,0.0,158.76
6052,CN-202022-1576836,2023-12-27,2023-12-29,二级,叶实-20290,叶实,公司,武汉,湖北,中国,中南,技术-电话-10001870,技术,电话,"三星 信号增强器, 蓝色",382.452,1,0.4,-248.668
6075,US-202022-4505574,2023-01-24,2023-01-30,标准级,佘彩-10735,佘彩,消费者,内江,四川,中国,西南,技术-复印-10003250,技术,复印机,"Hewlett 墨水, 红色",1233.792,3,0.4,20.412
6076,US-202022-4505574,2023-01-24,2023-01-30,标准级,佘彩-10735,佘彩,消费者,内江,四川,中国,西南,办公用-信封-10004848,办公用品,信封,"Cameo 搭扣信封, 回收",504.14,13,0.0,3.64
6077,US-202022-4505574,2023-01-24,2023-01-30,标准级,佘彩-10735,佘彩,消费者,内江,四川,中国,西南,办公用-器具-10003071,办公用品,器具,"Cuisinart 烤面包机, 黑色",444.276,3,0.4,-7.644
6097,CN-202022-1398732,2023-11-08,2023-11-12,标准级,牛德-12190,牛德伟,消费者,珠海,广东,中国,中南,家具-用具-10002675,家具,用具,"Eldon 相框, 耐用",771.96,3,0.0,138.6
6098,CN-202022-2116724,2023-08-14,2023-08-17,二级,杨欢-14275,杨欢,公司,尚志,黑龙江,中国,东北,技术-配件-10004728,技术,配件,"Enermax 记忆卡, 可编程",2704.1,5,0.0,513.1
6099,CN-202022-2116724,2023-08-14,2023-08-17,二级,杨欢-14275,杨欢,公司,尚志,黑龙江,中国,东北,家具-用具-10000331,家具,用具,"Advantus 门挡, 一包多件",1052.1,5,0.0,420.7
6102,CN-202022-2747579,2023-12-06,2023-12-09,一级,郭莲-17005,郭莲,消费者,上海,上海,中国,华东,办公用-纸张-10002363,办公用品,纸张,"施乐 笔记本, 优质",246.12,2,0.0,58.8
6107,CN-202022-1318873,2023-10-08,2023-10-14,标准级,刘明-18295,刘明,公司,萍乡,江西,中国,华东,办公用-信封-10003026,办公用品,信封,"Cameo 搭扣信封, 银色",111.16,2,0.0,40.88
6136,CN-202022-2190451,2023-01-10,2023-01-15,标准级,余毅-12535,余毅,公司,苏州,江苏,中国,华东,家具-用具-10002267,家具,用具,"Rubvermaid 相框, 优质",705.18,5,0.4,-59.22
6137,CN-202022-5434393,2023-08-13,2023-08-17,标准级,熊临-17410,熊临耀,消费者,九江,江西,中国,华东,办公用-装订-10001147,办公用品,装订机,"Avery 标签, 回收",124.88,4,0.0,59.92
6140,CN-202022-3737485,2023-01-28,2023-02-01,标准级,麦德-12085,麦德,公司,石河子,新疆,中国,西北,家具-椅子-10002013,家具,椅子,"Harbour Creations 凳子, 红色",1681.12,2,0.0,336.0
6141,CN-202022-5235171,2023-05-17,2023-05-23,标准级,贾嫒-10030,贾嫒,公司,丰县,江苏,中国,华东,办公用-纸张-10004404,办公用品,纸张,"Eaton 计划信息表, 优质",288.12,3,0.0,63.0
6142,CN-202022-3867173,2023-12-28,2024-01-01,标准级,徐虎-14020,徐虎,消费者,长治,山西,中国,华北,办公用-器具-10000913,办公用品,器具,"Hoover 咖啡研磨机, 银色",1622.6,5,0.0,177.8
6151,CN-202022-1738807,2023-05-25,2023-05-28,二级,苏姝-20485,苏姝,小型企业,长沙,湖南,中国,中南,办公用-系固-10001531,办公用品,系固件,"OIC 橡皮筋, 整包",318.64,4,0.0,53.76
6152,CN-202022-5642637,2023-08-20,2023-08-21,一级,涂珑-17875,涂珑,小型企业,泉州,福建,中国,华东,办公用-美术-10004503,办公用品,美术,"BIC 画布, 混合尺寸",530.88,2,0.0,116.76
6153,CN-202022-5642637,2023-08-20,2023-08-21,一级,涂珑-17875,涂珑,小型企业,泉州,福建,中国,华东,办公用-系固-10003317,办公用品,系固件,"Accos 夹子, 金属",182.0,2,0.0,91.0
6154,CN-202022-5642637,2023-08-20,2023-08-21,一级,涂珑-17875,涂珑,小型企业,泉州,福建,中国,华东,家具-椅子-10004059,家具,椅子,"Novimex 扶手椅, 每套两件",19328.4,9,0.0,3284.82
6155,CN-202022-5642637,2023-08-20,2023-08-21,一级,涂珑-17875,涂珑,小型企业,泉州,福建,中国,华东,办公用-收纳-10002196,办公用品,收纳具,"Fellowes 文件车, 单宽度",2563.68,4,0.0,307.44
6156,CN-202022-5642637,2023-08-20,2023-08-21,一级,涂珑-17875,涂珑,小型企业,泉州,福建,中国,华东,办公用-标签-10004286,办公用品,标签,"Avery 有色标签, 耐用",191.52,3,0.0,42.0
6164,US-202022-5578438,2023-11-13,2023-11-18,标准级,施梦-18235,施梦,公司,宁波,浙江,中国,华东,办公用-器具-10000575,办公用品,器具,"Cuisinart 搅拌机, 红色",1313.004,7,0.4,-613.676
6178,CN-202022-3769666,2023-09-07,2023-09-11,标准级,孟珊-19885,孟珊,公司,苏州,江苏,中国,华东,技术-电话-10004239,技术,电话,"苹果 音频基座, 蓝色",1401.876,3,0.4,-93.744
6187,CN-202022-2280831,2023-02-13,2023-02-17,标准级,邢良-17140,邢良,消费者,绵阳,四川,中国,西南,家具-书架-10001313,家具,书架,"Bush 书架, 白色",2823.072,8,0.4,93.632
6190,US-202022-5266113,2023-05-16,2023-05-22,标准级,严聪-11740,严聪,消费者,瓦房店,辽宁,中国,东北,办公用-装订-10004453,办公用品,装订机,"Acco 订书机, 透明",424.62,3,0.4,-56.7
6191,US-202022-5266113,2023-05-16,2023-05-22,标准级,严聪-11740,严聪,消费者,瓦房店,辽宁,中国,东北,办公用-收纳-10003464,办公用品,收纳具,"Rogers 盘, 金属",567.0,2,0.0,243.6
6192,US-202022-5266113,2023-05-16,2023-05-22,标准级,严聪-11740,严聪,消费者,瓦房店,辽宁,中国,东北,办公用-信封-10003279,办公用品,信封,"Kraft 邮寄品, 每套 50 个",175.7,1,0.0,15.68
6193,US-202022-5266113,2023-05-16,2023-05-22,标准级,严聪-11740,严聪,消费者,瓦房店,辽宁,中国,东北,技术-配件-10000540,技术,配件,"SanDisk 鼠标, 可编程",334.404,3,0.4,-172.956
6194,CN-202022-3668469,2023-05-07,2023-05-08,一级,韩凤-12820,韩凤,小型企业,南宫,河北,中国,华北,家具-书架-10004280,家具,书架,"Sauder 古典书架, 黑色",14286.44,7,0.0,4570.72
6201,CN-202022-5533473,2023-10-25,2023-10-31,标准级,赵婵-10885,赵婵,消费者,益阳,湖南,中国,中南,办公用-收纳-10001942,办公用品,收纳具,"Fellowes 文件车, 金属",1909.32,3,0.0,878.22
6207,CN-202022-3325239,2023-09-26,2023-09-30,标准级,贾廉-17215,贾廉,消费者,兰州,甘肃,中国,西北,办公用-收纳-10003736,办公用品,收纳具,"Rogers 文件夹, 单宽度",143.36,1,0.0,41.44
6208,CN-202022-3325239,2023-09-26,2023-09-30,标准级,贾廉-17215,贾廉,消费者,兰州,甘肃,中国,西北,办公用-美术-10003409,办公用品,美术,"Binney & Smith 记号笔, 整包",113.68,5,0.8,-312.62
6213,CN-202022-4075862,2023-06-03,2023-06-04,一级,巩安-10180,巩安,小型企业,石龙,广东,中国,中南,办公用-器具-10000084,办公用品,器具,"KitchenAid 烤面包机, 黑色",1977.5,5,0.0,691.6
6218,CN-202022-5747151,2023-10-01,2023-10-05,标准级,戴康-15415,戴康,消费者,耒阳,湖南,中国,中南,家具-椅子-10002476,家具,椅子,"Office Star 折叠椅, 红色",1155.546,3,0.1,115.206
6219,CN-202022-5747151,2023-10-01,2023-10-05,标准级,戴康-15415,戴康,消费者,耒阳,湖南,中国,中南,家具-书架-10001668,家具,书架,"宜家 搁架, 黑色",6409.76,8,0.0,2563.68
6220,CN-202022-5747151,2023-10-01,2023-10-05,标准级,戴康-15415,戴康,消费者,耒阳,湖南,中国,中南,办公用-用品-10004796,办公用品,用品,"Stiletto 大剪刀, 工业",1623.86,7,0.0,243.04
6221,CN-202022-5747151,2023-10-01,2023-10-05,标准级,戴康-15415,戴康,消费者,耒阳,湖南,中国,中南,办公用-系固-10001531,办公用品,系固件,"OIC 橡皮筋, 整包",318.64,4,0.0,53.76
6230,CN-202022-3581176,2023-11-04,2023-11-07,一级,白鹄-14050,白鹄,消费者,厦门,福建,中国,华东,办公用-标签-10004932,办公用品,标签,"Novimex 运输标签, 红色",453.6,9,0.0,190.26
6241,US-202022-2756371,2023-05-10,2023-05-16,标准级,施奇-11410,施奇,消费者,宿州,安徽,中国,华东,办公用-信封-10002839,办公用品,信封,"GlobeWeis 外皮和封条, 红色",232.68,2,0.0,113.96
6242,US-202022-2756371,2023-05-10,2023-05-16,标准级,施奇-11410,施奇,消费者,宿州,安徽,中国,华东,技术-电话-10003105,技术,电话,"诺基亚 办公室电话机, 整包",1217.44,4,0.0,474.32
6245,CN-202022-4893747,2023-03-18,2023-03-22,二级,肖良-17125,肖良,消费者,内江,四川,中国,西南,办公用-器具-10003725,办公用品,器具,"Breville 搅拌机, 银色",764.316,3,0.4,88.956
6246,CN-202022-4893747,2023-03-18,2023-03-22,二级,肖良-17125,肖良,消费者,内江,四川,中国,西南,办公用-收纳-10004384,办公用品,收纳具,"Smead 锁柜, 金属",921.62,1,0.0,433.16
6256,CN-202022-5601190,2023-02-25,2023-02-27,二级,冯莲-16945,冯莲,公司,铁岭,辽宁,中国,东北,办公用-标签-10000480,办公用品,标签,"Smead 有色标签, 可调",153.3,3,0.0,64.26
6257,CN-202022-5601190,2023-02-25,2023-02-27,二级,冯莲-16945,冯莲,公司,铁岭,辽宁,中国,东北,技术-复印-10000179,技术,复印机,"Brother 传真机, 红色",2660.616,3,0.4,-1242.024
6258,CN-202022-2042105,2023-08-02,2023-08-04,二级,曹鹏-19090,曹鹏,消费者,上海,上海,中国,华东,办公用-收纳-10001478,办公用品,收纳具,"Fellowes 锁柜, 工业",6788.46,7,0.0,3257.52
6268,US-202022-1538609,2023-08-15,2023-08-19,标准级,赵婵-10885,赵婵,消费者,佳木斯,黑龙江,中国,东北,家具-书架-10003110,家具,书架,"Bush 柜, 传统",2676.24,4,0.0,0.0
6269,US-202022-1538609,2023-08-15,2023-08-19,标准级,赵婵-10885,赵婵,消费者,佳木斯,黑龙江,中国,东北,技术-配件-10003364,技术,配件,"SanDisk 键盘, 实惠",2661.68,7,0.0,398.86
6270,US-202022-1538609,2023-08-15,2023-08-19,标准级,赵婵-10885,赵婵,消费者,佳木斯,黑龙江,中国,东北,办公用-纸张-10003365,办公用品,纸张,"Enermax 计划信息表, 优质",210.0,2,0.0,0.0
6271,US-202022-1538609,2023-08-15,2023-08-19,标准级,赵婵-10885,赵婵,消费者,佳木斯,黑龙江,中国,东北,技术-复印-10003535,技术,复印机,"Brother 个人复印机, 彩色",673.54,1,0.0,242.34
6276,CN-202022-2405576,2023-06-24,2023-06-28,标准级,邹涛-21265,邹涛,公司,东宁,黑龙江,中国,东北,办公用-装订-10001101,办公用品,装订机,"Avery 订书机, 耐用",1409.52,6,0.0,507.36
6282,CN-202022-5816959,2023-11-18,2023-11-22,标准级,杨德-12250,杨德伟,公司,邢台,河北,中国,华北,办公用-用品-10004652,办公用品,用品,"Stiletto 开信刀, 钢",259.28,2,0.0,12.88
6283,CN-202022-5816959,2023-11-18,2023-11-22,标准级,杨德-12250,杨德伟,公司,邢台,河北,中国,华北,办公用-装订-10000225,办公用品,装订机,"Cardinal 装订机盖, 透明",160.44,3,0.0,54.18
6284,CN-202022-5816959,2023-11-18,2023-11-22,标准级,杨德-12250,杨德伟,公司,邢台,河北,中国,华北,办公用-装订-10000366,办公用品,装订机,"Avery 孔加固材料, 回收",66.78,3,0.0,9.66
6285,CN-202022-5816959,2023-11-18,2023-11-22,标准级,杨德-12250,杨德伟,公司,邢台,河北,中国,华北,技术-设备-10004413,技术,设备,"爱普生 计算器, 红色",406.56,2,0.0,68.88
6289,US-202022-2372663,2023-11-29,2023-11-30,当日,蒋雯-21670,蒋雯,消费者,枣阳,湖北,中国,中南,办公用-用品-10003746,办公用品,用品,"Kleencut 开信刀, 工业",160.608,2,0.4,-13.552
6290,CN-202022-5821791,2023-02-09,2023-02-10,一级,潘雯-21775,潘雯,公司,咸阳,陕西,中国,西北,办公用-系固-10000409,办公用品,系固件,"OIC 按钉, 整包",487.06,7,0.0,18.62
6301,CN-202022-1172542,2023-08-19,2023-08-26,标准级,徐虎-14020,徐虎,消费者,汕头,广东,中国,中南,办公用-用品-10002396,办公用品,用品,"Stiletto 美工刀, 钢",330.12,2,0.0,112.0
6302,CN-202022-1172542,2023-08-19,2023-08-26,标准级,徐虎-14020,徐虎,消费者,汕头,广东,中国,中南,技术-设备-10001286,技术,设备,"冲电器 打印机, 白色",3736.74,3,0.0,1233.12
6307,CN-202022-4713954,2023-11-27,2023-12-03,标准级,程根-13210,程根基,消费者,昆明,云南,中国,西南,办公用-美术-10002228,办公用品,美术,"BIC 荧光笔, 混合尺寸",206.36,2,0.0,43.12
6315,CN-202022-2204927,2023-10-29,2023-11-02,标准级,葛蔓-17980,葛蔓楚,公司,太原,山西,中国,华北,技术-复印-10003535,技术,复印机,"Brother 个人复印机, 彩色",2020.62,3,0.0,727.02
6316,CN-202022-2204927,2023-10-29,2023-11-02,标准级,葛蔓-17980,葛蔓楚,公司,太原,山西,中国,华北,办公用-装订-10000662,办公用品,装订机,"Cardinal 装订机盖, 耐用",252.0,4,0.0,10.08
6317,CN-202022-2204927,2023-10-29,2023-11-02,标准级,葛蔓-17980,葛蔓楚,公司,太原,山西,中国,华北,技术-设备-10004218,技术,设备,"松下 收据打印机, 多色",2821.0,5,0.0,1325.8
6318,CN-202022-5285028,2023-06-18,2023-06-21,一级,戴松-20755,戴松,公司,邓州,河南,中国,中南,办公用-用品-10001618,办公用品,用品,"Acme 大剪刀, 蓝色",698.88,3,0.0,76.86
6322,CN-202022-4963271,2023-10-31,2023-11-03,一级,卢谙-18805,卢谙,小型企业,牙克石,内蒙古,中国,华北,技术-电话-10000762,技术,电话,"摩托罗拉 充电器, 全尺寸",5409.432,3,0.4,-3065.748
6323,CN-202022-4963271,2023-10-31,2023-11-03,一级,卢谙-18805,卢谙,小型企业,牙克石,内蒙古,中国,华北,技术-电话-10004636,技术,电话,"摩托罗拉 音频基座, 全尺寸",3912.384,8,0.4,-521.696
6324,CN-202022-4963271,2023-10-31,2023-11-03,一级,卢谙-18805,卢谙,小型企业,牙克石,内蒙古,中国,华北,办公用-装订-10004876,办公用品,装订机,"Avery 标签, 实惠",53.172,3,0.4,8.652
6325,CN-202022-4963271,2023-10-31,2023-11-03,一级,卢谙-18805,卢谙,小型企业,牙克石,内蒙古,中国,华北,技术-复印-10004642,技术,复印机,"夏普 传真机, 每套两件",5794.74,7,0.4,-2800.84
6326,CN-202022-4963271,2023-10-31,2023-11-03,一级,卢谙-18805,卢谙,小型企业,牙克石,内蒙古,中国,华北,技术-设备-10000409,技术,设备,"松下 计算器, 耐用",282.24,2,0.4,-122.36
6327,CN-202022-4963271,2023-10-31,2023-11-03,一级,卢谙-18805,卢谙,小型企业,牙克石,内蒙古,中国,华北,家具-书架-10003011,家具,书架,"Sauder 书架, 黑色",1659.504,4,0.4,137.984
6328,CN-202022-4963271,2023-10-31,2023-11-03,一级,卢谙-18805,卢谙,小型企业,牙克石,内蒙古,中国,华北,办公用-纸张-10003587,办公用品,纸张,"Eaton 笔记本, 多色",130.62,1,0.0,0.0
6329,CN-202022-4963271,2023-10-31,2023-11-03,一级,卢谙-18805,卢谙,小型企业,牙克石,内蒙古,中国,华北,家具-用具-10003967,家具,用具,"Eldon 相框, 优质",317.688,2,0.4,-158.872
6330,CN-202022-4963271,2023-10-31,2023-11-03,一级,卢谙-18805,卢谙,小型企业,牙克石,内蒙古,中国,华北,技术-设备-10000530,技术,设备,"冲电器 喷墨打印机, 多色",7915.32,9,0.4,-2903.04
6331,CN-202022-4963271,2023-10-31,2023-11-03,一级,卢谙-18805,卢谙,小型企业,牙克石,内蒙古,中国,华北,办公用-装订-10002049,办公用品,装订机,"Ibico 装订机盖, 透明",110.124,3,0.4,-42.336
6332,CN-202022-4963271,2023-10-31,2023-11-03,一级,卢谙-18805,卢谙,小型企业,牙克石,内蒙古,中国,华北,家具-椅子-10004718,家具,椅子,"Novimex 折叠椅, 红色",460.488,2,0.4,-276.472
6333,CN-202022-4963271,2023-10-31,2023-11-03,一级,卢谙-18805,卢谙,小型企业,牙克石,内蒙古,中国,华北,办公用-信封-10002162,办公用品,信封,"Jiffy 商业信封, 银色",257.04,3,0.0,87.36
6334,CN-202022-4963271,2023-10-31,2023-11-03,一级,卢谙-18805,卢谙,小型企业,牙克石,内蒙古,中国,华北,办公用-系固-10001927,办公用品,系固件,"Accos 订书钉, 整包",61.32,2,0.4,7.0
6351,CN-202022-1156969,2023-04-23,2023-04-27,标准级,任婵-10810,任婵娟,公司,渭南,陕西,中国,西北,办公用-用品-10003186,办公用品,用品,"Kleencut 尺子, 钢",181.44,3,0.0,54.18
6352,CN-202022-1156969,2023-04-23,2023-04-27,标准级,任婵-10810,任婵娟,公司,渭南,陕西,中国,西北,办公用-装订-10003982,办公用品,装订机,"Cardinal 标签, 耐用",367.92,9,0.0,153.72
6353,CN-202022-1156969,2023-04-23,2023-04-27,标准级,任婵-10810,任婵娟,公司,渭南,陕西,中国,西北,办公用-收纳-10000254,办公用品,收纳具,"Tenex 文件夹, 单宽度",434.0,4,0.0,12.88
6354,CN-202022-1156969,2023-04-23,2023-04-27,标准级,任婵-10810,任婵娟,公司,渭南,陕西,中国,西北,办公用-收纳-10004393,办公用品,收纳具,"Rogers 文件车, 金属",1969.38,3,0.0,255.78
6355,CN-202022-1156969,2023-04-23,2023-04-27,标准级,任婵-10810,任婵娟,公司,渭南,陕西,中国,西北,技术-复印-10001533,技术,复印机,"惠普 个人复印机, 数字化",578.34,1,0.0,219.66
6357,US-202022-1399108,2023-02-04,2023-02-11,标准级,丁娇-14695,丁娇,公司,宽甸,辽宁,中国,东北,家具-书架-10000196,家具,书架,"Sauder 柜, 白色",6158.88,13,0.4,203.84
6358,US-202022-1399108,2023-02-04,2023-02-11,标准级,丁娇-14695,丁娇,公司,宽甸,辽宁,中国,东北,家具-用具-10003114,家具,用具,"Advantus 闹钟, 一包多件",864.36,6,0.4,-72.24
6371,US-202022-3900153,2023-05-31,2023-06-04,标准级,麦忠-11500,麦忠,消费者,瓦房店,辽宁,中国,东北,办公用-器具-10001222,办公用品,器具,"Breville 咖啡研磨机, 红色",1039.248,6,0.4,-346.752
6372,US-202022-3900153,2023-05-31,2023-06-04,标准级,麦忠-11500,麦忠,消费者,瓦房店,辽宁,中国,东北,办公用-用品-10000086,办公用品,用品,"Kleencut 剪刀, 工业",133.896,2,0.4,19.936
6373,CN-202022-5278404,2023-04-10,2023-04-17,标准级,俞毅-12520,俞毅,消费者,黄石,湖北,中国,中南,家具-用具-10001122,家具,用具,"Rubvermaid 分层置放架, 一包多件",352.8,5,0.4,-205.8
6374,CN-202022-5278404,2023-04-10,2023-04-17,标准级,俞毅-12520,俞毅,消费者,黄石,湖北,中国,中南,办公用-信封-10004832,办公用品,信封,"GlobeWeis 搭扣信封, 红色",125.44,2,0.0,42.56
6377,CN-202022-1123287,2023-12-21,2023-12-27,标准级,毛丽-16225,毛丽美,公司,苏州,江苏,中国,华东,办公用-收纳-10003456,办公用品,收纳具,"Eldon 文件车, 单宽度",1790.88,3,0.0,716.1
6379,CN-202022-4815290,2023-10-07,2023-10-07,当日,贺舟-11425,贺舟,消费者,唐山,河北,中国,华北,技术-电话-10000938,技术,电话,"苹果 耳机, 混合尺寸",1065.54,3,0.0,244.86
6384,CN-202022-2062805,2023-12-09,2023-12-11,一级,陶博-10570,陶博,消费者,大连,辽宁,中国,东北,办公用-信封-10001318,办公用品,信封,"GlobeWeis 搭扣信封, 回收",121.8,3,0.0,18.06
6385,CN-202022-2062805,2023-12-09,2023-12-11,一级,陶博-10570,陶博,消费者,大连,辽宁,中国,东北,家具-用具-10000234,家具,用具,"Tenex 灯泡, 优质",98.28,2,0.4,-41.16
6389,CN-202022-1698598,2023-03-13,2023-03-13,当日,付涛-21160,付涛,公司,南宫,河北,中国,华北,办公用-用品-10000245,办公用品,用品,"Fiskars 大剪刀, 钢",439.04,2,0.0,83.16
6416,CN-202022-5027699,2023-10-11,2023-10-17,标准级,徐婵-11005,徐婵,小型企业,开封,河南,中国,中南,技术-配件-10002107,技术,配件,"贝尔金 闪存驱动器, 实惠",391.44,2,0.0,50.68
6422,CN-202022-1658434,2023-11-29,2023-12-03,二级,罗霖-17530,罗霖,消费者,聊城,山东,中国,华东,办公用-收纳-10002418,办公用品,收纳具,"Rogers 盒, 金属",537.6,5,0.0,198.8
6423,CN-202022-5007229,2023-12-10,2023-12-15,标准级,葛彩-10660,葛彩,消费者,铜仁,贵州,中国,西南,家具-椅子-10002321,家具,椅子,"Novimex 椅垫, 可调",549.08,2,0.0,257.88
6424,CN-202022-1300278,2023-10-09,2023-10-15,标准级,贺平-19105,贺平,消费者,漳州,福建,中国,华东,技术-电话-10000498,技术,电话,"苹果 信号增强器, 蓝色",1275.4,2,0.0,586.6
6443,CN-202022-1436231,2023-11-29,2023-12-04,标准级,邵鹏-19075,邵鹏,消费者,江都,江苏,中国,华东,办公用-信封-10004984,办公用品,信封,"Jiffy 邮寄品, 红色",949.9,5,0.0,303.8
6444,CN-202022-1436231,2023-11-29,2023-12-04,标准级,邵鹏-19075,邵鹏,消费者,江都,江苏,中国,华东,办公用-美术-10004417,办公用品,美术,"Binney & Smith 画布, 混合尺寸",203.616,4,0.8,-794.304
6469,CN-202022-2642546,2023-09-19,2023-09-25,标准级,施梦-18235,施梦,公司,岳阳,湖南,中国,中南,办公用-装订-10000419,办公用品,装订机,"Cardinal 订书机, 耐用",717.78,3,0.0,351.54
6470,CN-202022-2642546,2023-09-19,2023-09-25,标准级,施梦-18235,施梦,公司,岳阳,湖南,中国,中南,办公用-器具-10002060,办公用品,器具,"Hamilton Beach 咖啡研磨机, 银色",202.58,1,0.0,18.2
6471,US-202022-3739147,2023-11-25,2023-11-30,标准级,贾保-10300,贾保,公司,肃州,甘肃,中国,西北,办公用-美术-10001467,办公用品,美术,"Boston 速写本, 蓝色",90.72,2,0.8,-340.2
6472,US-202022-3739147,2023-11-25,2023-11-30,标准级,贾保-10300,贾保,公司,肃州,甘肃,中国,西北,办公用-美术-10003726,办公用品,美术,"Boston 钢笔, 蓝色",66.36,5,0.8,-219.24
6473,CN-202022-4448319,2023-10-16,2023-10-22,标准级,柯巧-19465,柯巧,小型企业,榆林,陕西,中国,西北,办公用-纸张-10003137,办公用品,纸张,"SanDisk 羊皮纸, 优质",623.84,8,0.0,155.68
6475,CN-202022-4856468,2023-03-25,2023-04-01,标准级,黄磊-16000,黄磊,消费者,晋城,山西,中国,华北,办公用-信封-10001614,办公用品,信封,"Cameo 搭扣信封, 红色",182.7,3,0.0,89.46
6476,CN-202022-4856468,2023-03-25,2023-04-01,标准级,黄磊-16000,黄磊,消费者,晋城,山西,中国,华北,办公用-信封-10001656,办公用品,信封,"Cameo 外皮和封条, 红色",229.04,2,0.0,45.64
6477,CN-202022-4856468,2023-03-25,2023-04-01,标准级,黄磊-16000,黄磊,消费者,晋城,山西,中国,华北,技术-电话-10003206,技术,电话,"诺基亚 音频基座, 全尺寸",2352.42,3,0.0,517.44
6478,CN-202022-4856468,2023-03-25,2023-04-01,标准级,黄磊-16000,黄磊,消费者,晋城,山西,中国,华北,家具-椅子-10004718,家具,椅子,"Novimex 折叠椅, 红色",767.48,2,0.0,30.52
6479,US-202022-2877300,2023-05-23,2023-05-27,标准级,余晨-11230,余晨,消费者,桂平,广西,中国,中南,家具-椅子-10002286,家具,椅子,"SAFCO 椅垫, 红色",251.244,1,0.1,30.604
6485,CN-202022-4242366,2023-08-07,2023-08-12,标准级,杨欢-14275,杨欢,公司,澄江,江苏,中国,华东,办公用-系固-10004262,办公用品,系固件,"Advantus 回形针, 混合尺寸",63.84,2,0.4,-20.44
6486,CN-202022-4242366,2023-08-07,2023-08-12,标准级,杨欢-14275,杨欢,公司,澄江,江苏,中国,华东,办公用-系固-10003387,办公用品,系固件,"Advantus 回形针, 金属",118.188,3,0.4,-21.672
6489,CN-202022-3382200,2023-09-05,2023-09-12,标准级,赵幂-18055,赵幂,消费者,北京,北京,中国,华北,家具-用具-10003733,家具,用具,"Deflect-O 闹钟, 黑色",1878.24,8,0.0,525.28
6491,CN-202022-1436231,2023-11-26,2023-12-01,标准级,潘盛-20380,潘盛,消费者,汕头,广东,中国,中南,家具-椅子-10001812,家具,椅子,"Harbour Creations 折叠椅, 可调",843.192,2,0.1,196.672
6495,CN-202022-2831197,2023-12-12,2023-12-16,标准级,余毅-12535,余毅,公司,无锡,江苏,中国,华东,办公用-用品-10004456,办公用品,用品,"Fiskars 大剪刀, 锯齿状",248.304,2,0.4,3.864
6498,CN-202022-5754536,2023-12-04,2023-12-09,标准级,唐婉-21385,唐婉,小型企业,门头沟,北京,中国,华北,办公用-系固-10003670,办公用品,系固件,"Advantus 按钉, 混合尺寸",110.88,2,0.0,49.84
6499,CN-202022-5754536,2023-12-04,2023-12-09,标准级,唐婉-21385,唐婉,小型企业,门头沟,北京,中国,华北,办公用-收纳-10001690,办公用品,收纳具,"Eldon 搁板, 蓝色",1581.72,7,0.0,189.14
6500,CN-202022-5754536,2023-12-04,2023-12-09,标准级,唐婉-21385,唐婉,小型企业,门头沟,北京,中国,华北,办公用-标签-10001866,办公用品,标签,"Novimex 运输标签, 可调",124.32,3,0.0,14.7
6501,CN-202022-5754536,2023-12-04,2023-12-09,标准级,唐婉-21385,唐婉,小型企业,门头沟,北京,中国,华北,家具-椅子-10004559,家具,椅子,"SAFCO 折叠椅, 可调",823.2,2,0.0,164.64
6503,CN-202022-4690757,2023-06-10,2023-06-15,二级,程宁-18640,程宁,公司,上海,上海,中国,华东,办公用-标签-10002378,办公用品,标签,"Smead 文件夹标签, 耐用",86.52,2,0.0,17.08
6504,CN-202022-4690757,2023-06-10,2023-06-15,二级,程宁-18640,程宁,公司,上海,上海,中国,华东,家具-椅子-10000578,家具,椅子,"SAFCO 扶手椅, 可调",4329.92,2,0.0,1342.04
6505,CN-202022-4690757,2023-06-10,2023-06-15,二级,程宁-18640,程宁,公司,上海,上海,中国,华东,办公用-用品-10001427,办公用品,用品,"Elite 大剪刀, 蓝色",658.14,3,0.0,243.18
6506,CN-202022-4690757,2023-06-10,2023-06-15,二级,程宁-18640,程宁,公司,上海,上海,中国,华东,办公用-纸张-10001323,办公用品,纸张,"SanDisk 计划信息表, 多色",235.48,2,0.0,89.32
6519,CN-202022-4242366,2023-11-15,2023-11-18,一级,曹欢-14200,曹欢悦,小型企业,成都,四川,中国,西南,技术-配件-10001450,技术,配件,"罗技 记忆卡, 回收",566.664,2,0.4,-273.896
6520,CN-202022-4242366,2023-11-15,2023-11-18,一级,曹欢-14200,曹欢悦,小型企业,成都,四川,中国,西南,办公用-标签-10003622,办公用品,标签,"Hon 合法证物标签, 红色",99.68,2,0.0,49.84
6521,CN-202022-4242366,2023-11-15,2023-11-18,一级,曹欢-14200,曹欢悦,小型企业,成都,四川,中国,西南,办公用-美术-10004417,办公用品,美术,"Binney & Smith 画布, 混合尺寸",50.904,1,0.8,-198.576
6526,CN-202022-3241949,2023-09-13,2023-09-14,一级,付立-16750,付立,消费者,禹城,山东,中国,华东,办公用-美术-10004520,办公用品,美术,"Stanley 速写本, 金属",426.44,2,0.0,170.52
6527,CN-202022-3241949,2023-09-13,2023-09-14,一级,付立-16750,付立,消费者,禹城,山东,中国,华东,家具-椅子-10004470,家具,椅子,"Novimex 摇椅, 黑色",4816.0,8,0.0,385.28
6528,CN-202022-3241949,2023-09-13,2023-09-14,一级,付立-16750,付立,消费者,禹城,山东,中国,华东,办公用-用品-10004318,办公用品,用品,"Elite 剪刀, 蓝色",105.14,1,0.0,42.0
6529,CN-202022-3241949,2023-09-13,2023-09-14,一级,付立-16750,付立,消费者,禹城,山东,中国,华东,办公用-纸张-10001526,办公用品,纸张,"Enermax 备忘录便条, 回收",581.28,8,0.0,120.96
6531,US-202022-3529472,2023-10-29,2023-11-03,标准级,杨欢-14275,杨欢,公司,义乌,浙江,中国,华东,办公用-系固-10003118,办公用品,系固件,"Stockwell 夹子, 混合尺寸",373.632,8,0.4,-63.168
6535,CN-202022-2581069,2023-10-01,2023-10-04,二级,林康-15400,林康,公司,平度,山东,中国,华东,办公用-标签-10001500,办公用品,标签,"Smead 圆形标签, 红色",94.08,3,0.0,45.78
6536,CN-202022-2581069,2023-10-01,2023-10-04,二级,林康-15400,林康,公司,平度,山东,中国,华东,办公用-美术-10002199,办公用品,美术,"Stanley 画布, 蓝色",692.58,3,0.0,318.36
6555,CN-202022-1374105,2023-12-03,2023-12-05,二级,蔡安-10270,蔡安,消费者,潍坊,山东,中国,华东,办公用-纸张-10003833,办公用品,纸张,"Enermax 计划信息表, 多色",557.9,5,0.0,83.3
6556,CN-202022-1374105,2023-12-03,2023-12-05,二级,蔡安-10270,蔡安,消费者,潍坊,山东,中国,华东,技术-设备-10003952,技术,设备,"柯尼卡 卡片打印机, 白色",3240.16,4,0.0,31.92
6557,CN-202022-1374105,2023-12-03,2023-12-05,二级,蔡安-10270,蔡安,消费者,潍坊,山东,中国,华东,技术-复印-10004787,技术,复印机,"佳能 墨水, 红色",1356.6,2,0.0,528.92
6558,CN-202022-1374105,2023-12-03,2023-12-05,二级,蔡安-10270,蔡安,消费者,潍坊,山东,中国,华东,办公用-收纳-10004698,办公用品,收纳具,"Eldon 锁柜, 蓝色",5541.48,6,0.0,1385.16
6559,CN-202022-1374105,2023-12-03,2023-12-05,二级,蔡安-10270,蔡安,消费者,潍坊,山东,中国,华东,办公用-收纳-10002029,办公用品,收纳具,"Smead 盘, 工业",685.44,3,0.0,232.68
6565,US-202022-5703090,2023-07-17,2023-07-21,标准级,孙梦-18250,孙梦,公司,嘉善,浙江,中国,华东,家具-用具-10002407,家具,用具,"Rubvermaid 门挡, 优质",237.552,2,0.4,-67.368
6586,CN-202022-2204927,2023-06-17,2023-06-21,标准级,罗昌-11050,罗昌,公司,宿州,安徽,中国,华东,家具-椅子-10002059,家具,椅子,"SAFCO 凳子, 红色",1567.44,2,0.0,109.48
6587,CN-202022-2204927,2023-06-17,2023-06-21,标准级,罗昌-11050,罗昌,公司,宿州,安徽,中国,华东,技术-设备-10004381,技术,设备,"松下 电话, 多色",1187.76,3,0.0,0.0
6600,CN-202022-3367931,2023-08-20,2023-08-22,二级,龙谦-19300,龙谦,消费者,梅河口,吉林,中国,东北,家具-用具-10000059,家具,用具,"Tenex 门挡, 优质",1388.66,7,0.0,346.92
6601,CN-202022-3367931,2023-08-20,2023-08-22,二级,龙谦-19300,龙谦,消费者,梅河口,吉林,中国,东北,办公用-装订-10000364,办公用品,装订机,"Ibico 孔加固材料, 耐用",118.86,3,0.0,53.34
6602,CN-202022-4356406,2023-08-21,2023-08-26,标准级,吕君-15250,吕君,消费者,汕尾,广东,中国,中南,办公用-信封-10004013,办公用品,信封,"GlobeWeis 外皮和封条, 每套 50 个",299.46,3,0.0,17.64
6626,US-202022-2752724,2023-09-14,2023-09-19,标准级,邹妮-18625,邹妮,公司,德阳,四川,中国,西南,技术-配件-10004228,技术,配件,"Enermax 键盘, 回收",1137.78,5,0.4,-133.42
6627,CN-202022-5036114,2023-06-26,2023-06-29,二级,付松-20650,付松,公司,廉州镇,广西,中国,中南,办公用-装订-10002129,办公用品,装订机,"Ibico 订书机, 耐用",2222.64,9,0.0,466.2
6653,CN-202022-1785047,2023-05-02,2023-05-04,一级,唐栋-12325,唐栋,小型企业,唐寨,安徽,中国,华东,家具-椅子-10002697,家具,椅子,"Novimex 摇椅, 每套两件",1871.52,3,0.0,411.6
6654,CN-202022-1785047,2023-05-02,2023-05-04,一级,唐栋-12325,唐栋,小型企业,唐寨,安徽,中国,华东,技术-配件-10002609,技术,配件,"Memorex 键区, 耐用",423.92,2,0.0,177.8
6655,CN-202022-1785047,2023-05-02,2023-05-04,一级,唐栋-12325,唐栋,小型企业,唐寨,安徽,中国,华东,办公用-信封-10000686,办公用品,信封,"GlobeWeis 局间信封, 每套 50 个",892.64,4,0.0,365.68
6657,CN-202022-5334809,2023-09-04,2023-09-08,二级,陶聪-11725,陶聪,消费者,沈阳,辽宁,中国,东北,家具-椅子-10001207,家具,椅子,"Office Star 扶手椅, 可调",2631.552,2,0.4,306.992
6658,CN-202022-5334809,2023-09-04,2023-09-08,二级,陶聪-11725,陶聪,消费者,沈阳,辽宁,中国,东北,办公用-标签-10004202,办公用品,标签,"Hon 可去除的标签, 可调",304.64,8,0.0,140.0
6659,CN-202022-5334809,2023-09-04,2023-09-08,二级,陶聪-11725,陶聪,消费者,沈阳,辽宁,中国,东北,技术-配件-10003364,技术,配件,"SanDisk 键盘, 实惠",2281.44,10,0.4,-951.16
6662,CN-202022-2166981,2023-08-27,2023-08-29,二级,孙辉-12625,孙辉,小型企业,邢台,河北,中国,华北,办公用-装订-10002546,办公用品,装订机,"Acco 装订机, 回收",217.14,3,0.0,97.44
6665,CN-202022-2977061,2023-06-19,2023-06-25,标准级,方惠-14350,方惠,消费者,扬州,江苏,中国,华东,办公用-器具-10001619,办公用品,器具,"Breville 咖啡研磨机, 白色",336.0,2,0.4,-100.8
6673,CN-202022-2211607,2023-04-08,2023-04-13,标准级,田黎-16450,田黎明,公司,益阳,湖南,中国,中南,办公用-装订-10000322,办公用品,装订机,"Ibico 标签, 透明",156.24,4,0.0,20.16
6674,CN-202022-2211607,2023-04-08,2023-04-13,标准级,田黎-16450,田黎明,公司,益阳,湖南,中国,中南,办公用-标签-10000834,办公用品,标签,"Hon 有色标签, 红色",235.76,4,0.0,110.32
6675,CN-202022-2211607,2023-04-08,2023-04-13,标准级,田黎-16450,田黎明,公司,益阳,湖南,中国,中南,技术-设备-10002257,技术,设备,"柯尼卡 打印机, 多色",4999.68,4,0.0,599.76
6676,CN-202022-2211607,2023-04-08,2023-04-13,标准级,田黎-16450,田黎明,公司,益阳,湖南,中国,中南,办公用-信封-10001899,办公用品,信封,"Cameo 马尼拉纸信封, 银色",411.6,3,0.0,7.98
6677,CN-202022-2211607,2023-04-08,2023-04-13,标准级,田黎-16450,田黎明,公司,益阳,湖南,中国,中南,家具-椅子-10002415,家具,椅子,"Novimex 摇椅, 红色",2208.024,4,0.1,490.504
6678,CN-202022-2211607,2023-04-08,2023-04-13,标准级,田黎-16450,田黎明,公司,益阳,湖南,中国,中南,家具-用具-10001578,家具,用具,"Deflect-O 闹钟, 一包多件",705.18,3,0.0,309.96
6693,CN-202022-4619981,2023-08-22,2023-08-26,标准级,葛毅-12505,葛毅,消费者,邢台,河北,中国,华北,办公用-系固-10001658,办公用品,系固件,"Stockwell 回形针, 整包",567.0,9,0.0,118.44
6695,CN-202022-5223739,2023-02-26,2023-03-01,一级,朱丽-17335,朱丽丽,小型企业,海口,海南,中国,西南,办公用-信封-10004840,办公用品,信封,"GlobeWeis 搭扣信封, 银色",57.4,1,0.0,22.26
6709,CN-202022-3693431,2023-04-15,2023-04-17,二级,蒋安-10120,蒋安,小型企业,万县,重庆,中国,西南,家具-桌子-10003779,家具,桌子,"Barricks 会议桌, 白色",7637.868,3,0.4,890.988
6710,CN-202022-3693431,2023-04-15,2023-04-17,二级,蒋安-10120,蒋安,小型企业,万县,重庆,中国,西南,办公用-用品-10002305,办公用品,用品,"Elite 美工刀, 蓝色",814.1,5,0.0,97.3
6711,CN-202022-3693431,2023-04-15,2023-04-17,二级,蒋安-10120,蒋安,小型企业,万县,重庆,中国,西南,家具-书架-10001213,家具,书架,"宜家 书架, 黑色",1735.02,3,0.0,850.08
6743,CN-202022-2577941,2023-06-26,2023-06-28,二级,黄磊-16000,黄磊,消费者,哈尔滨,黑龙江,中国,东北,办公用-器具-10001448,办公用品,器具,"Hamilton Beach 冰箱, 银色",25711.84,11,0.0,2570.26
6744,CN-202022-2577941,2023-06-26,2023-06-28,二级,黄磊-16000,黄磊,消费者,哈尔滨,黑龙江,中国,东北,办公用-信封-10003939,办公用品,信封,"Cameo 商业信封, 回收",73.5,1,0.0,14.7
6745,CN-202022-3325239,2023-08-16,2023-08-21,标准级,邱芯-13930,邱芯,消费者,九台,吉林,中国,东北,技术-复印-10004182,技术,复印机,"惠普 传真机, 红色",11130.56,8,0.0,4340.0
6746,CN-202022-3325239,2023-08-16,2023-08-21,标准级,邱芯-13930,邱芯,消费者,九台,吉林,中国,东北,办公用-美术-10000396,办公用品,美术,"Stanley 钢笔, 混合尺寸",98.784,2,0.2,-3.976
6747,CN-202022-3436770,2023-08-24,2023-08-30,标准级,陈惠-14290,陈惠英,小型企业,辽阳,辽宁,中国,东北,家具-书架-10004927,家具,书架,"Bush 书架, 金属",1032.948,3,0.4,85.848
6750,CN-202022-4875771,2023-04-01,2023-04-06,标准级,程根-13210,程根基,消费者,上海,上海,中国,华东,办公用-系固-10000749,办公用品,系固件,"Stockwell 图钉, 金属",123.76,2,0.0,31.92
6757,CN-202022-4141331,2023-07-25,2023-07-29,标准级,殷崆-15565,殷崆,消费者,常德,湖南,中国,中南,技术-电话-10002649,技术,电话,"诺基亚 耳机, 全尺寸",1041.6,3,0.0,260.4
6758,CN-202022-4141331,2023-07-25,2023-07-29,标准级,殷崆-15565,殷崆,消费者,常德,湖南,中国,中南,办公用-装订-10002699,办公用品,装订机,"Wilson Jones 装订机, 耐用",203.28,3,0.0,0.0
6759,CN-202022-4360038,2023-02-18,2023-02-24,标准级,巩珑-17845,巩珑,消费者,阿城,黑龙江,中国,东北,家具-用具-10003781,家具,用具,"Eldon 分层置放架, 耐用",798.84,6,0.0,239.4
6773,CN-202022-2042105,2023-10-15,2023-10-18,一级,陶虢-13585,陶虢,公司,江门,广东,中国,中南,办公用-信封-10002782,办公用品,信封,"Kraft 搭扣信封, 每套 50 个",84.0,2,0.0,6.72
6790,CN-202022-3702485,2023-07-02,2023-07-03,一级,蔡安-10270,蔡安,消费者,武汉,湖北,中国,中南,办公用-器具-10000769,办公用品,器具,"Hamilton Beach 冰箱, 红色",4201.092,3,0.4,-2311.008
6797,CN-202022-5450028,2023-10-23,2023-10-27,标准级,黄娜-18505,黄娜,消费者,莆田,福建,中国,华东,办公用-器具-10002060,办公用品,器具,"Hamilton Beach 咖啡研磨机, 银色",405.16,2,0.0,36.4
6804,CN-202022-2720607,2023-10-08,2023-10-14,标准级,叶琪-19225,叶琪,消费者,潮州,广东,中国,中南,办公用-纸张-10004536,办公用品,纸张,"Eaton 令, 优质",247.8,2,0.0,9.8
6805,CN-202022-2720607,2023-10-08,2023-10-14,标准级,叶琪-19225,叶琪,消费者,潮州,广东,中国,中南,办公用-信封-10000067,办公用品,信封,"Ames 局间信封, 红色",454.16,2,0.0,145.32
6806,CN-202022-2720607,2023-10-08,2023-10-14,标准级,叶琪-19225,叶琪,消费者,潮州,广东,中国,中南,技术-设备-10000548,技术,设备,"柯尼卡 收据打印机, 耐用",1142.12,2,0.0,502.32
6807,CN-202022-2720607,2023-10-08,2023-10-14,标准级,叶琪-19225,叶琪,消费者,潮州,广东,中国,中南,家具-书架-10002588,家具,书架,"Dania 书库, 传统",5073.6,3,0.0,1522.08
6817,CN-202022-1599696,2023-06-24,2023-06-28,标准级,龙婷-21115,龙婷,公司,保定,河北,中国,华北,办公用-器具-10001757,办公用品,器具,"KitchenAid 炉灶, 黑色",23922.36,9,0.0,9329.04
6818,CN-202022-1599696,2023-06-24,2023-06-28,标准级,龙婷-21115,龙婷,公司,保定,河北,中国,华北,技术-复印-10000907,技术,复印机,"佳能 无线传真机, 每套两件",12369.56,7,0.0,5194.98
6819,CN-202022-1599696,2023-06-24,2023-06-28,标准级,龙婷-21115,龙婷,公司,保定,河北,中国,华北,办公用-系固-10002230,办公用品,系固件,"Stockwell 橡皮筋, 混合尺寸",326.2,5,0.0,136.5
6822,CN-202022-1424056,2023-08-01,2023-08-05,二级,洪毅-12490,洪毅,公司,烟台,山东,中国,华东,技术-电话-10000983,技术,电话,"三星 信号增强器, 整包",1275.68,2,0.0,25.48
6823,CN-202022-3789495,2023-09-17,2023-09-21,标准级,徐虢-13600,徐虢,公司,德阳,四川,中国,西南,办公用-信封-10004110,办公用品,信封,"Ames 搭扣信封, 银色",134.4,3,0.0,1.26
6824,CN-202022-4141331,2023-04-25,2023-05-01,标准级,薛芳-12745,薛芳,公司,大庆,黑龙江,中国,东北,技术-复印-10003823,技术,复印机,"惠普 墨水, 彩色",1821.96,3,0.0,801.36
6825,CN-202022-5533473,2023-07-01,2023-07-08,标准级,孙谙-18835,孙谙,公司,新泰,山东,中国,华东,家具-椅子-10004718,家具,椅子,"Novimex 折叠椅, 红色",1151.22,3,0.0,45.78
6838,US-202022-5294254,2023-02-13,2023-02-19,标准级,范娜-18445,范娜,小型企业,兴化,江苏,中国,华东,办公用-器具-10003221,办公用品,器具,"Breville 微波炉, 红色",2534.364,3,0.4,-1478.736
6839,CN-202022-4750815,2023-11-02,2023-11-07,二级,徐芬-12805,徐芬,公司,银川,宁夏,中国,西北,办公用-信封-10004088,办公用品,信封,"GlobeWeis 商业信封, 银色",184.24,2,0.0,40.32
6844,US-202022-3069391,2023-12-25,2024-01-01,标准级,孙谙-18835,孙谙,公司,临江,吉林,中国,东北,办公用-系固-10003277,办公用品,系固件,"Stockwell 图钉, 每包 12 个",117.32,2,0.0,50.4
6845,US-202022-3069391,2023-12-25,2024-01-01,标准级,孙谙-18835,孙谙,公司,临江,吉林,中国,东北,办公用-信封-10002674,办公用品,信封,"Ames 马尼拉纸信封, 银色",379.26,3,0.0,22.68
6848,CN-202022-2518780,2023-08-28,2023-08-31,二级,陈锦-14830,陈锦,公司,西丰,辽宁,中国,东北,技术-复印-10003040,技术,复印机,"佳能 无线传真机, 红色",5276.04,5,0.4,-176.26
6849,CN-202022-4674220,2023-03-05,2023-03-10,标准级,白忠-11515,白忠,消费者,长沙,湖南,中国,中南,办公用-标签-10000647,办公用品,标签,"Novimex 运输标签, 耐用",371.42,7,0.0,166.6
6856,US-202022-4479623,2023-05-14,2023-05-19,标准级,涂珑-17875,涂珑,小型企业,合肥,安徽,中国,华东,技术-配件-10002679,技术,配件,"Enermax 路由器, 实惠",4822.16,4,0.0,1108.8
6858,US-202022-2977814,2023-01-09,2023-01-12,二级,赵幂-18055,赵幂,消费者,青岛,山东,中国,华东,办公用-收纳-10000083,办公用品,收纳具,"Smead 盒, 工业",157.5,3,0.0,48.72
6860,US-202022-4940133,2023-10-22,2023-10-26,二级,俞晒-19840,俞晒明,消费者,齐齐哈尔,黑龙江,中国,东北,办公用-系固-10003317,办公用品,系固件,"Accos 夹子, 金属",182.0,2,0.0,91.0
6861,US-202022-4940133,2023-10-22,2023-10-26,二级,俞晒-19840,俞晒明,消费者,齐齐哈尔,黑龙江,中国,东北,家具-椅子-10001821,家具,椅子,"SAFCO 椅垫, 黑色",1071.28,4,0.0,406.56
6862,US-202022-4940133,2023-10-22,2023-10-26,二级,俞晒-19840,俞晒明,消费者,齐齐哈尔,黑龙江,中国,东北,办公用-系固-10003020,办公用品,系固件,"Stockwell 订书钉, 每包 12 个",229.6,5,0.0,20.3
6866,CN-202022-1017090,2023-10-12,2023-10-16,标准级,曾康-15445,曾康,消费者,昌吉,新疆,中国,西北,办公用-标签-10004462,办公用品,标签,"Hon 合法证物标签, 可调",81.76,2,0.0,24.36
6867,CN-202022-1017090,2023-10-12,2023-10-16,标准级,曾康-15445,曾康,消费者,昌吉,新疆,中国,西北,办公用-纸张-10002317,办公用品,纸张,"SanDisk 备忘录便条, 回收",394.1,5,0.0,109.9
6869,CN-202022-4544243,2023-04-25,2023-04-29,二级,黄涛-21190,黄涛,小型企业,天津,天津,中国,华北,办公用-美术-10004617,办公用品,美术,"Boston 钢笔, 金属",505.68,7,0.0,146.02
6873,CN-202022-3205176,2023-09-05,2023-09-10,标准级,彭伟-21550,彭伟,小型企业,江门,广东,中国,中南,办公用-标签-10002378,办公用品,标签,"Smead 文件夹标签, 耐用",129.78,3,0.0,25.62
6874,CN-202022-5687295,2023-12-19,2023-12-25,标准级,陶莞-13315,陶莞颖,消费者,绥化,黑龙江,中国,东北,办公用-信封-10004503,办公用品,信封,"Jiffy 商业信封, 回收",206.64,3,0.0,57.54
6896,CN-202022-5434393,2023-05-17,2023-05-19,一级,马丽-15910,马丽,消费者,长沙,湖南,中国,中南,技术-电话-10002929,技术,电话,"三星 耳机, 蓝色",1024.8,3,0.0,102.48
6897,CN-202022-5434393,2023-05-17,2023-05-19,一级,马丽-15910,马丽,消费者,长沙,湖南,中国,中南,办公用-收纳-10004245,办公用品,收纳具,"Smead 搁板, 工业",691.74,3,0.0,41.16
6911,CN-202022-4171126,2023-09-24,2023-09-30,标准级,宋忠-11530,宋忠,小型企业,铜川,陕西,中国,西北,技术-配件-10000507,技术,配件,"贝尔金 鼠标, 回收",539.28,3,0.0,247.8
6919,CN-202022-4757147,2023-11-05,2023-11-09,标准级,曹柏-19000,曹柏,小型企业,石炭井,宁夏,中国,西北,办公用-系固-10004262,办公用品,系固件,"Advantus 回形针, 混合尺寸",106.4,2,0.0,22.12
6920,CN-202022-4757147,2023-11-05,2023-11-09,标准级,曹柏-19000,曹柏,小型企业,石炭井,宁夏,中国,西北,办公用-器具-10004757,办公用品,器具,"Breville 炉灶, 黑色",7853.58,3,0.0,2120.16
6921,CN-202022-4757147,2023-11-05,2023-11-09,标准级,曹柏-19000,曹柏,小型企业,石炭井,宁夏,中国,西北,家具-用具-10002670,家具,用具,"Tenex 门挡, 黑色",1843.38,9,0.0,902.16
6934,US-202022-1589691,2023-08-09,2023-08-14,标准级,沈彩-10750,沈彩,消费者,宁波,浙江,中国,华东,办公用-系固-10001160,办公用品,系固件,"Advantus 订书钉, 混合尺寸",69.804,3,0.4,-14.196
6939,CN-202022-2089373,2023-04-13,2023-04-18,标准级,黄涛-21190,黄涛,小型企业,济南,山东,中国,华东,办公用-系固-10004057,办公用品,系固件,"OIC 夹子, 每包 12 个",358.4,4,0.0,139.44
6940,CN-202022-2089373,2023-04-13,2023-04-18,标准级,黄涛-21190,黄涛,小型企业,济南,山东,中国,华东,办公用-信封-10002440,办公用品,信封,"Ames 外皮和封条, 回收",163.24,2,0.0,55.44
6943,CN-202022-5035540,2023-10-01,2023-10-06,标准级,佟崆-15550,佟崆,小型企业,上海,上海,中国,华东,办公用-纸张-10000587,办公用品,纸张,"Green Bar 计划信息表, 优质",888.16,8,0.0,16.8
6944,CN-202022-1399832,2023-05-17,2023-05-20,一级,余舟-11455,余舟,小型企业,莆田,福建,中国,华东,技术-复印-10000191,技术,复印机,"佳能 无线传真机, 数字化",8827.0,5,0.0,617.4
6958,CN-202022-4513584,2023-03-08,2023-03-13,标准级,邢谦-19270,邢谦,公司,宣化,河北,中国,华北,家具-椅子-10002476,家具,椅子,"Office Star 折叠椅, 红色",855.96,2,0.0,162.4
6967,US-202022-5093470,2023-11-09,2023-11-12,一级,涂安-10285,涂安,公司,黄石,湖北,中国,中南,技术-配件-10001067,技术,配件,"罗技 闪存驱动器, 实惠",427.14,5,0.4,-256.76
6968,US-202022-5093470,2023-11-09,2023-11-12,一级,涂安-10285,涂安,公司,黄石,湖北,中国,中南,办公用-用品-10000602,办公用品,用品,"Fiskars 修剪器, 蓝色",236.88,2,0.4,35.28
6969,US-202022-5093470,2023-11-09,2023-11-12,一级,涂安-10285,涂安,公司,黄石,湖北,中国,中南,办公用-收纳-10002943,办公用品,收纳具,"Smead 文件车, 蓝色",599.2,1,0.0,227.64
6981,CN-202022-4080706,2023-07-01,2023-07-05,二级,殷保-10390,殷保,消费者,无锡,江苏,中国,华东,技术-复印-10004220,技术,复印机,"夏普 无线传真机, 每套两件",2989.728,3,0.4,248.808
6986,CN-202022-2310505,2023-05-14,2023-05-20,标准级,邢毅-12475,邢毅,消费者,江油,四川,中国,西南,办公用-装订-10003079,办公用品,装订机,"Acco 标签, 实惠",48.048,2,0.4,4.648
6987,CN-202022-2310505,2023-05-14,2023-05-20,标准级,邢毅-12475,邢毅,消费者,江油,四川,中国,西南,办公用-装订-10000648,办公用品,装订机,"Cardinal 装订机盖, 实惠",100.8,3,0.4,6.72
6988,CN-202022-2310505,2023-05-14,2023-05-20,标准级,邢毅-12475,邢毅,消费者,江油,四川,中国,西南,办公用-信封-10001526,办公用品,信封,"GlobeWeis 外皮和封条, 回收",94.22,1,0.0,4.62
6989,CN-202022-2310505,2023-05-14,2023-05-20,标准级,邢毅-12475,邢毅,消费者,江油,四川,中国,西南,办公用-装订-10004464,办公用品,装订机,"Wilson Jones 标签, 实惠",54.18,3,0.4,0.0
6990,CN-202022-2310505,2023-05-14,2023-05-20,标准级,邢毅-12475,邢毅,消费者,江油,四川,中国,西南,技术-配件-10001474,技术,配件,"Enermax 路由器, 耐用",723.912,1,0.4,-458.528
6991,CN-202022-2310505,2023-05-14,2023-05-20,标准级,邢毅-12475,邢毅,消费者,江油,四川,中国,西南,技术-配件-10001642,技术,配件,"贝尔金 键盘, 回收",1143.66,5,0.4,76.16
6992,CN-202022-2310505,2023-05-14,2023-05-20,标准级,邢毅-12475,邢毅,消费者,江油,四川,中国,西南,家具-椅子-10000908,家具,椅子,"Office Star 凳子, 每套两件",986.664,2,0.4,-526.456
6993,CN-202022-2310505,2023-05-14,2023-05-20,标准级,邢毅-12475,邢毅,消费者,江油,四川,中国,西南,家具-椅子-10004563,家具,椅子,"Office Star 沙滩椅, 可调",811.02,5,0.4,-229.88
6994,CN-202022-2310505,2023-05-14,2023-05-20,标准级,邢毅-12475,邢毅,消费者,江油,四川,中国,西南,家具-椅子-10000270,家具,椅子,"Novimex 凳子, 黑色",1814.736,4,0.4,-635.264
6995,CN-202022-2310505,2023-05-14,2023-05-20,标准级,邢毅-12475,邢毅,消费者,江油,四川,中国,西南,家具-书架-10000253,家具,书架,"宜家 书库, 传统",2034.984,2,0.4,67.704
6996,CN-202022-2310505,2023-05-14,2023-05-20,标准级,邢毅-12475,邢毅,消费者,江油,四川,中国,西南,办公用-收纳-10000970,办公用品,收纳具,"Eldon 盘, 工业",678.3,3,0.0,20.16
6997,CN-202022-2310505,2023-05-14,2023-05-20,标准级,邢毅-12475,邢毅,消费者,江油,四川,中国,西南,办公用-装订-10004453,办公用品,装订机,"Acco 订书机, 透明",283.08,2,0.4,-37.8
6999,CN-202022-4986506,2023-10-04,2023-10-08,二级,陈惠-14290,陈惠英,小型企业,巢湖,安徽,中国,华东,技术-电话-10003206,技术,电话,"诺基亚 音频基座, 全尺寸",3136.56,4,0.0,689.92
7004,CN-202022-4180783,2023-11-26,2023-11-29,一级,蔡晨-11200,蔡晨,消费者,青岛,山东,中国,华东,家具-书架-10001278,家具,书架,"Bush 搁架, 黑色",2416.68,3,0.0,700.56
7012,CN-202022-1179561,2023-12-20,2023-12-24,标准级,韦华-14095,韦华,公司,呼兰,黑龙江,中国,东北,办公用-纸张-10000416,办公用品,纸张,"施乐 笔记本, 每包 12 个",711.9,5,0.0,113.4
7013,CN-202022-1179561,2023-12-20,2023-12-24,标准级,韦华-14095,韦华,公司,呼兰,黑龙江,中国,东北,技术-配件-10002783,技术,配件,"SanDisk 路由器, 回收",3558.24,3,0.0,924.84
7019,CN-202022-5631342,2023-02-27,2023-03-06,标准级,万兰-15730,万兰,消费者,临水,河北,中国,华北,技术-电话-10004300,技术,电话,"苹果 智能手机, 整包",575.82,1,0.0,86.24
7020,CN-202022-5278404,2023-12-19,2023-12-21,二级,周诚-11290,周诚,消费者,平阴,山东,中国,华东,办公用-用品-10001026,办公用品,用品,"Fiskars 修剪器, 锯齿状",364.0,2,0.0,178.36
7025,CN-202022-2698139,2023-06-21,2023-06-23,二级,钱伟-21430,钱伟,公司,阜阳,安徽,中国,华东,办公用-纸张-10002896,办公用品,纸张,"Enermax 令, 优质",398.58,3,0.0,15.54
7027,CN-202022-3954075,2023-09-16,2023-09-16,当日,邵黎-16405,邵黎明,小型企业,北京,北京,中国,华北,技术-配件-10001091,技术,配件,"Memorex 记忆卡, 实惠",1431.78,3,0.0,28.56
7028,CN-202022-2766233,2023-05-07,2023-05-13,标准级,王辉-12670,王辉,消费者,苏州,江苏,中国,华东,办公用-信封-10004375,办公用品,信封,"Cameo 商业信封, 每套 50 个",395.5,5,0.0,189.7
7029,CN-202022-2766233,2023-05-07,2023-05-13,标准级,王辉-12670,王辉,消费者,苏州,江苏,中国,华东,办公用-纸张-10002327,办公用品,纸张,"Enermax 信纸, 每包 12 个",717.36,3,0.0,150.36
7030,CN-202022-4443651,2023-11-20,2023-11-25,标准级,陈爽-20515,陈爽,小型企业,宜春,江西,中国,华东,技术-电话-10001777,技术,电话,"摩托罗拉 办公室电话机, 整包",1341.2,4,0.0,66.64
7041,CN-202022-3127854,2023-09-18,2023-09-20,二级,施良-17155,施良,消费者,重庆,重庆,中国,西南,办公用-系固-10002020,办公用品,系固件,"Advantus 橡皮筋, 金属",389.9,5,0.0,11.2
7042,CN-202022-3127854,2023-09-18,2023-09-20,二级,施良-17155,施良,消费者,重庆,重庆,中国,西南,技术-电话-10004197,技术,电话,"摩托罗拉 耳机, 混合尺寸",385.42,1,0.0,154.14
7043,CN-202022-3127854,2023-09-18,2023-09-20,二级,施良-17155,施良,消费者,重庆,重庆,中国,西南,办公用-用品-10000918,办公用品,用品,"Acme 美工刀, 锯齿状",1127.0,7,0.0,348.88
7044,CN-202022-3127854,2023-09-18,2023-09-20,二级,施良-17155,施良,消费者,重庆,重庆,中国,西南,技术-设备-10003833,技术,设备,"柯尼卡 卡片打印机, 耐用",1636.04,2,0.0,98.0
7045,CN-202022-3127854,2023-09-18,2023-09-20,二级,施良-17155,施良,消费者,重庆,重庆,中国,西南,技术-电话-10004726,技术,电话,"苹果 音频基座, 整包",1558.48,2,0.0,295.96
7048,CN-202022-1599696,2023-04-27,2023-04-29,二级,宋良-17170,宋良,公司,益阳,湖南,中国,中南,技术-复印-10003118,技术,复印机,"Brother 传真复印机, 红色",6196.54,7,0.0,1982.54
7049,CN-202022-1900344,2023-02-09,2023-02-13,标准级,赵升-20065,赵升,消费者,晋城,山西,中国,华北,办公用-信封-10003215,办公用品,信封,"Cameo 邮寄品, 红色",583.8,3,0.0,40.74
7050,CN-202022-1900344,2023-02-09,2023-02-13,标准级,赵升-20065,赵升,消费者,晋城,山西,中国,华北,家具-桌子-10002484,家具,桌子,"Bevis 咖啡桌, 白色",5606.475,5,0.25,971.775
7051,CN-202022-1900344,2023-02-09,2023-02-13,标准级,赵升-20065,赵升,消费者,晋城,山西,中国,华北,办公用-系固-10002492,办公用品,系固件,"Advantus 夹子, 金属",724.64,8,0.0,231.84
7052,CN-202022-4080706,2023-08-13,2023-08-14,一级,田良-17185,田良,消费者,广州,广东,中国,中南,办公用-器具-10001452,办公用品,器具,"Breville 炉灶, 银色",10496.08,4,0.0,1784.16
7053,CN-202022-4080706,2023-08-13,2023-08-14,一级,田良-17185,田良,消费者,广州,广东,中国,中南,办公用-信封-10004263,办公用品,信封,"Cameo 商业信封, 银色",180.6,2,0.0,26.88
7054,CN-202022-5088485,2023-05-23,2023-05-24,一级,白立-16660,白立荣,消费者,深圳,广东,中国,中南,办公用-信封-10004487,办公用品,信封,"Kraft 邮寄品, 银色",186.9,1,0.0,41.02
7059,US-202022-1120887,2023-05-29,2023-06-01,一级,佘虢-13555,佘虢,公司,孝感,湖北,中国,中南,技术-电话-10004239,技术,电话,"苹果 音频基座, 蓝色",4205.628,9,0.4,-281.232
7060,US-202022-1756643,2023-09-02,2023-09-07,标准级,姚彩-10765,姚彩,小型企业,扶余,吉林,中国,东北,技术-设备-10003833,技术,设备,"柯尼卡 卡片打印机, 耐用",4090.1,5,0.0,245.0
7062,CN-202022-2823186,2023-06-04,2023-06-07,一级,潘锦-14920,潘锦,消费者,青岛,山东,中国,华东,办公用-器具-10001619,办公用品,器具,"Breville 咖啡研磨机, 白色",1960.0,7,0.0,431.2
7063,CN-202022-2823186,2023-06-04,2023-06-07,一级,潘锦-14920,潘锦,消费者,青岛,山东,中国,华东,办公用-装订-10000287,办公用品,装订机,"Wilson Jones 孔加固材料, 实惠",84.56,4,0.0,20.16
7070,CN-202022-2578637,2023-09-23,2023-09-27,标准级,佘凤-12955,佘凤,公司,青岛,山东,中国,华东,办公用-装订-10000048,办公用品,装订机,"Acco 标签, 回收",166.88,4,0.0,21.28
7071,CN-202022-2578637,2023-09-23,2023-09-27,标准级,佘凤-12955,佘凤,公司,青岛,山东,中国,华东,办公用-收纳-10004132,办公用品,收纳具,"Rogers 盘, 工业",870.24,3,0.0,382.62
7072,CN-202022-2578637,2023-09-23,2023-09-27,标准级,佘凤-12955,佘凤,公司,青岛,山东,中国,华东,家具-椅子-10001534,家具,椅子,"Hon 扶手椅, 红色",8533.28,4,0.0,3754.24
7073,CN-202022-2578637,2023-09-23,2023-09-27,标准级,佘凤-12955,佘凤,公司,青岛,山东,中国,华东,办公用-器具-10002760,办公用品,器具,"Hoover 搅拌机, 红色",1813.84,4,0.0,833.84
7074,CN-202022-2578637,2023-09-23,2023-09-27,标准级,佘凤-12955,佘凤,公司,青岛,山东,中国,华东,办公用-装订-10002996,办公用品,装订机,"Cardinal 标签, 透明",62.72,2,0.0,3.08
7075,CN-202022-5629911,2023-09-27,2023-09-27,当日,范恒-13615,范恒,消费者,太原,山西,中国,华北,家具-用具-10000513,家具,用具,"Eldon 灯泡, 耐用",622.44,6,0.0,130.2
7089,CN-202022-4433229,2023-01-18,2023-01-20,一级,袁梅-18130,袁梅,公司,厦门,福建,中国,华东,家具-椅子-10000329,家具,椅子,"Novimex 扶手椅, 红色",4274.2,2,0.0,1196.72
7096,CN-202022-2698139,2023-06-10,2023-06-14,标准级,卢淑-20455,卢淑芳,消费者,萍乡,江西,中国,华东,办公用-用品-10000032,办公用品,用品,"Acme 美工刀, 工业",367.92,2,0.0,58.8
7097,CN-202022-3279950,2023-06-20,2023-06-25,标准级,彭博-10555,彭博,公司,沅江,湖南,中国,中南,办公用-美术-10001993,办公用品,美术,"BIC 画布, 整包",402.976,2,0.2,-85.904
7098,CN-202022-3279950,2023-06-20,2023-06-25,标准级,彭博-10555,彭博,公司,沅江,湖南,中国,中南,办公用-装订-10001715,办公用品,装订机,"Avery 订书机, 透明",450.8,2,0.0,175.56
7102,CN-202022-3983836,2023-05-01,2023-05-05,标准级,陈忠-11470,陈忠,公司,洛阳,河南,中国,中南,办公用-器具-10003386,办公用品,器具,"Breville 烤面包机, 红色",1073.94,3,0.0,493.92
7115,US-202022-5630783,2023-11-13,2023-11-16,一级,楚宣-20845,楚宣,消费者,汕头,广东,中国,中南,办公用-系固-10003118,办公用品,系固件,"Accos 图钉, 混合尺寸",363.58,7,0.0,94.08
7116,US-202022-5630783,2023-11-13,2023-11-16,一级,楚宣-20845,楚宣,消费者,汕头,广东,中国,中南,家具-椅子-10002020,家具,椅子,"Novimex 沙滩椅, 红色",579.096,3,0.1,192.696
7119,CN-202022-4395048,2023-10-16,2023-10-23,标准级,钟庆-19510,钟庆缘,小型企业,重庆,重庆,中国,西南,家具-书架-10001313,家具,书架,"Bush 书架, 白色",1764.42,3,0.0,740.88
7120,CN-202022-1510100,2023-11-19,2023-11-23,标准级,巩辉-12595,巩辉,消费者,西安,陕西,中国,西北,家具-椅子-10001310,家具,椅子,"SAFCO 沙滩椅, 每套两件",723.66,3,0.0,354.48
7121,CN-202022-1510100,2023-11-19,2023-11-23,标准级,巩辉-12595,巩辉,消费者,西安,陕西,中国,西北,家具-椅子-10001287,家具,椅子,"Hon 摇椅, 黑色",2392.88,4,0.0,286.72
7122,CN-202022-1510100,2023-11-19,2023-11-23,标准级,巩辉-12595,巩辉,消费者,西安,陕西,中国,西北,技术-设备-10004535,技术,设备,"冲电器 卡片打印机, 白色",1626.24,2,0.0,699.16
7123,CN-202022-1510100,2023-11-19,2023-11-23,标准级,巩辉-12595,巩辉,消费者,西安,陕西,中国,西北,家具-椅子-10003692,家具,椅子,"SAFCO 扶手椅, 红色",6460.02,3,0.0,2842.14
7124,CN-202022-1510100,2023-11-19,2023-11-23,标准级,巩辉-12595,巩辉,消费者,西安,陕西,中国,西北,家具-用具-10000645,家具,用具,"Deflect-O 相框, 耐用",1141.7,5,0.0,308.0
7125,CN-202022-1510100,2023-11-19,2023-11-23,标准级,巩辉-12595,巩辉,消费者,西安,陕西,中国,西北,家具-用具-10001632,家具,用具,"Eldon 分层置放架, 优质",140.56,1,0.0,25.2
7126,CN-202022-1510100,2023-11-19,2023-11-23,标准级,巩辉-12595,巩辉,消费者,西安,陕西,中国,西北,办公用-标签-10003755,办公用品,标签,"Novimex 可去除的标签, 白色",46.06,1,0.0,19.32
7138,US-202022-2298972,2023-02-18,2023-02-24,标准级,郭升-20140,郭升,公司,通辽,内蒙古,中国,华北,办公用-美术-10001943,办公用品,美术,"Sanford 荧光笔, 金属",15.876,1,0.8,-45.304
7139,US-202022-3261124,2023-11-13,2023-11-18,标准级,潘磊-16075,潘磊,消费者,重庆,重庆,中国,西南,技术-复印-10003316,技术,复印机,"惠普 复印机, 每套两件",4548.88,5,0.2,-568.82
7151,US-202022-3656854,2023-10-16,2023-10-19,二级,郭刚-13150,郭刚,公司,宁波,浙江,中国,华东,办公用-用品-10003489,办公用品,用品,"Stiletto 剪刀, 钢",257.712,4,0.4,-107.408
7152,US-202022-3656854,2023-10-16,2023-10-19,二级,郭刚-13150,郭刚,公司,宁波,浙江,中国,华东,家具-椅子-10002670,家具,椅子,"Harbour Creations 沙滩椅, 每套两件",357.672,2,0.4,-125.328
7156,CN-202022-3064630,2023-04-24,2023-04-28,标准级,李蔓-17995,李蔓楚,小型企业,萍乡,江西,中国,华东,家具-椅子-10002025,家具,椅子,"Novimex 折叠椅, 可调",1976.8,5,0.0,968.1
7179,CN-202022-5334809,2023-04-24,2023-04-30,标准级,薛婷-21070,薛婷,消费者,海口,海南,中国,中南,办公用-系固-10004323,办公用品,系固件,"OIC 按钉, 混合尺寸",173.04,3,0.0,43.26
7180,CN-202022-5334809,2023-04-24,2023-04-30,标准级,薛婷-21070,薛婷,消费者,海口,海南,中国,中南,技术-设备-10004659,技术,设备,"爱普生 卡片打印机, 耐用",5555.62,7,0.0,1222.06
7181,CN-202022-5334809,2023-04-24,2023-04-30,标准级,薛婷-21070,薛婷,消费者,海口,海南,中国,中南,技术-复印-10000950,技术,复印机,"佳能 传真机, 彩色",2985.08,2,0.0,1193.92
7182,CN-202022-5334809,2023-04-24,2023-04-30,标准级,薛婷-21070,薛婷,消费者,海口,海南,中国,中南,办公用-收纳-10002706,办公用品,收纳具,"Eldon 盘, 金属",439.04,2,0.0,197.4
7188,CN-202022-5373243,2023-10-11,2023-10-15,标准级,马荣-19750,马荣,消费者,上海,上海,中国,华东,办公用-信封-10004446,办公用品,信封,"Jiffy 马尼拉纸信封, 银色",397.74,3,0.0,147.0
7190,CN-202022-3690158,2023-12-06,2023-12-13,标准级,潘舟-11440,潘舟,消费者,上海,上海,中国,华东,办公用-装订-10000419,办公用品,装订机,"Cardinal 订书机, 耐用",1196.3,5,0.0,585.9
7196,CN-202022-5726249,2023-09-25,2023-10-01,标准级,涂丽-15955,涂丽,消费者,天津,天津,中国,华北,办公用-系固-10004946,办公用品,系固件,"OIC 橡皮筋, 混合尺寸",338.8,5,0.0,77.7
7197,CN-202022-5726249,2023-09-25,2023-10-01,标准级,涂丽-15955,涂丽,消费者,天津,天津,中国,华北,办公用-收纳-10003456,办公用品,收纳具,"Eldon 文件车, 单宽度",2387.84,4,0.0,954.8
7198,CN-202022-5726249,2023-09-25,2023-10-01,标准级,涂丽-15955,涂丽,消费者,天津,天津,中国,华北,办公用-器具-10004119,办公用品,器具,"Hoover 搅拌机, 白色",2223.9,5,0.0,822.5
7208,US-202022-4940133,2023-09-13,2023-09-17,标准级,巩荷-13720,巩荷,消费者,萍乡,江西,中国,华东,办公用-用品-10004429,办公用品,用品,"Stiletto 修剪器, 锯齿状",368.2,2,0.0,21.84
7211,CN-202022-1391849,2023-12-04,2023-12-08,二级,贺婉-21355,贺婉,公司,广州,广东,中国,中南,家具-书架-10004927,家具,书架,"Bush 书架, 金属",3443.16,6,0.0,1548.96
7212,CN-202022-1391849,2023-12-04,2023-12-08,二级,贺婉-21355,贺婉,公司,广州,广东,中国,中南,办公用-收纳-10001011,办公用品,收纳具,"Fellowes 文件夹, 金属",594.3,5,0.0,41.3
7213,CN-202022-1391849,2023-12-04,2023-12-08,二级,贺婉-21355,贺婉,公司,广州,广东,中国,中南,家具-书架-10003011,家具,书架,"Sauder 书架, 黑色",2765.84,4,0.0,1244.32
7214,CN-202022-1391849,2023-12-04,2023-12-08,二级,贺婉-21355,贺婉,公司,广州,广东,中国,中南,办公用-器具-10003071,办公用品,器具,"Cuisinart 烤面包机, 黑色",246.82,1,0.0,96.18
7215,CN-202022-5822232,2023-05-30,2023-06-03,标准级,卢淑-20455,卢淑芳,消费者,吉林市,吉林,中国,东北,办公用-纸张-10003357,办公用品,纸张,"Green Bar 笔记本, 优质",834.12,6,0.0,399.84
7222,CN-202022-5907567,2023-04-10,2023-04-14,标准级,肖壁-10435,肖壁,小型企业,济南,山东,中国,华东,办公用-装订-10001078,办公用品,装订机,"Ibico 订书机, 回收",241.64,1,0.0,91.7
7236,CN-202022-3789495,2023-10-23,2023-10-27,标准级,卢壁-10450,卢壁,消费者,黄石,湖北,中国,中南,技术-复印-10002908,技术,复印机,"佳能 复印机, 数字化",732.984,1,0.4,-268.856
7237,CN-202022-1826929,2023-11-22,2023-11-28,标准级,殷昌-11080,殷昌,消费者,梅州,广东,中国,中南,家具-书架-10003505,家具,书架,"Sauder 书架, 白色",2090.76,3,0.0,564.48
7238,CN-202022-1826929,2023-11-22,2023-11-28,标准级,殷昌-11080,殷昌,消费者,梅州,广东,中国,中南,技术-电话-10002453,技术,电话,"思科 信号增强器, 蓝色",1417.08,2,0.0,595.0
7239,CN-202022-1826929,2023-11-22,2023-11-28,标准级,殷昌-11080,殷昌,消费者,梅州,广东,中国,中南,办公用-收纳-10004188,办公用品,收纳具,"Smead 文件夹, 蓝色",163.24,2,0.0,66.92
7240,CN-202022-1826929,2023-11-22,2023-11-28,标准级,殷昌-11080,殷昌,消费者,梅州,广东,中国,中南,办公用-美术-10001497,办公用品,美术,"Sanford 荧光笔, 整包",119.616,2,0.2,23.856
7241,CN-202022-1826929,2023-11-22,2023-11-28,标准级,殷昌-11080,殷昌,消费者,梅州,广东,中国,中南,办公用-收纳-10001617,办公用品,收纳具,"Tenex 锁柜, 金属",1896.72,2,0.0,948.36
7244,CN-202022-4092793,2023-08-22,2023-08-27,标准级,卢谙-18805,卢谙,小型企业,枣庄,山东,中国,华东,办公用-收纳-10003644,办公用品,收纳具,"Fellowes 盘, 金属",526.96,2,0.0,200.2
7245,CN-202022-4092793,2023-08-22,2023-08-27,标准级,卢谙-18805,卢谙,小型企业,枣庄,山东,中国,华东,家具-椅子-10003772,家具,椅子,"SAFCO 摇椅, 每套两件",640.08,1,0.0,147.14
7247,CN-202022-1619603,2023-10-03,2023-10-07,标准级,常刚-13090,常刚,消费者,黄岩,浙江,中国,华东,家具-书架-10004927,家具,书架,"Bush 书架, 金属",2065.896,6,0.4,171.696
7248,CN-202022-1619603,2023-10-03,2023-10-07,标准级,常刚-13090,常刚,消费者,黄岩,浙江,中国,华东,办公用-收纳-10003906,办公用品,收纳具,"Fellowes 文件车, 蓝色",1281.56,2,0.0,25.48
7252,CN-202022-4326007,2023-08-19,2023-08-23,二级,柯婵-10930,柯婵,小型企业,洮南,吉林,中国,东北,技术-配件-10004986,技术,配件,"贝尔金 路由器, 回收",5986.4,5,0.0,2214.8
7256,CN-202022-2513055,2023-04-18,2023-04-21,一级,俞蔓-18040,俞蔓楚,公司,兖州,山东,中国,华东,技术-复印-10003723,技术,复印机,"Hewlett 个人复印机, 数字化",1343.16,2,0.0,671.44
7260,CN-202022-1301703,2023-09-11,2023-09-15,标准级,廖保-10345,廖保,公司,天津,天津,中国,华北,办公用-收纳-10003040,办公用品,收纳具,"Tenex 锁柜, 工业",2864.82,3,0.0,658.56
7261,CN-202022-2919347,2023-10-09,2023-10-13,二级,韩丽-16195,韩丽华,消费者,桂林,广西,中国,中南,办公用-系固-10000647,办公用品,系固件,"OIC 订书钉, 金属",106.96,2,0.0,7.28
7262,CN-202022-2919347,2023-10-09,2023-10-13,二级,韩丽-16195,韩丽华,消费者,桂林,广西,中国,中南,办公用-用品-10003186,办公用品,用品,"Kleencut 尺子, 钢",302.4,5,0.0,90.3
7263,CN-202022-2919347,2023-10-09,2023-10-13,二级,韩丽-16195,韩丽华,消费者,桂林,广西,中国,中南,家具-用具-10001796,家具,用具,"Eldon 灯泡, 黑色",352.8,3,0.0,154.98
7287,CN-202022-2098851,2023-12-18,2023-12-21,一级,巩达-11770,巩达侠,消费者,安阳,河南,中国,中南,办公用-装订-10004132,办公用品,装订机,"Cardinal 孔加固材料, 实惠",74.76,3,0.0,9.66
7294,CN-202022-4190541,2023-12-21,2023-12-28,标准级,丁妮-18610,丁妮,公司,武汉,湖北,中国,中南,办公用-用品-10001876,办公用品,用品,"Stiletto 大剪刀, 钢",930.804,7,0.4,-528.416
7299,CN-202022-1007278,2023-08-29,2023-08-31,二级,钱伟-21430,钱伟,公司,济南,山东,中国,华东,家具-书架-10000720,家具,书架,"Bush 柜, 白色",1361.64,2,0.0,394.8
7300,CN-202022-1007278,2023-08-29,2023-08-31,二级,钱伟-21430,钱伟,公司,济南,山东,中国,华东,家具-椅子-10002246,家具,椅子,"Novimex 沙滩椅, 每套两件",674.94,3,0.0,249.48
7333,CN-202022-5834678,2023-08-29,2023-08-31,二级,林廉-17290,林廉,小型企业,唐山,河北,中国,华北,办公用-收纳-10002440,办公用品,收纳具,"Tenex 文件车, 蓝色",1251.88,2,0.0,99.96
7334,CN-202022-2558627,2023-11-11,2023-11-17,标准级,谭君-15265,谭君,公司,深圳,广东,中国,中南,家具-书架-10000759,家具,书架,"Sauder 书库, 黑色",5445.72,3,0.0,762.3
7340,CN-202022-1902956,2023-03-19,2023-03-21,二级,周柏-18925,周柏,小型企业,咸阳,陕西,中国,西北,办公用-收纳-10004035,办公用品,收纳具,"Rogers 盘, 蓝色",575.68,2,0.0,201.32
7349,CN-202022-1947265,2023-11-16,2023-11-21,标准级,楚丽-17320,楚丽丽,小型企业,南宁,广西,中国,中南,办公用-收纳-10004374,办公用品,收纳具,"Smead 文件车, 工业",2405.76,4,0.0,456.96
7352,CN-202022-1255631,2023-04-19,2023-04-25,标准级,宋良-17170,宋良,公司,洛阳,河南,中国,中南,办公用-系固-10004187,办公用品,系固件,"Stockwell 图钉, 金属",127.4,2,0.0,30.52
7359,CN-202022-2588842,2023-09-02,2023-09-08,标准级,林青-19600,林青,消费者,延吉,吉林,中国,东北,家具-书架-10004801,家具,书架,"宜家 柜, 白色",4735.36,7,0.0,1751.26
7370,CN-202022-2596183,2023-10-25,2023-10-25,当日,任灵-17560,任灵,小型企业,北京,北京,中国,华北,办公用-纸张-10004731,办公用品,纸张,"Enermax 羊皮纸, 每包 12 个",182.28,2,0.0,69.16
7371,CN-202022-2596183,2023-10-25,2023-10-25,当日,任灵-17560,任灵,小型企业,北京,北京,中国,华北,办公用-器具-10003382,办公用品,器具,"Breville 烤面包机, 银色",1084.44,3,0.0,216.72
7372,CN-202022-2596183,2023-10-25,2023-10-25,当日,任灵-17560,任灵,小型企业,北京,北京,中国,华北,办公用-装订-10003400,办公用品,装订机,"Acco 打孔机, 耐用",147.56,1,0.0,23.52
7378,CN-202022-5642637,2023-10-15,2023-10-16,当日,牛黎-16390,牛黎明,公司,上海,上海,中国,华东,技术-电话-10000244,技术,电话,"摩托罗拉 信号增强器, 整包",2005.08,3,0.0,300.72
7379,CN-202022-5642637,2023-10-15,2023-10-16,当日,牛黎-16390,牛黎明,公司,上海,上海,中国,华东,技术-配件-10002404,技术,配件,"贝尔金 键盘, 耐用",1569.68,4,0.0,219.52
7385,CN-202022-2640851,2023-10-22,2023-10-26,标准级,巩廉-17275,巩廉,消费者,南宁,广西,中国,中南,办公用-装订-10003128,办公用品,装订机,"Wilson Jones 孔加固材料, 耐用",56.28,2,0.0,0.0
7386,CN-202022-2640851,2023-10-22,2023-10-26,标准级,巩廉-17275,巩廉,消费者,南宁,广西,中国,中南,家具-用具-10004946,家具,用具,"Eldon 框架, 黑色",2712.5,5,0.0,1247.4
7387,CN-202022-2640851,2023-10-22,2023-10-26,标准级,巩廉-17275,巩廉,消费者,南宁,广西,中国,中南,办公用-纸张-10002250,办公用品,纸张,"Green Bar 信纸, 回收",225.4,1,0.0,72.1
7388,CN-202022-2640851,2023-10-22,2023-10-26,标准级,巩廉-17275,巩廉,消费者,南宁,广西,中国,中南,办公用-美术-10000708,办公用品,美术,"Stanley 记号笔, 混合尺寸",473.76,5,0.2,82.46
7394,US-202022-5021484,2023-11-29,2023-12-04,标准级,施强-19390,施强,消费者,成都,四川,中国,西南,办公用-纸张-10003939,办公用品,纸张,"Green Bar 令, 回收",415.38,3,0.0,199.08
7395,US-202022-5021484,2023-11-29,2023-12-04,标准级,施强-19390,施强,消费者,成都,四川,中国,西南,办公用-装订-10001101,办公用品,装订机,"Avery 订书机, 耐用",422.856,3,0.4,-28.224
7396,US-202022-5021484,2023-11-29,2023-12-04,标准级,施强-19390,施强,消费者,成都,四川,中国,西南,办公用-信封-10004263,办公用品,信封,"Cameo 商业信封, 银色",180.6,2,0.0,26.88
7397,CN-202022-3210061,2023-05-27,2023-05-28,一级,潘涛-21205,潘涛,公司,岳阳,湖南,中国,中南,办公用-系固-10003721,办公用品,系固件,"Stockwell 图钉, 整包",306.6,5,0.0,107.1
7399,US-202022-2396895,2023-04-17,2023-04-22,标准级,何惠-14395,何惠,公司,武汉,湖北,中国,中南,技术-配件-10001045,技术,配件,"SanDisk 记忆卡, 可编程",1594.74,5,0.4,-80.36
7402,US-202022-2462555,2023-11-21,2023-11-25,二级,毛丽-16225,毛丽美,公司,淮阴,江苏,中国,华东,家具-书架-10000167,家具,书架,"Dania 书架, 黑色",1032.696,3,0.4,-378.924
7403,US-202022-2462555,2023-11-21,2023-11-25,二级,毛丽-16225,毛丽美,公司,淮阴,江苏,中国,华东,办公用-信封-10001091,办公用品,信封,"Kraft 商业信封, 回收",497.84,7,0.0,158.76
7404,US-202022-2252147,2023-05-11,2023-05-15,标准级,薛君-15205,薛君,消费者,杭州,浙江,中国,华东,办公用-美术-10003265,办公用品,美术,"BIC 钢笔, 混合尺寸",32.592,2,0.8,-106.008
7405,US-202022-2252147,2023-05-11,2023-05-15,标准级,薛君-15205,薛君,消费者,杭州,浙江,中国,华东,技术-设备-10002746,技术,设备,"松下 收据打印机, 耐用",2033.136,6,0.4,-170.184
7406,US-202022-2252147,2023-05-11,2023-05-15,标准级,薛君-15205,薛君,消费者,杭州,浙江,中国,华东,办公用-用品-10004128,办公用品,用品,"Acme 修剪器, 蓝色",748.944,6,0.4,49.224
7407,US-202022-2252147,2023-05-11,2023-05-15,标准级,薛君-15205,薛君,消费者,杭州,浙江,中国,华东,家具-椅子-10004126,家具,椅子,"Novimex 折叠椅, 黑色",670.32,3,0.4,-380.1
7412,CN-202022-2936253,2023-06-20,2023-06-23,一级,沈强-19375,沈强,消费者,青岛,山东,中国,华东,办公用-收纳-10000501,办公用品,收纳具,"Tenex 盘, 工业",765.66,3,0.0,336.84
7413,CN-202022-5173564,2023-06-13,2023-06-17,标准级,巩荣-19735,巩荣,消费者,武汉,湖北,中国,中南,家具-椅子-10002286,家具,椅子,"SAFCO 椅垫, 红色",502.488,3,0.4,-159.432
7420,CN-202022-3336873,2023-05-21,2023-05-21,当日,陶莞-13300,陶莞颖,公司,寿光,山东,中国,华东,办公用-装订-10001257,办公用品,装订机,"Ibico 打孔机, 实惠",284.2,2,0.0,53.76
7421,CN-202022-3336873,2023-05-21,2023-05-21,当日,陶莞-13300,陶莞颖,公司,寿光,山东,中国,华东,办公用-收纳-10002935,办公用品,收纳具,"Tenex 锁柜, 单宽度",952.84,1,0.0,400.12
7449,CN-202022-5027699,2023-10-04,2023-10-08,标准级,潘彩-10690,潘彩,公司,黄石,湖北,中国,中南,家具-椅子-10000908,家具,椅子,"Office Star 凳子, 每套两件",1479.996,3,0.4,-789.684
7451,CN-202022-2048658,2023-03-15,2023-03-19,标准级,任实-20200,任实,消费者,龙口,山东,中国,华东,办公用-用品-10003822,办公用品,用品,"Acme 开信刀, 蓝色",845.88,6,0.0,143.64
7452,CN-202022-2048658,2023-03-15,2023-03-19,标准级,任实-20200,任实,消费者,龙口,山东,中国,华东,家具-椅子-10000979,家具,椅子,"Hon 凳子, 可调",3101.28,4,0.0,960.96
7453,CN-202022-2048658,2023-03-15,2023-03-19,标准级,任实-20200,任实,消费者,龙口,山东,中国,华东,办公用-装订-10000850,办公用品,装订机,"Wilson Jones 装订机盖, 回收",107.8,2,0.0,19.32
7454,CN-202022-2048658,2023-03-15,2023-03-19,标准级,任实-20200,任实,消费者,龙口,山东,中国,华东,办公用-美术-10002247,办公用品,美术,"BIC 记号笔, 整包",373.8,3,0.0,115.5
7460,CN-202022-3964185,2023-07-30,2023-08-05,标准级,薛梦-18190,薛梦,消费者,河源,广东,中国,中南,家具-用具-10000539,家具,用具,"Tenex 门挡, 一包多件",1025.5,5,0.0,348.6
7461,CN-202022-3964185,2023-07-30,2023-08-05,标准级,薛梦-18190,薛梦,消费者,河源,广东,中国,中南,家具-椅子-10004390,家具,椅子,"SAFCO 扶手椅, 每套两件",7789.824,4,0.1,3202.304
7463,CN-202022-2698139,2023-05-16,2023-05-20,标准级,巩廉-17275,巩廉,消费者,弥阳,云南,中国,西南,技术-设备-10000970,技术,设备,"柯尼卡 喷墨打印机, 红色",10145.94,7,0.0,4564.84
7464,CN-202022-2698139,2023-05-16,2023-05-20,标准级,巩廉-17275,巩廉,消费者,弥阳,云南,中国,西南,技术-设备-10002738,技术,设备,"爱普生 电话, 耐用",1135.26,3,0.0,556.08
7465,CN-202022-5579979,2023-05-29,2023-06-04,标准级,曹柏-19000,曹柏,小型企业,东莞,广东,中国,中南,办公用-信封-10004939,办公用品,信封,"Kraft 商业信封, 红色",466.2,5,0.0,46.2
7466,CN-202022-5579979,2023-05-29,2023-06-04,标准级,曹柏-19000,曹柏,小型企业,东莞,广东,中国,中南,家具-用具-10004021,家具,用具,"Rubvermaid 分层置放架, 优质",110.88,1,0.0,24.36
7474,CN-202022-4596452,2023-08-02,2023-08-06,标准级,施良-17155,施良,消费者,扶余,吉林,中国,东北,技术-复印-10004286,技术,复印机,"Hewlett 墨水, 彩色",700.56,1,0.0,84.0
7475,CN-202022-4596452,2023-08-02,2023-08-06,标准级,施良-17155,施良,消费者,扶余,吉林,中国,东北,办公用-装订-10000994,办公用品,装订机,"Avery 装订机, 耐用",201.6,3,0.0,68.46
7481,CN-202022-1392177,2023-05-02,2023-05-04,二级,郭博-10525,郭博,公司,天津,天津,中国,华北,技术-设备-10000999,技术,设备,"StarTech 电话, 耐用",696.64,2,0.0,27.72
7482,CN-202022-1392177,2023-05-02,2023-05-04,二级,郭博-10525,郭博,公司,天津,天津,中国,华北,技术-电话-10001359,技术,电话,"诺基亚 耳机, 整包",683.2,2,0.0,252.56
7483,CN-202022-1392177,2023-05-02,2023-05-04,二级,郭博-10525,郭博,公司,天津,天津,中国,华北,办公用-美术-10000396,办公用品,美术,"Stanley 钢笔, 混合尺寸",185.22,3,0.0,31.08
7484,CN-202022-1392177,2023-05-02,2023-05-04,二级,郭博-10525,郭博,公司,天津,天津,中国,华北,家具-桌子-10002161,家具,桌子,"Bevis 培训桌, 黑色",5862.15,5,0.25,-703.85
7493,CN-202022-3028018,2023-09-30,2023-09-30,当日,邹实-20260,邹实,公司,宿州,安徽,中国,华东,办公用-用品-10003194,办公用品,用品,"Kleencut 尺子, 工业",70.84,1,0.0,13.44
7503,CN-202022-2581069,2023-07-30,2023-08-01,一级,涂安-10285,涂安,公司,邳州,江苏,中国,华东,技术-电话-10004837,技术,电话,"思科 耳机, 整包",247.884,1,0.4,-49.616
7504,CN-202022-4911170,2023-04-30,2023-05-04,二级,潘雯-21775,潘雯,公司,阳泉,山西,中国,华北,技术-电话-10003002,技术,电话,"诺基亚 音频基座, 蓝色",2334.36,3,0.0,863.52
7505,CN-202022-4911170,2023-04-30,2023-05-04,二级,潘雯-21775,潘雯,公司,阳泉,山西,中国,华北,技术-电话-10004558,技术,电话,"思科 办公室电话机, 整包",1879.5,5,0.0,300.3
7519,CN-202022-5648514,2023-10-02,2023-10-08,标准级,梁梦-18220,梁梦,消费者,丹东,辽宁,中国,东北,办公用-器具-10003859,办公用品,器具,"Cuisinart 冰箱, 白色",6919.08,5,0.4,-3459.82
7526,CN-202022-3768437,2023-10-16,2023-10-20,二级,叶柏-19030,叶柏,公司,阳谷,山东,中国,华东,办公用-器具-10001619,办公用品,器具,"Breville 咖啡研磨机, 白色",560.0,2,0.0,123.2
7527,CN-202022-3768437,2023-10-16,2023-10-20,二级,叶柏-19030,叶柏,公司,阳谷,山东,中国,华东,办公用-系固-10004655,办公用品,系固件,"Stockwell 夹子, 金属",442.4,5,0.0,221.2
7531,US-202022-2447332,2023-05-14,2023-05-20,标准级,徐嘉-14515,徐嘉丽,消费者,集宁,内蒙古,中国,华北,办公用-用品-10004606,办公用品,用品,"Elite 尺子, 锯齿状",205.8,7,0.4,-38.22
7535,US-202022-4033000,2023-10-15,2023-10-20,标准级,陶丽-17665,陶丽雪,公司,南通,江苏,中国,华东,技术-配件-10003885,技术,配件,"Enermax 闪存驱动器, 可编程",963.648,8,0.4,-305.312
7536,US-202022-4033000,2023-10-15,2023-10-20,标准级,陶丽-17665,陶丽雪,公司,南通,江苏,中国,华东,办公用-系固-10003116,办公用品,系固件,"OIC 订书钉, 每包 12 个",90.468,3,0.4,-4.872
7537,US-202022-4033000,2023-10-15,2023-10-20,标准级,陶丽-17665,陶丽雪,公司,南通,江苏,中国,华东,办公用-装订-10000219,办公用品,装订机,"Ibico 装订机, 回收",310.464,7,0.4,-42.336
7542,CN-202022-1435617,2023-09-18,2023-09-22,标准级,邹伟-21610,邹伟,消费者,汕头,广东,中国,中南,技术-设备-10003000,技术,设备,"冲电器 电话, 耐用",1217.58,3,0.0,60.48
7543,CN-202022-1435617,2023-09-18,2023-09-22,标准级,邹伟-21610,邹伟,消费者,汕头,广东,中国,中南,办公用-用品-10002100,办公用品,用品,"Fiskars 修剪器, 工业",614.88,3,0.0,30.66
7544,CN-202022-3555396,2023-10-09,2023-10-15,标准级,俞明-18325,俞明,消费者,北京,北京,中国,华北,办公用-信封-10004057,办公用品,信封,"GlobeWeis 马尼拉纸信封, 回收",611.1,5,0.0,79.1
7545,CN-202022-3555396,2023-10-09,2023-10-15,标准级,俞明-18325,俞明,消费者,北京,北京,中国,华北,家具-书架-10001766,家具,书架,"Bush 书库, 黑色",5119.38,3,0.0,2149.98
7546,CN-202022-3555396,2023-10-09,2023-10-15,标准级,俞明-18325,俞明,消费者,北京,北京,中国,华北,办公用-装订-10000090,办公用品,装订机,"Wilson Jones 装订机盖, 透明",99.4,2,0.0,15.68
7551,CN-202022-4114478,2023-05-20,2023-05-22,二级,葛彩-10660,葛彩,消费者,临沂,山东,中国,华东,家具-书架-10000111,家具,书架,"Bush 书架, 传统",576.38,1,0.0,265.02
7552,CN-202022-4114478,2023-05-20,2023-05-22,二级,葛彩-10660,葛彩,消费者,临沂,山东,中国,华东,办公用-装订-10001165,办公用品,装订机,"Cardinal 打孔机, 回收",544.32,4,0.0,108.64
7559,CN-202022-4944475,2023-08-28,2023-08-30,二级,陶虢-13585,陶虢,公司,洛阳,广东,中国,中南,家具-椅子-10004110,家具,椅子,"SAFCO 沙滩椅, 可调",1308.636,6,0.1,421.596
7560,CN-202022-3865865,2023-05-16,2023-05-22,标准级,孙壁-10465,孙壁,消费者,大同,山西,中国,华北,技术-配件-10002006,技术,配件,"Memorex 鼠标, 回收",363.72,3,0.0,65.1
7561,CN-202022-3865865,2023-05-16,2023-05-22,标准级,孙壁-10465,孙壁,消费者,大同,山西,中国,华北,家具-椅子-10002550,家具,椅子,"Office Star 沙滩椅, 黑色",989.52,4,0.0,445.2
7562,CN-202022-3865865,2023-05-16,2023-05-22,标准级,孙壁-10465,孙壁,消费者,大同,山西,中国,华北,办公用-系固-10004460,办公用品,系固件,"Advantus 订书钉, 金属",102.48,2,0.0,29.68
7563,CN-202022-3865865,2023-05-16,2023-05-22,标准级,孙壁-10465,孙壁,消费者,大同,山西,中国,华北,办公用-装订-10000833,办公用品,装订机,"Acco 装订机, 耐用",310.8,4,0.0,89.6
7564,CN-202022-3865865,2023-05-16,2023-05-22,标准级,孙壁-10465,孙壁,消费者,大同,山西,中国,华北,家具-椅子-10000989,家具,椅子,"Office Star 摇椅, 每套两件",4676.56,7,0.0,140.14
7565,CN-202022-3865865,2023-05-16,2023-05-22,标准级,孙壁-10465,孙壁,消费者,大同,山西,中国,华北,办公用-系固-10000170,办公用品,系固件,"Stockwell 图钉, 混合尺寸",153.72,3,0.0,28.98
7566,US-202022-3900153,2023-12-04,2023-12-06,一级,谭立-16855,谭立,公司,德州,山东,中国,华东,家具-用具-10001106,家具,用具,"Advantus 门挡, 优质",1018.5,5,0.0,132.3
7567,CN-202022-2505404,2023-09-26,2023-09-26,当日,秦诚-11245,秦诚,公司,福州,福建,中国,华东,技术-电话-10001271,技术,电话,"摩托罗拉 耳机, 整包",2607.78,7,0.0,912.38
7568,CN-202022-2505404,2023-09-26,2023-09-26,当日,秦诚-11245,秦诚,公司,福州,福建,中国,华东,家具-椅子-10001337,家具,椅子,"Harbour Creations 凳子, 可调",1704.36,2,0.0,613.48
7569,CN-202022-2505404,2023-09-26,2023-09-26,当日,秦诚-11245,秦诚,公司,福州,福建,中国,华东,家具-椅子-10002550,家具,椅子,"Office Star 沙滩椅, 黑色",742.14,3,0.0,333.9
7570,CN-202022-2505404,2023-09-26,2023-09-26,当日,秦诚-11245,秦诚,公司,福州,福建,中国,华东,办公用-纸张-10002428,办公用品,纸张,"施乐 信纸, 多色",432.88,2,0.0,207.76
7579,CN-202022-4992845,2023-02-05,2023-02-07,二级,康丽-15865,康丽,消费者,天津,天津,中国,华北,办公用-收纳-10001132,办公用品,收纳具,"Rogers 盒, 单宽度",336.0,3,0.0,13.44
7580,CN-202022-4992845,2023-02-05,2023-02-07,二级,康丽-15865,康丽,消费者,天津,天津,中国,华北,技术-复印-10000491,技术,复印机,"惠普 传真机, 彩色",1406.44,1,0.0,576.52
7581,CN-202022-1313540,2023-01-12,2023-01-14,二级,任实-20200,任实,消费者,广元,四川,中国,西南,办公用-收纳-10000208,办公用品,收纳具,"Rogers 搁板, 单宽度",870.24,3,0.0,260.82
7600,CN-202022-4451680,2023-08-22,2023-08-27,二级,程安-10105,程安,消费者,安阳,河南,中国,中南,办公用-纸张-10002247,办公用品,纸张,"施乐 令, 每包 12 个",568.96,4,0.0,159.04
7601,CN-202022-4451680,2023-08-22,2023-08-27,二级,程安-10105,程安,消费者,安阳,河南,中国,中南,家具-椅子-10001812,家具,椅子,"Harbour Creations 折叠椅, 可调",1264.788,3,0.1,295.008
7602,CN-202022-4451680,2023-08-22,2023-08-27,二级,程安-10105,程安,消费者,安阳,河南,中国,中南,办公用-装订-10003861,办公用品,装订机,"Avery 打孔机, 实惠",650.3,5,0.0,32.2
7618,US-202022-5703090,2023-01-10,2023-01-14,二级,严珑-17890,严珑,小型企业,天津,天津,中国,华北,办公用-收纳-10002508,办公用品,收纳具,"Fellowes 锁柜, 单宽度",1935.36,2,0.0,754.6
7619,US-202022-5703090,2023-01-10,2023-01-14,二级,严珑-17890,严珑,小型企业,天津,天津,中国,华北,技术-配件-10001617,技术,配件,"Memorex 鼠标, 耐用",132.44,1,0.0,30.38
7620,US-202022-5703090,2023-01-10,2023-01-14,二级,严珑-17890,严珑,小型企业,天津,天津,中国,华北,家具-椅子-10000908,家具,椅子,"Office Star 凳子, 每套两件",1644.44,2,0.0,131.32
7625,CN-202022-2747579,2023-09-18,2023-09-22,标准级,贾伟-21415,贾伟,消费者,周口,河南,中国,中南,家具-用具-10003029,家具,用具,"Rubvermaid 相框, 一包多件",725.34,3,0.0,195.72
7626,CN-202022-2747579,2023-09-18,2023-09-22,标准级,贾伟-21415,贾伟,消费者,周口,河南,中国,中南,办公用-系固-10003701,办公用品,系固件,"Stockwell 图钉, 混合尺寸",148.26,3,0.0,11.76
7627,CN-202022-3746616,2023-11-28,2023-12-03,二级,杨健-14605,杨健,消费者,乐山,四川,中国,西南,办公用-用品-10001178,办公用品,用品,"Elite 尺子, 钢",110.88,3,0.4,5.46
7631,US-202022-2136895,2023-06-08,2023-06-15,标准级,袁丽-16555,袁丽娜,公司,枝江,湖北,中国,中南,办公用-信封-10003334,办公用品,信封,"Cameo 马尼拉纸信封, 红色",712.6,5,0.0,63.7
7632,US-202022-2136895,2023-06-08,2023-06-15,标准级,袁丽-16555,袁丽娜,公司,枝江,湖北,中国,中南,技术-电话-10004909,技术,电话,"诺基亚 办公室电话机, 蓝色",364.728,2,0.4,-145.992
7633,US-202022-2136895,2023-06-08,2023-06-15,标准级,袁丽-16555,袁丽娜,公司,枝江,湖北,中国,中南,家具-用具-10001122,家具,用具,"Rubvermaid 分层置放架, 一包多件",141.12,2,0.4,-82.32
7654,CN-202022-1608087,2023-05-24,2023-05-29,标准级,熊光-13390,熊光,小型企业,杭州,浙江,中国,华东,办公用-标签-10000078,办公用品,标签,"Novimex 可去除的标签, 红色",135.66,3,0.0,56.7
7655,CN-202022-1608087,2023-05-24,2023-05-29,标准级,熊光-13390,熊光,小型企业,杭州,浙江,中国,华东,技术-设备-10004381,技术,设备,"松下 电话, 多色",712.656,3,0.4,-475.104
7656,CN-202022-1608087,2023-05-24,2023-05-29,标准级,熊光-13390,熊光,小型企业,杭州,浙江,中国,华东,办公用-装订-10000749,办公用品,装订机,"Ibico 打孔机, 透明",418.74,5,0.4,-42.56
7657,CN-202022-2418676,2023-02-12,2023-02-16,二级,施强-19390,施强,消费者,襄城,河南,中国,中南,家具-用具-10001122,家具,用具,"Rubvermaid 分层置放架, 一包多件",235.2,2,0.0,11.76
7658,CN-202022-1594949,2023-11-21,2023-11-25,标准级,孟斯-20980,孟斯云,公司,上海,上海,中国,华东,办公用-信封-10000372,办公用品,信封,"Jiffy 邮寄品, 银色",369.32,2,0.0,10.92
7659,CN-202022-1594949,2023-11-21,2023-11-25,标准级,孟斯-20980,孟斯云,公司,上海,上海,中国,华东,家具-书架-10003132,家具,书架,"Dania 古典书架, 黑色",9615.9,5,0.0,1153.6
7663,CN-202022-3211633,2023-09-02,2023-09-08,标准级,潘丽-16240,潘丽美,公司,韶关,广东,中国,中南,办公用-收纳-10003906,办公用品,收纳具,"Fellowes 文件车, 蓝色",2563.12,4,0.0,50.96
7664,CN-202022-3211633,2023-09-02,2023-09-08,标准级,潘丽-16240,潘丽美,公司,韶关,广东,中国,中南,办公用-装订-10001158,办公用品,装订机,"Avery 装订机盖, 实惠",103.32,2,0.0,6.16
7685,CN-202022-1398198,2023-11-28,2023-11-30,二级,邵娜-18565,邵娜,小型企业,文登,山东,中国,华东,办公用-标签-10001292,办公用品,标签,"Smead 文件夹标签, 白色",124.32,3,0.0,13.44
7686,CN-202022-1398198,2023-11-28,2023-11-30,二级,邵娜-18565,邵娜,小型企业,文登,山东,中国,华东,技术-设备-10000554,技术,设备,"爱普生 卡片打印机, 红色",4678.8,6,0.0,2292.36
7687,CN-202022-1398198,2023-11-28,2023-11-30,二级,邵娜-18565,邵娜,小型企业,文登,山东,中国,华东,办公用-纸张-10002317,办公用品,纸张,"SanDisk 备忘录便条, 回收",157.64,2,0.0,43.96
7688,CN-202022-1398198,2023-11-28,2023-11-30,二级,邵娜-18565,邵娜,小型企业,文登,山东,中国,华东,家具-用具-10000294,家具,用具,"Tenex 灯泡, 一包多件",354.48,4,0.0,77.84
7693,CN-202022-4225447,2023-08-21,2023-08-25,二级,冯巧-19450,冯巧,消费者,鸡西,黑龙江,中国,东北,办公用-装订-10000833,办公用品,装订机,"Acco 装订机, 耐用",310.8,4,0.0,89.6
7700,CN-202022-2162302,2023-10-24,2023-10-31,标准级,廖宣-20905,廖宣,消费者,梨树,吉林,中国,东北,办公用-标签-10001294,办公用品,标签,"Hon 合法证物标签, 耐用",315.0,6,0.0,90.72
7701,CN-202022-2162302,2023-10-24,2023-10-31,标准级,廖宣-20905,廖宣,消费者,梨树,吉林,中国,东北,技术-复印-10003535,技术,复印机,"Brother 个人复印机, 彩色",4041.24,6,0.0,1454.04
7702,CN-202022-2162302,2023-10-24,2023-10-31,标准级,廖宣-20905,廖宣,消费者,梨树,吉林,中国,东北,家具-椅子-10003795,家具,椅子,"Harbour Creations 沙滩椅, 红色",2012.92,7,0.0,684.04
7703,CN-202022-2162302,2023-10-24,2023-10-31,标准级,廖宣-20905,廖宣,消费者,梨树,吉林,中国,东北,技术-设备-10000001,技术,设备,"爱普生 计算器, 耐用",1519.98,7,0.0,14.7
7704,CN-202022-2162302,2023-10-24,2023-10-31,标准级,廖宣-20905,廖宣,消费者,梨树,吉林,中国,东北,家具-用具-10002855,家具,用具,"Deflect-O 分层置放架, 黑色",354.06,3,0.0,134.4
7705,CN-202022-2162302,2023-10-24,2023-10-31,标准级,廖宣-20905,廖宣,消费者,梨树,吉林,中国,东北,办公用-收纳-10001253,办公用品,收纳具,"Eldon 锁柜, 金属",1838.48,2,0.0,147.0
7706,US-202022-5082514,2023-06-25,2023-06-26,一级,余毅-12535,余毅,公司,淮北,安徽,中国,华东,办公用-信封-10000284,办公用品,信封,"Kraft 搭扣信封, 回收",36.4,1,0.0,14.84
7707,US-202022-5082514,2023-06-25,2023-06-26,一级,余毅-12535,余毅,公司,淮北,安徽,中国,华东,家具-椅子-10001287,家具,椅子,"Hon 摇椅, 黑色",1196.44,2,0.0,143.36
7708,US-202022-5082514,2023-06-25,2023-06-26,一级,余毅-12535,余毅,公司,淮北,安徽,中国,华东,办公用-系固-10002857,办公用品,系固件,"Advantus 橡皮筋, 整包",232.26,3,0.0,76.44
7709,US-202022-5082514,2023-06-25,2023-06-26,一级,余毅-12535,余毅,公司,淮北,安徽,中国,华东,办公用-用品-10002091,办公用品,用品,"Fiskars 美工刀, 工业",173.32,1,0.0,20.72
7710,US-202022-5082514,2023-06-25,2023-06-26,一级,余毅-12535,余毅,公司,淮北,安徽,中国,华东,技术-配件-10003981,技术,配件,"Memorex 记忆卡, 可编程",1937.04,4,0.0,755.44
7711,US-202022-5082514,2023-06-25,2023-06-26,一级,余毅-12535,余毅,公司,淮北,安徽,中国,华东,办公用-收纳-10000932,办公用品,收纳具,"Rogers 文件夹, 蓝色",143.22,1,0.0,68.74
7714,CN-202022-5623341,2023-06-21,2023-06-27,标准级,钟虹-13795,钟虹,小型企业,韶关,广东,中国,中南,家具-椅子-10000519,家具,椅子,"SAFCO 扶手椅, 黑色",1927.8,1,0.1,364.14
7725,CN-202022-3819209,2023-06-21,2023-06-25,标准级,韦达-11830,韦达侠,公司,襄樊,湖北,中国,中南,技术-电话-10003653,技术,电话,"三星 充电器, 混合尺寸",1789.2,1,0.4,149.1
7726,CN-202022-3819209,2023-06-21,2023-06-25,标准级,韦达-11830,韦达侠,公司,襄樊,湖北,中国,中南,家具-椅子-10002162,家具,椅子,"Hon 摇椅, 可调",1118.124,3,0.4,18.564
7727,CN-202022-2547654,2023-05-01,2023-05-08,标准级,赵芳-12730,赵芳,消费者,张掖,甘肃,中国,西北,技术-配件-10000513,技术,配件,"贝尔金 键区, 实惠",485.1,3,0.4,-153.72
7728,CN-202022-2547654,2023-05-01,2023-05-08,标准级,赵芳-12730,赵芳,消费者,张掖,甘肃,中国,西北,办公用-系固-10002631,办公用品,系固件,"Stockwell 橡皮筋, 金属",182.112,4,0.4,14.672
7729,CN-202022-2547654,2023-05-01,2023-05-08,标准级,赵芳-12730,赵芳,消费者,张掖,甘肃,中国,西北,办公用-用品-10000818,办公用品,用品,"Elite 剪刀, 钢",184.212,3,0.4,-98.448
7735,CN-202022-3969050,2023-07-13,2023-07-17,标准级,邹丽-17680,邹丽雪,小型企业,蒙阴,山东,中国,华东,办公用-系固-10001943,办公用品,系固件,"Stockwell 夹子, 每包 12 个",174.16,2,0.0,48.72
7736,CN-202022-3969050,2023-07-13,2023-07-17,标准级,邹丽-17680,邹丽雪,小型企业,蒙阴,山东,中国,华东,办公用-系固-10001361,办公用品,系固件,"Accos 橡皮筋, 整包",233.52,3,0.0,27.72
7737,CN-202022-3969050,2023-07-13,2023-07-17,标准级,邹丽-17680,邹丽雪,小型企业,蒙阴,山东,中国,华东,家具-椅子-10000210,家具,椅子,"Harbour Creations 扶手椅, 每套两件",4441.36,2,0.0,843.64
7751,CN-202022-3834707,2023-09-06,2023-09-10,标准级,冯丽-17350,冯丽丽,消费者,唐寨,安徽,中国,华东,办公用-收纳-10003626,办公用品,收纳具,"Eldon 文件车, 工业",1797.18,3,0.0,197.4
7767,CN-202022-2418676,2023-09-04,2023-09-08,标准级,吕欢-14155,吕欢悦,消费者,昌图,辽宁,中国,东北,技术-配件-10004986,技术,配件,"贝尔金 路由器, 回收",1436.736,2,0.4,-71.904
7768,CN-202022-2418676,2023-09-04,2023-09-08,标准级,吕欢-14155,吕欢悦,消费者,昌图,辽宁,中国,东北,家具-用具-10000239,家具,用具,"Tenex 分层置放架, 耐用",124.656,2,0.4,-45.864
7769,CN-202022-2418676,2023-09-04,2023-09-08,标准级,吕欢-14155,吕欢悦,消费者,昌图,辽宁,中国,东北,办公用-用品-10003240,办公用品,用品,"Kleencut 尺子, 蓝色",37.968,1,0.4,-14.672
7770,CN-202022-1734605,2023-09-19,2023-09-21,二级,贾君-15160,贾君,消费者,姜堰,江苏,中国,华东,办公用-纸张-10001036,办公用品,纸张,"Eaton 备忘录便条, 回收",318.5,5,0.0,50.4
7772,CN-202022-3269021,2023-04-02,2023-04-08,标准级,巩珑-17845,巩珑,消费者,嘉兴,浙江,中国,华东,办公用-收纳-10003152,办公用品,收纳具,"Smead 盒, 金属",45.92,1,0.0,10.08
7773,CN-202022-3269021,2023-04-02,2023-04-08,标准级,巩珑-17845,巩珑,消费者,嘉兴,浙江,中国,华东,家具-桌子-10003779,家具,桌子,"Barricks 会议桌, 白色",3394.608,2,0.6,-1103.312
7778,CN-202022-4020885,2023-06-18,2023-06-21,一级,曹灵-17590,曹灵,公司,江都,江苏,中国,华东,家具-书架-10002456,家具,书架,"Safco 书架, 金属",415.632,1,0.4,-20.888
7779,CN-202022-4020885,2023-06-18,2023-06-21,一级,曹灵-17590,曹灵,公司,江都,江苏,中国,华东,办公用-美术-10000948,办公用品,美术,"Boston 速写本, 整包",501.732,11,0.8,-1304.688
7780,CN-202022-4020885,2023-06-18,2023-06-21,一级,曹灵-17590,曹灵,公司,江都,江苏,中国,华东,办公用-器具-10000373,办公用品,器具,"Breville 冰箱, 银色",8737.344,6,0.4,-2767.296
7792,CN-202022-1951831,2023-08-02,2023-08-04,二级,施良-17155,施良,消费者,沈阳,辽宁,中国,东北,办公用-标签-10001500,办公用品,标签,"Smead 圆形标签, 红色",62.72,2,0.0,30.52
7793,CN-202022-1951831,2023-08-02,2023-08-04,二级,施良-17155,施良,消费者,沈阳,辽宁,中国,东北,办公用-标签-10001184,办公用品,标签,"Harbour Creations 文件夹标签, 可调",92.82,3,0.0,12.6
7807,CN-202022-2067445,2023-10-12,2023-10-16,标准级,刘立-16810,刘立,消费者,承德,河北,中国,华北,办公用-系固-10003277,办公用品,系固件,"Stockwell 图钉, 每包 12 个",351.96,6,0.0,151.2
7808,CN-202022-2067445,2023-10-12,2023-10-16,标准级,刘立-16810,刘立,消费者,承德,河北,中国,华北,办公用-美术-10004417,办公用品,美术,"Binney & Smith 画布, 混合尺寸",763.56,3,0.0,15.12
7809,CN-202022-2067445,2023-10-12,2023-10-16,标准级,刘立-16810,刘立,消费者,承德,河北,中国,华北,家具-用具-10001374,家具,用具,"Deflect-O 闹钟, 优质",685.02,3,0.0,109.2
7810,CN-202022-2067445,2023-10-12,2023-10-16,标准级,刘立-16810,刘立,消费者,承德,河北,中国,华北,技术-配件-10001234,技术,配件,"Memorex 鼠标, 可编程",415.38,3,0.0,62.16
7811,CN-202022-2067445,2023-10-12,2023-10-16,标准级,刘立-16810,刘立,消费者,承德,河北,中国,华北,办公用-收纳-10004747,办公用品,收纳具,"Eldon 文件夹, 单宽度",158.76,2,0.0,50.68
7812,CN-202022-2067445,2023-10-12,2023-10-16,标准级,刘立-16810,刘立,消费者,承德,河北,中国,华北,办公用-信封-10003334,办公用品,信封,"Cameo 马尼拉纸信封, 红色",142.52,1,0.0,12.74
7813,CN-202022-2067445,2023-10-12,2023-10-16,标准级,刘立-16810,刘立,消费者,承德,河北,中国,华北,技术-复印-10003121,技术,复印机,"佳能 墨水, 数字化",685.02,1,0.0,321.86
7814,CN-202022-2067445,2023-10-12,2023-10-16,标准级,刘立-16810,刘立,消费者,承德,河北,中国,华北,家具-椅子-10003177,家具,椅子,"Harbour Creations 椅垫, 每套两件",1732.5,5,0.0,501.9
7815,CN-202022-2067445,2023-10-12,2023-10-16,标准级,刘立-16810,刘立,消费者,承德,河北,中国,华北,办公用-纸张-10000194,办公用品,纸张,"SanDisk 备忘录便条, 每包 12 个",295.68,3,0.0,129.78
7817,CN-202022-3825454,2023-01-04,2023-01-09,标准级,许娜-18490,许娜,小型企业,保定,河北,中国,华北,技术-电话-10002266,技术,电话,"苹果 充电器, 整包",5938.8,2,0.0,1841.0
7818,CN-202022-3825454,2023-01-04,2023-01-09,标准级,许娜-18490,许娜,小型企业,保定,河北,中国,华北,技术-复印-10002908,技术,复印机,"佳能 复印机, 数字化",2443.28,2,0.0,439.6
7820,CN-202022-3361827,2023-11-20,2023-11-26,标准级,杨欢-14275,杨欢,公司,义乌,浙江,中国,华东,技术-配件-10000166,技术,配件,"SanDisk 闪存驱动器, 耐用",556.5,5,0.4,83.3
7821,CN-202022-2477297,2023-06-04,2023-06-10,标准级,邱谦-19255,邱谦,公司,沈阳,辽宁,中国,东北,办公用-系固-10001956,办公用品,系固件,"OIC 回形针, 金属",162.96,4,0.4,-73.36
7822,CN-202022-2477297,2023-06-04,2023-06-10,标准级,邱谦-19255,邱谦,公司,沈阳,辽宁,中国,东北,办公用-标签-10004472,办公用品,标签,"Avery 文件夹标签, 红色",125.16,3,0.0,52.5
7824,CN-202022-2737126,2023-02-20,2023-02-25,标准级,佘虢-13555,佘虢,公司,上海,上海,中国,华东,技术-电话-10003653,技术,电话,"三星 充电器, 混合尺寸",5964.0,2,0.0,2683.8
7832,CN-202022-2607133,2023-12-29,2024-01-02,标准级,谢君-15190,谢君,消费者,武汉,湖北,中国,中南,家具-用具-10000649,家具,用具,"Eldon 闹钟, 黑色",949.536,6,0.4,94.416
7833,CN-202022-2960006,2023-07-15,2023-07-21,标准级,柳明-18310,柳明,小型企业,禹州,河南,中国,中南,办公用-纸张-10004686,办公用品,纸张,"SanDisk 信纸, 多色",697.62,3,0.0,188.16
7837,CN-202022-5717181,2023-07-23,2023-07-25,二级,马凤-12925,马凤,消费者,平邑,山东,中国,华东,技术-复印-10004944,技术,复印机,"惠普 无线传真机, 每套两件",5042.94,3,0.0,1764.84
7838,CN-202022-5717181,2023-07-23,2023-07-25,二级,马凤-12925,马凤,消费者,平邑,山东,中国,华东,办公用-装订-10001165,办公用品,装订机,"Cardinal 打孔机, 回收",272.16,2,0.0,54.32
7892,CN-202022-1392177,2023-10-22,2023-10-25,二级,贺锦-14845,贺锦,消费者,温州,浙江,中国,华东,办公用-系固-10000178,办公用品,系固件,"Stockwell 按钉, 每包 12 个",112.644,3,0.4,-56.616
7893,CN-202022-1392177,2023-10-22,2023-10-25,二级,贺锦-14845,贺锦,消费者,温州,浙江,中国,华东,办公用-信封-10004068,办公用品,信封,"Ames 搭扣信封, 回收",196.0,7,0.0,27.44
7894,CN-202022-5792032,2023-05-06,2023-05-10,二级,宋良-17170,宋良,公司,忻州,湖北,中国,中南,办公用-标签-10002697,办公用品,标签,"Smead 运输标签, 红色",106.68,2,0.0,46.76
7895,CN-202022-5792032,2023-05-06,2023-05-10,二级,宋良-17170,宋良,公司,忻州,湖北,中国,中南,技术-配件-10000207,技术,配件,"Enermax 闪存驱动器, 实惠",232.512,2,0.4,11.592
7899,CN-202022-5250870,2023-05-06,2023-05-11,标准级,陶巧-19495,陶巧,消费者,青冈,黑龙江,中国,东北,家具-用具-10003114,家具,用具,"Advantus 闹钟, 一包多件",720.3,3,0.0,252.0
7902,US-202022-1973789,2023-11-25,2023-11-28,一级,佘凤-12970,佘凤,公司,滕州,山东,中国,华东,办公用-标签-10002839,办公用品,标签,"Novimex 合法证物标签, 耐用",304.08,6,0.0,60.48
7915,US-202022-1761745,2023-01-17,2023-01-19,一级,沈婷-21130,沈婷,消费者,常州,江苏,中国,华东,家具-椅子-10003924,家具,椅子,"Novimex 扶手椅, 可调",15470.784,12,0.4,-774.816
7916,US-202022-1761745,2023-01-17,2023-01-19,一级,沈婷-21130,沈婷,消费者,常州,江苏,中国,华东,家具-书架-10002984,家具,书架,"Safco 柜, 黑色",953.064,2,0.4,-492.576
7932,CN-202022-3643443,2023-09-09,2023-09-10,一级,范彩-10615,范彩,公司,应城,湖北,中国,中南,办公用-信封-10003334,办公用品,信封,"Cameo 马尼拉纸信封, 红色",997.64,7,0.0,89.18
7933,CN-202022-3643443,2023-09-09,2023-09-10,一级,范彩-10615,范彩,公司,应城,湖北,中国,中南,技术-电话-10002053,技术,电话,"思科 耳机, 全尺寸",1256.22,5,0.4,-84.28
7949,CN-202022-1658434,2023-12-05,2023-12-09,标准级,戴珑-17860,戴珑,公司,成都,四川,中国,西南,技术-配件-10000207,技术,配件,"Enermax 闪存驱动器, 实惠",232.512,2,0.4,11.592
7954,CN-202022-3284718,2023-06-04,2023-06-07,一级,程欢-14110,程欢悦,消费者,温岭,浙江,中国,华东,办公用-收纳-10003675,办公用品,收纳具,"Smead 搁板, 蓝色",456.68,2,0.0,196.28
7959,CN-202022-5048976,2023-11-04,2023-11-06,二级,白立-16825,白立,公司,益阳,湖南,中国,中南,办公用-用品-10004161,办公用品,用品,"Kleencut 修剪器, 工业",401.8,2,0.0,40.04
7980,US-202022-4033000,2023-10-05,2023-10-07,二级,谭珊-19900,谭珊,消费者,武汉,湖北,中国,中南,技术-配件-10001200,技术,配件,"Memorex 键盘, 实惠",399.504,2,0.4,39.704
7981,US-202022-4033000,2023-10-05,2023-10-07,二级,谭珊-19900,谭珊,消费者,武汉,湖北,中国,中南,办公用-美术-10000476,办公用品,美术,"BIC 荧光笔, 整包",17.92,1,0.8,-71.68
7982,US-202022-4033000,2023-10-05,2023-10-07,二级,谭珊-19900,谭珊,消费者,武汉,湖北,中国,中南,办公用-装订-10003861,办公用品,装订机,"Avery 打孔机, 实惠",156.072,2,0.4,-91.168
7983,US-202022-4033000,2023-10-05,2023-10-07,二级,谭珊-19900,谭珊,消费者,武汉,湖北,中国,中南,办公用-标签-10002018,办公用品,标签,"Novimex 合法证物标签, 可调",156.24,4,0.0,32.48
7985,CN-202022-2859473,2023-01-30,2023-02-03,标准级,施平-19180,施平,小型企业,浯溪,湖南,中国,中南,办公用-用品-10002536,办公用品,用品,"Fiskars 美工刀, 锯齿状",601.44,4,0.0,234.08
7986,CN-202022-2859473,2023-01-30,2023-02-03,标准级,施平-19180,施平,小型企业,浯溪,湖南,中国,中南,办公用-装订-10000548,办公用品,装订机,"Avery 孔加固材料, 实惠",61.74,3,0.0,28.14
7988,CN-202022-4725073,2023-01-11,2023-01-16,标准级,钟立-16720,钟立,消费者,岫岩,辽宁,中国,东北,办公用-器具-10004576,办公用品,器具,"Hamilton Beach 炉灶, 银色",6082.608,4,0.4,-202.832
7989,CN-202022-4725073,2023-01-11,2023-01-16,标准级,钟立-16720,钟立,消费者,岫岩,辽宁,中国,东北,办公用-收纳-10004245,办公用品,收纳具,"Smead 搁板, 工业",461.16,2,0.0,27.44
7992,US-202022-3006635,2023-03-19,2023-03-21,二级,唐爽-20560,唐爽,小型企业,徐州,江苏,中国,华东,家具-椅子-10004470,家具,椅子,"Novimex 摇椅, 黑色",361.2,1,0.4,-192.64
8005,US-202022-3781425,2023-06-24,2023-06-29,标准级,肖良-17125,肖良,消费者,阆中,四川,中国,西南,技术-设备-10003593,技术,设备,"冲电器 电话, 白色",477.456,2,0.4,-230.944
8006,US-202022-3781425,2023-06-24,2023-06-29,标准级,肖良-17125,肖良,消费者,阆中,四川,中国,西南,办公用-标签-10001292,办公用品,标签,"Smead 文件夹标签, 白色",165.76,4,0.0,17.92
8036,CN-202022-2274876,2023-11-21,2023-11-27,标准级,韩虎-14005,韩虎,小型企业,武汉,湖北,中国,中南,技术-配件-10002609,技术,配件,"Memorex 键区, 耐用",890.232,7,0.4,28.812
8044,CN-202022-4173591,2023-10-18,2023-10-22,标准级,曹琼-19675,曹琼,小型企业,嘉善,浙江,中国,华东,办公用-收纳-10003711,办公用品,收纳具,"Smead 文件夹, 金属",231.84,3,0.0,113.4
8052,CN-202022-2146974,2023-09-19,2023-09-21,一级,彭丽-17650,彭丽雪,小型企业,遵义,贵州,中国,西南,办公用-信封-10003334,办公用品,信封,"Cameo 马尼拉纸信封, 红色",712.6,5,0.0,63.7
8055,CN-202022-2829745,2023-11-04,2023-11-07,二级,邱升-20080,邱升,消费者,岳阳,湖南,中国,中南,办公用-装订-10001290,办公用品,装订机,"Ibico 装订机, 透明",209.16,3,0.0,37.38
8056,CN-202022-2829745,2023-11-04,2023-11-07,二级,邱升-20080,邱升,消费者,岳阳,湖南,中国,中南,办公用-信封-10002698,办公用品,信封,"Kraft 马尼拉纸信封, 每套 50 个",494.48,4,0.0,173.04
8057,CN-202022-2829745,2023-11-04,2023-11-07,二级,邱升-20080,邱升,消费者,岳阳,湖南,中国,中南,办公用-系固-10001943,办公用品,系固件,"Stockwell 夹子, 每包 12 个",348.32,4,0.0,97.44
8058,CN-202022-2829745,2023-11-04,2023-11-07,二级,邱升-20080,邱升,消费者,岳阳,湖南,中国,中南,办公用-装订-10002116,办公用品,装订机,"Ibico 孔加固材料, 透明",180.6,6,0.0,25.2
8059,CN-202022-2829745,2023-11-04,2023-11-07,二级,邱升-20080,邱升,消费者,岳阳,湖南,中国,中南,办公用-装订-10002575,办公用品,装订机,"Wilson Jones 打孔机, 耐用",550.48,4,0.0,253.12
8060,CN-202022-2829745,2023-11-04,2023-11-07,二级,邱升-20080,邱升,消费者,岳阳,湖南,中国,中南,办公用-器具-10003466,办公用品,器具,"Cuisinart 烤面包机, 银色",2276.82,9,0.0,773.64
8089,CN-202022-5569894,2023-12-06,2023-12-10,标准级,洪光-13420,洪光,公司,南阳,河南,中国,中南,办公用-系固-10001285,办公用品,系固件,"Stockwell 订书钉, 整包",252.0,5,0.0,120.4
8093,CN-202022-2747579,2023-04-12,2023-04-16,二级,邵彩-10720,邵彩,小型企业,鞍山,辽宁,中国,东北,办公用-装订-10004589,办公用品,装订机,"Avery 孔加固材料, 耐用",16.548,1,0.4,-10.612
8098,CN-202022-2234207,2023-02-04,2023-02-10,标准级,巩嘉-14500,巩嘉丽,消费者,长春,吉林,中国,东北,技术-复印-10003326,技术,复印机,"夏普 复印机, 彩色",1123.92,1,0.0,449.54
8104,CN-202022-2222921,2023-07-24,2023-07-29,标准级,林德-12175,林德伟,公司,深圳,广东,中国,中南,办公用-信封-10001989,办公用品,信封,"Jiffy 外皮和封条, 回收",702.24,8,0.0,69.44
8105,CN-202022-2222921,2023-07-24,2023-07-29,标准级,林德-12175,林德伟,公司,深圳,广东,中国,中南,办公用-纸张-10001312,办公用品,纸张,"施乐 信纸, 优质",1049.3,5,0.0,461.3
8106,CN-202022-2222921,2023-07-24,2023-07-29,标准级,林德-12175,林德伟,公司,深圳,广东,中国,中南,办公用-用品-10003917,办公用品,用品,"Elite 剪刀, 锯齿状",717.92,8,0.0,179.2
8107,CN-202022-2222921,2023-07-24,2023-07-29,标准级,林德-12175,林德伟,公司,深圳,广东,中国,中南,办公用-美术-10000410,办公用品,美术,"BIC 铅笔刀, 金属",113.008,1,0.2,-21.252
8108,CN-202022-2222921,2023-07-24,2023-07-29,标准级,林德-12175,林德伟,公司,深圳,广东,中国,中南,办公用-器具-10000602,办公用品,器具,"Hamilton Beach 咖啡研磨机, 红色",995.4,5,0.0,178.5
8111,CN-202022-5848215,2023-09-19,2023-09-22,二级,邹丽-17680,邹丽雪,小型企业,苏州,江苏,中国,华东,家具-用具-10002407,家具,用具,"Rubvermaid 门挡, 优质",237.552,2,0.4,-67.368
8112,CN-202022-3258425,2023-12-30,2024-01-01,二级,廖乐-17770,廖乐,消费者,石家庄,河北,中国,华北,技术-电话-10000619,技术,电话,"三星 音频基座, 整包",2336.88,3,0.0,69.72
8113,CN-202022-3417942,2023-11-01,2023-11-05,标准级,罗安-10210,罗安,消费者,平邑,山东,中国,华东,家具-椅子-10000908,家具,椅子,"Office Star 凳子, 每套两件",4111.1,5,0.0,328.3
8114,CN-202022-3417942,2023-11-01,2023-11-05,标准级,罗安-10210,罗安,消费者,平邑,山东,中国,华东,家具-桌子-10003440,家具,桌子,"Hon 电脑桌, 组装",2764.776,2,0.4,-507.024
8115,CN-202022-5731370,2023-10-12,2023-10-12,当日,赖芳-12715,赖芳茵,公司,泉州,福建,中国,华东,家具-椅子-10001258,家具,椅子,"Harbour Creations 扶手椅, 可调",6665.4,3,0.0,2999.22
8141,CN-202022-1184235,2023-11-14,2023-11-21,标准级,陈锦-14830,陈锦,公司,宜春,黑龙江,中国,东北,技术-设备-10002232,技术,设备,"StarTech 收据打印机, 耐用",2066.4,4,0.0,660.8
8164,US-202022-2151004,2023-08-24,2023-08-24,当日,丁君-15280,丁君,消费者,金华,浙江,中国,华东,技术-电话-10000199,技术,电话,"三星 智能手机, 混合尺寸",1059.156,3,0.4,-406.224
8181,US-202022-1815663,2023-05-01,2023-05-04,一级,范娜-18445,范娜,小型企业,枣庄,山东,中国,华东,家具-书架-10002304,家具,书架,"Safco 墙角架, 传统",2789.92,4,0.0,1338.96
8186,CN-202022-4494383,2023-10-11,2023-10-17,标准级,杨健-14605,杨健,消费者,焦作,河南,中国,中南,办公用-收纳-10003273,办公用品,收纳具,"Tenex 盒, 工业",396.2,5,0.0,122.5
8187,CN-202022-4494383,2023-10-11,2023-10-17,标准级,杨健-14605,杨健,消费者,焦作,河南,中国,中南,办公用-装订-10002241,办公用品,装订机,"Cardinal 订书机, 透明",689.22,3,0.0,89.46
8189,CN-202022-1951831,2023-03-20,2023-03-25,标准级,万莞-13330,万莞颖,消费者,钟祥,湖北,中国,中南,技术-配件-10003881,技术,配件,"Memorex 键盘, 耐用",200.34,1,0.4,-3.36
8190,CN-202022-1951831,2023-03-20,2023-03-25,标准级,万莞-13330,万莞颖,消费者,钟祥,湖北,中国,中南,办公用-用品-10003194,办公用品,用品,"Kleencut 尺子, 工业",255.024,6,0.4,-89.376
8191,CN-202022-1424056,2023-11-12,2023-11-18,标准级,钟立-16720,钟立,消费者,上海,上海,中国,华东,家具-用具-10004488,家具,用具,"Eldon 灯泡, 一包多件",353.64,3,0.0,73.92
8192,CN-202022-1424056,2023-11-12,2023-11-18,标准级,钟立-16720,钟立,消费者,上海,上海,中国,华东,家具-桌子-10000627,家具,桌子,"Lesro 圆桌, 组装",3809.232,3,0.4,-1523.928
8193,CN-202022-1424056,2023-11-12,2023-11-18,标准级,钟立-16720,钟立,消费者,上海,上海,中国,华东,办公用-装订-10004939,办公用品,装订机,"Ibico 打孔机, 耐用",596.4,4,0.0,23.52
8194,CN-202022-1424056,2023-11-12,2023-11-18,标准级,钟立-16720,钟立,消费者,上海,上海,中国,华东,办公用-信封-10001882,办公用品,信封,"Ames 邮寄品, 红色",551.46,3,0.0,236.88
8195,CN-202022-1424056,2023-11-12,2023-11-18,标准级,钟立-16720,钟立,消费者,上海,上海,中国,华东,家具-桌子-10000262,家具,桌子,"Chromcraft 木桌, 白色",1357.188,1,0.4,-497.672
8197,US-202022-4597424,2023-02-25,2023-03-02,标准级,彭伟-21550,彭伟,小型企业,汉沽,天津,中国,华北,办公用-标签-10002839,办公用品,标签,"Novimex 合法证物标签, 耐用",50.68,1,0.0,10.08
8211,CN-202022-3200743,2023-08-21,2023-08-23,一级,薛光-13405,薛光,消费者,金昌,甘肃,中国,西北,办公用-器具-10002224,办公用品,器具,"Breville 搅拌机, 白色",494.928,2,0.4,-255.752
8252,CN-202022-2000071,2023-10-15,2023-10-21,标准级,薛光-13405,薛光,消费者,湖州,浙江,中国,华东,办公用-系固-10002171,办公用品,系固件,"Stockwell 订书钉, 整包",87.444,3,0.4,-11.676
8263,CN-202022-3509971,2023-06-12,2023-06-16,标准级,柯婷-21100,柯婷,消费者,遂宁,四川,中国,西南,办公用-系固-10000409,办公用品,系固件,"OIC 按钉, 整包",125.244,3,0.4,-75.516
8267,US-202022-5364655,2023-02-18,2023-02-22,标准级,施立-16690,施立伟,公司,哈尔滨,黑龙江,中国,东北,办公用-器具-10004391,办公用品,器具,"Hamilton Beach 烤面包机, 白色",2337.3,9,0.0,840.42
8282,CN-202022-4513584,2023-05-21,2023-05-26,标准级,胡凤-12850,胡凤,消费者,济宁,山东,中国,华东,办公用-标签-10002776,办公用品,标签,"Novimex 圆形标签, 可调",19.46,1,0.0,8.68
8285,CN-202022-1924488,2023-11-22,2023-11-25,一级,薛梦-18190,薛梦,消费者,北京,北京,中国,华北,家具-书架-10003232,家具,书架,"宜家 书库, 黑色",6808.48,4,0.0,272.16
8286,CN-202022-1924488,2023-11-22,2023-11-25,一级,薛梦-18190,薛梦,消费者,北京,北京,中国,华北,技术-配件-10002679,技术,配件,"Enermax 路由器, 实惠",2411.08,2,0.0,554.4
8287,CN-202022-1924488,2023-11-22,2023-11-25,一级,薛梦-18190,薛梦,消费者,北京,北京,中国,华北,办公用-装订-10002545,办公用品,装订机,"Wilson Jones 订书机, 实惠",685.44,3,0.0,294.42
8298,CN-202022-5740094,2023-10-10,2023-10-10,当日,杨立-16600,杨立勤,公司,延吉,吉林,中国,东北,技术-电话-10001154,技术,电话,"思科 音频基座, 全尺寸",855.68,1,0.0,325.08
8299,CN-202022-5740094,2023-10-10,2023-10-10,当日,杨立-16600,杨立勤,公司,延吉,吉林,中国,东北,技术-电话-10002777,技术,电话,"三星 办公室电话机, 整包",609.56,2,0.0,274.12
8302,CN-202022-1376899,2023-07-23,2023-07-27,标准级,谭珊-19900,谭珊,消费者,来宾,广西,中国,中南,办公用-器具-10003037,办公用品,器具,"Hamilton Beach 冰箱, 白色",9301.04,4,0.0,2045.68
8309,CN-202022-5693708,2023-03-27,2023-03-31,标准级,陶武-21880,陶武,公司,蛟河,吉林,中国,东北,办公用-装订-10002164,办公用品,装订机,"Avery 装订机, 透明",346.08,6,0.0,120.96
8310,CN-202022-5912855,2023-10-21,2023-10-27,标准级,倪芬-12790,倪芬,小型企业,哈尔滨,黑龙江,中国,东北,办公用-收纳-10002029,办公用品,收纳具,"Smead 盘, 工业",913.92,4,0.0,310.24
8311,CN-202022-5912855,2023-10-21,2023-10-27,标准级,倪芬-12790,倪芬,小型企业,哈尔滨,黑龙江,中国,东北,技术-电话-10003000,技术,电话,"思科 信号增强器, 混合尺寸",1443.68,2,0.0,14.28
8312,CN-202022-5912855,2023-10-21,2023-10-27,标准级,倪芬-12790,倪芬,小型企业,哈尔滨,黑龙江,中国,东北,家具-桌子-10003257,家具,桌子,"Bevis 会议桌, 长方形",6449.31,2,0.25,85.75
8313,CN-202022-5912855,2023-10-21,2023-10-27,标准级,倪芬-12790,倪芬,小型企业,哈尔滨,黑龙江,中国,东北,技术-复印-10000413,技术,复印机,"Hewlett 传真复印机, 红色",5349.96,6,0.0,534.24
8314,CN-202022-5912855,2023-10-21,2023-10-27,标准级,倪芬-12790,倪芬,小型企业,哈尔滨,黑龙江,中国,东北,家具-椅子-10001055,家具,椅子,"Hon 沙滩椅, 每套两件",442.4,2,0.0,97.16
8322,CN-202022-3064620,2023-04-01,2023-04-07,标准级,袁荣-19765,袁荣,公司,上海,上海,中国,华东,技术-电话-10004558,技术,电话,"思科 办公室电话机, 整包",2631.3,7,0.0,420.42
8323,CN-202022-3064620,2023-04-01,2023-04-07,标准级,袁荣-19765,袁荣,公司,上海,上海,中国,华东,技术-复印-10004787,技术,复印机,"佳能 墨水, 红色",2713.2,4,0.0,1057.84
8349,CN-202022-1123287,2023-07-27,2023-08-02,标准级,黄丽-15820,黄丽,消费者,本溪,辽宁,中国,东北,技术-配件-10000080,技术,配件,"Memorex 键区, 可编程",130.788,1,0.4,-6.552
8350,CN-202022-1123287,2023-07-27,2023-08-02,标准级,黄丽-15820,黄丽,消费者,本溪,辽宁,中国,东北,办公用-信封-10003279,办公用品,信封,"Kraft 邮寄品, 每套 50 个",175.7,1,0.0,15.68
8351,CN-202022-1123287,2023-07-27,2023-08-02,标准级,黄丽-15820,黄丽,消费者,本溪,辽宁,中国,东北,办公用-系固-10002483,办公用品,系固件,"Stockwell 回形针, 混合尺寸",31.752,1,0.4,0.392
8366,CN-202022-3700485,2023-04-18,2023-04-22,标准级,赵幂-18055,赵幂,消费者,鹤岗,黑龙江,中国,东北,家具-用具-10002284,家具,用具,"Rubvermaid 闹钟, 优质",682.92,3,0.0,27.3
8369,CN-202022-2872339,2023-09-12,2023-09-14,二级,陈宣-20815,陈宣,公司,锡林浩特,内蒙古,中国,华北,办公用-标签-10000859,办公用品,标签,"Hon 合法证物标签, 白色",50.68,1,0.0,1.4
8376,CN-202022-2067445,2023-11-15,2023-11-19,标准级,楚虢-13465,楚虢,消费者,洛阳,广东,中国,中南,办公用-纸张-10002298,办公用品,纸张,"施乐 计划信息表, 优质",190.12,2,0.0,60.76
8377,CN-202022-3189070,2023-07-08,2023-07-13,标准级,白德-12205,白德伟,消费者,唐山,河北,中国,华北,办公用-信封-10002222,办公用品,信封,"Kraft 马尼拉纸信封, 银色",134.82,1,0.0,33.6
8378,CN-202022-3189070,2023-07-08,2023-07-13,标准级,白德-12205,白德伟,消费者,唐山,河北,中国,华北,技术-配件-10004359,技术,配件,"Memorex 键区, 回收",1606.08,8,0.0,192.64
8379,CN-202022-3189070,2023-07-08,2023-07-13,标准级,白德-12205,白德伟,消费者,唐山,河北,中国,华北,办公用-收纳-10004402,办公用品,收纳具,"Smead 盘, 单宽度",679.14,3,0.0,128.94
8389,CN-202022-1321997,2023-08-19,2023-08-23,二级,李丽-17365,李丽丽,消费者,天津,天津,中国,华北,技术-设备-10002164,技术,设备,"松下 打印机, 耐用",2488.36,2,0.0,298.48
8390,CN-202022-1321997,2023-08-19,2023-08-23,二级,李丽-17365,李丽丽,消费者,天津,天津,中国,华北,办公用-装订-10003061,办公用品,装订机,"Wilson Jones 订书机, 回收",460.32,2,0.0,27.44
8395,US-202022-3670764,2023-04-18,2023-04-24,标准级,冯婷-21040,冯婷,小型企业,宜城,湖北,中国,中南,家具-椅子-10001287,家具,椅子,"Hon 摇椅, 黑色",717.864,2,0.4,-335.216
8396,US-202022-3670764,2023-04-18,2023-04-24,标准级,冯婷-21040,冯婷,小型企业,宜城,湖北,中国,中南,办公用-纸张-10004938,办公用品,纸张,"SanDisk 信纸, 回收",1127.7,5,0.0,112.7
8399,CN-202022-5632123,2023-10-30,2023-11-04,标准级,殷菊-15085,殷菊,消费者,蒙阴,山东,中国,华东,家具-椅子-10001896,家具,椅子,"Office Star 椅垫, 黑色",2070.74,7,0.0,785.96
8408,CN-202022-1410437,2023-10-10,2023-10-15,标准级,涂珑-17875,涂珑,小型企业,萍乡,江西,中国,华东,家具-用具-10002425,家具,用具,"Advantus 闹钟, 优质",1633.66,7,0.0,505.68
8411,CN-202022-5598912,2023-03-30,2023-04-03,标准级,唐欢-14170,唐欢悦,消费者,石嘴山,宁夏,中国,西北,办公用-纸张-10003708,办公用品,纸张,"Eaton 计划信息表, 每包 12 个",230.72,2,0.0,11.48
8412,CN-202022-2936253,2023-06-04,2023-06-10,标准级,徐婵-11005,徐婵,小型企业,淮南,安徽,中国,华东,技术-配件-10000513,技术,配件,"贝尔金 键区, 实惠",1347.5,5,0.0,282.8
8413,CN-202022-5673737,2023-11-25,2023-11-29,标准级,郭莲-17005,郭莲,消费者,西安,陕西,中国,西北,办公用-标签-10000039,办公用品,标签,"Avery 可去除的标签, 白色",200.48,4,0.0,7.84
8414,CN-202022-5673737,2023-11-25,2023-11-29,标准级,郭莲-17005,郭莲,消费者,西安,陕西,中国,西北,办公用-系固-10002340,办公用品,系固件,"OIC 按钉, 每包 12 个",200.76,3,0.0,3.78
8415,CN-202022-5673737,2023-11-25,2023-11-29,标准级,郭莲-17005,郭莲,消费者,西安,陕西,中国,西北,家具-椅子-10003780,家具,椅子,"Harbour Creations 扶手椅, 红色",11050.9,5,0.0,4862.2
8424,US-202022-4505574,2023-07-22,2023-07-28,标准级,余德-12100,余德,小型企业,株洲,湖南,中国,中南,家具-书架-10004191,家具,书架,"Dania 柜, 金属",5918.22,9,0.0,709.38
8425,US-202022-4505574,2023-07-22,2023-07-28,标准级,余德-12100,余德,小型企业,株洲,湖南,中国,中南,办公用-美术-10003735,办公用品,美术,"Binney & Smith 速写本, 蓝色",518.784,3,0.2,187.824
8426,CN-202022-5966135,2023-01-22,2023-01-26,标准级,王庆-19555,王庆缘,消费者,荆州,湖北,中国,中南,办公用-器具-10002486,办公用品,器具,"Hoover 烤面包机, 银色",472.584,2,0.4,-7.896
8427,CN-202022-4862116,2023-11-14,2023-11-20,标准级,罗霖-17530,罗霖,消费者,天津,天津,中国,华北,办公用-信封-10000469,办公用品,信封,"Kraft 邮寄品, 红色",961.1,5,0.0,345.8
8428,CN-202022-4862116,2023-11-14,2023-11-20,标准级,罗霖-17530,罗霖,消费者,天津,天津,中国,华北,办公用-系固-10001746,办公用品,系固件,"Advantus 回形针, 整包",390.6,6,0.0,89.04
8429,CN-202022-4862116,2023-11-14,2023-11-20,标准级,罗霖-17530,罗霖,消费者,天津,天津,中国,华北,技术-电话-10003758,技术,电话,"摩托罗拉 充电器, 蓝色",20994.54,7,0.0,2308.88
8430,CN-202022-4190541,2023-08-07,2023-08-13,标准级,范刚-13135,范刚,消费者,晋城,山西,中国,华北,办公用-器具-10003404,办公用品,器具,"Hamilton Beach 咖啡研磨机, 黑色",785.68,4,0.0,23.52
8431,CN-202022-4190541,2023-08-07,2023-08-13,标准级,范刚-13135,范刚,消费者,晋城,山西,中国,华北,技术-配件-10000138,技术,配件,"贝尔金 鼠标, 可编程",787.92,4,0.0,62.72
8436,US-202022-5260002,2023-05-22,2023-05-27,标准级,马锦-14890,马锦,公司,都匀,贵州,中国,西南,家具-书架-10001846,家具,书架,"Dania 搁架, 传统",3951.5,5,0.0,1343.3
8438,CN-202022-4980108,2023-05-24,2023-05-31,标准级,邱丽-17620,邱丽雪,公司,临沂,山东,中国,华东,技术-配件-10004359,技术,配件,"Memorex 键区, 回收",1003.8,5,0.0,120.4
8439,CN-202022-4980108,2023-05-24,2023-05-31,标准级,邱丽-17620,邱丽雪,公司,临沂,山东,中国,华东,办公用-收纳-10004933,办公用品,收纳具,"Fellowes 盘, 单宽度",267.96,1,0.0,18.62
8443,US-202022-4116715,2023-11-01,2023-11-03,一级,黄娟-15130,黄娟,消费者,宁波,浙江,中国,华东,办公用-用品-10004822,办公用品,用品,"Acme 剪刀, 钢",208.656,3,0.4,-10.584
8444,US-202022-4116715,2023-11-01,2023-11-03,一级,黄娟-15130,黄娟,消费者,宁波,浙江,中国,华东,办公用-纸张-10002175,办公用品,纸张,"施乐 羊皮纸, 优质",247.52,4,0.0,81.2
8446,CN-202022-4080706,2023-05-29,2023-06-05,标准级,蔡晨-11200,蔡晨,消费者,汕头,广东,中国,中南,办公用-信封-10004013,办公用品,信封,"GlobeWeis 外皮和封条, 每套 50 个",598.92,6,0.0,35.28
8458,CN-202022-3284718,2023-03-26,2023-03-28,一级,曹琼-19675,曹琼,小型企业,济南,山东,中国,华东,办公用-纸张-10002647,办公用品,纸张,"SanDisk 羊皮纸, 多色",169.12,2,0.0,18.48
8459,CN-202022-3284718,2023-03-26,2023-03-28,一级,曹琼-19675,曹琼,小型企业,济南,山东,中国,华东,技术-配件-10002207,技术,配件,"Enermax 键区, 实惠",535.08,2,0.0,10.64
8460,US-202022-2877300,2023-08-03,2023-08-04,一级,彭雯-21790,彭雯,消费者,榆树,吉林,中国,东北,办公用-系固-10003277,办公用品,系固件,"Stockwell 图钉, 每包 12 个",527.94,9,0.0,226.8
8461,CN-202022-5313470,2023-08-16,2023-08-23,标准级,佟崆-15550,佟崆,小型企业,凤城,辽宁,中国,东北,技术-复印-10004220,技术,复印机,"夏普 无线传真机, 每套两件",3986.304,4,0.4,331.744
8462,CN-202022-5313470,2023-08-16,2023-08-23,标准级,佟崆-15550,佟崆,小型企业,凤城,辽宁,中国,东北,办公用-器具-10000663,办公用品,器具,"Hamilton Beach 微波炉, 白色",1571.64,2,0.4,-550.2
8463,CN-202022-1312334,2023-09-02,2023-09-05,一级,方蔓-17950,方蔓楚,消费者,玉溪,云南,中国,西南,办公用-纸张-10003968,办公用品,纸张,"SanDisk 备忘录便条, 优质",316.96,4,0.0,15.68
8470,US-202022-4537572,2023-11-18,2023-11-22,标准级,任婵-10795,任婵娟,公司,大连,辽宁,中国,东北,技术-配件-10002318,技术,配件,"贝尔金 键区, 回收",777.84,5,0.4,-259.56
8471,US-202022-2877300,2023-11-04,2023-11-09,标准级,许绅-19960,许绅,消费者,天津,天津,中国,华北,技术-配件-10002318,技术,配件,"贝尔金 键区, 回收",518.56,2,0.0,103.6
8472,US-202022-2877300,2023-11-04,2023-11-09,标准级,许绅-19960,许绅,消费者,天津,天津,中国,华北,家具-书架-10002724,家具,书架,"Sauder 墙角架, 白色",5593.28,8,0.0,1453.76
8473,US-202022-2877300,2023-11-04,2023-11-09,标准级,许绅-19960,许绅,消费者,天津,天津,中国,华北,办公用-收纳-10000480,办公用品,收纳具,"Tenex 锁柜, 蓝色",4763.5,5,0.0,2381.4
8474,CN-202022-1007278,2023-08-26,2023-08-31,标准级,袁平-19210,袁平,公司,长春,吉林,中国,东北,办公用-收纳-10000103,办公用品,收纳具,"Tenex 文件夹, 蓝色",325.08,3,0.0,68.04
8477,US-202022-3281446,2023-09-27,2023-10-04,标准级,邵娜-18565,邵娜,小型企业,泉州,福建,中国,华东,办公用-收纳-10001262,办公用品,收纳具,"Eldon 搁板, 金属",1108.1,5,0.0,310.1
8478,US-202022-3281446,2023-09-27,2023-10-04,标准级,邵娜-18565,邵娜,小型企业,泉州,福建,中国,华东,办公用-系固-10000554,办公用品,系固件,"Stockwell 橡皮筋, 每包 12 个",446.88,6,0.0,17.64
8479,CN-202022-5966135,2023-10-07,2023-10-11,标准级,柯娜-18520,柯娜,消费者,朝阳,辽宁,中国,东北,家具-椅子-10001310,家具,椅子,"SAFCO 沙滩椅, 每套两件",1302.588,9,0.4,195.048
8480,CN-202022-5966135,2023-10-07,2023-10-11,标准级,柯娜-18520,柯娜,消费者,朝阳,辽宁,中国,东北,办公用-系固-10002218,办公用品,系固件,"Accos 夹子, 每包 12 个",210.672,4,0.4,-3.808
8481,CN-202022-5966135,2023-10-07,2023-10-11,标准级,柯娜-18520,柯娜,消费者,朝阳,辽宁,中国,东北,技术-复印-10003759,技术,复印机,"Hewlett 复印机, 红色",5132.652,7,0.4,-342.608
8484,CN-202022-1255631,2023-09-12,2023-09-16,标准级,万虹-13900,万虹,消费者,西华,河南,中国,中南,办公用-美术-10000410,办公用品,美术,"BIC 铅笔刀, 金属",226.016,2,0.2,-42.504
8485,US-202022-2877300,2023-09-24,2023-09-30,标准级,刘婵-10945,刘婵,消费者,长治,山西,中国,华北,办公用-装订-10002836,办公用品,装订机,"Avery 订书机, 回收",2755.2,12,0.0,246.96
8486,US-202022-2877300,2023-09-24,2023-09-30,标准级,刘婵-10945,刘婵,消费者,长治,山西,中国,华北,家具-用具-10000513,家具,用具,"Eldon 灯泡, 耐用",622.44,6,0.0,130.2
8487,CN-202022-2606671,2023-03-30,2023-04-02,二级,钱珑-17830,钱珑,消费者,盐城,江苏,中国,华东,办公用-用品-10002903,办公用品,用品,"Elite 大剪刀, 锯齿状",979.104,8,0.4,-82.656
8496,CN-202022-1177754,2023-12-26,2023-12-27,一级,薛关-15580,薛关茵,消费者,福州,福建,中国,华东,技术-复印-10003118,技术,复印机,"Brother 传真复印机, 红色",1770.44,2,0.0,566.44
8497,CN-202022-1177754,2023-12-26,2023-12-27,一级,薛关-15580,薛关茵,消费者,福州,福建,中国,华东,家具-书架-10003100,家具,书架,"宜家 墙角架, 传统",6317.08,11,0.0,2273.04
8498,CN-202022-1177754,2023-12-26,2023-12-27,一级,薛关-15580,薛关茵,消费者,福州,福建,中国,华东,家具-书架-10003672,家具,书架,"Safco 书库, 传统",21828.24,12,0.0,4364.64
8510,CN-202022-5910958,2023-07-22,2023-07-25,二级,殷保-10390,殷保,消费者,哈尔滨,黑龙江,中国,东北,办公用-装订-10002538,办公用品,装订机,"Acco 装订机, 透明",340.9,5,0.0,0.0
8511,CN-202022-5910958,2023-07-22,2023-07-25,二级,殷保-10390,殷保,消费者,哈尔滨,黑龙江,中国,东北,技术-设备-10003259,技术,设备,"StarTech 喷墨打印机, 白色",5603.36,4,0.0,1344.56
8512,CN-202022-5910958,2023-07-22,2023-07-25,二级,殷保-10390,殷保,消费者,哈尔滨,黑龙江,中国,东北,技术-复印-10001101,技术,复印机,"夏普 无线传真机, 红色",3305.12,2,0.0,991.48
8513,CN-202022-2366851,2023-09-13,2023-09-18,标准级,孙诚-11320,孙诚,消费者,遂宁,四川,中国,西南,技术-电话-10002846,技术,电话,"三星 音频基座, 混合尺寸",1900.416,4,0.4,31.136
8514,CN-202022-2366851,2023-09-13,2023-09-18,标准级,孙诚-11320,孙诚,消费者,遂宁,四川,中国,西南,办公用-信封-10002028,办公用品,信封,"Cameo 外皮和封条, 每套 50 个",196.0,2,0.0,17.64
8515,CN-202022-2366851,2023-09-13,2023-09-18,标准级,孙诚-11320,孙诚,消费者,遂宁,四川,中国,西南,办公用-纸张-10002896,办公用品,纸张,"Enermax 令, 优质",398.58,3,0.0,15.54
8516,CN-202022-1516102,2023-05-14,2023-05-17,一级,韩丽-16195,韩丽华,消费者,济宁,山东,中国,华东,办公用-收纳-10003617,办公用品,收纳具,"Tenex 文件车, 单宽度",3130.4,5,0.0,532.0
8517,CN-202022-1516102,2023-05-14,2023-05-17,一级,韩丽-16195,韩丽华,消费者,济宁,山东,中国,华东,技术-设备-10003187,技术,设备,"StarTech 打印机, 红色",4728.64,4,0.0,0.0
8524,US-202022-1756643,2023-09-30,2023-10-03,一级,吕婵-10840,吕婵娟,消费者,胶州,山东,中国,华东,办公用-用品-10003822,办公用品,用品,"Acme 开信刀, 蓝色",563.92,4,0.0,95.76
8525,US-202022-1756643,2023-09-30,2023-10-03,一级,吕婵-10840,吕婵娟,消费者,胶州,山东,中国,华东,办公用-用品-10004475,办公用品,用品,"Kleencut 剪刀, 蓝色",208.04,2,0.0,74.76
8526,US-202022-1756643,2023-09-30,2023-10-03,一级,吕婵-10840,吕婵娟,消费者,胶州,山东,中国,华东,家具-书架-10003320,家具,书架,"Bush 墙角架, 白色",1180.76,2,0.0,566.72
8527,CN-202022-2883758,2023-07-30,2023-08-03,标准级,郝涛-21175,郝涛,公司,韶关,广东,中国,中南,家具-用具-10002855,家具,用具,"Deflect-O 分层置放架, 黑色",118.02,1,0.0,44.8
8551,CN-202022-1302355,2023-12-06,2023-12-10,标准级,龙廷-21295,龙廷,消费者,牡丹江,黑龙江,中国,东北,办公用-系固-10002483,办公用品,系固件,"Stockwell 回形针, 混合尺寸",158.76,3,0.0,64.68
8559,CN-202022-4282122,2023-06-19,2023-06-23,标准级,吕兰-15700,吕兰,消费者,营口,辽宁,中国,东北,办公用-信封-10002280,办公用品,信封,"Jiffy 搭扣信封, 红色",168.84,3,0.0,82.32
8568,CN-202022-2642546,2023-05-31,2023-06-02,二级,贾芳-12685,贾芳茵,消费者,夏镇,山东,中国,华东,办公用-收纳-10004188,办公用品,收纳具,"Smead 文件夹, 蓝色",408.1,5,0.0,167.3
8584,CN-202022-1887568,2023-01-07,2023-01-14,标准级,蒋宣-20830,蒋宣,消费者,唐河,河南,中国,中南,家具-椅子-10004416,家具,椅子,"Novimex 折叠椅, 每套两件",1064.448,3,0.1,331.128
8585,CN-202022-1887568,2023-01-07,2023-01-14,标准级,蒋宣-20830,蒋宣,消费者,唐河,河南,中国,中南,办公用-器具-10002834,办公用品,器具,"Hamilton Beach 烤面包机, 红色",536.76,2,0.0,37.52
8592,US-202022-1070056,2023-12-06,2023-12-08,一级,洪强-19345,洪强,公司,本溪,辽宁,中国,东北,家具-书架-10000466,家具,书架,"宜家 古典书架, 黑色",4626.72,4,0.4,-308.56
8593,CN-202022-1435617,2023-09-03,2023-09-08,标准级,许娜-18490,许娜,小型企业,沈阳,辽宁,中国,东北,技术-复印-10004761,技术,复印机,"Brother 复印机, 红色",729.372,1,0.4,-36.568
8598,US-202022-2447332,2023-07-18,2023-07-22,标准级,徐菊-15070,徐菊,消费者,石嘴山,宁夏,中国,西北,办公用-标签-10003755,办公用品,标签,"Novimex 可去除的标签, 白色",322.42,7,0.0,135.24
8599,US-202022-3850588,2023-09-03,2023-09-09,标准级,贺虹-13810,贺虹,公司,永丰,湖南,中国,中南,办公用-信封-10001656,办公用品,信封,"Cameo 外皮和封条, 红色",343.56,3,0.0,68.46
8600,US-202022-3850588,2023-09-03,2023-09-09,标准级,贺虹-13810,贺虹,公司,永丰,湖南,中国,中南,技术-配件-10002318,技术,配件,"贝尔金 键区, 回收",518.56,2,0.0,103.6
8601,CN-202022-2681471,2023-11-30,2023-12-05,标准级,孙荷-13750,孙荷,公司,营口,辽宁,中国,东北,办公用-纸张-10003176,办公用品,纸张,"SanDisk 计划信息表, 优质",555.8,5,0.0,127.4
8602,CN-202022-2681471,2023-11-30,2023-12-05,标准级,孙荷-13750,孙荷,公司,营口,辽宁,中国,东北,办公用-信封-10003240,办公用品,信封,"Kraft 局间信封, 回收",1066.8,5,0.0,298.2
8627,CN-202022-4141331,2023-04-12,2023-04-13,一级,龙娜-18535,龙娜,公司,明水,山东,中国,华东,办公用-器具-10003069,办公用品,器具,"KitchenAid 咖啡研磨机, 银色",997.08,3,0.0,139.44
8628,CN-202022-4141331,2023-04-12,2023-04-13,一级,龙娜-18535,龙娜,公司,明水,山东,中国,华东,家具-椅子-10000908,家具,椅子,"Office Star 凳子, 每套两件",4933.32,6,0.0,393.96
8639,US-202022-5835259,2023-01-01,2023-01-06,标准级,陈娟-15100,陈娟,消费者,德惠,吉林,中国,东北,技术-配件-10001306,技术,配件,"罗技 键盘, 可编程",2415.7,7,0.0,506.66
8640,US-202022-5835259,2023-01-01,2023-01-06,标准级,陈娟-15100,陈娟,消费者,德惠,吉林,中国,东北,办公用-系固-10000410,办公用品,系固件,"OIC 夹子, 金属",649.74,7,0.0,116.62
8641,US-202022-5835259,2023-01-01,2023-01-06,标准级,陈娟-15100,陈娟,消费者,德惠,吉林,中国,东北,家具-书架-10004566,家具,书架,"宜家 柜, 金属",3311.0,5,0.0,1589.0
8642,US-202022-5835259,2023-01-01,2023-01-06,标准级,陈娟-15100,陈娟,消费者,德惠,吉林,中国,东北,办公用-器具-10000663,办公用品,器具,"Hamilton Beach 微波炉, 白色",2619.4,2,0.0,497.56
8643,US-202022-5835259,2023-01-01,2023-01-06,标准级,陈娟-15100,陈娟,消费者,德惠,吉林,中国,东北,办公用-系固-10003093,办公用品,系固件,"OIC 图钉, 整包",328.3,5,0.0,68.6
8648,CN-202022-5908054,2023-11-11,2023-11-17,标准级,邵鹏-19075,邵鹏,消费者,厦门,福建,中国,华东,办公用-美术-10001467,办公用品,美术,"Boston 速写本, 蓝色",453.6,2,0.0,22.68
8649,CN-202022-5908054,2023-11-11,2023-11-17,标准级,邵鹏-19075,邵鹏,消费者,厦门,福建,中国,华东,办公用-美术-10003325,办公用品,美术,"Stanley 记号笔, 蓝色",310.8,3,0.0,80.64
8666,CN-202022-1786532,2023-03-12,2023-03-15,一级,程欢-14110,程欢悦,消费者,张家口,河北,中国,华北,办公用-收纳-10002440,办公用品,收纳具,"Tenex 文件车, 蓝色",1877.82,3,0.0,149.94
8667,CN-202022-1786532,2023-03-12,2023-03-15,一级,程欢-14110,程欢悦,消费者,张家口,河北,中国,华北,办公用-用品-10000602,办公用品,用品,"Fiskars 修剪器, 蓝色",394.8,2,0.0,193.2
8680,CN-202022-1502527,2023-05-24,2023-05-27,一级,付松-20650,付松,公司,杭州,浙江,中国,华东,技术-电话-10002453,技术,电话,"思科 信号增强器, 蓝色",2550.744,6,0.4,84.504
8681,CN-202022-1502527,2023-05-24,2023-05-27,一级,付松-20650,付松,公司,杭州,浙江,中国,华东,技术-配件-10001091,技术,配件,"Memorex 记忆卡, 实惠",2004.492,7,0.4,-1269.688
8690,CN-202022-2607133,2023-06-03,2023-06-06,一级,黄磊-16015,黄磊,消费者,大同,安徽,中国,华东,技术-配件-10003154,技术,配件,"Enermax 鼠标, 实惠",564.06,3,0.0,140.7
8691,CN-202022-2607133,2023-06-03,2023-06-06,一级,黄磊-16015,黄磊,消费者,大同,安徽,中国,华东,办公用-标签-10004733,办公用品,标签,"Avery 有色标签, 白色",124.04,2,0.0,61.88
8692,US-202022-5480180,2023-05-31,2023-06-05,标准级,苏晒-19825,苏晒明,消费者,宜城,湖北,中国,中南,办公用-美术-10002159,办公用品,美术,"BIC 钢笔, 金属",29.008,2,0.8,-46.592
8693,US-202022-5480180,2023-05-31,2023-06-05,标准级,苏晒-19825,苏晒明,消费者,宜城,湖北,中国,中南,办公用-美术-10003303,办公用品,美术,"Stanley 荧光笔, 整包",27.944,2,0.8,-105.056
8694,US-202022-5480180,2023-05-31,2023-06-05,标准级,苏晒-19825,苏晒明,消费者,宜城,湖北,中国,中南,技术-电话-10000691,技术,电话,"摩托罗拉 耳机, 蓝色",223.272,1,0.4,-137.788
8695,US-202022-5480180,2023-05-31,2023-06-05,标准级,苏晒-19825,苏晒明,消费者,宜城,湖北,中国,中南,办公用-标签-10003382,办公用品,标签,"Novimex 文件夹标签, 耐用",40.32,1,0.0,5.18
8697,CN-202022-5033587,2023-03-21,2023-03-25,标准级,薛娇-14665,薛娇,消费者,洛阳,福建,中国,华东,办公用-用品-10002859,办公用品,用品,"Fiskars 大剪刀, 工业",689.64,3,0.0,178.92
8698,CN-202022-5033587,2023-03-21,2023-03-25,标准级,薛娇-14665,薛娇,消费者,洛阳,福建,中国,华东,办公用-用品-10003562,办公用品,用品,"Fiskars 剪刀, 锯齿状",834.12,9,0.0,74.34
8700,US-202022-4292548,2023-08-27,2023-08-31,标准级,侯虹-13825,侯虹,公司,铜川,陕西,中国,西北,家具-椅子-10003805,家具,椅子,"Hon 扶手椅, 每套两件",6431.46,3,0.0,2443.56
8701,US-202022-4292548,2023-08-27,2023-08-31,标准级,侯虹-13825,侯虹,公司,铜川,陕西,中国,西北,家具-椅子-10003019,家具,椅子,"Harbour Creations 摇椅, 红色",686.42,1,0.0,82.32
8702,CN-202022-5616321,2023-05-27,2023-05-29,二级,丁妮-18610,丁妮,公司,钦州,广西,中国,中南,办公用-用品-10004001,办公用品,用品,"Fiskars 剪刀, 工业",346.92,3,0.0,79.38
8706,CN-202022-5477816,2023-06-04,2023-06-07,一级,钱崆-15490,钱崆,消费者,德阳,四川,中国,西南,家具-书架-10003499,家具,书架,"宜家 书库, 金属",5079.9,5,0.4,-1862.7
8707,CN-202022-5477816,2023-06-04,2023-06-07,一级,钱崆-15490,钱崆,消费者,德阳,四川,中国,西南,家具-椅子-10000374,家具,椅子,"Harbour Creations 椅垫, 可调",834.288,4,0.4,83.328
8708,CN-202022-5477816,2023-06-04,2023-06-07,一级,钱崆-15490,钱崆,消费者,德阳,四川,中国,西南,技术-配件-10000080,技术,配件,"Memorex 键区, 实惠",506.352,4,0.4,-202.608
8709,CN-202022-5477816,2023-06-04,2023-06-07,一级,钱崆-15490,钱崆,消费者,德阳,四川,中国,西南,办公用-系固-10000678,办公用品,系固件,"Accos 按钉, 金属",122.976,3,0.4,-10.584
8710,US-202022-1964482,2023-06-24,2023-06-30,标准级,俞荷-13780,俞荷,消费者,成都,四川,中国,西南,办公用-美术-10002411,办公用品,美术,"BIC 速写本, 整包",228.34,5,0.8,-400.26
8717,CN-202022-3417942,2023-04-10,2023-04-17,标准级,佘彩-10735,佘彩,消费者,上梅,湖南,中国,中南,办公用-系固-10002224,办公用品,系固件,"Advantus 图钉, 每包 12 个",60.76,1,0.0,16.94
8718,CN-202022-3417942,2023-04-10,2023-04-17,标准级,佘彩-10735,佘彩,消费者,上梅,湖南,中国,中南,家具-椅子-10001676,家具,椅子,"Hon 沙滩椅, 可调",800.352,4,0.1,70.672
8720,CN-202022-5264054,2023-05-27,2023-05-30,二级,郝廉-17260,郝廉,消费者,淮南,安徽,中国,华东,办公用-器具-10003069,办公用品,器具,"KitchenAid 咖啡研磨机, 银色",332.36,1,0.0,46.48
8722,CN-202022-3551529,2023-05-06,2023-05-10,标准级,田磊-16120,田磊,小型企业,北京,北京,中国,华北,办公用-装订-10002049,办公用品,装订机,"Ibico 装订机盖, 透明",244.72,4,0.0,41.44
8723,CN-202022-3551529,2023-05-06,2023-05-10,标准级,田磊-16120,田磊,小型企业,北京,北京,中国,华北,技术-复印-10000413,技术,复印机,"Hewlett 传真复印机, 红色",3566.64,4,0.0,356.16
8724,CN-202022-3551529,2023-05-06,2023-05-10,标准级,田磊-16120,田磊,小型企业,北京,北京,中国,华北,家具-椅子-10003692,家具,椅子,"SAFCO 扶手椅, 红色",6460.02,3,0.0,2842.14
8763,CN-202022-4674220,2023-07-26,2023-07-30,标准级,陶惠-14440,陶惠,消费者,温州,浙江,中国,华东,办公用-用品-10000030,办公用品,用品,"Acme 尺子, 锯齿状",150.192,4,0.4,-5.488
8769,CN-202022-4888622,2023-07-24,2023-07-29,标准级,罗君-15235,罗君,消费者,麻城,湖北,中国,中南,技术-电话-10003014,技术,电话,"思科 智能手机, 混合尺寸",1187.172,3,0.4,78.792
8772,CN-202022-1177754,2023-04-28,2023-05-04,标准级,洪光-13420,洪光,公司,义乌,浙江,中国,华东,办公用-纸张-10004686,办公用品,纸张,"SanDisk 信纸, 多色",465.08,2,0.0,125.44
8773,CN-202022-1177754,2023-04-28,2023-05-04,标准级,洪光-13420,洪光,公司,义乌,浙江,中国,华东,办公用-用品-10004161,办公用品,用品,"Kleencut 修剪器, 工业",482.16,4,0.4,-241.36
8774,CN-202022-5378913,2023-08-08,2023-08-12,标准级,韩杰-14725,韩杰,消费者,衡水,河北,中国,华北,技术-配件-10001642,技术,配件,"贝尔金 键盘, 回收",1524.88,4,0.0,670.88
8775,CN-202022-5378913,2023-08-08,2023-08-12,标准级,韩杰-14725,韩杰,消费者,衡水,河北,中国,华北,办公用-系固-10003933,办公用品,系固件,"OIC 图钉, 每包 12 个",441.0,7,0.0,123.48
8776,CN-202022-5378913,2023-08-08,2023-08-12,标准级,韩杰-14725,韩杰,消费者,衡水,河北,中国,华北,家具-书架-10003254,家具,书架,"宜家 墙角架, 金属",1143.52,2,0.0,457.24
8777,CN-202022-5378913,2023-08-08,2023-08-12,标准级,韩杰-14725,韩杰,消费者,衡水,河北,中国,华北,办公用-美术-10002271,办公用品,美术,"Binney & Smith 荧光笔, 金属",749.7,9,0.0,13.86
8779,CN-202022-5623341,2023-09-11,2023-09-15,标准级,许绅-19960,许绅,消费者,武汉,湖北,中国,中南,技术-设备-10000759,技术,设备,"冲电器 计算器, 白色",141.96,1,0.4,-85.26
8780,CN-202022-5623341,2023-09-11,2023-09-15,标准级,许绅-19960,许绅,消费者,武汉,湖北,中国,中南,办公用-信封-10001478,办公用品,信封,"Cameo 邮寄品, 每套 50 个",1246.56,7,0.0,597.8
8781,CN-202022-3551529,2023-08-15,2023-08-19,标准级,沈彩-10750,沈彩,消费者,萍乡,江西,中国,华东,办公用-系固-10002368,办公用品,系固件,"OIC 回形针, 混合尺寸",277.2,5,0.0,4.9
8782,CN-202022-3551529,2023-08-15,2023-08-19,标准级,沈彩-10750,沈彩,消费者,萍乡,江西,中国,华东,技术-配件-10003629,技术,配件,"SanDisk 键盘, 可编程",1936.2,5,0.0,0.0
8788,CN-202022-2190451,2023-03-06,2023-03-07,一级,邹雯-21820,邹雯,消费者,怀城,广东,中国,中南,家具-椅子-10002078,家具,椅子,"Office Star 凳子, 黑色",2881.368,4,0.1,-288.232
8789,CN-202022-2531621,2023-08-16,2023-08-18,一级,林德-12175,林德伟,公司,天津,天津,中国,华北,办公用-装订-10000020,办公用品,装订机,"Cardinal 装订机, 透明",248.08,4,0.0,123.76
8790,CN-202022-2531621,2023-08-16,2023-08-18,一级,林德-12175,林德伟,公司,天津,天津,中国,华北,技术-复印-10004447,技术,复印机,"佳能 复印机, 每套两件",3669.96,3,0.0,990.78
8791,CN-202022-2531621,2023-08-16,2023-08-18,一级,林德-12175,林德伟,公司,天津,天津,中国,华北,办公用-用品-10004755,办公用品,用品,"Stiletto 剪刀, 工业",235.48,2,0.0,108.08
8794,CN-202022-2904914,2023-06-28,2023-07-03,标准级,韩丽-16195,韩丽华,消费者,松江河,吉林,中国,东北,技术-复印-10000732,技术,复印机,"Hewlett 个人复印机, 彩色",3399.9,5,0.0,577.5
8795,CN-202022-2121055,2023-04-27,2023-05-02,标准级,严诚-11395,严诚,公司,黑山,辽宁,中国,东北,办公用-信封-10002009,办公用品,信封,"GlobeWeis 邮寄品, 回收",522.9,3,0.0,209.16
8811,CN-202022-2823186,2023-06-05,2023-06-08,二级,赵婵-10885,赵婵,消费者,高邮,江苏,中国,华东,技术-复印-10000099,技术,复印机,"Brother 个人复印机, 红色",2765.364,7,0.4,-922.376
8812,CN-202022-5444149,2023-11-20,2023-11-24,标准级,邵彩-10720,邵彩,小型企业,天津,天津,中国,华北,办公用-装订-10003079,办公用品,装订机,"Acco 标签, 实惠",80.08,2,0.0,36.68
8813,US-202022-4940133,2023-05-24,2023-05-29,二级,潘荷-13735,潘荷,小型企业,嘉兴,浙江,中国,华东,技术-电话-10004837,技术,电话,"思科 耳机, 整包",743.652,3,0.4,-148.848
8814,US-202022-4940133,2023-05-24,2023-05-29,二级,潘荷-13735,潘荷,小型企业,嘉兴,浙江,中国,华东,办公用-系固-10002224,办公用品,系固件,"Advantus 图钉, 每包 12 个",109.368,3,0.4,-22.092
8817,CN-202022-1261828,2023-04-05,2023-04-12,标准级,邵彩-10720,邵彩,小型企业,七台河,黑龙江,中国,东北,办公用-装订-10000833,办公用品,装订机,"Acco 装订机, 耐用",155.4,2,0.0,44.8
8818,CN-202022-2280831,2023-12-04,2023-12-07,一级,庄伟-21460,庄伟,小型企业,上海,上海,中国,华东,办公用-标签-10001294,办公用品,标签,"Hon 合法证物标签, 耐用",210.0,4,0.0,60.48
8819,CN-202022-2280831,2023-12-04,2023-12-07,一级,庄伟-21460,庄伟,小型企业,上海,上海,中国,华东,家具-用具-10000539,家具,用具,"Tenex 门挡, 一包多件",820.4,4,0.0,278.88
8820,CN-202022-2280831,2023-12-04,2023-12-07,一级,庄伟-21460,庄伟,小型企业,上海,上海,中国,华东,办公用-信封-10003367,办公用品,信封,"Cameo 局间信封, 回收",431.48,2,0.0,211.4
8821,CN-202022-2280831,2023-12-04,2023-12-07,一级,庄伟-21460,庄伟,小型企业,上海,上海,中国,华东,办公用-装订-10002712,办公用品,装订机,"Ibico 标签, 实惠",166.32,4,0.0,11.2
8822,CN-202022-2280831,2023-12-04,2023-12-07,一级,庄伟-21460,庄伟,小型企业,上海,上海,中国,华东,技术-复印-10001927,技术,复印机,"夏普 墨水, 数字化",1736.7,3,0.0,312.48
8823,CN-202022-2280831,2023-12-04,2023-12-07,一级,庄伟-21460,庄伟,小型企业,上海,上海,中国,华东,办公用-标签-10000748,办公用品,标签,"Harbour Creations 可去除的标签, 可调",77.0,2,0.0,8.4
8831,CN-202022-4862116,2023-12-16,2023-12-20,标准级,施强-19390,施强,消费者,仙桃,湖北,中国,中南,家具-桌子-10001262,家具,桌子,"Lesro 圆桌, 长方形",1678.432,2,0.6,-1636.488
8865,CN-202022-5693708,2023-12-06,2023-12-10,标准级,贾彩-10600,贾彩,公司,蚌埠,安徽,中国,华东,家具-用具-10004607,家具,用具,"Deflect-O 框架, 一包多件",3082.8,6,0.0,523.32
8866,CN-202022-5693708,2023-12-06,2023-12-10,标准级,贾彩-10600,贾彩,公司,蚌埠,安徽,中国,华东,技术-配件-10004728,技术,配件,"Enermax 记忆卡, 可编程",540.82,1,0.0,102.62
8867,CN-202022-5693708,2023-12-06,2023-12-10,标准级,贾彩-10600,贾彩,公司,蚌埠,安徽,中国,华东,家具-用具-10002112,家具,用具,"Eldon 框架, 耐用",1585.92,3,0.0,538.86
8878,CN-202022-2162302,2023-01-08,2023-01-12,标准级,薛君-15205,薛君,消费者,济南,山东,中国,华东,家具-书架-10003011,家具,书架,"Sauder 书架, 黑色",1382.92,2,0.0,622.16
8880,CN-202022-3374395,2023-11-15,2023-11-19,标准级,邢德-12160,邢德伟,消费者,亳州,安徽,中国,华东,家具-书架-10002499,家具,书架,"Safco 搁架, 白色",3719.52,4,0.0,446.32
8881,CN-202022-3374395,2023-11-15,2023-11-19,标准级,邢德-12160,邢德伟,消费者,亳州,安徽,中国,华东,技术-复印-10001300,技术,复印机,"惠普 传真机, 每套两件",1399.72,1,0.0,307.86
8882,CN-202022-3374395,2023-11-15,2023-11-19,标准级,邢德-12160,邢德伟,消费者,亳州,安徽,中国,华东,家具-椅子-10002368,家具,椅子,"Office Star 扶手椅, 红色",4362.68,2,0.0,1526.84
8886,CN-202022-2330845,2023-11-28,2023-12-03,标准级,严诚-11395,严诚,公司,上海,上海,中国,华东,技术-电话-10002893,技术,电话,"三星 智能手机, 全尺寸",1162.28,2,0.0,150.92
8887,CN-202022-2330845,2023-11-28,2023-12-03,标准级,严诚-11395,严诚,公司,上海,上海,中国,华东,技术-电话-10003014,技术,电话,"思科 智能手机, 混合尺寸",1319.08,2,0.0,580.16
8892,US-202022-1640388,2023-05-23,2023-05-26,一级,贺兰-15685,贺兰,公司,长春,吉林,中国,东北,办公用-装订-10002836,办公用品,装订机,"Avery 订书机, 回收",459.2,2,0.0,41.16
8893,US-202022-1640388,2023-05-23,2023-05-26,一级,贺兰-15685,贺兰,公司,长春,吉林,中国,东北,技术-复印-10000078,技术,复印机,"Brother 无线传真机, 红色",1759.38,1,0.0,316.68
8894,US-202022-1640388,2023-05-23,2023-05-26,一级,贺兰-15685,贺兰,公司,长春,吉林,中国,东北,办公用-纸张-10003781,办公用品,纸张,"Green Bar 备忘录便条, 优质",395.5,5,0.0,169.4
8895,US-202022-1640388,2023-05-23,2023-05-26,一级,贺兰-15685,贺兰,公司,长春,吉林,中国,东北,办公用-纸张-10004671,办公用品,纸张,"Enermax 信纸, 优质",879.2,4,0.0,263.76
8896,US-202022-1640388,2023-05-23,2023-05-26,一级,贺兰-15685,贺兰,公司,长春,吉林,中国,东北,办公用-用品-10003186,办公用品,用品,"Acme 修剪器, 工业",1078.0,5,0.0,312.2
8899,CN-202022-4861225,2023-06-15,2023-06-21,标准级,苏姝-20485,苏姝,小型企业,明水,黑龙江,中国,东北,办公用-信封-10004939,办公用品,信封,"Kraft 商业信封, 红色",372.96,4,0.0,36.96
8900,CN-202022-4861225,2023-06-15,2023-06-21,标准级,苏姝-20485,苏姝,小型企业,明水,黑龙江,中国,东北,办公用-纸张-10004274,办公用品,纸张,"Eaton 备忘录便条, 每包 12 个",333.76,4,0.0,92.96
8901,CN-202022-4861225,2023-06-15,2023-06-21,标准级,苏姝-20485,苏姝,小型企业,明水,黑龙江,中国,东北,办公用-信封-10000222,办公用品,信封,"Kraft 商业信封, 每套 50 个",153.44,2,0.0,47.32
8902,CN-202022-4861225,2023-06-15,2023-06-21,标准级,苏姝-20485,苏姝,小型企业,明水,黑龙江,中国,东北,办公用-收纳-10004708,办公用品,收纳具,"Fellowes 文件车, 工业",1286.04,2,0.0,591.36
8908,CN-202022-5616321,2023-05-30,2023-06-02,一级,孙辉-12625,孙辉,小型企业,唐山,河北,中国,华北,家具-用具-10003844,家具,用具,"Rubvermaid 灯泡, 黑色",439.6,5,0.0,65.8
8922,CN-202022-4111983,2023-09-17,2023-09-19,二级,倪乐-17800,倪乐,小型企业,平凉,甘肃,中国,西北,家具-书架-10004224,家具,书架,"Dania 书库, 白色",3065.328,3,0.4,-357.672
8923,CN-202022-4111983,2023-09-17,2023-09-19,二级,倪乐-17800,倪乐,小型企业,平凉,甘肃,中国,西北,家具-书架-10000621,家具,书架,"Bush 书库, 金属",6111.504,6,0.4,-3259.536
8924,CN-202022-4111983,2023-09-17,2023-09-19,二级,倪乐-17800,倪乐,小型企业,平凉,甘肃,中国,西北,办公用-收纳-10003808,办公用品,收纳具,"Fellowes 盘, 蓝色",535.64,2,0.0,122.92
8925,CN-202022-4111983,2023-09-17,2023-09-19,二级,倪乐-17800,倪乐,小型企业,平凉,甘肃,中国,西北,技术-复印-10000910,技术,复印机,"Brother 无线传真机, 每套两件",5303.34,5,0.4,-1502.76
8931,US-202022-5320363,2023-07-04,2023-07-05,一级,冯丽-17350,冯丽丽,消费者,辽阳,辽宁,中国,东北,办公用-用品-10003822,办公用品,用品,"Acme 开信刀, 蓝色",169.176,2,0.4,-64.904
8945,CN-202022-1182921,2023-10-28,2023-11-02,标准级,余雯-21835,余雯,消费者,玉林,广西,中国,中南,技术-设备-10002403,技术,设备,"StarTech 卡片打印机, 多色",6867.0,9,0.0,3158.82
8948,CN-202022-4323224,2023-08-08,2023-08-12,标准级,严聪-11740,严聪,消费者,厦门,福建,中国,华东,家具-椅子-10004059,家具,椅子,"Novimex 扶手椅, 每套两件",6442.8,3,0.0,1094.94
8949,CN-202022-4323224,2023-08-08,2023-08-12,标准级,严聪-11740,严聪,消费者,厦门,福建,中国,华东,技术-设备-10001343,技术,设备,"松下 喷墨打印机, 白色",2898.0,2,0.0,956.2
8950,CN-202022-4323224,2023-08-08,2023-08-12,标准级,严聪-11740,严聪,消费者,厦门,福建,中国,华东,办公用-装订-10002993,办公用品,装订机,"Acco 打孔机, 透明",690.2,5,0.0,158.2
8954,CN-202022-5033587,2023-05-02,2023-05-04,一级,常康-15325,常康,公司,苏州,江苏,中国,华东,办公用-装订-10002241,办公用品,装订机,"Cardinal 订书机, 透明",689.22,5,0.4,-310.38
8959,CN-202022-5113626,2023-04-18,2023-04-25,标准级,李丽-17365,李丽丽,消费者,宜春,黑龙江,中国,东北,办公用-器具-10002837,办公用品,器具,"Cuisinart 微波炉, 白色",5163.2,4,0.0,516.32
8971,CN-202022-4092793,2023-06-06,2023-06-11,标准级,黄磊-16000,黄磊,消费者,启东,江苏,中国,华东,家具-书架-10001013,家具,书架,"Dania 搁架, 白色",2406.18,5,0.4,-401.52
8972,CN-202022-4092793,2023-06-06,2023-06-11,标准级,黄磊-16000,黄磊,消费者,启东,江苏,中国,华东,办公用-器具-10003678,办公用品,器具,"Cuisinart 微波炉, 银色",2345.364,3,0.4,-156.576
8973,CN-202022-4092793,2023-06-06,2023-06-11,标准级,黄磊-16000,黄磊,消费者,启东,江苏,中国,华东,家具-书架-10001540,家具,书架,"Dania 古典书架, 白色",1157.184,1,0.4,-347.256
8974,CN-202022-4092793,2023-06-06,2023-06-11,标准级,黄磊-16000,黄磊,消费者,启东,江苏,中国,华东,办公用-信封-10004848,办公用品,信封,"Cameo 搭扣信封, 回收",116.34,3,0.0,0.84
8983,CN-202022-4862116,2023-03-11,2023-03-11,当日,潘丽-16240,潘丽美,公司,大庆,黑龙江,中国,东北,办公用-系固-10001342,办公用品,系固件,"Stockwell 按钉, 整包",456.68,7,0.0,209.72
8984,US-202022-3922494,2023-01-24,2023-01-27,二级,袁岱-11905,袁岱,小型企业,广元,四川,中国,西南,家具-用具-10000791,家具,用具,"Deflect-O 灯泡, 耐用",179.424,4,0.4,-107.856
8986,CN-202022-2075002,2023-05-20,2023-05-20,当日,麦德-12085,麦德,公司,石桥,广东,中国,中南,技术-复印-10001627,技术,复印机,"惠普 无线传真机, 彩色",8438.5,5,0.0,252.7
8993,CN-202022-1244124,2023-08-28,2023-09-01,标准级,韩丽-16195,韩丽华,消费者,株洲,湖南,中国,中南,家具-书架-10002113,家具,书架,"Dania 书库, 金属",5066.04,3,0.0,2026.08
9005,CN-202022-2871844,2023-09-30,2023-10-04,标准级,宋栋-12310,宋栋,公司,浯溪,湖南,中国,中南,办公用-美术-10004812,办公用品,美术,"Binney & Smith 铅笔刀, 蓝色",199.136,2,0.2,52.136
9006,CN-202022-1017090,2023-05-13,2023-05-19,标准级,邹丽-17680,邹丽雪,小型企业,蚌埠,安徽,中国,华东,办公用-标签-10000983,办公用品,标签,"Smead 合法证物标签, 耐用",268.1,5,0.0,15.4
9017,CN-202022-1007278,2023-11-08,2023-11-12,标准级,薛关-15580,薛关茵,消费者,榆林,陕西,中国,西北,家具-用具-10003029,家具,用具,"Rubvermaid 相框, 一包多件",483.56,2,0.0,130.48
9018,CN-202022-1007278,2023-11-08,2023-11-12,标准级,薛关-15580,薛关茵,消费者,榆林,陕西,中国,西北,办公用-器具-10000736,办公用品,器具,"KitchenAid 冰箱, 红色",4927.44,2,0.0,1182.44
9019,CN-202022-1007278,2023-11-08,2023-11-12,标准级,薛关-15580,薛关茵,消费者,榆林,陕西,中国,西北,办公用-装订-10002118,办公用品,装订机,"Avery 打孔机, 透明",382.62,3,0.0,137.34
9020,CN-202022-1007278,2023-11-08,2023-11-12,标准级,薛关-15580,薛关茵,消费者,榆林,陕西,中国,西北,办公用-用品-10000960,办公用品,用品,"Fiskars 开信刀, 锯齿状",919.52,8,0.0,275.52
9023,CN-202022-4188418,2023-03-15,2023-03-17,二级,陶武-21880,陶武,公司,邢台,河北,中国,华北,办公用-美术-10002672,办公用品,美术,"Sanford 画布, 金属",241.64,1,0.0,55.44
9024,CN-202022-4188418,2023-03-15,2023-03-17,二级,陶武-21880,陶武,公司,邢台,河北,中国,华北,办公用-收纳-10000379,办公用品,收纳具,"Smead 锁柜, 工业",2784.6,3,0.0,640.08
9025,CN-202022-4188418,2023-03-15,2023-03-17,二级,陶武-21880,陶武,公司,邢台,河北,中国,华北,办公用-信封-10004057,办公用品,信封,"GlobeWeis 马尼拉纸信封, 回收",611.1,5,0.0,79.1
9026,CN-202022-4188418,2023-03-15,2023-03-17,二级,陶武-21880,陶武,公司,邢台,河北,中国,华北,办公用-收纳-10000984,办公用品,收纳具,"Eldon 文件夹, 工业",325.92,4,0.0,129.92
9032,US-202022-1925348,2023-05-23,2023-05-28,标准级,邹涛-21265,邹涛,公司,通辽,内蒙古,中国,华北,办公用-系固-10000675,办公用品,系固件,"OIC 订书钉, 混合尺寸",98.448,4,0.4,-46.032
9041,CN-202022-5173564,2023-03-25,2023-03-30,标准级,熊丽-15805,熊丽,公司,敦化,吉林,中国,东北,办公用-收纳-10003617,办公用品,收纳具,"Tenex 文件车, 单宽度",1878.24,3,0.0,319.2
9042,CN-202022-5173564,2023-03-25,2023-03-30,标准级,熊丽-15805,熊丽,公司,敦化,吉林,中国,东北,办公用-美术-10000263,办公用品,美术,"Boston 荧光笔, 整包",71.456,1,0.2,-17.024
9043,CN-202022-5173564,2023-03-25,2023-03-30,标准级,熊丽-15805,熊丽,公司,敦化,吉林,中国,东北,家具-椅子-10003377,家具,椅子,"SAFCO 折叠椅, 黑色",777.28,2,0.0,46.48
9044,CN-202022-5173564,2023-03-25,2023-03-30,标准级,熊丽-15805,熊丽,公司,敦化,吉林,中国,东北,家具-椅子-10000519,家具,椅子,"SAFCO 扶手椅, 黑色",12852.0,6,0.0,3470.04
9045,CN-202022-5173564,2023-03-25,2023-03-30,标准级,熊丽-15805,熊丽,公司,敦化,吉林,中国,东北,家具-桌子-10003647,家具,桌子,"Chromcraft 培训桌, 长方形",1970.22,2,0.25,-578.06
9069,CN-202022-4494383,2023-08-12,2023-08-12,当日,彭绅-19975,彭绅,公司,南京,江苏,中国,华东,家具-桌子-10001237,家具,桌子,"Bevis 培训桌, 长方形",1862.28,3,0.6,-2048.76
9075,CN-202022-2353754,2023-05-02,2023-05-05,一级,郝柏-18940,郝柏,消费者,依兰,黑龙江,中国,东北,办公用-器具-10002567,办公用品,器具,"Hoover 烤面包机, 黑色",1550.64,4,0.0,744.24
9076,CN-202022-2353754,2023-05-02,2023-05-05,一级,郝柏-18940,郝柏,消费者,依兰,黑龙江,中国,东北,办公用-系固-10000833,办公用品,系固件,"Accos 橡皮筋, 每包 12 个",451.08,6,0.0,71.4
9077,CN-202022-2353754,2023-05-02,2023-05-05,一级,郝柏-18940,郝柏,消费者,依兰,黑龙江,中国,东北,家具-书架-10002226,家具,书架,"Dania 书架, 白色",579.18,1,0.0,110.04
9080,CN-202022-4225447,2023-04-09,2023-04-09,当日,陈荷-13675,陈荷,小型企业,哈尔滨,黑龙江,中国,东北,办公用-用品-10003717,办公用品,用品,"Elite 开信刀, 蓝色",254.8,2,0.0,2.52
9081,CN-202022-4188418,2023-06-10,2023-06-15,二级,陶德-12220,陶德伟,消费者,塘坪,广东,中国,中南,技术-电话-10002699,技术,电话,"三星 音频基座, 全尺寸",3922.8,5,0.0,744.8
9082,CN-202022-4188418,2023-06-10,2023-06-15,二级,陶德-12220,陶德伟,消费者,塘坪,广东,中国,中南,办公用-系固-10002483,办公用品,系固件,"Stockwell 回形针, 混合尺寸",52.92,1,0.0,21.56
9089,CN-202022-4326007,2023-10-23,2023-10-27,标准级,楚伟-21445,楚伟,公司,晋江,福建,中国,华东,办公用-信封-10001614,办公用品,信封,"Cameo 搭扣信封, 红色",243.6,4,0.0,119.28
9091,CN-202022-3436186,2023-03-04,2023-03-07,一级,徐荷-13765,徐荷,公司,和龙,吉林,中国,东北,办公用-信封-10004523,办公用品,信封,"Cameo 马尼拉纸信封, 回收",120.4,1,0.0,21.56
9092,CN-202022-3436186,2023-03-04,2023-03-07,一级,徐荷-13765,徐荷,公司,和龙,吉林,中国,东北,技术-复印-10000725,技术,复印机,"夏普 复印机, 每套两件",2234.4,2,0.0,22.12
9093,CN-202022-3436186,2023-03-04,2023-03-07,一级,徐荷-13765,徐荷,公司,和龙,吉林,中国,东北,办公用-用品-10002325,办公用品,用品,"Stiletto 尺子, 工业",154.0,2,0.0,32.2
9100,US-202022-3577786,2023-02-27,2023-03-03,标准级,马晨-11185,马晨,公司,肃州,甘肃,中国,西北,家具-椅子-10002476,家具,椅子,"Office Star 折叠椅, 红色",513.576,2,0.4,-179.984
9109,US-202022-1777670,2023-05-13,2023-05-13,当日,冯娜-18460,冯娜,公司,南宁,广西,中国,中南,办公用-纸张-10000328,办公用品,纸张,"Green Bar 备忘录便条, 每包 12 个",492.1,5,0.0,19.6
9134,CN-202022-5910958,2023-06-24,2023-06-26,一级,苏姝-20485,苏姝,小型企业,威宁,贵州,中国,西南,办公用-用品-10002396,办公用品,用品,"Stiletto 美工刀, 钢",165.06,1,0.0,56.0
9135,CN-202022-5910958,2023-06-24,2023-06-26,一级,苏姝-20485,苏姝,小型企业,威宁,贵州,中国,西南,办公用-收纳-10000923,办公用品,收纳具,"Tenex 文件车, 工业",3769.08,6,0.0,1394.4
9136,CN-202022-1086295,2023-07-18,2023-07-23,二级,贺宁-18700,贺宁,消费者,长沙,湖南,中国,中南,技术-配件-10004442,技术,配件,"贝尔金 路由器, 耐用",2416.96,2,0.0,1015.0
9137,CN-202022-1086295,2023-07-18,2023-07-23,二级,贺宁-18700,贺宁,消费者,长沙,湖南,中国,中南,技术-复印-10001533,技术,复印机,"惠普 个人复印机, 数字化",1156.68,2,0.0,439.32
9138,US-202022-3122687,2023-03-21,2023-03-24,一级,夏惠-14320,夏惠英,消费者,兰州,甘肃,中国,西北,办公用-用品-10004318,办公用品,用品,"Elite 剪刀, 蓝色",63.084,1,0.4,-0.056
9139,US-202022-3122687,2023-03-21,2023-03-24,一级,夏惠-14320,夏惠英,消费者,兰州,甘肃,中国,西北,家具-用具-10003358,家具,用具,"Advantus 灯泡, 一包多件",112.728,2,0.4,-37.632
9140,US-202022-3122687,2023-03-21,2023-03-24,一级,夏惠-14320,夏惠英,消费者,兰州,甘肃,中国,西北,办公用-系固-10000591,办公用品,系固件,"Stockwell 图钉, 整包",113.652,3,0.4,-40.068
9141,US-202022-3122687,2023-03-21,2023-03-24,一级,夏惠-14320,夏惠英,消费者,兰州,甘肃,中国,西北,办公用-装订-10003947,办公用品,装订机,"Cardinal 孔加固材料, 耐用",57.456,3,0.4,-36.624
9151,CN-202022-5667067,2023-11-06,2023-11-12,标准级,冯丽-17350,冯丽丽,消费者,西安,陕西,中国,西北,办公用-收纳-10003464,办公用品,收纳具,"Rogers 盘, 金属",850.5,3,0.0,365.4
9152,CN-202022-5667067,2023-11-06,2023-11-12,标准级,冯丽-17350,冯丽丽,消费者,西安,陕西,中国,西北,家具-用具-10003276,家具,用具,"Tenex 分层置放架, 优质",1001.7,9,0.0,480.06
9153,CN-202022-5667067,2023-11-06,2023-11-12,标准级,冯丽-17350,冯丽丽,消费者,西安,陕西,中国,西北,办公用-收纳-10004747,办公用品,收纳具,"Eldon 文件夹, 单宽度",238.14,3,0.0,76.02
9154,CN-202022-5667067,2023-11-06,2023-11-12,标准级,冯丽-17350,冯丽丽,消费者,西安,陕西,中国,西北,办公用-信封-10001656,办公用品,信封,"Cameo 外皮和封条, 红色",229.04,2,0.0,45.64
9162,CN-202022-4862116,2023-11-21,2023-11-27,标准级,许凤-12835,许凤,公司,本溪,辽宁,中国,东北,办公用-收纳-10004402,办公用品,收纳具,"Smead 盘, 单宽度",226.38,1,0.0,42.98
9163,CN-202022-4862116,2023-11-21,2023-11-27,标准级,许凤-12835,许凤,公司,本溪,辽宁,中国,东北,办公用-美术-10002494,办公用品,美术,"BIC 铅笔刀, 蓝色",108.304,4,0.8,-243.936
9164,CN-202022-4862116,2023-11-21,2023-11-27,标准级,许凤-12835,许凤,公司,本溪,辽宁,中国,东北,办公用-用品-10002396,办公用品,用品,"Stiletto 美工刀, 钢",495.18,5,0.4,-50.12
9166,CN-202022-3981825,2023-06-20,2023-06-20,当日,廖立-16795,廖立,小型企业,武汉,湖北,中国,中南,办公用-系固-10000678,办公用品,系固件,"Accos 按钉, 金属",122.976,3,0.4,-10.584
9168,US-202022-5869022,2023-06-13,2023-06-17,二级,薛磊-15985,薛磊,消费者,开远,云南,中国,西南,办公用-装订-10004464,办公用品,装订机,"Wilson Jones 标签, 实惠",60.2,2,0.0,24.08
9178,US-202022-4595101,2023-09-02,2023-09-04,二级,邓立-16900,邓立,消费者,唐山,河北,中国,华北,办公用-收纳-10001749,办公用品,收纳具,"Rogers 锁柜, 工业",4949.0,5,0.0,1731.8
9187,US-202022-4479160,2023-01-01,2023-01-03,一级,康青-19585,康青,消费者,广州,广东,中国,中南,办公用-系固-10003317,办公用品,系固件,"Accos 夹子, 金属",273.0,3,0.0,136.5
9188,US-202022-4479160,2023-01-01,2023-01-03,一级,康青-19585,康青,消费者,广州,广东,中国,中南,办公用-器具-10002993,办公用品,器具,"Hoover 烤面包机, 白色",763.28,2,0.0,213.64
9189,US-202022-4479160,2023-01-01,2023-01-03,一级,康青-19585,康青,消费者,广州,广东,中国,中南,办公用-纸张-10001321,办公用品,纸张,"Eaton 笔记本, 每包 12 个",286.72,2,0.0,2.8
9190,US-202022-4479160,2023-01-01,2023-01-03,一级,康青-19585,康青,消费者,广州,广东,中国,中南,办公用-美术-10000574,办公用品,美术,"Sanford 记号笔, 金属",366.016,4,0.2,128.016
9191,US-202022-4479160,2023-01-01,2023-01-03,一级,康青-19585,康青,消费者,广州,广东,中国,中南,技术-复印-10001796,技术,复印机,"佳能 传真机, 数字化",8904.84,6,0.0,2493.12
9192,CN-202022-2924320,2023-12-02,2023-12-07,标准级,钟忠-11485,钟忠,小型企业,岳阳,湖南,中国,中南,技术-配件-10002404,技术,配件,"贝尔金 键盘, 耐用",784.84,2,0.0,109.76
9193,CN-202022-1321997,2023-03-21,2023-03-25,标准级,吕欢-14140,吕欢悦,小型企业,济宁,山东,中国,华东,办公用-收纳-10004690,办公用品,收纳具,"Fellowes 盘, 工业",1350.3,5,0.0,593.6
9196,CN-202022-3258425,2023-09-26,2023-10-02,标准级,卢芳-12775,卢芳,消费者,成都,四川,中国,西南,办公用-系固-10001285,办公用品,系固件,"Stockwell 订书钉, 整包",181.44,6,0.4,23.52
9197,CN-202022-3258425,2023-09-26,2023-10-02,标准级,卢芳-12775,卢芳,消费者,成都,四川,中国,西南,办公用-信封-10002940,办公用品,信封,"GlobeWeis 马尼拉纸信封, 每套 50 个",639.1,5,0.0,146.3
9199,US-202022-1070056,2023-05-01,2023-05-07,标准级,潘涛-21205,潘涛,公司,沈阳,辽宁,中国,东北,办公用-器具-10002945,办公用品,器具,"Breville 微波炉, 黑色",3372.768,4,0.4,-2192.512
9205,CN-202022-4896054,2023-11-12,2023-11-13,一级,沈强-19375,沈强,消费者,上海,上海,中国,华东,办公用-收纳-10003461,办公用品,收纳具,"Tenex 文件夹, 工业",995.4,9,0.0,0.0
9216,CN-202022-2872339,2023-09-20,2023-09-25,标准级,肖良-17125,肖良,消费者,孝感,湖北,中国,中南,办公用-标签-10000869,办公用品,标签,"Novimex 有色标签, 耐用",298.9,5,0.0,149.1
9217,CN-202022-2872339,2023-09-20,2023-09-25,标准级,肖良-17125,肖良,消费者,孝感,湖北,中国,中南,办公用-用品-10004243,办公用品,用品,"Acme 大剪刀, 钢",552.384,4,0.4,-0.336
9218,CN-202022-2872339,2023-09-20,2023-09-25,标准级,肖良-17125,肖良,消费者,孝感,湖北,中国,中南,办公用-信封-10000318,办公用品,信封,"GlobeWeis 邮寄品, 每套 50 个",899.5,5,0.0,62.3
9223,US-202022-2373769,2023-01-11,2023-01-17,标准级,徐关-15655,徐关茵,公司,庄河,辽宁,中国,东北,家具-用具-10004408,家具,用具,"Rubvermaid 门挡, 耐用",800.268,7,0.4,-320.852
9224,US-202022-2373769,2023-01-11,2023-01-17,标准级,徐关-15655,徐关茵,公司,庄河,辽宁,中国,东北,办公用-用品-10004822,办公用品,用品,"Acme 剪刀, 钢",208.656,3,0.4,-10.584
9232,CN-202022-1198697,2023-03-29,2023-04-04,标准级,冯丽-15775,冯丽,消费者,洛阳,河南,中国,中南,技术-配件-10003190,技术,配件,"SanDisk 记忆卡, 耐用",1051.12,2,0.0,0.0
9233,CN-202022-1198697,2023-03-29,2023-04-04,标准级,冯丽-15775,冯丽,消费者,洛阳,河南,中国,中南,办公用-装订-10000765,办公用品,装订机,"Wilson Jones 孔加固材料, 回收",22.82,1,0.0,0.42
9235,CN-202022-3064620,2023-05-24,2023-05-28,标准级,徐安-10150,徐安,消费者,武汉,湖北,中国,中南,家具-用具-10000294,家具,用具,"Tenex 灯泡, 一包多件",212.688,4,0.4,-63.952
9243,CN-202022-2606671,2023-03-08,2023-03-14,标准级,卢爽-20530,卢爽,消费者,兰州,甘肃,中国,西北,家具-书架-10002499,家具,书架,"Safco 墙角架, 黑色",422.268,1,0.4,-267.512
9245,CN-202022-3210061,2023-04-26,2023-04-30,标准级,冯婷-21040,冯婷,小型企业,友好,黑龙江,中国,东北,家具-书架-10000631,家具,书架,"Dania 古典书架, 金属",9571.8,5,0.0,1052.8
9251,CN-202022-5099065,2023-12-03,2023-12-05,一级,袁丽-16210,袁丽华,公司,山亭,山东,中国,华东,家具-用具-10003544,家具,用具,"Rubvermaid 门挡, 黑色",1022.0,5,0.0,306.6
9253,US-202022-3656854,2023-11-22,2023-11-26,标准级,郝婷-21055,郝婷,消费者,上海,上海,中国,华东,技术-配件-10001881,技术,配件,"Enermax 鼠标, 可编程",195.02,1,0.0,11.62
9254,US-202022-3656854,2023-11-22,2023-11-26,标准级,郝婷-21055,郝婷,消费者,上海,上海,中国,华东,家具-椅子-10001807,家具,椅子,"SAFCO 折叠椅, 每套两件",1641.92,4,0.0,245.84
9255,US-202022-3656854,2023-11-22,2023-11-26,标准级,郝婷-21055,郝婷,消费者,上海,上海,中国,华东,家具-桌子-10002211,家具,桌子,"Barricks 电脑桌, 白色",5376.336,4,0.4,-1881.824
9256,US-202022-3656854,2023-11-22,2023-11-26,标准级,郝婷-21055,郝婷,消费者,上海,上海,中国,华东,技术-复印-10001543,技术,复印机,"佳能 个人复印机, 彩色",4709.88,7,0.0,1459.22
9257,US-202022-3656854,2023-11-22,2023-11-26,标准级,郝婷-21055,郝婷,消费者,上海,上海,中国,华东,技术-复印-10003316,技术,复印机,"惠普 复印机, 每套两件",1137.22,1,0.0,113.68
9258,CN-202022-2558627,2023-10-17,2023-10-23,标准级,熊宣-20875,熊宣,消费者,大同,山西,中国,华北,办公用-用品-10002903,办公用品,用品,"Elite 大剪刀, 锯齿状",407.96,2,0.0,142.52
9269,CN-202022-1619603,2023-06-21,2023-06-26,标准级,周康-15340,周康,消费者,无城,安徽,中国,华东,办公用-纸张-10001323,办公用品,纸张,"SanDisk 计划信息表, 多色",353.22,3,0.0,133.98
9270,CN-202022-1619603,2023-06-21,2023-06-26,标准级,周康-15340,周康,消费者,无城,安徽,中国,华东,家具-桌子-10004811,家具,桌子,"Barricks 咖啡桌, 长方形",3140.235,3,0.25,460.215
9271,CN-202022-1619603,2023-06-21,2023-06-26,标准级,周康-15340,周康,消费者,无城,安徽,中国,华东,办公用-装订-10003982,办公用品,装订机,"Cardinal 标签, 耐用",367.92,9,0.0,153.72
9274,CN-202022-5672005,2023-12-26,2023-12-31,二级,施平-19180,施平,小型企业,青岛,山东,中国,华东,办公用-系固-10003763,办公用品,系固件,"Advantus 图钉, 整包",190.26,3,0.0,43.68
9279,CN-202022-1318873,2023-09-11,2023-09-18,标准级,余丽-16540,余丽娜,消费者,东海,广东,中国,中南,家具-椅子-10004534,家具,椅子,"Office Star 扶手椅, 黑色",3906.0,2,0.1,-434.0
9302,CN-202022-2245112,2023-05-03,2023-05-04,一级,方栋-12280,方栋,消费者,北海,广西,中国,中南,办公用-标签-10004554,办公用品,标签,"Harbour Creations 可去除的标签, 白色",48.3,1,0.0,17.78
9303,CN-202022-2245112,2023-05-03,2023-05-04,一级,方栋-12280,方栋,消费者,北海,广西,中国,中南,办公用-装订-10001898,办公用品,装订机,"Wilson Jones 孔加固材料, 透明",111.72,6,0.0,44.52
9310,CN-202022-3665640,2023-08-08,2023-08-10,一级,封乐-17740,封乐,消费者,南渡,广西,中国,中南,办公用-装订-10004453,办公用品,装订机,"Acco 订书机, 透明",2123.1,9,0.0,679.14
9312,CN-202022-1179561,2023-11-19,2023-11-23,标准级,谷莲-16990,谷莲,公司,烟筒山,吉林,中国,东北,家具-用具-10002267,家具,用具,"Advantus 分层置放架, 优质",466.48,4,0.0,228.48
9313,CN-202022-1179561,2023-11-19,2023-11-23,标准级,谷莲-16990,谷莲,公司,烟筒山,吉林,中国,东北,办公用-收纳-10000103,办公用品,收纳具,"Tenex 文件夹, 蓝色",325.08,3,0.0,68.04
9325,US-202022-1815663,2023-05-17,2023-05-17,当日,常崆-15505,常崆,消费者,深圳,广东,中国,中南,技术-配件-10002808,技术,配件,"罗技 路由器, 耐用",2310.28,2,0.0,462.0
9326,US-202022-1815663,2023-05-17,2023-05-17,当日,常崆-15505,常崆,消费者,深圳,广东,中国,中南,家具-椅子-10002636,家具,椅子,"Hon 椅垫, 每套两件",970.704,4,0.1,269.584
9333,CN-202022-3560054,2023-04-30,2023-05-05,二级,谢丽-17635,谢丽雪,公司,广州,广东,中国,中南,办公用-信封-10000284,办公用品,信封,"Kraft 搭扣信封, 回收",145.6,4,0.0,59.36
9334,CN-202022-3560054,2023-04-30,2023-05-05,二级,谢丽-17635,谢丽雪,公司,广州,广东,中国,中南,技术-复印-10004068,技术,复印机,"夏普 个人复印机, 彩色",1133.44,2,0.0,532.56
9335,CN-202022-3560054,2023-04-30,2023-05-05,二级,谢丽-17635,谢丽雪,公司,广州,广东,中国,中南,家具-桌子-10004603,家具,桌子,"Bevis 培训桌, 白色",3540.285,3,0.25,1179.885
9342,CN-202022-3279950,2023-09-25,2023-09-29,标准级,沈光-13450,沈光,小型企业,平南,广西,中国,中南,办公用-信封-10004110,办公用品,信封,"Ames 搭扣信封, 银色",89.6,2,0.0,0.84
9343,CN-202022-4791939,2023-04-30,2023-05-03,二级,白鹄-14050,白鹄,消费者,汉沽,天津,中国,华北,技术-电话-10003227,技术,电话,"诺基亚 信号增强器, 整包",3187.1,5,0.0,1051.4
9344,CN-202022-4791939,2023-04-30,2023-05-03,二级,白鹄-14050,白鹄,消费者,汉沽,天津,中国,华北,技术-电话-10000581,技术,电话,"苹果 充电器, 蓝色",14844.9,5,0.0,3117.1
9345,CN-202022-4791939,2023-04-30,2023-05-03,二级,白鹄-14050,白鹄,消费者,汉沽,天津,中国,华北,办公用-收纳-10002059,办公用品,收纳具,"Tenex 搁板, 工业",771.96,3,0.0,200.34
9348,CN-202022-5728538,2023-01-22,2023-01-28,标准级,任实-20200,任实,消费者,宿州,安徽,中国,华东,办公用-器具-10001372,办公用品,器具,"Cuisinart 炉灶, 黑色",20074.88,8,0.0,2207.52
9350,CN-202022-3360468,2023-10-05,2023-10-10,标准级,郝涛-21175,郝涛,公司,北京,北京,中国,华北,办公用-装订-10004074,办公用品,装订机,"Ibico 装订机盖, 耐用",141.4,2,0.0,70.56
9363,CN-202022-3852845,2023-01-25,2023-01-30,标准级,袁梅-18130,袁梅,公司,包头,内蒙古,中国,华北,办公用-纸张-10002399,办公用品,纸张,"Green Bar 备忘录便条, 回收",314.72,4,0.0,0.0
9364,CN-202022-3852845,2023-01-25,2023-01-30,标准级,袁梅-18130,袁梅,公司,包头,内蒙古,中国,华北,家具-书架-10000466,家具,书架,"宜家 古典书架, 黑色",5783.4,5,0.4,-385.7
9365,CN-202022-3852845,2023-01-25,2023-01-30,标准级,袁梅-18130,袁梅,公司,包头,内蒙古,中国,华北,办公用-纸张-10003382,办公用品,纸张,"施乐 计划信息表, 多色",304.92,3,0.0,97.44
9366,CN-202022-3852845,2023-01-25,2023-01-30,标准级,袁梅-18130,袁梅,公司,包头,内蒙古,中国,华北,办公用-装订-10003079,办公用品,装订机,"Acco 标签, 实惠",144.144,6,0.4,13.944
9367,CN-202022-3852845,2023-01-25,2023-01-30,标准级,袁梅-18130,袁梅,公司,包头,内蒙古,中国,华北,家具-椅子-10004899,家具,椅子,"Hon 凳子, 每套两件",1393.56,3,0.4,-325.5
9369,CN-202022-5586841,2023-02-28,2023-03-07,标准级,林关-15625,林关茵,消费者,北碚,重庆,中国,西南,技术-电话-10000691,技术,电话,"摩托罗拉 耳机, 蓝色",3349.08,9,0.0,99.54
9370,US-202022-3656854,2023-05-22,2023-05-26,标准级,邵杰-14770,邵杰,小型企业,漯河,河南,中国,中南,办公用-装订-10001547,办公用品,装订机,"Ibico 孔加固材料, 回收",68.6,2,0.0,23.24
9377,CN-202022-2069532,2023-05-24,2023-05-28,标准级,卢欢-14125,卢欢悦,小型企业,龙江,黑龙江,中国,东北,办公用-美术-10000636,办公用品,美术,"Binney & Smith 记号笔, 金属",378.56,4,0.2,37.52
9378,CN-202022-1435617,2023-05-24,2023-05-29,二级,程德-12040,程德,小型企业,重庆,重庆,中国,西南,办公用-纸张-10001576,办公用品,纸张,"Green Bar 笔记本, 回收",831.6,6,0.0,83.16
9379,CN-202022-1435617,2023-05-24,2023-05-29,二级,程德-12040,程德,小型企业,重庆,重庆,中国,西南,办公用-美术-10003628,办公用品,美术,"Boston 荧光笔, 蓝色",792.54,9,0.0,301.14
9380,CN-202022-1300278,2023-05-22,2023-05-27,标准级,刘婵-10945,刘婵,消费者,天津,天津,中国,华北,家具-用具-10001012,家具,用具,"Deflect-O 相框, 优质",1178.8,5,0.0,565.6
9381,CN-202022-1300278,2023-05-22,2023-05-27,标准级,刘婵-10945,刘婵,消费者,天津,天津,中国,华北,家具-用具-10000059,家具,用具,"Tenex 门挡, 优质",595.14,3,0.0,148.68
9382,CN-202022-1300278,2023-05-22,2023-05-27,标准级,刘婵-10945,刘婵,消费者,天津,天津,中国,华北,办公用-器具-10002669,办公用品,器具,"Breville 烤面包机, 白色",2445.1,7,0.0,953.54
9383,CN-202022-3769666,2023-09-10,2023-09-13,一级,贺鹏-19045,贺鹏,小型企业,马坝,广东,中国,中南,家具-椅子-10000908,家具,椅子,"Office Star 凳子, 每套两件",5179.986,7,0.1,-115.934
9384,CN-202022-3769666,2023-09-10,2023-09-13,一级,贺鹏-19045,贺鹏,小型企业,马坝,广东,中国,中南,家具-用具-10001122,家具,用具,"Rubvermaid 分层置放架, 一包多件",352.8,3,0.0,17.64
9391,CN-202022-1778069,2023-12-03,2023-12-07,标准级,冯娜-18460,冯娜,公司,厦门,福建,中国,华东,办公用-纸张-10000328,办公用品,纸张,"SanDisk 计划信息表, 每包 12 个",391.44,3,0.0,19.32
9392,CN-202022-1778069,2023-12-03,2023-12-07,标准级,冯娜-18460,冯娜,公司,厦门,福建,中国,华东,办公用-系固-10001943,办公用品,系固件,"Stockwell 夹子, 每包 12 个",174.16,2,0.0,48.72
9393,CN-202022-1778069,2023-12-03,2023-12-07,标准级,冯娜-18460,冯娜,公司,厦门,福建,中国,华东,技术-配件-10003601,技术,配件,"贝尔金 闪存驱动器, 可编程",405.44,2,0.0,72.8
9394,CN-202022-1778069,2023-12-03,2023-12-07,标准级,冯娜-18460,冯娜,公司,厦门,福建,中国,华东,办公用-器具-10003725,办公用品,器具,"Breville 搅拌机, 银色",2123.1,5,0.0,997.5
9395,CN-202022-3819209,2023-03-01,2023-03-07,标准级,贺宁-18700,贺宁,消费者,丹东,辽宁,中国,东北,家具-书架-10000674,家具,书架,"Bush 搁架, 传统",479.556,1,0.4,-151.984
9396,CN-202022-3819209,2023-03-01,2023-03-07,标准级,贺宁-18700,贺宁,消费者,丹东,辽宁,中国,东北,办公用-纸张-10003494,办公用品,纸张,"Enermax 羊皮纸, 多色",156.8,2,0.0,59.36
9404,CN-202022-5497693,2023-10-18,2023-10-21,二级,范彩-10615,范彩,公司,北京,北京,中国,华北,办公用-装订-10002118,办公用品,装订机,"Avery 打孔机, 透明",382.62,3,0.0,137.34
9405,CN-202022-5497693,2023-10-18,2023-10-21,二级,范彩-10615,范彩,公司,北京,北京,中国,华北,办公用-器具-10004796,办公用品,器具,"Cuisinart 咖啡研磨机, 白色",514.5,3,0.0,174.72
9406,CN-202022-5497693,2023-10-18,2023-10-21,二级,范彩-10615,范彩,公司,北京,北京,中国,华北,技术-设备-10003033,技术,设备,"StarTech 喷墨打印机, 耐用",4226.46,3,0.0,1521.24
9407,CN-202022-3865865,2023-06-03,2023-06-08,二级,田谙-18865,田谙,消费者,重庆,重庆,中国,西南,家具-椅子-10000989,家具,椅子,"Office Star 摇椅, 每套两件",4008.48,6,0.0,120.12
9419,CN-202022-2448028,2023-09-20,2023-09-21,一级,邹妮-18625,邹妮,公司,萍乡,江西,中国,华东,办公用-装订-10000292,办公用品,装订机,"Wilson Jones 装订机盖, 实惠",417.76,8,0.0,137.76
9420,CN-202022-5404138,2023-11-15,2023-11-18,一级,靳刚-13105,靳刚,公司,洛阳,广东,中国,中南,技术-电话-10000762,技术,电话,"摩托罗拉 充电器, 全尺寸",9015.72,3,0.0,540.54
9423,CN-202022-3284020,2023-12-05,2023-12-06,一级,蔡安-10270,蔡安,消费者,鸡东,黑龙江,中国,东北,家具-椅子-10002209,家具,椅子,"Office Star 扶手椅, 每套两件",6575.52,3,0.0,920.22
9424,CN-202022-3284020,2023-12-05,2023-12-06,一级,蔡安-10270,蔡安,消费者,鸡东,黑龙江,中国,东北,办公用-系固-10000678,办公用品,系固件,"Accos 按钉, 金属",341.6,5,0.0,119.0
9431,CN-202022-5444149,2023-08-28,2023-08-31,二级,叶琪-19225,叶琪,消费者,金昌,甘肃,中国,西北,家具-椅子-10004343,家具,椅子,"Novimex 椅垫, 黑色",603.792,4,0.4,-362.768
9432,CN-202022-5444149,2023-08-28,2023-08-31,二级,叶琪-19225,叶琪,消费者,金昌,甘肃,中国,西北,办公用-装订-10004840,办公用品,装订机,"Cardinal 孔加固材料, 透明",40.32,3,0.4,-19.74
9441,CN-202022-4451680,2023-01-24,2023-01-30,标准级,冯丽-15775,冯丽,消费者,枣庄,山东,中国,华东,技术-配件-10003090,技术,配件,"Enermax 闪存驱动器, 回收",550.62,3,0.0,220.08
9445,CN-202022-5966135,2023-11-20,2023-11-25,标准级,许凤-12835,许凤,公司,宿州,安徽,中国,华东,技术-复印-10001588,技术,复印机,"Hewlett 复印机, 彩色",3711.54,3,0.0,742.14
9446,CN-202022-5966135,2023-11-20,2023-11-25,标准级,许凤-12835,许凤,公司,宿州,安徽,中国,华东,家具-用具-10001374,家具,用具,"Deflect-O 闹钟, 优质",1141.7,5,0.0,182.0
9454,CN-202022-1323896,2023-11-13,2023-11-17,标准级,邓惠-14470,邓惠,消费者,洛阳,广东,中国,中南,办公用-标签-10003689,办公用品,标签,"Avery 圆形标签, 耐用",70.28,2,0.0,34.16
9478,CN-202022-5165630,2023-10-09,2023-10-13,标准级,韦达-11830,韦达侠,公司,昆明,云南,中国,西南,家具-书架-10001371,家具,书架,"Safco 古典书架, 传统",24536.4,12,0.0,6624.24
9479,CN-202022-5165630,2023-10-09,2023-10-13,标准级,韦达-11830,韦达侠,公司,昆明,云南,中国,西南,技术-复印-10003316,技术,复印机,"惠普 复印机, 每套两件",2729.328,3,0.2,-341.292
9482,CN-202022-4998591,2023-11-18,2023-11-24,标准级,罗昌-11050,罗昌,公司,随州,湖北,中国,中南,技术-配件-10002404,技术,配件,"贝尔金 键盘, 耐用",1177.26,5,0.4,-510.44
9483,CN-202022-4998591,2023-11-18,2023-11-24,标准级,罗昌-11050,罗昌,公司,随州,湖北,中国,中南,家具-桌子-10001294,家具,桌子,"Lesro 木桌, 白色",1753.248,2,0.6,-2542.232
9484,CN-202022-4998591,2023-11-18,2023-11-24,标准级,罗昌-11050,罗昌,公司,随州,湖北,中国,中南,办公用-装订-10002016,办公用品,装订机,"Acco 装订机盖, 耐用",82.992,2,0.4,-36.008
9485,CN-202022-4998591,2023-11-18,2023-11-24,标准级,罗昌-11050,罗昌,公司,随州,湖北,中国,中南,办公用-器具-10003386,办公用品,器具,"Breville 烤面包机, 红色",1073.94,5,0.4,107.24
9486,CN-202022-4998591,2023-11-18,2023-11-24,标准级,罗昌-11050,罗昌,公司,随州,湖北,中国,中南,办公用-系固-10004946,办公用品,系固件,"OIC 橡皮筋, 混合尺寸",284.592,7,0.4,-80.948
9487,CN-202022-4998591,2023-11-18,2023-11-24,标准级,罗昌-11050,罗昌,公司,随州,湖北,中国,中南,办公用-美术-10001243,办公用品,美术,"BIC 记号笔, 金属",129.22,5,0.8,-491.68
9493,CN-202022-4836537,2023-05-30,2023-06-03,标准级,夏明-18355,夏明媚,公司,颍上城关镇,安徽,中国,华东,办公用-美术-10002672,办公用品,美术,"Sanford 画布, 金属",773.248,4,0.2,28.448
9498,CN-202022-1166331,2023-06-04,2023-06-10,标准级,柯丽-15880,柯丽,消费者,禹城,山东,中国,华东,技术-复印-10001543,技术,复印机,"佳能 个人复印机, 彩色",2018.52,3,0.0,625.38
9502,CN-202022-2805987,2023-12-05,2023-12-09,标准级,马丽-15910,马丽,消费者,呼和浩特,内蒙古,中国,华北,办公用-装订-10000048,办公用品,装订机,"Acco 标签, 回收",75.096,3,0.4,-34.104
9503,CN-202022-2805987,2023-12-05,2023-12-09,标准级,马丽-15910,马丽,消费者,呼和浩特,内蒙古,中国,华北,办公用-收纳-10001996,办公用品,收纳具,"Fellowes 搁板, 金属",796.74,3,0.0,47.46
9504,CN-202022-2805987,2023-12-05,2023-12-09,标准级,马丽-15910,马丽,消费者,呼和浩特,内蒙古,中国,华北,办公用-装订-10002095,办公用品,装订机,"Cardinal 打孔机, 耐用",678.72,8,0.4,-45.92
9507,CN-202022-5763224,2023-11-14,2023-11-19,标准级,李莲-17020,李莲,消费者,文登,山东,中国,华东,办公用-信封-10001224,办公用品,信封,"Jiffy 局间信封, 红色",699.72,3,0.0,41.58
9508,CN-202022-5763224,2023-11-14,2023-11-19,标准级,李莲-17020,李莲,消费者,文登,山东,中国,华东,办公用-系固-10003118,办公用品,系固件,"Stockwell 夹子, 混合尺寸",155.68,2,0.0,46.48
9512,CN-202022-4853457,2023-09-05,2023-09-09,标准级,柯婷-21100,柯婷,消费者,开通,吉林,中国,东北,办公用-用品-10000638,办公用品,用品,"Kleencut 大剪刀, 蓝色",654.78,3,0.0,189.84
9513,CN-202022-4853457,2023-09-05,2023-09-09,标准级,柯婷-21100,柯婷,消费者,开通,吉林,中国,东北,办公用-标签-10000258,办公用品,标签,"Harbour Creations 文件夹标签, 红色",119.7,3,0.0,29.82
9514,CN-202022-4853457,2023-09-05,2023-09-09,标准级,柯婷-21100,柯婷,消费者,开通,吉林,中国,东北,办公用-用品-10001494,办公用品,用品,"Kleencut 美工刀, 钢",1271.2,8,0.0,304.64
9515,CN-202022-2505404,2023-04-10,2023-04-15,标准级,冯松-20635,冯松,公司,宿州,安徽,中国,华东,办公用-器具-10003268,办公用品,器具,"Hamilton Beach 搅拌机, 红色",3315.2,10,0.0,695.8
9516,CN-202022-2505404,2023-04-10,2023-04-15,标准级,冯松-20635,冯松,公司,宿州,安徽,中国,华东,办公用-纸张-10001957,办公用品,纸张,"Enermax 令, 回收",529.76,4,0.0,47.6
9523,US-202022-3403395,2023-06-20,2023-06-24,标准级,常明-18340,常明媚,消费者,成都,四川,中国,西南,技术-复印-10002416,技术,复印机,"惠普 墨水, 红色",710.64,2,0.4,-154.0
9524,US-202022-3403395,2023-06-20,2023-06-24,标准级,常明-18340,常明媚,消费者,成都,四川,中国,西南,技术-设备-10004127,技术,设备,"柯尼卡 卡片打印机, 多色",2942.856,6,0.4,-1667.904
9525,US-202022-3403395,2023-06-20,2023-06-24,标准级,常明-18340,常明媚,消费者,成都,四川,中国,西南,家具-椅子-10001287,家具,椅子,"Hon 摇椅, 黑色",717.864,2,0.4,-335.216
9526,US-202022-3403395,2023-06-20,2023-06-24,标准级,常明-18340,常明媚,消费者,成都,四川,中国,西南,技术-配件-10000513,技术,配件,"贝尔金 键区, 实惠",808.5,5,0.4,-256.2
9531,CN-202022-3747316,2023-03-07,2023-03-12,标准级,佘丽-15925,佘丽,消费者,惠州,广东,中国,中南,办公用-标签-10002541,办公用品,标签,"Harbour Creations 运输标签, 可调",305.76,7,0.0,42.14
9532,CN-202022-3747316,2023-03-07,2023-03-12,标准级,佘丽-15925,佘丽,消费者,惠州,广东,中国,中南,办公用-收纳-10000984,办公用品,收纳具,"Eldon 文件夹, 工业",488.88,6,0.0,194.88
9533,CN-202022-3747316,2023-03-07,2023-03-12,标准级,佘丽-15925,佘丽,消费者,惠州,广东,中国,中南,办公用-用品-10002717,办公用品,用品,"Fiskars 剪刀, 蓝色",432.32,4,0.0,51.52
9536,US-202022-3597477,2023-08-13,2023-08-14,当日,苏升-20185,苏升,消费者,南宁,广西,中国,中南,技术-配件-10003779,技术,配件,"Enermax 键盘, 可编程",1189.44,3,0.0,154.56
9537,CN-202022-1047687,2023-10-09,2023-10-14,标准级,谢斯-20950,谢斯云,公司,江门,广东,中国,中南,办公用-用品-10000086,办公用品,用品,"Kleencut 剪刀, 工业",557.9,5,0.0,273.0
9538,CN-202022-1047687,2023-10-09,2023-10-14,标准级,谢斯-20950,谢斯云,公司,江门,广东,中国,中南,办公用-收纳-10002440,办公用品,收纳具,"Tenex 文件车, 蓝色",1877.82,3,0.0,149.94
9549,US-202022-2372663,2023-11-16,2023-11-21,标准级,孟虢-13540,孟虢,消费者,大连,辽宁,中国,东北,办公用-收纳-10002430,办公用品,收纳具,"Rogers 文件车, 单宽度",6609.4,10,0.0,2643.2
9600,CN-202022-1597983,2023-01-15,2023-01-19,标准级,黄磊-16015,黄磊,消费者,沈阳,辽宁,中国,东北,办公用-美术-10002411,办公用品,美术,"BIC 速写本, 整包",319.676,7,0.8,-560.364
9601,CN-202022-1597983,2023-01-15,2023-01-19,标准级,黄磊-16015,黄磊,消费者,沈阳,辽宁,中国,东北,办公用-装订-10003117,办公用品,装订机,"Wilson Jones 标签, 耐用",44.52,2,0.4,-22.4
9614,CN-202022-2045726,2023-03-15,2023-03-17,二级,方惠-14350,方惠,消费者,公主岭,吉林,中国,东北,技术-复印-10000491,技术,复印机,"惠普 传真机, 彩色",4219.32,3,0.0,1729.56
9615,CN-202022-2045726,2023-03-15,2023-03-17,二级,方惠-14350,方惠,消费者,公主岭,吉林,中国,东北,办公用-纸张-10004686,办公用品,纸张,"SanDisk 信纸, 多色",232.54,1,0.0,62.72
9616,CN-202022-2045726,2023-03-15,2023-03-17,二级,方惠-14350,方惠,消费者,公主岭,吉林,中国,东北,家具-书架-10004191,家具,书架,"Dania 柜, 金属",1972.74,3,0.0,236.46
9626,CN-202022-3205176,2023-10-02,2023-10-07,标准级,邢柏-18970,邢柏,小型企业,龙泉,云南,中国,西南,办公用-用品-10000030,办公用品,用品,"Acme 尺子, 锯齿状",375.48,6,0.0,141.96
9627,CN-202022-3205176,2023-10-02,2023-10-07,标准级,邢柏-18970,邢柏,小型企业,龙泉,云南,中国,西南,家具-书架-10003676,家具,书架,"Dania 墙角架, 传统",1139.32,2,0.0,193.48
9638,CN-202022-4896054,2023-09-24,2023-09-28,标准级,严强-19435,严强,消费者,蚌埠,安徽,中国,华东,办公用-器具-10000979,办公用品,器具,"Cuisinart 搅拌机, 白色",911.82,3,0.0,209.58
9639,CN-202022-2102819,2023-10-28,2023-11-01,标准级,殷昌-11080,殷昌,消费者,桂林,广西,中国,中南,办公用-标签-10002900,办公用品,标签,"Novimex 合法证物标签, 白色",244.3,5,0.0,82.6
9641,CN-202022-4282122,2023-11-23,2023-11-25,二级,马丽-15910,马丽,消费者,惠州,广东,中国,中南,办公用-用品-10001696,办公用品,用品,"Stiletto 开信刀, 蓝色",662.2,5,0.0,65.8
9642,CN-202022-4282122,2023-11-23,2023-11-25,二级,马丽-15910,马丽,消费者,惠州,广东,中国,中南,技术-配件-10000300,技术,配件,"贝尔金 记忆卡, 实惠",1607.34,3,0.0,610.68
9643,CN-202022-4282122,2023-11-23,2023-11-25,二级,马丽-15910,马丽,消费者,惠州,广东,中国,中南,办公用-系固-10001342,办公用品,系固件,"Stockwell 按钉, 整包",130.48,2,0.0,59.92
9644,CN-202022-5497693,2023-04-02,2023-04-06,二级,孔松-20695,孔松,公司,天津,天津,中国,华北,技术-配件-10003558,技术,配件,"SanDisk 闪存驱动器, 可编程",574.56,3,0.0,264.18
9650,CN-202022-4856468,2023-11-10,2023-11-14,标准级,徐虢-13600,徐虢,公司,郑州,河南,中国,中南,办公用-收纳-10004132,办公用品,收纳具,"Rogers 盘, 工业",870.24,3,0.0,382.62
9651,CN-202022-4856468,2023-11-10,2023-11-14,标准级,徐虢-13600,徐虢,公司,郑州,河南,中国,中南,办公用-用品-10004796,办公用品,用品,"Stiletto 大剪刀, 工业",231.98,1,0.0,34.72
9652,CN-202022-4856468,2023-11-10,2023-11-14,标准级,徐虢-13600,徐虢,公司,郑州,河南,中国,中南,办公用-纸张-10001792,办公用品,纸张,"施乐 备忘录便条, 优质",189.42,3,0.0,75.6
9653,CN-202022-5448418,2023-02-15,2023-02-19,标准级,巩珑-17845,巩珑,消费者,岫岩,辽宁,中国,东北,办公用-标签-10001292,办公用品,标签,"Smead 文件夹标签, 白色",124.32,3,0.0,13.44
9654,CN-202022-5448418,2023-02-15,2023-02-19,标准级,巩珑-17845,巩珑,消费者,岫岩,辽宁,中国,东北,办公用-纸张-10002523,办公用品,纸张,"Enermax 计划信息表, 回收",313.74,3,0.0,134.82
9657,CN-202022-1302355,2023-06-13,2023-06-15,二级,程聪-11620,程聪,消费者,贵阳,贵州,中国,西南,办公用-收纳-10000306,办公用品,收纳具,"Smead 文件夹, 单宽度",245.28,3,0.0,88.2
9669,US-202022-5386927,2023-09-28,2023-10-03,标准级,黄娜-18505,黄娜,消费者,肃州,甘肃,中国,西北,技术-电话-10004848,技术,电话,"诺基亚 智能手机, 全尺寸",1045.296,3,0.4,-348.684
9670,US-202022-5386927,2023-09-28,2023-10-03,标准级,黄娜-18505,黄娜,消费者,肃州,甘肃,中国,西北,家具-书架-10001013,家具,书架,"Dania 搁架, 白色",4331.124,9,0.4,-722.736
9684,US-202022-5844938,2023-06-05,2023-06-09,标准级,薛磊-15985,薛磊,消费者,沈阳,辽宁,中国,东北,办公用-装订-10002575,办公用品,装订机,"Wilson Jones 打孔机, 耐用",165.144,2,0.4,16.464
9685,US-202022-5844938,2023-06-05,2023-06-09,标准级,薛磊-15985,薛磊,消费者,沈阳,辽宁,中国,东北,办公用-器具-10003572,办公用品,器具,"Breville 咖啡研磨机, 黑色",1029.672,6,0.4,-223.608
9686,US-202022-5844938,2023-06-05,2023-06-09,标准级,薛磊-15985,薛磊,消费者,沈阳,辽宁,中国,东北,家具-用具-10003967,家具,用具,"Eldon 相框, 优质",317.688,2,0.4,-158.872
9692,CN-202022-4927110,2023-03-06,2023-03-06,当日,彭博-10555,彭博,公司,济南,山东,中国,华东,家具-书架-10004566,家具,书架,"宜家 柜, 金属",3973.2,6,0.0,1906.8
9693,CN-202022-4927110,2023-03-06,2023-03-06,当日,彭博-10555,彭博,公司,济南,山东,中国,华东,办公用-装订-10003061,办公用品,装订机,"Wilson Jones 订书机, 回收",690.48,3,0.0,41.16
9711,CN-202022-5555490,2023-05-10,2023-05-14,标准级,秦黎-16300,秦黎明,公司,钦州,广西,中国,中南,办公用-收纳-10003456,办公用品,收纳具,"Eldon 文件车, 单宽度",1790.88,3,0.0,716.1
9712,CN-202022-5591257,2023-06-07,2023-06-10,二级,徐婵-10870,徐婵娟,消费者,济南,山东,中国,华东,办公用-标签-10004982,办公用品,标签,"Harbour Creations 有色标签, 白色",421.4,7,0.0,147.0
9742,CN-202022-3589017,2023-06-14,2023-06-18,标准级,佘宁-18730,佘宁,消费者,鄱阳,江西,中国,华东,办公用-收纳-10000181,办公用品,收纳具,"Eldon 文件车, 蓝色",1193.64,2,0.0,357.84
9743,CN-202022-3589017,2023-06-14,2023-06-18,标准级,佘宁-18730,佘宁,消费者,鄱阳,江西,中国,华东,办公用-器具-10000979,办公用品,器具,"Cuisinart 搅拌机, 白色",607.88,2,0.0,139.72
9744,CN-202022-3589017,2023-06-14,2023-06-18,标准级,佘宁-18730,佘宁,消费者,鄱阳,江西,中国,华东,办公用-信封-10001526,办公用品,信封,"GlobeWeis 外皮和封条, 回收",188.44,2,0.0,9.24
9745,CN-202022-3589017,2023-06-14,2023-06-18,标准级,佘宁-18730,佘宁,消费者,鄱阳,江西,中国,华东,家具-书架-10002499,家具,书架,"Safco 搁架, 白色",11158.56,12,0.0,1338.96
9746,CN-202022-3589017,2023-06-14,2023-06-18,标准级,佘宁-18730,佘宁,消费者,鄱阳,江西,中国,华东,技术-配件-10002905,技术,配件,"Enermax 键盘, 实惠",1168.44,3,0.0,385.56
9761,CN-202022-4662338,2023-04-16,2023-04-21,标准级,邓保-10375,邓保,消费者,安阳,河南,中国,中南,办公用-收纳-10003525,办公用品,收纳具,"Eldon 盒, 金属",87.08,2,0.0,31.08
9773,US-202022-3922494,2023-08-13,2023-08-17,标准级,贺升-20110,贺升,消费者,天津,天津,中国,华北,办公用-器具-10000654,办公用品,器具,"Breville 搅拌机, 黑色",836.92,2,0.0,192.36
9774,US-202022-3922494,2023-08-13,2023-08-17,标准级,贺升-20110,贺升,消费者,天津,天津,中国,华北,家具-用具-10003967,家具,用具,"Eldon 相框, 优质",794.22,3,0.0,79.38
9775,US-202022-3922494,2023-08-13,2023-08-17,标准级,贺升-20110,贺升,消费者,天津,天津,中国,华北,办公用-信封-10004354,办公用品,信封,"Ames 外皮和封条, 每套 50 个",174.44,2,0.0,26.04
9777,US-202022-4644475,2023-11-04,2023-11-09,标准级,冯娜-18460,冯娜,公司,西宁,青海,中国,西北,技术-电话-10003653,技术,电话,"三星 充电器, 混合尺寸",2982.0,1,0.0,1341.9
9778,US-202022-4644475,2023-11-04,2023-11-09,标准级,冯娜-18460,冯娜,公司,西宁,青海,中国,西北,办公用-系固-10002536,办公用品,系固件,"Stockwell 橡皮筋, 每包 12 个",508.62,7,0.0,197.96
9779,US-202022-4644475,2023-11-04,2023-11-09,标准级,冯娜-18460,冯娜,公司,西宁,青海,中国,西北,办公用-收纳-10003186,办公用品,收纳具,"Rogers 盘, 单宽度",2015.86,7,0.0,805.56
9780,US-202022-4644475,2023-11-04,2023-11-09,标准级,冯娜-18460,冯娜,公司,西宁,青海,中国,西北,办公用-装订-10002223,办公用品,装订机,"Avery 装订机, 回收",371.28,6,0.0,0.0
9781,US-202022-4644475,2023-11-04,2023-11-09,标准级,冯娜-18460,冯娜,公司,西宁,青海,中国,西北,办公用-用品-10000960,办公用品,用品,"Fiskars 开信刀, 锯齿状",229.88,2,0.0,68.88
9782,US-202022-2756371,2023-12-16,2023-12-19,一级,熊宣-20875,熊宣,消费者,大连,辽宁,中国,东北,家具-椅子-10002697,家具,椅子,"Novimex 摇椅, 每套两件",748.608,2,0.4,-224.672
9787,US-202022-4371002,2023-02-26,2023-03-02,标准级,彭伟-21550,彭伟,小型企业,合川,重庆,中国,西南,技术-复印-10004359,技术,复印机,"夏普 传真机, 彩色",6654.816,6,0.2,-83.664
9788,CN-202022-5592498,2023-04-12,2023-04-16,标准级,陶恒-13645,陶恒,消费者,成都,四川,中国,西南,家具-椅子-10001460,家具,椅子,"Harbour Creations 摇椅, 可调",2931.768,7,0.4,-1368.472
9789,CN-202022-5592498,2023-04-12,2023-04-16,标准级,陶恒-13645,陶恒,消费者,成都,四川,中国,西南,家具-用具-10001122,家具,用具,"Rubvermaid 分层置放架, 一包多件",70.56,1,0.4,-41.16
9793,CN-202022-2989159,2023-09-12,2023-09-16,标准级,田谙-18865,田谙,消费者,晋江,福建,中国,华东,办公用-纸张-10001526,办公用品,纸张,"Enermax 备忘录便条, 回收",217.98,3,0.0,45.36
9795,CN-202022-2292031,2023-08-12,2023-08-14,二级,余婵-11020,余婵,公司,洛阳,广东,中国,中南,办公用-装订-10002996,办公用品,装订机,"Cardinal 标签, 透明",94.08,3,0.0,4.62
9796,CN-202022-2292031,2023-08-12,2023-08-14,二级,余婵-11020,余婵,公司,洛阳,广东,中国,中南,办公用-纸张-10003708,办公用品,纸张,"Eaton 计划信息表, 每包 12 个",576.8,5,0.0,28.7
9797,CN-202022-2292031,2023-08-12,2023-08-14,二级,余婵-11020,余婵,公司,洛阳,广东,中国,中南,办公用-用品-10000855,办公用品,用品,"Fiskars 剪刀, 钢",421.12,4,0.0,50.4
9798,CN-202022-2292031,2023-08-12,2023-08-14,二级,余婵-11020,余婵,公司,洛阳,广东,中国,中南,办公用-收纳-10001047,办公用品,收纳具,"Smead 锁柜, 蓝色",1851.92,2,0.0,851.76
9805,CN-202022-5631342,2023-05-31,2023-06-06,标准级,薛梦-18190,薛梦,消费者,南昌,江西,中国,华东,家具-用具-10002443,家具,用具,"Advantus 框架, 黑色",3629.92,7,0.0,1777.72
9809,CN-202022-5334809,2023-04-18,2023-04-24,标准级,戴珑-17860,戴珑,公司,盐城,江苏,中国,华东,家具-椅子-10002059,家具,椅子,"SAFCO 凳子, 红色",2821.392,6,0.4,-1552.488
9810,US-202022-4597424,2023-09-13,2023-09-19,标准级,罗安-10210,罗安,消费者,菏泽,山东,中国,华东,家具-用具-10003663,家具,用具,"Eldon 框架, 一包多件",2171.12,4,0.0,759.36
9814,CN-202022-3530738,2023-11-14,2023-11-19,二级,宋立-16840,宋立,消费者,怀化,湖南,中国,中南,办公用-收纳-10003557,办公用品,收纳具,"Fellowes 搁板, 蓝色",809.76,3,0.0,218.4
9815,CN-202022-3530738,2023-11-14,2023-11-19,二级,宋立-16840,宋立,消费者,怀化,湖南,中国,中南,办公用-装订-10004464,办公用品,装订机,"Wilson Jones 标签, 实惠",120.4,4,0.0,48.16
9822,CN-202022-3241949,2023-09-28,2023-10-01,二级,袁丽-16555,袁丽娜,公司,重庆,重庆,中国,西南,办公用-美术-10003314,办公用品,美术,"BIC 记号笔, 混合尺寸",690.9,5,0.0,109.9
9823,CN-202022-3241949,2023-09-28,2023-10-01,二级,袁丽-16555,袁丽娜,公司,重庆,重庆,中国,西南,办公用-系固-10003020,办公用品,系固件,"Stockwell 订书钉, 每包 12 个",91.84,2,0.0,8.12
9824,CN-202022-3407073,2023-12-26,2023-12-31,标准级,毛保-10360,毛保,公司,太原,山西,中国,华北,办公用-用品-10003316,办公用品,用品,"Stiletto 修剪器, 工业",621.18,3,0.0,192.36
9842,CN-202022-2275835,2023-09-16,2023-09-21,标准级,邹妮-18625,邹妮,公司,自贡,四川,中国,西南,家具-书架-10001313,家具,书架,"Bush 书架, 白色",1058.652,3,0.4,35.112
9851,CN-202022-3253076,2023-06-28,2023-07-04,标准级,邱谦-19255,邱谦,公司,上海,上海,中国,华东,办公用-器具-10002966,办公用品,器具,"Cuisinart 冰箱, 红色",4630.08,2,0.0,1851.92
9852,CN-202022-3253076,2023-06-28,2023-07-04,标准级,邱谦-19255,邱谦,公司,上海,上海,中国,华东,办公用-信封-10004944,办公用品,信封,"Cameo 外皮和封条, 回收",462.0,5,0.0,133.7
9853,US-202022-1761745,2023-06-27,2023-06-29,一级,袁康-15475,袁康,消费者,株洲,湖南,中国,中南,技术-设备-10002736,技术,设备,"StarTech 卡片打印机, 耐用",2290.68,3,0.0,1053.36
9855,US-202022-3226363,2023-12-24,2023-12-29,标准级,白德-12205,白德伟,消费者,沈阳,辽宁,中国,东北,技术-电话-10004636,技术,电话,"摩托罗拉 音频基座, 全尺寸",978.096,2,0.4,-130.424
9874,CN-202022-4271574,2023-06-18,2023-06-22,标准级,赖虎-14035,赖虎,公司,南阳,河南,中国,中南,技术-配件-10002236,技术,配件,"贝尔金 路由器, 可编程",2429.0,2,0.0,898.52
9875,CN-202022-4271574,2023-06-18,2023-06-22,标准级,赖虎-14035,赖虎,公司,南阳,河南,中国,中南,技术-配件-10004442,技术,配件,"贝尔金 路由器, 耐用",3625.44,3,0.0,1522.5
9876,CN-202022-4271574,2023-06-18,2023-06-22,标准级,赖虎-14035,赖虎,公司,南阳,河南,中国,中南,办公用-器具-10004675,办公用品,器具,"Hoover 炉灶, 白色",13220.9,5,0.0,0.0
9877,CN-202022-4271574,2023-06-18,2023-06-22,标准级,赖虎-14035,赖虎,公司,南阳,河南,中国,中南,办公用-系固-10002492,办公用品,系固件,"Advantus 夹子, 金属",362.32,4,0.0,115.92
9878,CN-202022-4271574,2023-06-18,2023-06-22,标准级,赖虎-14035,赖虎,公司,南阳,河南,中国,中南,办公用-用品-10000030,办公用品,用品,"Acme 尺子, 锯齿状",125.16,2,0.0,47.32
9882,CN-202022-4190541,2023-03-08,2023-03-13,标准级,殷宣-20920,殷宣,消费者,重庆,重庆,中国,西南,技术-电话-10001992,技术,电话,"三星 充电器, 全尺寸",8924.16,3,0.0,1784.58
9883,CN-202022-4719054,2023-10-21,2023-10-26,标准级,付涛-21160,付涛,公司,海口,海南,中国,西南,办公用-美术-10003381,办公用品,美术,"Binney & Smith 速写本, 整包",1087.1,5,0.0,97.3
9884,CN-202022-4719054,2023-10-21,2023-10-26,标准级,付涛-21160,付涛,公司,海口,海南,中国,西南,办公用-装订-10001901,办公用品,装订机,"Cardinal 标签, 实惠",33.88,1,0.0,8.68
9885,CN-202022-4719054,2023-10-21,2023-10-26,标准级,付涛-21160,付涛,公司,海口,海南,中国,西南,办公用-美术-10004503,办公用品,美术,"BIC 画布, 混合尺寸",530.88,2,0.0,116.76
9886,CN-202022-4719054,2023-10-21,2023-10-26,标准级,付涛-21160,付涛,公司,海口,海南,中国,西南,办公用-美术-10003265,办公用品,美术,"BIC 钢笔, 混合尺寸",244.44,3,0.0,36.54
9891,CN-202022-4347413,2023-11-16,2023-11-18,一级,郭冬-12415,郭冬露,消费者,成都,四川,中国,西南,技术-设备-10003411,技术,设备,"柯尼卡 电话, 耐用",966.672,4,0.4,-64.848
9892,CN-202022-4347413,2023-11-16,2023-11-18,一级,郭冬-12415,郭冬露,消费者,成都,四川,中国,西南,办公用-用品-10001508,办公用品,用品,"Acme 修剪器, 钢",369.432,3,0.4,-111.048
9913,CN-202022-3361827,2023-08-12,2023-08-15,二级,庄伟-21460,庄伟,小型企业,滁州,安徽,中国,华东,办公用-标签-10002541,办公用品,标签,"Harbour Creations 运输标签, 可调",305.76,7,0.0,42.14
9914,CN-202022-3361827,2023-08-12,2023-08-15,二级,庄伟-21460,庄伟,小型企业,滁州,安徽,中国,华东,办公用-美术-10002569,办公用品,美术,"Stanley 画布, 金属",378.784,2,0.2,104.104
9918,CN-202022-2904914,2023-06-21,2023-06-26,标准级,戴松-20755,戴松,公司,肃州,甘肃,中国,西北,办公用-装订-10000648,办公用品,装订机,"Cardinal 装订机盖, 实惠",67.2,2,0.4,4.48
9925,CN-202022-1860599,2023-03-07,2023-03-13,标准级,林青-19600,林青,消费者,内江,四川,中国,西南,办公用-纸张-10001162,办公用品,纸张,"Enermax 令, 每包 12 个",304.36,2,0.0,33.32
9926,CN-202022-1860599,2023-03-07,2023-03-13,标准级,林青-19600,林青,消费者,内江,四川,中国,西南,办公用-信封-10002658,办公用品,信封,"Cameo 局间信封, 银色",1395.24,6,0.0,460.32
9932,CN-202022-2852208,2023-11-18,2023-11-22,标准级,付荣-19690,付荣,消费者,重庆,重庆,中国,西南,办公用-收纳-10004698,办公用品,收纳具,"Eldon 锁柜, 蓝色",3694.32,4,0.0,923.44
9935,US-202022-3403395,2023-12-02,2023-12-05,二级,贺鹏-19045,贺鹏,小型企业,岳阳,湖南,中国,中南,技术-复印-10000631,技术,复印机,"佳能 个人复印机, 数字化",3986.64,6,0.0,1514.52
9939,CN-202022-4829262,2023-04-12,2023-04-13,一级,黄岱-11860,黄岱,消费者,重庆,重庆,中国,西南,办公用-收纳-10001047,办公用品,收纳具,"Smead 锁柜, 蓝色",2777.88,3,0.0,1277.64
9954,US-202022-5739201,2023-10-03,2023-10-08,标准级,牛德-12190,牛德伟,消费者,衡阳,湖南,中国,中南,办公用-美术-10000575,办公用品,美术,"Binney & Smith 画布, 金属",589.344,3,0.2,-96.096
9961,CN-202022-3702485,2023-09-11,2023-09-16,标准级,彭琼-19645,彭琼,公司,临汾,山西,中国,华北,办公用-装订-10002474,办公用品,装订机,"Wilson Jones 打孔机, 回收",264.6,2,0.0,97.72
9962,CN-202022-3702485,2023-09-11,2023-09-16,标准级,彭琼-19645,彭琼,公司,临汾,山西,中国,华北,技术-复印-10002045,技术,复印机,"Hewlett 传真机, 数字化",4473.84,3,0.0,1162.98
9972,CN-202022-3557528,2023-03-04,2023-03-08,标准级,殷莲-17110,殷莲,消费者,青岛,山东,中国,华东,办公用-信封-10004110,办公用品,信封,"Ames 搭扣信封, 银色",134.4,3,0.0,1.26
9973,CN-202022-3557528,2023-03-04,2023-03-08,标准级,殷莲-17110,殷莲,消费者,青岛,山东,中国,华东,家具-用具-10002670,家具,用具,"Tenex 门挡, 黑色",614.46,3,0.0,300.72
9979,CN-202022-3434056,2023-06-12,2023-06-18,标准级,巩晒-19795,巩晒明,小型企业,十字路,山东,中国,华东,办公用-收纳-10000335,办公用品,收纳具,"Tenex 盘, 金属",497.28,2,0.0,193.76
