ROW_ID,ORDER_ID,ORDER_DATE,SHIP_DATE,SHIP_METHOD,CUSTOMER_ID,CUSTOMER_NAME,CUST_CATEGORY,CITY,PROVINCE,COUNTRY,REGION,PRODUCT_ID,CATEGORY,SUB_CATEGORY,PRODUCT_NAME,SALES,QUANTITY,DISCOUNT,PROFIT
11,CN-202020-4195213,2021-12-22,2021-12-24,二级,谢雯-21700,谢雯,小型企业,榆林,陕西,中国,西北,技术-设备-10000001,技术,设备,"爱普生 计算器, 耐用",434.28,2,0.0,4.2
44,CN-202020-2932548,2021-05-17,2021-05-22,二级,唐婉-21385,唐婉,小型企业,南昌,江西,中国,华东,办公用-收纳-10004212,办公用品,收纳具,"Fellowes 锁柜, 蓝色",1935.08,2,0.0,0.0
45,CN-202020-2932548,2021-05-17,2021-05-22,二级,唐婉-21385,唐婉,小型企业,南昌,江西,中国,华东,办公用-美术-10001691,办公用品,美术,"Sanford 钢笔, 混合尺寸",266.56,4,0.0,50.4
61,CN-202020-3232413,2021-08-24,2021-08-27,二级,袁保-10405,袁保,公司,阳江,广东,中国,中南,技术-复印-10001943,技术,复印机,"佳能 传真机, 红色",2954.84,2,0.0,1152.2
63,CN-202020-4497265,2021-01-21,2021-01-23,一级,谭君-15265,谭君,公司,曲阜,山东,中国,华东,办公用-标签-10002381,办公用品,标签,"Harbour Creations 运输标签, 耐用",276.5,5,0.0,132.3
64,CN-202020-4497265,2021-01-21,2021-01-23,一级,谭君-15265,谭君,公司,曲阜,山东,中国,华东,办公用-系固-10004216,办公用品,系固件,"Stockwell 回形针, 混合尺寸",255.5,5,0.0,51.1
66,US-202020-3767771,2021-12-19,2021-12-24,标准级,陶武-21880,陶武,公司,孝感,湖北,中国,中南,办公用-器具-10003836,办公用品,器具,"Hoover 微波炉, 黑色",6900.768,8,0.4,-3106.432
67,US-202020-1166331,2021-10-31,2021-11-01,当日,陶聪-11725,陶聪,消费者,浏阳,湖南,中国,中南,办公用-美术-10002740,办公用品,美术,"Stanley 速写本, 蓝色",497.616,3,0.2,-37.464
68,US-202020-1166331,2021-10-31,2021-11-01,当日,陶聪-11725,陶聪,消费者,浏阳,湖南,中国,中南,办公用-纸张-10002104,办公用品,纸张,"Green Bar 计划信息表, 每包 12 个",391.02,3,0.0,23.1
76,US-202020-3275681,2021-02-02,2021-02-06,二级,黄丽-15835,黄丽,消费者,椒江,浙江,中国,华东,办公用-用品-10001427,办公用品,用品,"Elite 大剪刀, 蓝色",658.14,5,0.4,-33.46
77,CN-202020-5821791,2021-12-23,2021-12-27,标准级,倪幂-18085,倪幂,消费者,西安,陕西,中国,西北,办公用-系固-10000833,办公用品,系固件,"Accos 橡皮筋, 每包 12 个",150.36,2,0.0,23.8
78,CN-202020-5821791,2021-12-23,2021-12-27,标准级,倪幂-18085,倪幂,消费者,西安,陕西,中国,西北,办公用-标签-10000918,办公用品,标签,"Hon 圆形标签, 耐用",98.7,3,0.0,16.38
79,CN-202020-5821791,2021-12-23,2021-12-27,标准级,倪幂-18085,倪幂,消费者,西安,陕西,中国,西北,办公用-标签-10002018,办公用品,标签,"Novimex 合法证物标签, 可调",78.12,2,0.0,16.24
85,CN-202020-4861225,2021-06-01,2021-06-06,标准级,韦立-16915,韦立,消费者,上海,上海,中国,华东,办公用-信封-10002440,办公用品,信封,"Ames 外皮和封条, 回收",571.34,7,0.0,194.04
86,CN-202020-4861225,2021-06-01,2021-06-06,标准级,韦立-16915,韦立,消费者,上海,上海,中国,华东,家具-用具-10002471,家具,用具,"Tenex 分层置放架, 黑色",588.7,5,0.0,123.2
89,US-202020-1357144,2021-12-14,2021-12-18,标准级,郝升-20095,郝升,消费者,武汉,湖北,中国,中南,技术-电话-10002696,技术,电话,"思科 充电器, 混合尺寸",7327.488,4,0.4,-3664.192
90,CN-202020-5926511,2021-11-17,2021-11-22,标准级,程聪-11620,程聪,消费者,韩城,陕西,中国,西北,办公用-装订-10000287,办公用品,装订机,"Wilson Jones 孔加固材料, 实惠",42.28,2,0.0,10.08
91,CN-202020-5926511,2021-11-17,2021-11-22,标准级,程聪-11620,程聪,消费者,韩城,陕西,中国,西北,办公用-收纳-10001262,办公用品,收纳具,"Eldon 搁板, 金属",664.86,3,0.0,186.06
92,CN-202020-5926511,2021-11-17,2021-11-22,标准级,程聪-11620,程聪,消费者,韩城,陕西,中国,西北,办公用-收纳-10003464,办公用品,收纳具,"Rogers 盘, 金属",567.0,2,0.0,243.6
93,CN-202020-5926511,2021-11-17,2021-11-22,标准级,程聪-11620,程聪,消费者,韩城,陕西,中国,西北,办公用-收纳-10004132,办公用品,收纳具,"Rogers 盘, 工业",580.16,2,0.0,255.08
127,US-202020-3737485,2021-12-24,2021-12-26,二级,马惠-14335,马惠英,公司,杭州,浙江,中国,华东,技术-配件-10004773,技术,配件,"贝尔金 闪存驱动器, 回收",556.5,5,0.4,-343.7
141,US-202020-5294254,2021-10-28,2021-10-28,当日,罗嫒-10060,罗嫒,小型企业,杭州,浙江,中国,华东,家具-用具-10004218,家具,用具,"Tenex 相框, 一包多件",435.96,3,0.4,-72.66
186,CN-202020-1928578,2021-09-13,2021-09-14,一级,许绅-19960,许绅,消费者,兰州,甘肃,中国,西北,办公用-信封-10001500,办公用品,信封,"Ames 外皮和封条, 银色",196.84,2,0.0,13.72
187,CN-202020-1928578,2021-09-13,2021-09-14,一级,许绅-19960,许绅,消费者,兰州,甘肃,中国,西北,办公用-系固-10003277,办公用品,系固件,"Stockwell 图钉, 每包 12 个",351.96,10,0.4,17.36
188,CN-202020-1928578,2021-09-13,2021-09-14,一级,许绅-19960,许绅,消费者,兰州,甘肃,中国,西北,办公用-装订-10003117,办公用品,装订机,"Wilson Jones 标签, 耐用",66.78,3,0.4,-33.6
189,CN-202020-2648094,2021-11-07,2021-11-12,标准级,彭雯-21790,彭雯,消费者,廉洲,广东,中国,中南,技术-复印-10003759,技术,复印机,"Hewlett 复印机, 红色",7332.36,6,0.0,2639.28
190,CN-202020-2648094,2021-11-07,2021-11-12,标准级,彭雯-21790,彭雯,消费者,廉洲,广东,中国,中南,技术-电话-10002235,技术,电话,"诺基亚 音频基座, 混合尺寸",3165.68,4,0.0,1360.8
192,US-202020-1900777,2021-12-26,2021-12-31,标准级,苏冬-12430,苏冬露,小型企业,包头,内蒙古,中国,华北,办公用-系固-10002980,办公用品,系固件,"Accos 夹子, 整包",162.792,3,0.4,-84.168
193,US-202020-1900777,2021-12-26,2021-12-31,标准级,苏冬-12430,苏冬露,小型企业,包头,内蒙古,中国,华北,办公用-装订-10004829,办公用品,装订机,"Avery 孔加固材料, 透明",32.508,3,0.4,-9.072
194,US-202020-1900777,2021-12-26,2021-12-31,标准级,苏冬-12430,苏冬露,小型企业,包头,内蒙古,中国,华北,办公用-收纳-10003736,办公用品,收纳具,"Rogers 文件夹, 单宽度",286.72,2,0.0,82.88
195,US-202020-1900777,2021-12-26,2021-12-31,标准级,苏冬-12430,苏冬露,小型企业,包头,内蒙古,中国,华北,办公用-收纳-10000501,办公用品,收纳具,"Tenex 盘, 工业",1276.1,5,0.0,561.4
196,US-202020-1900777,2021-12-26,2021-12-31,标准级,苏冬-12430,苏冬露,小型企业,包头,内蒙古,中国,华北,办公用-信封-10002358,办公用品,信封,"GlobeWeis 局间信封, 红色",1198.4,5,0.0,527.1
197,US-202020-1900777,2021-12-26,2021-12-31,标准级,苏冬-12430,苏冬露,小型企业,包头,内蒙古,中国,华北,技术-设备-10004218,技术,设备,"松下 收据打印机, 多色",338.52,1,0.4,39.48
202,US-202020-3069391,2021-02-01,2021-02-05,标准级,贺丹-11950,贺丹,消费者,成都,四川,中国,西南,家具-椅子-10000519,家具,椅子,"SAFCO 扶手椅, 黑色",2570.4,2,0.4,-556.92
203,US-202020-3069391,2021-02-01,2021-02-05,标准级,贺丹-11950,贺丹,消费者,成都,四川,中国,西南,技术-配件-10001141,技术,配件,"贝尔金 键盘, 实惠",939.456,4,0.4,156.576
221,US-202020-1255631,2021-01-30,2021-02-03,二级,范晒-19780,范晒明,消费者,朗乡,黑龙江,中国,东北,办公用-美术-10000410,办公用品,美术,"BIC 铅笔刀, 金属",226.016,2,0.2,-42.504
222,US-202020-1255631,2021-01-30,2021-02-03,二级,范晒-19780,范晒明,消费者,朗乡,黑龙江,中国,东北,办公用-用品-10002431,办公用品,用品,"Kleencut 剪刀, 锯齿状",354.48,4,0.0,109.76
223,US-202020-1255631,2021-01-30,2021-02-03,二级,范晒-19780,范晒明,消费者,朗乡,黑龙江,中国,东北,办公用-标签-10000058,办公用品,标签,"Novimex 运输标签, 白色",153.72,3,0.0,72.24
224,US-202020-1255631,2021-01-30,2021-02-03,二级,范晒-19780,范晒明,消费者,朗乡,黑龙江,中国,东北,技术-配件-10000196,技术,配件,"罗技 闪存驱动器, 可编程",746.9,5,0.0,149.1
225,US-202020-1255631,2021-01-30,2021-02-03,二级,范晒-19780,范晒明,消费者,朗乡,黑龙江,中国,东北,办公用-装订-10003513,办公用品,装订机,"Acco 标签, 耐用",141.12,3,0.0,36.54
226,US-202020-1255631,2021-01-30,2021-02-03,二级,范晒-19780,范晒明,消费者,朗乡,黑龙江,中国,东北,办公用-器具-10003122,办公用品,器具,"Breville 炉灶, 红色",5241.04,2,0.0,1624.56
227,US-202020-1255631,2021-01-30,2021-02-03,二级,范晒-19780,范晒明,消费者,朗乡,黑龙江,中国,东北,家具-椅子-10000989,家具,椅子,"Office Star 摇椅, 每套两件",2672.32,4,0.0,80.08
228,US-202020-1255631,2021-01-30,2021-02-03,二级,范晒-19780,范晒明,消费者,朗乡,黑龙江,中国,东北,技术-配件-10001323,技术,配件,"罗技 记忆卡, 可编程",1957.76,4,0.0,215.04
231,US-202020-5555490,2021-09-19,2021-09-24,二级,沈彩-10750,沈彩,消费者,呼和浩特,内蒙古,中国,华北,技术-电话-10001357,技术,电话,"摩托罗拉 办公室电话机, 混合尺寸",626.724,3,0.4,-251.076
232,US-202020-5555490,2021-09-19,2021-09-24,二级,沈彩-10750,沈彩,消费者,呼和浩特,内蒙古,中国,华北,办公用-标签-10001132,办公用品,标签,"Smead 有色标签, 耐用",62.72,1,0.0,25.62
236,CN-202020-3174894,2021-03-22,2021-03-27,二级,郭冬-12415,郭冬露,消费者,遂宁,四川,中国,西南,办公用-标签-10002765,办公用品,标签,"Novimex 可去除的标签, 可调",72.52,2,0.0,1.96
237,CN-202020-5340374,2021-12-17,2021-12-21,标准级,白忠-11515,白忠,消费者,秦皇岛,河北,中国,华北,办公用-用品-10002573,办公用品,用品,"Fiskars 尺子, 工业",149.8,2,0.0,22.4
247,CN-202020-4590873,2021-10-03,2021-10-07,二级,薛婷-21070,薛婷,消费者,开原,辽宁,中国,东北,办公用-纸张-10003534,办公用品,纸张,"Green Bar 笔记本, 每包 12 个",475.02,3,0.0,52.08
248,CN-202020-4590873,2021-10-03,2021-10-07,二级,薛婷-21070,薛婷,消费者,开原,辽宁,中国,东北,办公用-收纳-10002846,办公用品,收纳具,"Rogers 搁板, 工业",584.36,2,0.0,11.48
268,US-202020-4650370,2021-08-10,2021-08-12,二级,陈健-14545,陈健,公司,成都,四川,中国,西南,技术-电话-10002032,技术,电话,"苹果 耳机, 蓝色",410.256,2,0.4,-68.544
278,CN-202020-2686699,2021-11-25,2021-11-30,二级,程德-12040,程德,小型企业,宜春,江西,中国,华东,家具-用具-10004218,家具,用具,"Tenex 相框, 一包多件",1211.0,5,0.0,363.3
279,CN-202020-2686699,2021-11-25,2021-11-30,二级,程德-12040,程德,小型企业,宜春,江西,中国,华东,技术-配件-10004550,技术,配件,"Memorex 路由器, 可编程",2311.96,2,0.0,346.64
287,CN-202020-5171199,2021-09-25,2021-09-29,标准级,刘明-18295,刘明,公司,厦门,福建,中国,华东,技术-电话-10002323,技术,电话,"诺基亚 充电器, 整包",5937.4,2,0.0,1959.16
288,CN-202020-5171199,2021-09-25,2021-09-29,标准级,刘明-18295,刘明,公司,厦门,福建,中国,华东,技术-复印-10000971,技术,复印机,"Brother 墨水, 彩色",2776.48,4,0.0,82.88
289,CN-202020-5171199,2021-09-25,2021-09-29,标准级,刘明-18295,刘明,公司,厦门,福建,中国,华东,家具-书架-10004416,家具,书架,"Bush 墙角架, 黑色",1169.84,2,0.0,385.84
290,CN-202020-5171199,2021-09-25,2021-09-29,标准级,刘明-18295,刘明,公司,厦门,福建,中国,华东,办公用-器具-10002942,办公用品,器具,"KitchenAid 炉灶, 红色",15964.2,6,0.0,3512.04
291,CN-202020-5171199,2021-09-25,2021-09-29,标准级,刘明-18295,刘明,公司,厦门,福建,中国,华东,办公用-系固-10002857,办公用品,系固件,"Advantus 橡皮筋, 整包",154.84,2,0.0,50.96
292,CN-202020-5171199,2021-09-25,2021-09-29,标准级,刘明-18295,刘明,公司,厦门,福建,中国,华东,办公用-收纳-10004393,办公用品,收纳具,"Rogers 文件车, 金属",1969.38,3,0.0,255.78
293,CN-202020-5171199,2021-09-25,2021-09-29,标准级,刘明-18295,刘明,公司,厦门,福建,中国,华东,家具-椅子-10001207,家具,椅子,"Office Star 扶手椅, 可调",15350.72,7,0.0,7214.76
294,CN-202020-5171199,2021-09-25,2021-09-29,标准级,刘明-18295,刘明,公司,厦门,福建,中国,华东,办公用-收纳-10000103,办公用品,收纳具,"Tenex 文件夹, 蓝色",325.08,3,0.0,68.04
326,CN-202020-3095328,2021-02-11,2021-02-17,标准级,邓保-10375,邓保,消费者,海门,广东,中国,中南,家具-用具-10000753,家具,用具,"Deflect-O 灯泡, 一包多件",177.8,2,0.0,69.16
331,CN-202020-1182921,2021-05-13,2021-05-18,标准级,唐蔓-18010,唐蔓楚,公司,宣化,河北,中国,华北,办公用-用品-10004429,办公用品,用品,"Stiletto 修剪器, 锯齿状",368.2,2,0.0,21.84
332,CN-202020-1182921,2021-05-13,2021-05-18,标准级,唐蔓-18010,唐蔓楚,公司,宣化,河北,中国,华北,家具-桌子-10001852,家具,桌子,"Bevis 会议桌, 组装",35621.355,11,0.25,-2375.065
333,CN-202020-1182921,2021-05-13,2021-05-18,标准级,唐蔓-18010,唐蔓楚,公司,宣化,河北,中国,华北,办公用-器具-10001602,办公用品,器具,"Hoover 微波炉, 银色",11550.56,8,0.0,1385.44
356,US-202020-4719760,2021-11-07,2021-11-12,标准级,葛欢-14215,葛欢,公司,集宁,内蒙古,中国,华北,办公用-装订-10001547,办公用品,装订机,"Ibico 孔加固材料, 回收",41.16,2,0.4,-4.2
357,US-202020-4719760,2021-11-07,2021-11-12,标准级,葛欢-14215,葛欢,公司,集宁,内蒙古,中国,华北,办公用-美术-10001817,办公用品,美术,"Stanley 荧光笔, 蓝色",96.04,7,0.8,-332.22
358,US-202020-4719760,2021-11-07,2021-11-12,标准级,葛欢-14215,葛欢,公司,集宁,内蒙古,中国,华北,家具-书架-10002724,家具,书架,"Sauder 墙角架, 白色",2097.48,5,0.4,-489.72
359,US-202020-4719760,2021-11-07,2021-11-12,标准级,葛欢-14215,葛欢,公司,集宁,内蒙古,中国,华北,家具-书架-10004000,家具,书架,"Sauder 墙角架, 金属",2876.496,7,0.4,-1870.624
360,US-202020-4719760,2021-11-07,2021-11-12,标准级,葛欢-14215,葛欢,公司,集宁,内蒙古,中国,华北,办公用-装订-10001257,办公用品,装订机,"Ibico 打孔机, 实惠",170.52,2,0.4,-59.92
361,US-202020-4719760,2021-11-07,2021-11-12,标准级,葛欢-14215,葛欢,公司,集宁,内蒙古,中国,华北,技术-电话-10001493,技术,电话,"三星 充电器, 整包",3562.944,2,0.4,-772.016
378,CN-202020-2491194,2021-08-22,2021-08-27,标准级,钱宁-18655,钱宁,公司,双阳,吉林,中国,东北,技术-配件-10004442,技术,配件,"贝尔金 路由器, 耐用",2416.96,2,0.0,1015.0
379,CN-202020-2491194,2021-08-22,2021-08-27,标准级,钱宁-18655,钱宁,公司,双阳,吉林,中国,东北,办公用-装订-10003846,办公用品,装订机,"Cardinal 装订机, 耐用",286.16,4,0.0,71.12
393,CN-202020-5929986,2021-05-31,2021-06-05,二级,沈婷-21130,沈婷,消费者,广州,广东,中国,中南,办公用-标签-10002535,办公用品,标签,"Hon 可去除的标签, 耐用",248.5,5,0.0,49.7
398,US-202020-4525677,2021-11-24,2021-11-28,标准级,夏松-20665,夏松,小型企业,启东,江苏,中国,华东,家具-椅子-10002303,家具,椅子,"Harbour Creations 椅垫, 红色",2016.0,10,0.4,-134.4
418,CN-202020-2829745,2021-08-31,2021-09-05,标准级,庄伟-21460,庄伟,小型企业,肇庆,广东,中国,中南,办公用-装订-10002814,办公用品,装订机,"Cardinal 打孔机, 透明",923.16,7,0.0,286.16
419,CN-202020-2829745,2021-08-31,2021-09-05,标准级,庄伟-21460,庄伟,小型企业,肇庆,广东,中国,中南,办公用-美术-10001691,办公用品,美术,"Sanford 钢笔, 混合尺寸",266.56,5,0.2,-3.64
420,CN-202020-2829745,2021-08-31,2021-09-05,标准级,庄伟-21460,庄伟,小型企业,肇庆,广东,中国,中南,家具-书架-10002309,家具,书架,"宜家 墙角架, 黑色",1741.74,3,0.0,191.52
421,CN-202020-2829745,2021-08-31,2021-09-05,标准级,庄伟-21460,庄伟,小型企业,肇庆,广东,中国,中南,办公用-收纳-10001047,办公用品,收纳具,"Smead 锁柜, 蓝色",6481.72,7,0.0,2981.16
422,CN-202020-2829745,2021-08-31,2021-09-05,标准级,庄伟-21460,庄伟,小型企业,肇庆,广东,中国,中南,办公用-器具-10002119,办公用品,器具,"KitchenAid 搅拌机, 红色",5535.6,12,0.0,2158.8
423,CN-202020-2477297,2021-11-11,2021-11-15,标准级,邵娜-18565,邵娜,小型企业,合肥,安徽,中国,华东,办公用-装订-10003699,办公用品,装订机,"Acco 装订机盖, 透明",119.28,2,0.0,1.12
424,US-202020-5552260,2021-11-13,2021-11-17,标准级,徐菊-15070,徐菊,消费者,杭州,浙江,中国,华东,办公用-用品-10000347,办公用品,用品,"Stiletto 尺子, 锯齿状",162.12,5,0.4,-68.18
432,US-202020-2531621,2021-10-19,2021-10-23,二级,刘婵-10945,刘婵,消费者,肃州,甘肃,中国,西北,技术-配件-10002176,技术,配件,"贝尔金 鼠标, 耐用",802.032,7,0.4,-227.948
433,US-202020-2531621,2021-10-19,2021-10-23,二级,刘婵-10945,刘婵,消费者,肃州,甘肃,中国,西北,技术-设备-10000750,技术,设备,"冲电器 计算器, 红色",692.16,5,0.4,-184.94
434,US-202020-2531621,2021-10-19,2021-10-23,二级,刘婵-10945,刘婵,消费者,肃州,甘肃,中国,西北,家具-椅子-10003805,家具,椅子,"Hon 扶手椅, 每套两件",3858.876,3,0.4,-129.024
457,CN-202020-3883671,2021-11-25,2021-12-01,标准级,田江-14635,田江丽,公司,南昌,江西,中国,华东,办公用-美术-10003822,办公用品,美术,"BIC 钢笔, 蓝色",866.32,13,0.0,389.48
458,CN-202020-3883671,2021-11-25,2021-12-01,标准级,田江-14635,田江丽,公司,南昌,江西,中国,华东,技术-复印-10000950,技术,复印机,"佳能 传真机, 彩色",4477.62,3,0.0,1790.88
462,US-202020-5434393,2021-09-21,2021-09-25,标准级,林青-19600,林青,消费者,大连,辽宁,中国,东北,家具-书架-10003672,家具,书架,"Safco 书库, 传统",4365.648,4,0.4,-1455.552
463,US-202020-5434393,2021-09-21,2021-09-25,标准级,林青-19600,林青,消费者,大连,辽宁,中国,东北,家具-桌子-10002002,家具,桌子,"Hon 木桌, 黑色",2975.448,3,0.6,-3570.672
473,CN-202020-2146974,2021-11-03,2021-11-08,二级,傅晨-11110,傅晨,公司,贵阳,贵州,中国,西南,技术-电话-10001136,技术,电话,"思科 耳机, 混合尺寸",2130.1,5,0.0,298.2
474,CN-202020-2146974,2021-11-03,2021-11-08,二级,傅晨-11110,傅晨,公司,贵阳,贵州,中国,西南,技术-复印-10003468,技术,复印机,"佳能 个人复印机, 红色",2630.88,5,0.2,-657.72
493,CN-202020-2121055,2021-08-09,2021-08-13,二级,贺虹-13810,贺虹,公司,深圳,广东,中国,中南,办公用-器具-10002081,办公用品,器具,"Hamilton Beach 炉灶, 白色",5044.48,2,0.0,1109.64
494,CN-202020-2121055,2021-08-09,2021-08-13,二级,贺虹-13810,贺虹,公司,深圳,广东,中国,中南,办公用-信封-10000567,办公用品,信封,"Jiffy 邮寄品, 回收",671.44,4,0.0,335.44
495,CN-202020-2121055,2021-08-09,2021-08-13,二级,贺虹-13810,贺虹,公司,深圳,广东,中国,中南,办公用-用品-10003717,办公用品,用品,"Elite 开信刀, 蓝色",254.8,2,0.0,2.52
496,CN-202020-2121055,2021-08-09,2021-08-13,二级,贺虹-13810,贺虹,公司,深圳,广东,中国,中南,家具-桌子-10002750,家具,桌子,"Bevis 咖啡桌, 长方形",2210.25,2,0.25,-206.43
508,CN-202020-5781167,2021-06-18,2021-06-20,二级,杨健-14605,杨健,消费者,安达,黑龙江,中国,东北,办公用-标签-10004976,办公用品,标签,"Hon 可去除的标签, 红色",141.12,3,0.0,30.66
525,CN-202020-1776641,2021-02-14,2021-02-14,当日,徐蔓-17965,徐蔓楚,公司,东莞,广东,中国,中南,办公用-装订-10000416,办公用品,装订机,"Acco 订书机, 耐用",736.26,3,0.0,198.66
527,US-202020-5672005,2021-10-14,2021-10-19,标准级,夏明-18355,夏明媚,公司,武汉,湖北,中国,中南,家具-椅子-10004343,家具,椅子,"Novimex 椅垫, 黑色",603.792,4,0.4,-362.768
528,US-202020-5672005,2021-10-14,2021-10-19,标准级,夏明-18355,夏明媚,公司,武汉,湖北,中国,中南,办公用-收纳-10003808,办公用品,收纳具,"Fellowes 盘, 蓝色",267.82,1,0.0,61.46
529,US-202020-5672005,2021-10-14,2021-10-19,标准级,夏明-18355,夏明媚,公司,武汉,湖北,中国,中南,家具-用具-10001691,家具,用具,"Eldon 灯泡, 优质",66.696,1,0.4,-28.924
543,US-202020-1597983,2021-08-12,2021-08-14,二级,常升-20020,常升,消费者,杭州,浙江,中国,华东,技术-配件-10000166,技术,配件,"罗技 鼠标, 可编程",344.736,4,0.4,-23.184
544,US-202020-1597983,2021-08-12,2021-08-14,二级,常升-20020,常升,消费者,杭州,浙江,中国,华东,技术-电话-10003837,技术,电话,"思科 信号增强器, 整包",1276.128,3,0.4,-744.492
555,CN-202020-5477816,2021-02-15,2021-02-18,一级,余舟-11455,余舟,小型企业,梨树,吉林,中国,东北,家具-用具-10003276,家具,用具,"Tenex 分层置放架, 优质",445.2,4,0.0,213.36
556,CN-202020-5477816,2021-02-15,2021-02-18,一级,余舟-11455,余舟,小型企业,梨树,吉林,中国,东北,办公用-标签-10004705,办公用品,标签,"Harbour Creations 合法证物标签, 可调",165.2,4,0.0,1.12
557,CN-202020-5477816,2021-02-15,2021-02-18,一级,余舟-11455,余舟,小型企业,梨树,吉林,中国,东北,技术-配件-10003034,技术,配件,"Memorex 闪存驱动器, 回收",253.96,2,0.0,78.68
558,CN-202020-5278404,2021-11-22,2021-11-22,当日,付松-20650,付松,公司,邢台,河北,中国,华北,技术-复印-10003040,技术,复印机,"佳能 无线传真机, 红色",15828.12,9,0.0,6013.98
559,CN-202020-2560726,2021-12-07,2021-12-11,标准级,马实-20215,马实,消费者,洛阳,福建,中国,华东,办公用-装订-10002241,办公用品,装订机,"Cardinal 订书机, 透明",689.22,3,0.0,89.46
612,CN-202020-2252147,2021-09-08,2021-09-08,当日,陶昌-11065,陶昌,消费者,岳阳,湖南,中国,中南,办公用-装订-10000548,办公用品,装订机,"Avery 孔加固材料, 实惠",41.16,2,0.0,18.76
613,CN-202020-2252147,2021-09-08,2021-09-08,当日,陶昌-11065,陶昌,消费者,岳阳,湖南,中国,中南,办公用-装订-10004840,办公用品,装订机,"Cardinal 孔加固材料, 透明",89.6,4,0.0,9.52
614,CN-202020-2252147,2021-09-08,2021-09-08,当日,陶昌-11065,陶昌,消费者,岳阳,湖南,中国,中南,办公用-系固-10002536,办公用品,系固件,"Stockwell 橡皮筋, 每包 12 个",290.64,4,0.0,113.12
615,CN-202020-2252147,2021-09-08,2021-09-08,当日,陶昌-11065,陶昌,消费者,岳阳,湖南,中国,中南,办公用-器具-10002966,办公用品,器具,"Cuisinart 冰箱, 红色",9260.16,4,0.0,3703.84
618,CN-202020-5754536,2021-09-24,2021-09-26,二级,洪梦-18205,洪梦,公司,唐山,河北,中国,华北,办公用-用品-10001088,办公用品,用品,"Fiskars 美工刀, 钢",977.76,6,0.0,400.68
619,CN-202020-5754536,2021-09-24,2021-09-26,二级,洪梦-18205,洪梦,公司,唐山,河北,中国,华北,办公用-纸张-10003543,办公用品,纸张,"Enermax 笔记本, 优质",266.0,2,0.0,31.92
620,CN-202020-5754536,2021-09-24,2021-09-26,二级,洪梦-18205,洪梦,公司,唐山,河北,中国,华北,家具-书架-10004172,家具,书架,"Safco 柜, 传统",1575.84,2,0.0,724.64
621,CN-202020-5754536,2021-09-24,2021-09-26,二级,洪梦-18205,洪梦,公司,唐山,河北,中国,华北,办公用-纸张-10000976,办公用品,纸张,"SanDisk 笔记本, 回收",416.22,3,0.0,107.94
634,CN-202020-3969050,2021-10-07,2021-10-09,二级,贺鹏-19060,贺鹏,小型企业,石嘴山,宁夏,中国,西北,办公用-美术-10000757,办公用品,美术,"Boston 记号笔, 混合尺寸",275.8,2,0.0,82.6
655,CN-202020-1137701,2021-06-03,2021-06-07,标准级,毛丽-16225,毛丽美,公司,泗水,山东,中国,华东,技术-配件-10003885,技术,配件,"Enermax 闪存驱动器, 可编程",401.52,2,0.0,84.28
674,CN-202020-3834707,2021-11-07,2021-11-11,标准级,傅晨-11110,傅晨,公司,兰州,甘肃,中国,西北,办公用-纸张-10001036,办公用品,纸张,"Eaton 备忘录便条, 回收",254.8,4,0.0,40.32
675,CN-202020-3834707,2021-11-07,2021-11-11,标准级,傅晨-11110,傅晨,公司,兰州,甘肃,中国,西北,家具-椅子-10003924,家具,椅子,"Novimex 扶手椅, 可调",1289.232,1,0.4,-64.568
676,CN-202020-4451680,2021-03-28,2021-04-02,标准级,毛丽-16225,毛丽美,公司,集宁,内蒙古,中国,华北,技术-设备-10001362,技术,设备,"冲电器 卡片打印机, 多色",1476.972,3,0.4,221.172
684,CN-202020-4217149,2021-01-22,2021-01-27,标准级,徐岱-11875,徐岱,公司,西安,陕西,中国,西北,办公用-收纳-10003464,办公用品,收纳具,"Rogers 盘, 金属",1701.0,6,0.0,730.8
685,CN-202020-4217149,2021-01-22,2021-01-27,标准级,徐岱-11875,徐岱,公司,西安,陕西,中国,西北,办公用-装订-10004255,办公用品,装订机,"Acco 打孔机, 回收",284.48,2,0.0,108.08
689,CN-202020-1529712,2021-07-02,2021-07-07,标准级,苏姝-20485,苏姝,小型企业,肇东,黑龙江,中国,东北,技术-设备-10004713,技术,设备,"松下 计算器, 红色",1106.7,5,0.0,276.5
706,CN-202020-3874208,2021-11-11,2021-11-17,标准级,潘涛-21205,潘涛,公司,咸阳,陕西,中国,西北,办公用-系固-10002197,办公用品,系固件,"Stockwell 回形针, 整包",129.64,2,0.0,63.28
722,CN-202020-5720978,2021-06-10,2021-06-14,标准级,余凤-13060,余凤,消费者,塘沽,天津,中国,华北,家具-书架-10004132,家具,书架,"Safco 书库, 金属",5449.5,3,0.0,599.34
727,CN-202020-2919347,2021-07-06,2021-07-10,标准级,邱芯-13930,邱芯,消费者,秦皇岛,河北,中国,华北,技术-电话-10001136,技术,电话,"思科 耳机, 混合尺寸",1278.06,3,0.0,178.92
730,CN-202020-2859473,2021-08-09,2021-08-13,标准级,袁廷-21325,袁廷,消费者,晋江,海南,中国,中南,家具-书架-10003619,家具,书架,"Sauder 书库, 传统",5426.82,3,0.0,2333.52
760,CN-202020-2213009,2021-02-13,2021-02-18,二级,赵升-20065,赵升,消费者,边庄,山东,中国,华东,技术-配件-10000246,技术,配件,"贝尔金 记忆卡, 可编程",542.78,1,0.0,184.52
761,CN-202020-2213009,2021-02-13,2021-02-18,二级,赵升-20065,赵升,消费者,边庄,山东,中国,华东,技术-电话-10001271,技术,电话,"摩托罗拉 耳机, 整包",745.08,2,0.0,260.68
762,CN-202020-2213009,2021-02-13,2021-02-18,二级,赵升-20065,赵升,消费者,边庄,山东,中国,华东,办公用-装订-10001062,办公用品,装订机,"Acco 订书机, 回收",1680.7,7,0.0,386.12
763,CN-202020-2213009,2021-02-13,2021-02-18,二级,赵升-20065,赵升,消费者,边庄,山东,中国,华东,技术-配件-10001134,技术,配件,"Enermax 鼠标, 回收",355.6,2,0.0,7.0
772,US-202020-5956912,2021-11-17,2021-11-18,一级,佟虹-13885,佟虹,小型企业,武汉,湖北,中国,中南,办公用-美术-10003042,办公用品,美术,"Stanley 钢笔, 蓝色",28.14,3,0.8,-73.5
782,CN-202020-4448319,2021-03-08,2021-03-12,标准级,万刚-13195,万刚,公司,福州,福建,中国,华东,办公用-装订-10000762,办公用品,装订机,"Ibico 装订机盖, 回收",523.04,8,0.0,94.08
783,CN-202020-4448319,2021-03-08,2021-03-12,标准级,万刚-13195,万刚,公司,福州,福建,中国,华东,家具-椅子-10001287,家具,椅子,"Hon 摇椅, 黑色",1794.66,3,0.0,215.04
792,CN-202020-3122639,2021-12-14,2021-12-16,二级,韦诚-11365,韦诚,公司,开化,云南,中国,西南,办公用-信封-10000396,办公用品,信封,"Ames 商业信封, 每套 50 个",546.56,8,0.0,64.96
793,CN-202020-3122639,2021-12-14,2021-12-16,二级,韦诚-11365,韦诚,公司,开化,云南,中国,西南,办公用-美术-10004489,办公用品,美术,"Boston 画布, 金属",1024.8,4,0.0,204.96
794,CN-202020-3122639,2021-12-14,2021-12-16,二级,韦诚-11365,韦诚,公司,开化,云南,中国,西南,办公用-器具-10003452,办公用品,器具,"KitchenAid 搅拌机, 黑色",917.28,2,0.0,366.8
800,CN-202020-5278891,2021-08-03,2021-08-09,标准级,吕兰-15700,吕兰,消费者,新野,河南,中国,中南,办公用-纸张-10002524,办公用品,纸张,"施乐 羊皮纸, 回收",122.92,2,0.0,9.8
820,CN-202020-4114478,2021-08-22,2021-08-27,标准级,陈健-14545,陈健,公司,沅江,湖南,中国,中南,办公用-信封-10004939,办公用品,信封,"Kraft 商业信封, 红色",466.2,5,0.0,46.2
832,CN-202020-5278891,2021-12-27,2021-12-31,二级,程根-13210,程根基,消费者,佳木斯,黑龙江,中国,东北,办公用-信封-10003644,办公用品,信封,"Kraft 外皮和封条, 回收",270.06,3,0.0,75.6
847,US-202020-4517151,2021-05-10,2021-05-16,标准级,谭临-17455,谭临耀,消费者,武汉,湖北,中国,中南,办公用-系固-10004244,办公用品,系固件,"Advantus 橡皮筋, 混合尺寸",314.496,8,0.4,-205.184
879,US-202020-4164715,2021-11-16,2021-11-22,标准级,唐欢-14170,唐欢悦,消费者,杭州,浙江,中国,华东,办公用-系固-10003387,办公用品,系固件,"Advantus 回形针, 金属",78.792,2,0.4,-14.448
886,CN-202020-2501800,2021-07-04,2021-07-08,标准级,冯婷-21040,冯婷,小型企业,长治,山西,中国,华北,家具-用具-10000470,家具,用具,"Advantus 框架, 优质",4096.96,8,0.0,1351.84
908,CN-202020-2664017,2021-12-21,2021-12-21,当日,佘莲-17050,佘莲,消费者,天津,天津,中国,华北,办公用-收纳-10000254,办公用品,收纳具,"Tenex 文件夹, 单宽度",325.5,3,0.0,9.66
909,CN-202020-2664017,2021-12-21,2021-12-21,当日,佘莲-17050,佘莲,消费者,天津,天津,中国,华北,家具-书架-10004733,家具,书架,"宜家 古典书架, 白色",5799.78,3,0.0,1623.72
910,CN-202020-2501800,2021-11-11,2021-11-16,标准级,马丽-15910,马丽,消费者,乌海,内蒙古,中国,华北,办公用-信封-10000866,办公用品,信封,"Jiffy 外皮和封条, 银色",209.16,2,0.0,98.28
916,US-202020-3767771,2021-12-08,2021-12-11,一级,严诚-11395,严诚,公司,张掖,甘肃,中国,西北,办公用-用品-10004471,办公用品,用品,"Kleencut 大剪刀, 钢",646.38,5,0.4,53.48
930,CN-202020-1893791,2021-09-14,2021-09-17,二级,柯丽-15880,柯丽,消费者,安庆,安徽,中国,华东,家具-用具-10003544,家具,用具,"Rubvermaid 门挡, 黑色",1022.0,5,0.0,306.6
931,CN-202020-1893791,2021-09-14,2021-09-17,二级,柯丽-15880,柯丽,消费者,安庆,安徽,中国,华东,技术-电话-10001791,技术,电话,"摩托罗拉 智能手机, 全尺寸",1223.32,2,0.0,85.4
940,CN-202020-1511005,2021-03-30,2021-04-02,一级,郝立-16570,郝立勤,消费者,贵溪,江西,中国,华东,办公用-用品-10004161,办公用品,用品,"Kleencut 修剪器, 工业",401.8,2,0.0,40.04
942,CN-202020-4870971,2021-06-14,2021-06-19,标准级,范刚-13135,范刚,消费者,南平,福建,中国,华东,办公用-系固-10003889,办公用品,系固件,"OIC 图钉, 金属",132.44,2,0.0,46.2
943,CN-202020-4870971,2021-06-14,2021-06-19,标准级,范刚-13135,范刚,消费者,南平,福建,中国,华东,技术-配件-10004611,技术,配件,"Memorex 键盘, 可编程",1019.76,3,0.0,112.14
947,CN-202020-3064630,2021-01-18,2021-01-23,二级,贾松-20590,贾松,消费者,颍上城关镇,安徽,中国,华东,办公用-系固-10003116,办公用品,系固件,"OIC 订书钉, 每包 12 个",100.52,2,0.0,36.96
979,CN-202020-2105676,2021-08-27,2021-08-30,一级,钟宣-20860,钟宣,公司,西安,陕西,中国,西北,办公用-纸张-10000111,办公用品,纸张,"Green Bar 令, 每包 12 个",158.2,1,0.0,9.38
980,CN-202020-2105676,2021-08-27,2021-08-30,一级,钟宣-20860,钟宣,公司,西安,陕西,中国,西北,办公用-用品-10003209,办公用品,用品,"Acme 大剪刀, 工业",2164.68,9,0.0,302.4
983,CN-202020-2187292,2021-05-03,2021-05-08,二级,廖保-10330,廖保,消费者,西安,陕西,中国,西北,办公用-用品-10001178,办公用品,用品,"Elite 尺子, 钢",308.0,5,0.0,132.3
984,CN-202020-2187292,2021-05-03,2021-05-08,二级,廖保-10330,廖保,消费者,西安,陕西,中国,西北,办公用-标签-10003944,办公用品,标签,"Harbour Creations 圆形标签, 白色",63.0,2,0.0,6.72
992,CN-202020-4800042,2021-01-05,2021-01-07,一级,卢芳-12775,卢芳,消费者,珠海,广东,中国,中南,办公用-系固-10000678,办公用品,系固件,"Accos 按钉, 金属",341.6,5,0.0,119.0
1043,CN-202020-3420308,2021-05-09,2021-05-11,一级,田武-21895,田武,公司,上海,上海,中国,华东,技术-复印-10003723,技术,复印机,"Hewlett 个人复印机, 数字化",671.58,1,0.0,335.72
1066,CN-202020-2042105,2021-04-13,2021-04-19,标准级,贺虹-13810,贺虹,公司,天津,天津,中国,华北,家具-用具-10001122,家具,用具,"Rubvermaid 分层置放架, 一包多件",352.8,3,0.0,17.64
1067,CN-202020-2042105,2021-04-13,2021-04-19,标准级,贺虹-13810,贺虹,公司,天津,天津,中国,华北,技术-配件-10002609,技术,配件,"Memorex 键区, 耐用",635.88,3,0.0,266.7
1068,CN-202020-2042105,2021-04-13,2021-04-19,标准级,贺虹-13810,贺虹,公司,天津,天津,中国,华北,办公用-纸张-10002058,办公用品,纸张,"Green Bar 计划信息表, 回收",663.6,6,0.0,284.76
1069,CN-202020-2042105,2021-04-13,2021-04-19,标准级,贺虹-13810,贺虹,公司,天津,天津,中国,华北,办公用-信封-10004088,办公用品,信封,"GlobeWeis 商业信封, 银色",276.36,3,0.0,60.48
1070,CN-202020-2042105,2021-04-13,2021-04-19,标准级,贺虹-13810,贺虹,公司,天津,天津,中国,华北,办公用-收纳-10004131,办公用品,收纳具,"Rogers 文件夹, 金属",277.76,2,0.0,102.76
1071,CN-202020-2042105,2021-04-13,2021-04-19,标准级,贺虹-13810,贺虹,公司,天津,天津,中国,华北,家具-书架-10001491,家具,书架,"Bush 古典书架, 金属",11539.92,6,0.0,461.16
1072,CN-202020-2042105,2021-04-13,2021-04-19,标准级,贺虹-13810,贺虹,公司,天津,天津,中国,华北,办公用-器具-10000253,办公用品,器具,"Hoover 搅拌机, 黑色",1803.2,4,0.0,649.04
1086,CN-202020-3240329,2021-04-05,2021-04-09,标准级,夏梦-18175,夏梦,小型企业,湘潭,湖南,中国,中南,技术-配件-10000680,技术,配件,"贝尔金 记忆卡, 耐用",1610.28,3,0.0,418.32
1087,CN-202020-3240329,2021-04-05,2021-04-09,标准级,夏梦-18175,夏梦,小型企业,湘潭,湖南,中国,中南,办公用-装订-10000322,办公用品,装订机,"Ibico 标签, 透明",117.18,3,0.0,15.12
1089,CN-202020-1893791,2021-07-18,2021-07-21,一级,潘涛-21205,潘涛,公司,丹东,辽宁,中国,东北,办公用-系固-10003670,办公用品,系固件,"Advantus 按钉, 混合尺寸",299.376,9,0.4,24.696
1090,CN-202020-1893791,2021-07-18,2021-07-21,一级,潘涛-21205,潘涛,公司,丹东,辽宁,中国,东北,家具-椅子-10002686,家具,椅子,"Novimex 沙滩椅, 黑色",365.652,3,0.4,-97.608
1100,CN-202020-2375545,2021-12-06,2021-12-10,标准级,邱谦-19255,邱谦,公司,石河子,新疆,中国,西北,家具-用具-10003733,家具,用具,"Deflect-O 闹钟, 黑色",704.34,3,0.0,196.98
1101,CN-202020-2375545,2021-12-06,2021-12-10,标准级,邱谦-19255,邱谦,公司,石河子,新疆,中国,西北,办公用-收纳-10002508,办公用品,收纳具,"Fellowes 锁柜, 单宽度",2903.04,3,0.0,1131.9
1110,CN-202020-5781167,2021-04-30,2021-05-05,标准级,邓黎-16465,邓黎明,消费者,泉州,福建,中国,华东,办公用-纸张-10000746,办公用品,纸张,"Eaton 信纸, 优质",1054.2,5,0.0,442.4
1141,CN-202020-3964185,2021-09-07,2021-09-10,二级,孟刚-13180,孟刚,公司,泗水,山东,中国,华东,办公用-纸张-10004455,办公用品,纸张,"Eaton 令, 多色",782.88,6,0.0,250.32
1142,CN-202020-3964185,2021-09-07,2021-09-10,二级,孟刚-13180,孟刚,公司,泗水,山东,中国,华东,办公用-纸张-10002408,办公用品,纸张,"施乐 计划信息表, 每包 12 个",114.38,1,0.0,5.6
1145,US-202020-5591257,2021-12-24,2021-12-29,标准级,佘平-19165,佘平,消费者,金乡,浙江,中国,华东,办公用-装订-10000994,办公用品,装订机,"Avery 装订机, 耐用",40.32,1,0.4,-4.06
1146,US-202020-5591257,2021-12-24,2021-12-29,标准级,佘平-19165,佘平,消费者,金乡,浙江,中国,华东,办公用-器具-10004757,办公用品,器具,"Breville 炉灶, 黑色",3141.432,2,0.4,-680.848
1147,CN-202020-2267443,2021-01-27,2021-01-29,一级,韦华-14095,韦华,公司,重庆,重庆,中国,西南,办公用-收纳-10003617,办公用品,收纳具,"Tenex 文件车, 单宽度",4382.56,7,0.0,744.8
1148,CN-202020-2267443,2021-01-27,2021-01-29,一级,韦华-14095,韦华,公司,重庆,重庆,中国,西南,办公用-标签-10001238,办公用品,标签,"Avery 合法证物标签, 耐用",54.74,1,0.0,15.82
1149,CN-202020-2267443,2021-01-27,2021-01-29,一级,韦华-14095,韦华,公司,重庆,重庆,中国,西南,办公用-美术-10004410,办公用品,美术,"Boston 画布, 整包",1257.9,5,0.0,100.1
1150,CN-202020-2267443,2021-01-27,2021-01-29,一级,韦华-14095,韦华,公司,重庆,重庆,中国,西南,技术-设备-10002765,技术,设备,"爱普生 打印机, 白色",6090.7,5,0.0,182.7
1169,CN-202020-2831197,2021-06-06,2021-06-10,二级,陶莞-13315,陶莞颖,消费者,咸宁,湖北,中国,中南,办公用-纸张-10004748,办公用品,纸张,"Eaton 羊皮纸, 优质",125.72,2,0.0,60.2
1174,CN-202020-2554132,2021-11-11,2021-11-16,标准级,何晨-11140,何晨,消费者,漳州,福建,中国,华东,家具-书架-10000581,家具,书架,"Dania 墙角架, 金属",1701.42,3,0.0,68.04
1182,US-202020-2656096,2021-08-17,2021-08-18,一级,贺斯-20935,贺斯云,消费者,沈阳,辽宁,中国,东北,家具-椅子-10001460,家具,椅子,"Harbour Creations 摇椅, 可调",2512.944,6,0.4,-1172.976
1183,US-202020-2656096,2021-08-17,2021-08-18,一级,贺斯-20935,贺斯云,消费者,沈阳,辽宁,中国,东北,办公用-用品-10000222,办公用品,用品,"Kleencut 开信刀, 蓝色",303.072,4,0.4,-161.728
1184,CN-202020-5145560,2021-12-08,2021-12-14,标准级,钱崆-15490,钱崆,消费者,长春,吉林,中国,东北,家具-椅子-10004961,家具,椅子,"Office Star 椅垫, 可调",1275.12,4,0.0,599.2
1192,CN-202020-4190541,2021-06-19,2021-06-23,标准级,谷莲-16990,谷莲,公司,上海,上海,中国,华东,办公用-收纳-10004673,办公用品,收纳具,"Smead 盒, 蓝色",251.3,5,0.0,4.9
1194,US-202020-2190451,2021-11-09,2021-11-16,标准级,卢爽-20530,卢爽,消费者,乌海,内蒙古,中国,华北,办公用-器具-10001372,办公用品,器具,"Cuisinart 炉灶, 黑色",3011.232,2,0.4,-1455.608
1203,US-202020-4733722,2021-08-22,2021-08-23,一级,郝壁-10420,郝壁,公司,辽中,辽宁,中国,东北,技术-配件-10003154,技术,配件,"Enermax 鼠标, 实惠",789.684,7,0.4,-198.156
1204,US-202020-4733722,2021-08-22,2021-08-23,一级,郝壁-10420,郝壁,公司,辽中,辽宁,中国,东北,技术-电话-10002340,技术,电话,"三星 耳机, 整包",1026.06,5,0.4,153.86
1251,CN-202020-4173980,2021-04-19,2021-04-25,标准级,吴磊-16165,吴磊,公司,岳阳,湖南,中国,中南,技术-复印-10004068,技术,复印机,"夏普 个人复印机, 彩色",1133.44,2,0.0,532.56
1252,CN-202020-4173980,2021-04-19,2021-04-25,标准级,吴磊-16165,吴磊,公司,岳阳,湖南,中国,中南,家具-书架-10004171,家具,书架,"Bush 搁架, 白色",1622.04,2,0.0,470.12
1253,CN-202020-4173980,2021-04-19,2021-04-25,标准级,吴磊-16165,吴磊,公司,岳阳,湖南,中国,中南,家具-书架-10000581,家具,书架,"Dania 墙角架, 金属",3969.98,7,0.0,158.76
1254,CN-202020-4861225,2021-08-06,2021-08-08,一级,肖冬-12400,肖冬露,小型企业,永川,重庆,中国,西南,家具-椅子-10001258,家具,椅子,"Harbour Creations 扶手椅, 可调",4443.6,2,0.0,1999.48
1255,CN-202020-4861225,2021-08-06,2021-08-08,一级,肖冬-12400,肖冬露,小型企业,永川,重庆,中国,西南,办公用-收纳-10000375,办公用品,收纳具,"Smead 搁板, 单宽度",456.96,2,0.0,136.92
1271,CN-202020-5598912,2021-06-24,2021-06-29,标准级,常松-20575,常松,消费者,绥化,黑龙江,中国,东北,家具-椅子-10000168,家具,椅子,"Novimex 椅垫, 每套两件",273.42,1,0.0,114.8
1305,CN-202020-2386979,2021-02-24,2021-03-01,标准级,金诚-11260,金诚,消费者,威宁,贵州,中国,西南,家具-椅子-10003019,家具,椅子,"Harbour Creations 摇椅, 红色",2059.26,3,0.0,246.96
1343,US-202020-2852208,2021-05-18,2021-05-21,一级,麦实-20230,麦实,公司,肃州,甘肃,中国,西北,家具-用具-10002471,家具,用具,"Tenex 分层置放架, 黑色",141.288,2,0.4,-44.912
1344,CN-202020-2511714,2021-09-23,2021-09-28,标准级,邢盛-20335,邢盛,消费者,上海,上海,中国,华东,家具-椅子-10001258,家具,椅子,"Harbour Creations 扶手椅, 可调",2221.8,1,0.0,999.74
1350,CN-202020-5173564,2021-01-21,2021-01-22,一级,肖冬-12400,肖冬露,小型企业,延吉,吉林,中国,东北,家具-书架-10003501,家具,书架,"宜家 搁架, 白色",806.68,1,0.0,403.34
1351,CN-202020-2584532,2021-11-30,2021-12-01,一级,郝立-16570,郝立勤,消费者,沧州,河北,中国,华北,办公用-收纳-10003579,办公用品,收纳具,"Tenex 搁板, 蓝色",1530.48,6,0.0,30.24
1352,CN-202020-2584532,2021-11-30,2021-12-01,一级,郝立-16570,郝立勤,消费者,沧州,河北,中国,华北,办公用-装订-10003487,办公用品,装订机,"Avery 装订机盖, 回收",160.02,3,0.0,30.24
1353,CN-202020-1388500,2021-12-26,2022-01-01,标准级,余婵-11020,余婵,公司,鸡西,黑龙江,中国,东北,办公用-纸张-10003494,办公用品,纸张,"Enermax 羊皮纸, 多色",78.4,1,0.0,29.68
1354,CN-202020-1388500,2021-12-26,2022-01-01,标准级,余婵-11020,余婵,公司,鸡西,黑龙江,中国,东北,办公用-信封-10004944,办公用品,信封,"Cameo 外皮和封条, 回收",554.4,6,0.0,160.44
1355,CN-202020-2977814,2021-07-18,2021-07-22,标准级,戴松-20755,戴松,公司,北京,北京,中国,华北,技术-配件-10001134,技术,配件,"Enermax 鼠标, 回收",533.4,3,0.0,10.5
1356,CN-202020-2977814,2021-07-18,2021-07-22,标准级,戴松-20755,戴松,公司,北京,北京,中国,华北,家具-书架-10000466,家具,书架,"宜家 古典书架, 黑色",3855.6,2,0.0,1387.96
1357,CN-202020-2977814,2021-07-18,2021-07-22,标准级,戴松-20755,戴松,公司,北京,北京,中国,华北,家具-椅子-10000128,家具,椅子,"Novimex 沙滩椅, 可调",226.1,1,0.0,4.48
1370,CN-202020-4961841,2021-11-13,2021-11-19,标准级,倪爽-20545,倪爽,公司,大庆,黑龙江,中国,东北,家具-椅子-10002025,家具,椅子,"Novimex 折叠椅, 可调",1976.8,5,0.0,968.1
1371,CN-202020-3103245,2021-08-31,2021-09-03,二级,段杰-14800,段杰,公司,蒲圻,湖北,中国,中南,办公用-纸张-10000976,办公用品,纸张,"SanDisk 笔记本, 回收",693.7,5,0.0,179.9
1372,CN-202020-3103245,2021-08-31,2021-09-03,二级,段杰-14800,段杰,公司,蒲圻,湖北,中国,中南,办公用-信封-10004487,办公用品,信封,"Kraft 邮寄品, 银色",560.7,3,0.0,123.06
1376,CN-202020-4861225,2021-11-29,2021-12-01,二级,牛晒-19810,牛晒明,小型企业,宿州,安徽,中国,华东,技术-设备-10004928,技术,设备,"柯尼卡 打印机, 白色",2485.0,2,0.0,472.08
1379,CN-202020-1756643,2021-07-04,2021-07-10,标准级,贾松-20590,贾松,消费者,汕头,广东,中国,中南,办公用-美术-10000636,办公用品,美术,"Binney & Smith 记号笔, 金属",283.92,3,0.2,28.14
1382,CN-202020-4505574,2021-05-27,2021-06-01,标准级,麦虢-13510,麦虢,公司,鞍山,辽宁,中国,东北,办公用-标签-10001500,办公用品,标签,"Smead 圆形标签, 红色",156.8,5,0.0,76.3
1408,CN-202020-2048658,2021-09-06,2021-09-12,标准级,陈莲-16930,陈莲,公司,吉首,湖南,中国,中南,办公用-装订-10001290,办公用品,装订机,"Ibico 装订机, 透明",139.44,2,0.0,24.92
1409,CN-202020-2048658,2021-09-06,2021-09-12,标准级,陈莲-16930,陈莲,公司,吉首,湖南,中国,中南,技术-电话-10004871,技术,电话,"三星 充电器, 蓝色",5937.4,2,0.0,949.76
1430,CN-202020-3984376,2021-06-02,2021-06-02,当日,薛关-15580,薛关茵,消费者,武汉,湖北,中国,中南,办公用-标签-10003944,办公用品,标签,"Harbour Creations 圆形标签, 白色",94.5,3,0.0,10.08
1431,CN-202020-3984376,2021-06-02,2021-06-02,当日,薛关-15580,薛关茵,消费者,武汉,湖北,中国,中南,办公用-纸张-10000816,办公用品,纸张,"Green Bar 令, 优质",138.88,1,0.0,35.98
1432,CN-202020-3984376,2021-06-02,2021-06-02,当日,薛关-15580,薛关茵,消费者,武汉,湖北,中国,中南,技术-电话-10000619,技术,电话,"三星 音频基座, 整包",1402.128,3,0.4,-865.032
1433,CN-202020-3984376,2021-06-02,2021-06-02,当日,薛关-15580,薛关茵,消费者,武汉,湖北,中国,中南,家具-用具-10002981,家具,用具,"Deflect-O 门挡, 黑色",615.3,5,0.4,-328.3
1453,CN-202020-3561948,2021-11-28,2021-11-30,一级,巩达-11770,巩达侠,消费者,朝阳,辽宁,中国,东北,办公用-装订-10004615,办公用品,装订机,"Wilson Jones 订书机, 耐用",1648.36,7,0.0,592.9
1454,CN-202020-3561948,2021-11-28,2021-11-30,一级,巩达-11770,巩达侠,消费者,朝阳,辽宁,中国,东北,办公用-信封-10004310,办公用品,信封,"Jiffy 马尼拉纸信封, 红色",275.8,2,0.0,101.92
1455,CN-202020-3561948,2021-11-28,2021-11-30,一级,巩达-11770,巩达侠,消费者,朝阳,辽宁,中国,东北,办公用-美术-10002760,办公用品,美术,"Binney & Smith 荧光笔, 混合尺寸",221.424,3,0.2,5.124
1456,CN-202020-1711156,2021-06-01,2021-06-04,一级,何惠-14395,何惠,公司,枣阳,湖北,中国,中南,办公用-纸张-10001321,办公用品,纸张,"Eaton 笔记本, 每包 12 个",573.44,4,0.0,5.6
1457,CN-202020-1340062,2021-05-16,2021-05-23,标准级,孔辉-12610,孔辉,公司,上海,上海,中国,华东,家具-书架-10002251,家具,书架,"Sauder 书架, 传统",1370.32,2,0.0,465.64
1471,US-202020-5555490,2021-06-28,2021-07-03,标准级,任临-17440,任临耀,公司,龙江,黑龙江,中国,东北,办公用-纸张-10003967,办公用品,纸张,"Green Bar 羊皮纸, 多色",168.84,2,0.0,8.4
1473,CN-202020-1776641,2021-12-14,2021-12-18,标准级,刘斯-20965,刘斯云,公司,宜春,江西,中国,华东,办公用-美术-10004520,办公用品,美术,"Stanley 速写本, 金属",639.66,3,0.0,255.78
1478,US-202020-1384966,2021-09-26,2021-10-01,标准级,孙雯-21805,孙雯,公司,杭州,浙江,中国,华东,家具-书架-10001901,家具,书架,"Sauder 搁架, 传统",7082.712,13,0.4,-3305.848
1486,CN-202020-2930075,2021-12-23,2021-12-25,一级,贺丹-11950,贺丹,消费者,朗乡,黑龙江,中国,东北,办公用-装订-10003441,办公用品,装订机,"Avery 标签, 耐用",146.16,4,0.0,27.44
1488,CN-202020-5035540,2021-08-11,2021-08-14,一级,曾伟-21595,曾伟,消费者,长沙,湖南,中国,中南,办公用-装订-10003861,办公用品,装订机,"Avery 打孔机, 实惠",1300.6,10,0.0,64.4
1489,CN-202020-5035540,2021-08-11,2021-08-14,一级,曾伟-21595,曾伟,消费者,长沙,湖南,中国,中南,办公用-美术-10001742,办公用品,美术,"Sanford 画布, 整包",189.616,1,0.2,-30.884
1494,US-202020-2530333,2021-06-08,2021-06-12,标准级,王丹-12010,王丹,消费者,嘉峪关,甘肃,中国,西北,技术-配件-10002404,技术,配件,"贝尔金 键盘, 耐用",235.452,1,0.4,-102.088
1495,US-202020-2530333,2021-06-08,2021-06-12,标准级,王丹-12010,王丹,消费者,嘉峪关,甘肃,中国,西北,办公用-器具-10004119,办公用品,器具,"Hoover 搅拌机, 白色",1334.34,5,0.4,-67.06
1496,US-202020-2530333,2021-06-08,2021-06-12,标准级,王丹-12010,王丹,消费者,嘉峪关,甘肃,中国,西北,家具-椅子-10002025,家具,椅子,"Novimex 折叠椅, 可调",948.864,4,0.4,141.904
1497,US-202020-2530333,2021-06-08,2021-06-12,标准级,王丹-12010,王丹,消费者,嘉峪关,甘肃,中国,西北,办公用-装订-10004028,办公用品,装订机,"Wilson Jones 打孔机, 实惠",235.116,3,0.4,-125.664
1498,US-202020-2530333,2021-06-08,2021-06-12,标准级,王丹-12010,王丹,消费者,嘉峪关,甘肃,中国,西北,办公用-收纳-10000181,办公用品,收纳具,"Eldon 文件车, 蓝色",1790.46,3,0.0,536.76
1499,US-202020-2530333,2021-06-08,2021-06-12,标准级,王丹-12010,王丹,消费者,嘉峪关,甘肃,中国,西北,办公用-用品-10003562,办公用品,用品,"Fiskars 剪刀, 锯齿状",166.824,3,0.4,-86.436
1500,US-202020-2530333,2021-06-08,2021-06-12,标准级,王丹-12010,王丹,消费者,嘉峪关,甘肃,中国,西北,技术-电话-10002321,技术,电话,"诺基亚 信号增强器, 混合尺寸",1950.9,5,0.4,-1171.1
1501,US-202020-2530333,2021-06-08,2021-06-12,标准级,王丹-12010,王丹,消费者,嘉峪关,甘肃,中国,西北,家具-书架-10004272,家具,书架,"Safco 书库, 黑色",3285.576,3,0.4,-1861.944
1502,US-202020-2530333,2021-06-08,2021-06-12,标准级,王丹-12010,王丹,消费者,嘉峪关,甘肃,中国,西北,家具-桌子-10002962,家具,桌子,"Barricks 木桌, 黑色",2894.808,3,0.6,-4269.972
1507,CN-202020-1267778,2021-06-14,2021-06-19,标准级,柯丽-15880,柯丽,消费者,上海,上海,中国,华东,办公用-信封-10003544,办公用品,信封,"Cameo 马尼拉纸信封, 每套 50 个",252.0,2,0.0,100.8
1508,CN-202020-1267778,2021-06-14,2021-06-19,标准级,柯丽-15880,柯丽,消费者,上海,上海,中国,华东,办公用-美术-10001455,办公用品,美术,"Sanford 速写本, 金属",1308.72,6,0.0,130.2
1512,CN-202020-4080057,2021-06-08,2021-06-13,二级,薛君-15205,薛君,消费者,沈阳,辽宁,中国,东北,办公用-收纳-10001047,办公用品,收纳具,"Smead 锁柜, 蓝色",1851.92,2,0.0,851.76
1558,CN-202020-1755383,2021-11-28,2021-12-02,标准级,付立-16750,付立,消费者,太原,山西,中国,华北,技术-设备-10001343,技术,设备,"松下 喷墨打印机, 白色",4347.0,3,0.0,1434.3
1560,CN-202020-4217149,2021-09-24,2021-10-01,标准级,龙廷-21295,龙廷,消费者,邯郸,河北,中国,华北,技术-设备-10000429,技术,设备,"柯尼卡 电话, 白色",394.8,1,0.0,185.5
1561,CN-202020-4217149,2021-09-24,2021-10-01,标准级,龙廷-21295,龙廷,消费者,邯郸,河北,中国,华北,办公用-美术-10002271,办公用品,美术,"Binney & Smith 荧光笔, 金属",166.6,2,0.0,3.08
1562,CN-202020-4217149,2021-09-24,2021-10-01,标准级,龙廷-21295,龙廷,消费者,邯郸,河北,中国,华北,技术-电话-10004611,技术,电话,"思科 音频基座, 整包",850.08,1,0.0,186.9
1584,US-202020-4733722,2021-11-29,2021-12-04,标准级,冯丽-17350,冯丽丽,消费者,库尔勒,新疆,中国,西北,办公用-装订-10004263,办公用品,装订机,"Acco 装订机, 实惠",424.2,6,0.0,79.8
1585,US-202020-4733722,2021-11-29,2021-12-04,标准级,冯丽-17350,冯丽丽,消费者,库尔勒,新疆,中国,西北,办公用-器具-10000222,办公用品,器具,"KitchenAid 微波炉, 银色",7258.3,5,0.0,2249.8
1588,CN-202020-4647823,2021-10-11,2021-10-13,二级,田谙-18850,田谙,消费者,枣庄,山东,中国,华东,技术-复印-10002458,技术,复印机,"夏普 传真复印机, 红色",1556.8,2,0.0,451.36
1589,CN-202020-3694355,2021-04-01,2021-04-06,标准级,邓立-16900,邓立,消费者,公主岭,吉林,中国,东北,家具-椅子-10002532,家具,椅子,"Hon 椅垫, 可调",541.52,2,0.0,270.76
1590,CN-202020-3694355,2021-04-01,2021-04-06,标准级,邓立-16900,邓立,消费者,公主岭,吉林,中国,东北,办公用-装订-10004589,办公用品,装订机,"Avery 孔加固材料, 耐用",55.16,2,0.0,0.84
1591,CN-202020-3694355,2021-04-01,2021-04-06,标准级,邓立-16900,邓立,消费者,公主岭,吉林,中国,东北,办公用-系固-10002492,办公用品,系固件,"Advantus 夹子, 金属",452.9,5,0.0,144.9
1595,CN-202020-2975416,2021-01-11,2021-01-16,标准级,潘雯-21775,潘雯,公司,七台河,黑龙江,中国,东北,办公用-用品-10003209,办公用品,用品,"Acme 大剪刀, 工业",721.56,3,0.0,100.8
1596,CN-202020-2975416,2021-01-11,2021-01-16,标准级,潘雯-21775,潘雯,公司,七台河,黑龙江,中国,东北,办公用-收纳-10000871,办公用品,收纳具,"Eldon 盒, 工业",150.36,3,0.0,28.56
1609,CN-202020-3139690,2021-09-03,2021-09-09,标准级,任临-17440,任临耀,公司,哈尔滨,黑龙江,中国,东北,办公用-装订-10001101,办公用品,装订机,"Avery 订书机, 耐用",704.76,3,0.0,253.68
1610,CN-202020-3139690,2021-09-03,2021-09-09,标准级,任临-17440,任临耀,公司,哈尔滨,黑龙江,中国,东北,办公用-装订-10001158,办公用品,装订机,"Avery 装订机盖, 实惠",206.64,4,0.0,12.32
1611,CN-202020-2280831,2021-06-15,2021-06-19,标准级,沈强-19375,沈强,消费者,重庆,重庆,中国,西南,办公用-信封-10003334,办公用品,信封,"Cameo 马尼拉纸信封, 红色",997.64,7,0.0,89.18
1618,CN-202020-5703090,2021-01-11,2021-01-16,标准级,潘丽-16240,潘丽美,公司,沂水,山东,中国,华东,办公用-用品-10000602,办公用品,用品,"Fiskars 修剪器, 蓝色",2368.8,12,0.0,1159.2
1632,CN-202020-2098822,2021-08-06,2021-08-10,二级,林青-19600,林青,消费者,南宁,广西,中国,中南,家具-椅子-10004006,家具,椅子,"Novimex 扶手椅, 黑色",15305.472,8,0.1,4930.912
1633,CN-202020-2098822,2021-08-06,2021-08-10,二级,林青-19600,林青,消费者,南宁,广西,中国,中南,技术-配件-10000619,技术,配件,"贝尔金 闪存驱动器, 耐用",1180.2,6,0.0,365.4
1634,CN-202020-2098822,2021-08-06,2021-08-10,二级,林青-19600,林青,消费者,南宁,广西,中国,中南,办公用-标签-10001875,办公用品,标签,"Avery 文件夹标签, 可调",229.32,7,0.0,114.66
1637,US-202020-5648514,2021-02-14,2021-02-18,标准级,邓立-16900,邓立,消费者,广元,四川,中国,西南,办公用-系固-10003118,办公用品,系固件,"Stockwell 夹子, 混合尺寸",140.112,3,0.4,-23.688
1638,US-202020-5648514,2021-02-14,2021-02-18,标准级,邓立-16900,邓立,消费者,广元,四川,中国,西南,办公用-信封-10000686,办公用品,信封,"GlobeWeis 局间信封, 每套 50 个",2677.92,12,0.0,1097.04
1650,CN-202020-4641447,2021-09-30,2021-10-04,标准级,俞荷-13780,俞荷,消费者,西安,陕西,中国,西北,技术-设备-10001705,技术,设备,"StarTech 电话, 多色",1043.28,3,0.0,208.32
1651,CN-202020-4641447,2021-09-30,2021-10-04,标准级,俞荷-13780,俞荷,消费者,西安,陕西,中国,西北,家具-用具-10003114,家具,用具,"Advantus 闹钟, 一包多件",480.2,2,0.0,168.0
1661,CN-202020-3560054,2021-04-20,2021-04-24,标准级,何安-10135,何安,小型企业,沈阳,辽宁,中国,东北,办公用-纸张-10002327,办公用品,纸张,"Enermax 信纸, 每包 12 个",1195.6,5,0.0,250.6
1662,CN-202020-3560054,2021-04-20,2021-04-24,标准级,何安-10135,何安,小型企业,沈阳,辽宁,中国,东北,家具-用具-10000952,家具,用具,"Eldon 门挡, 黑色",421.344,3,0.4,-77.616
1663,CN-202020-3560054,2021-04-20,2021-04-24,标准级,何安-10135,何安,小型企业,沈阳,辽宁,中国,东北,家具-用具-10001454,家具,用具,"Tenex 分层置放架, 一包多件",354.06,5,0.4,-165.34
1664,CN-202020-3560054,2021-04-20,2021-04-24,标准级,何安-10135,何安,小型企业,沈阳,辽宁,中国,东北,办公用-收纳-10003383,办公用品,收纳具,"Eldon 盘, 蓝色",1119.3,5,0.0,88.9
1773,CN-202020-4757928,2021-02-02,2021-02-06,标准级,秦芯-13915,秦芯,消费者,胶南,山东,中国,华东,家具-用具-10001150,家具,用具,"Tenex 闹钟, 耐用",441.28,2,0.0,96.88
1805,CN-202020-4180783,2021-07-28,2021-08-01,标准级,陈安-10090,陈安,消费者,牡丹江,黑龙江,中国,东北,技术-电话-10000920,技术,电话,"三星 智能手机, 蓝色",2300.48,4,0.0,827.68
1828,CN-202020-2171205,2021-06-03,2021-06-08,标准级,马雯-21760,马雯,公司,丹东,辽宁,中国,东北,办公用-标签-10002774,办公用品,标签,"Harbour Creations 圆形标签, 耐用",99.96,3,0.0,2.94
1830,US-202020-5956912,2021-10-26,2021-10-31,标准级,付芳-12700,付芳茵,小型企业,上梅,湖南,中国,中南,办公用-美术-10003628,办公用品,美术,"Boston 荧光笔, 蓝色",281.792,4,0.2,63.392
1831,US-202020-5956912,2021-10-26,2021-10-31,标准级,付芳-12700,付芳茵,小型企业,上梅,湖南,中国,中南,办公用-信封-10001224,办公用品,信封,"Jiffy 局间信封, 红色",932.96,4,0.0,55.44
1832,US-202020-5956912,2021-10-26,2021-10-31,标准级,付芳-12700,付芳茵,小型企业,上梅,湖南,中国,中南,家具-椅子-10000979,家具,椅子,"Hon 凳子, 可调",4884.516,7,0.1,1138.956
1851,CN-202020-1182921,2021-10-31,2021-11-04,标准级,顾升-20125,顾升,小型企业,本溪,辽宁,中国,东北,家具-书架-10002353,家具,书架,"Bush 书库, 传统",3060.288,3,0.4,305.928
1852,CN-202020-5629911,2021-05-09,2021-05-13,标准级,孙斯-21010,孙斯云,消费者,成都,四川,中国,西南,办公用-用品-10000553,办公用品,用品,"Kleencut 美工刀, 蓝色",679.14,7,0.4,100.94
1856,CN-202020-4961841,2021-06-22,2021-06-28,标准级,陈宣-20815,陈宣,公司,北京,北京,中国,华北,办公用-系固-10003093,办公用品,系固件,"OIC 图钉, 整包",459.62,7,0.0,96.04
1878,CN-202020-2298972,2021-11-12,2021-11-17,标准级,黄磊-16000,黄磊,消费者,无锡,江苏,中国,华东,办公用-收纳-10000379,办公用品,收纳具,"Smead 锁柜, 工业",2784.6,3,0.0,640.08
1879,CN-202020-2298972,2021-11-12,2021-11-17,标准级,黄磊-16000,黄磊,消费者,无锡,江苏,中国,华东,办公用-纸张-10002250,办公用品,纸张,"Green Bar 信纸, 回收",450.8,2,0.0,144.2
1905,CN-202020-2875530,2021-08-05,2021-08-12,标准级,薛关-15580,薛关茵,消费者,加格达奇,内蒙古,中国,华北,办公用-标签-10000548,办公用品,标签,"Harbour Creations 可去除的标签, 耐用",400.96,8,0.0,47.04
1906,CN-202020-2875530,2021-08-05,2021-08-12,标准级,薛关-15580,薛关茵,消费者,加格达奇,内蒙古,中国,华北,家具-椅子-10003151,家具,椅子,"Novimex 凳子, 每套两件",1400.364,3,0.4,-653.856
1924,CN-202020-1370213,2021-09-15,2021-09-18,一级,严盛-20410,严盛,消费者,重庆,重庆,中国,西南,家具-桌子-10004333,家具,桌子,"Barricks 电脑桌, 长方形",2662.296,2,0.4,399.336
1926,CN-202020-5739201,2021-05-25,2021-05-29,标准级,方蔓-17950,方蔓楚,消费者,上海,上海,中国,华东,技术-复印-10001796,技术,复印机,"佳能 传真机, 数字化",2968.28,2,0.0,831.04
1927,CN-202020-5739201,2021-05-25,2021-05-29,标准级,方蔓-17950,方蔓楚,消费者,上海,上海,中国,华东,办公用-用品-10004001,办公用品,用品,"Fiskars 剪刀, 工业",231.28,2,0.0,52.92
1931,CN-202020-5781167,2021-09-27,2021-10-02,二级,程德-12040,程德,小型企业,宜春,江西,中国,华东,家具-椅子-10003748,家具,椅子,"Harbour Creations 折叠椅, 红色",913.64,2,0.0,383.6
1934,CN-202020-2048658,2021-08-11,2021-08-17,标准级,姚彩-10765,姚彩,小型企业,沙市,湖北,中国,中南,家具-书架-10002387,家具,书架,"宜家 柜, 黑色",805.224,2,0.4,80.304
1948,CN-202020-2831197,2021-10-28,2021-11-01,标准级,吕凤-12910,吕凤,小型企业,哈尔滨,黑龙江,中国,东北,办公用-收纳-10000335,办公用品,收纳具,"Tenex 盘, 金属",745.92,3,0.0,290.64
1957,US-202020-5586841,2021-01-16,2021-01-21,标准级,薛梦-18190,薛梦,消费者,徐州,江苏,中国,华东,办公用-美术-10004812,办公用品,美术,"Binney & Smith 铅笔刀, 蓝色",74.676,3,0.8,-145.824
1959,CN-202020-3291123,2021-08-20,2021-08-22,二级,郭升-20140,郭升,公司,北京,北京,中国,华北,家具-用具-10001798,家具,用具,"Deflect-O 灯泡, 优质",246.54,3,0.0,78.54
1960,CN-202020-3291123,2021-08-20,2021-08-22,二级,郭升-20140,郭升,公司,北京,北京,中国,华北,办公用-装订-10002996,办公用品,装订机,"Cardinal 标签, 透明",125.44,4,0.0,6.16
1961,CN-202020-3291123,2021-08-20,2021-08-22,二级,郭升-20140,郭升,公司,北京,北京,中国,华北,家具-椅子-10002994,家具,椅子,"Office Star 折叠椅, 黑色",1666.56,4,0.0,116.48
1964,US-202020-1190387,2021-02-23,2021-02-26,二级,余雯-21835,余雯,消费者,泰州,江苏,中国,华东,办公用-装订-10002129,办公用品,装订机,"Ibico 订书机, 耐用",444.528,3,0.4,-140.952
1981,US-202020-3930358,2021-09-21,2021-09-21,当日,常宣-20800,常宣,消费者,呼和浩特,内蒙古,中国,华北,家具-椅子-10002286,家具,椅子,"SAFCO 椅垫, 红色",1339.968,8,0.4,-425.152
1982,CN-202020-5578438,2021-12-28,2022-01-03,标准级,徐关-15655,徐关茵,公司,阳江,广东,中国,中南,办公用-收纳-10003289,办公用品,收纳具,"Tenex 搁板, 单宽度",1020.88,4,0.0,254.8
1983,CN-202020-5578438,2021-12-28,2022-01-03,标准级,徐关-15655,徐关茵,公司,阳江,广东,中国,中南,办公用-纸张-10003091,办公用品,纸张,"施乐 笔记本, 回收",981.12,8,0.0,371.84
1984,CN-202020-5578438,2021-12-28,2022-01-03,标准级,徐关-15655,徐关茵,公司,阳江,广东,中国,中南,家具-书架-10000196,家具,书架,"Sauder 柜, 白色",5527.2,7,0.0,2320.64
1985,CN-202020-5578438,2021-12-28,2022-01-03,标准级,徐关-15655,徐关茵,公司,阳江,广东,中国,中南,办公用-用品-10002884,办公用品,用品,"Stiletto 修剪器, 蓝色",1396.5,7,0.0,181.3
2002,CN-202020-5313470,2021-05-03,2021-05-09,标准级,吕兰-15700,吕兰,消费者,天津,天津,中国,华北,办公用-纸张-10000928,办公用品,纸张,"Eaton 令, 每包 12 个",286.44,2,0.0,91.56
2003,CN-202020-5601190,2021-08-01,2021-08-06,二级,常光-13345,常光,公司,湘乡,湖南,中国,中南,办公用-收纳-10000375,办公用品,收纳具,"Smead 搁板, 单宽度",685.44,3,0.0,205.38
2004,CN-202020-5601190,2021-08-01,2021-08-06,二级,常光-13345,常光,公司,湘乡,湖南,中国,中南,办公用-收纳-10000254,办公用品,收纳具,"Tenex 文件夹, 单宽度",325.5,3,0.0,9.66
2005,CN-202020-5601190,2021-08-01,2021-08-06,二级,常光-13345,常光,公司,湘乡,湖南,中国,中南,技术-复印-10004582,技术,复印机,"夏普 复印机, 红色",1108.8,1,0.0,0.0
2012,CN-202020-4121606,2021-11-11,2021-11-15,标准级,郝婷-21055,郝婷,消费者,佳木斯,黑龙江,中国,东北,办公用-信封-10000067,办公用品,信封,"Ames 局间信封, 红色",681.24,3,0.0,217.98
2013,CN-202020-4121606,2021-11-11,2021-11-15,标准级,郝婷-21055,郝婷,消费者,佳木斯,黑龙江,中国,东北,办公用-系固-10001319,办公用品,系固件,"OIC 夹子, 混合尺寸",241.08,3,0.0,23.94
2022,US-202020-5555490,2021-05-06,2021-05-09,二级,钱珊-19855,钱珊,公司,广州,广东,中国,中南,办公用-收纳-10000741,办公用品,收纳具,"Fellowes 盒, 单宽度",183.96,2,0.0,55.16
2023,US-202020-1966706,2021-11-01,2021-11-06,标准级,洪强-19345,洪强,公司,朝阳,辽宁,中国,东北,办公用-美术-10000407,办公用品,美术,"Sanford 速写本, 混合尺寸",227.08,5,0.8,-818.02
2024,US-202020-1966706,2021-11-01,2021-11-06,标准级,洪强-19345,洪强,公司,朝阳,辽宁,中国,东北,办公用-信封-10000356,办公用品,信封,"GlobeWeis 商业信封, 红色",292.32,3,0.0,102.06
2027,CN-202020-2823186,2021-05-12,2021-05-17,标准级,楚杰-14710,楚杰,消费者,肃州,甘肃,中国,西北,办公用-标签-10000619,办公用品,标签,"Avery 可去除的标签, 耐用",259.7,5,0.0,17.5
2028,CN-202020-2823186,2021-05-12,2021-05-17,标准级,楚杰-14710,楚杰,消费者,肃州,甘肃,中国,西北,办公用-装订-10003504,办公用品,装订机,"Ibico 装订机, 耐用",47.544,1,0.4,-3.976
2029,CN-202020-2823186,2021-05-12,2021-05-17,标准级,楚杰-14710,楚杰,消费者,肃州,甘肃,中国,西北,家具-用具-10003029,家具,用具,"Rubvermaid 相框, 一包多件",725.34,5,0.4,-157.36
2030,CN-202020-2823186,2021-05-12,2021-05-17,标准级,楚杰-14710,楚杰,消费者,肃州,甘肃,中国,西北,办公用-美术-10000997,办公用品,美术,"Boston 钢笔, 整包",27.048,2,0.8,-42.112
2040,US-202020-1924488,2021-03-21,2021-03-28,标准级,邵黎-16405,邵黎明,小型企业,营口,辽宁,中国,东北,办公用-器具-10003822,办公用品,器具,"KitchenAid 咖啡研磨机, 红色",789.264,4,0.4,-381.696
2041,US-202020-2199283,2021-08-19,2021-08-19,当日,秦宁-18670,秦宁,消费者,大连,辽宁,中国,东北,办公用-用品-10001876,办公用品,用品,"Stiletto 大剪刀, 钢",132.972,1,0.4,-75.488
2049,CN-202020-2575295,2021-01-21,2021-01-23,二级,马雯-21760,马雯,公司,珲春,吉林,中国,东北,办公用-收纳-10001262,办公用品,收纳具,"Eldon 搁板, 金属",443.24,2,0.0,124.04
2080,CN-202020-2766233,2021-01-11,2021-01-13,一级,贺虹-13810,贺虹,公司,天津,天津,中国,华北,办公用-信封-10002118,办公用品,信封,"Kraft 局间信封, 红色",235.48,1,0.0,25.9
2096,CN-202020-1597520,2021-08-09,2021-08-11,一级,肖良-17125,肖良,消费者,深圳,广东,中国,中南,办公用-纸张-10004837,办公用品,纸张,"SanDisk 笔记本, 优质",417.48,3,0.0,62.58
2097,CN-202020-1597520,2021-08-09,2021-08-11,一级,肖良-17125,肖良,消费者,深圳,广东,中国,中南,办公用-收纳-10000319,办公用品,收纳具,"Rogers 锁柜, 单宽度",3950.8,4,0.0,869.12
2099,CN-202020-5278891,2021-05-19,2021-05-25,标准级,邢立-16645,邢立荣,消费者,济南,山东,中国,华东,办公用-装订-10003861,办公用品,装订机,"Avery 打孔机, 实惠",260.12,2,0.0,12.88
2100,CN-202020-5278891,2021-05-19,2021-05-25,标准级,邢立-16645,邢立荣,消费者,济南,山东,中国,华东,办公用-装订-10002836,办公用品,装订机,"Avery 订书机, 回收",688.8,3,0.0,61.74
2101,CN-202020-4292548,2021-09-21,2021-09-24,二级,黄康-15355,黄康,消费者,南昌,江西,中国,华东,办公用-信封-10000562,办公用品,信封,"Kraft 搭扣信封, 银色",106.4,2,0.0,48.72
2110,CN-202020-4940133,2021-12-08,2021-12-10,二级,殷珑-17905,殷珑,公司,乐城,广东,中国,中南,办公用-器具-10002796,办公用品,器具,"Hamilton Beach 烤面包机, 银色",271.88,1,0.0,43.4
2115,CN-202020-4163182,2021-11-30,2021-12-02,二级,潘荷-13735,潘荷,小型企业,宁海,山东,中国,华东,办公用-器具-10001263,办公用品,器具,"Breville 冰箱, 红色",7270.62,3,0.0,2617.02
2116,CN-202020-4163182,2021-11-30,2021-12-02,二级,潘荷-13735,潘荷,小型企业,宁海,山东,中国,华东,办公用-装订-10000416,办公用品,装订机,"Acco 订书机, 耐用",1227.1,5,0.0,331.1
2157,CN-202020-5671165,2021-10-18,2021-10-21,一级,韩莞-13255,韩莞颖,小型企业,宁波,浙江,中国,华东,办公用-器具-10003725,办公用品,器具,"Breville 搅拌机, 银色",3057.264,12,0.4,355.824
2160,US-202020-3569049,2021-03-19,2021-03-25,标准级,冯丽-15775,冯丽,消费者,平凉,甘肃,中国,西北,技术-电话-10002221,技术,电话,"苹果 音频基座, 全尺寸",2354.52,5,0.4,-78.68
2161,US-202020-3569049,2021-03-19,2021-03-25,标准级,冯丽-15775,冯丽,消费者,平凉,甘肃,中国,西北,办公用-美术-10002911,办公用品,美术,"Stanley 荧光笔, 金属",29.792,2,0.8,-76.048
2164,CN-202020-2558627,2021-12-08,2021-12-14,标准级,李康-15385,李康,消费者,太原,山西,中国,华北,家具-椅子-10002837,家具,椅子,"Office Star 折叠椅, 可调",879.2,2,0.0,122.92
2165,CN-202020-2558627,2021-12-08,2021-12-14,标准级,李康-15385,李康,消费者,太原,山西,中国,华北,家具-椅子-10004390,家具,椅子,"SAFCO 扶手椅, 每套两件",4327.68,2,0.0,2033.92
2166,CN-202020-2558627,2021-12-08,2021-12-14,标准级,李康-15385,李康,消费者,太原,山西,中国,华北,办公用-标签-10003689,办公用品,标签,"Avery 圆形标签, 耐用",175.7,5,0.0,85.4
2181,CN-202020-1958951,2021-05-12,2021-05-18,标准级,巩德-12070,巩德,小型企业,四平,吉林,中国,东北,办公用-纸张-10002204,办公用品,纸张,"Enermax 信纸, 回收",1974.42,9,0.0,255.78
2184,CN-202020-5895003,2021-01-10,2021-01-14,二级,方蔓-17950,方蔓楚,消费者,牡丹江,黑龙江,中国,东北,办公用-纸张-10004671,办公用品,纸张,"Enermax 信纸, 优质",219.8,1,0.0,65.94
2185,CN-202020-5895003,2021-01-10,2021-01-14,二级,方蔓-17950,方蔓楚,消费者,牡丹江,黑龙江,中国,东北,办公用-纸张-10001526,办公用品,纸张,"Enermax 备忘录便条, 回收",508.62,7,0.0,105.84
2202,CN-202020-1640388,2021-07-27,2021-07-31,二级,唐忠-11545,唐忠,公司,沧州,河北,中国,华北,办公用-纸张-10000928,办公用品,纸张,"Eaton 令, 每包 12 个",286.44,2,0.0,91.56
2215,CN-202020-2936253,2021-04-07,2021-04-13,标准级,杨立-16600,杨立勤,公司,定州,河北,中国,华北,技术-复印-10001533,技术,复印机,"惠普 个人复印机, 数字化",1735.02,3,0.0,658.98
2232,US-202020-4186426,2021-11-29,2021-12-01,二级,赵芳-12730,赵芳,消费者,沈阳,辽宁,中国,东北,办公用-装订-10004132,办公用品,装订机,"Cardinal 孔加固材料, 实惠",44.856,3,0.4,-20.244
2237,CN-202020-3813285,2021-04-01,2021-04-08,标准级,葛毅-12505,葛毅,消费者,胶州,山东,中国,华东,家具-椅子-10004899,家具,椅子,"Hon 凳子, 每套两件",4645.2,6,0.0,1207.08
2238,CN-202020-3813285,2021-04-01,2021-04-08,标准级,葛毅-12505,葛毅,消费者,胶州,山东,中国,华东,办公用-信封-10004437,办公用品,信封,"Jiffy 局间信封, 回收",844.48,4,0.0,16.8
2239,CN-202020-3813285,2021-04-01,2021-04-08,标准级,葛毅-12505,葛毅,消费者,胶州,山东,中国,华东,家具-椅子-10002415,家具,椅子,"Novimex 摇椅, 红色",1840.02,3,0.0,551.88
2263,CN-202020-5926511,2021-09-15,2021-09-18,二级,曹丽-16510,曹丽娜,消费者,肃州,甘肃,中国,西北,技术-电话-10000983,技术,电话,"三星 信号增强器, 整包",4209.744,11,0.4,-2666.356
2264,CN-202020-5926511,2021-09-15,2021-09-18,二级,曹丽-16510,曹丽娜,消费者,肃州,甘肃,中国,西北,技术-电话-10002221,技术,电话,"苹果 音频基座, 全尺寸",2825.424,6,0.4,-94.416
2273,US-202020-1190387,2021-08-09,2021-08-14,标准级,邱梦-18160,邱梦,消费者,耒阳,湖南,中国,中南,办公用-美术-10001897,办公用品,美术,"Boston 速写本, 混合尺寸",193.312,1,0.2,28.952
2274,US-202020-1190387,2021-08-09,2021-08-14,标准级,邱梦-18160,邱梦,消费者,耒阳,湖南,中国,中南,办公用-器具-10003069,办公用品,器具,"KitchenAid 咖啡研磨机, 银色",332.36,1,0.0,46.48
2280,CN-202020-3702485,2021-04-20,2021-04-22,一级,郭刚-13150,郭刚,公司,巢湖,安徽,中国,华东,家具-椅子-10003410,家具,椅子,"Hon 沙滩椅, 红色",421.4,2,0.0,21.0
2281,CN-202020-3702485,2021-04-20,2021-04-22,一级,郭刚-13150,郭刚,公司,巢湖,安徽,中国,华东,办公用-器具-10001619,办公用品,器具,"Breville 咖啡研磨机, 白色",840.0,3,0.0,184.8
2317,CN-202020-5631342,2021-01-12,2021-01-12,当日,马丽-16480,马丽娜,消费者,北京,北京,中国,华北,家具-椅子-10003151,家具,椅子,"Novimex 凳子, 每套两件",2333.94,3,0.0,279.72
2318,CN-202020-5631342,2021-01-12,2021-01-12,当日,马丽-16480,马丽娜,消费者,北京,北京,中国,华北,家具-椅子-10002532,家具,椅子,"Hon 椅垫, 可调",1083.04,4,0.0,541.52
2319,CN-202020-5631342,2021-01-12,2021-01-12,当日,马丽-16480,马丽娜,消费者,北京,北京,中国,华北,办公用-收纳-10004188,办公用品,收纳具,"Smead 文件夹, 蓝色",163.24,2,0.0,66.92
2385,CN-202020-2513055,2021-04-16,2021-04-23,标准级,俞荷-13780,俞荷,消费者,大庆,黑龙江,中国,东北,办公用-信封-10002389,办公用品,信封,"Kraft 外皮和封条, 每套 50 个",478.1,5,0.0,0.0
2389,US-202020-5648514,2021-07-06,2021-07-12,标准级,邱谦-19240,邱谦,消费者,成都,四川,中国,西南,技术-配件-10002929,技术,配件,"Memorex 路由器, 耐用",3449.88,5,0.4,56.98
2390,US-202020-5648514,2021-07-06,2021-07-12,标准级,邱谦-19240,邱谦,消费者,成都,四川,中国,西南,家具-书架-10000942,家具,书架,"Dania 柜, 黑色",1999.2,5,0.4,-499.8
2391,US-202020-5648514,2021-07-06,2021-07-12,标准级,邱谦-19240,邱谦,消费者,成都,四川,中国,西南,技术-电话-10004671,技术,电话,"苹果 信号增强器, 全尺寸",772.464,2,0.4,38.584
2392,US-202020-5648514,2021-07-06,2021-07-12,标准级,邱谦-19240,邱谦,消费者,成都,四川,中国,西南,办公用-纸张-10000928,办公用品,纸张,"Eaton 令, 每包 12 个",716.1,5,0.0,228.9
2427,CN-202020-5912855,2021-12-30,2022-01-01,二级,薛荷-13705,薛荷,公司,上海,上海,中国,华东,办公用-装订-10004336,办公用品,装订机,"Acco 装订机盖, 实惠",248.64,4,0.0,47.04
2431,CN-202020-3706710,2021-05-20,2021-05-26,标准级,施平-19180,施平,小型企业,北京,北京,中国,华北,技术-配件-10004265,技术,配件,"Enermax 键盘, 耐用",1952.3,5,0.0,585.2
2447,US-202020-1318873,2021-05-20,2021-05-27,标准级,韦达-11830,韦达侠,公司,鄂州,湖北,中国,中南,家具-椅子-10001064,家具,椅子,"Harbour Creations 折叠椅, 每套两件",560.784,2,0.4,-317.856
2456,CN-202020-2936253,2021-05-28,2021-06-03,标准级,龙锦-14875,龙锦,小型企业,宁波,浙江,中国,华东,办公用-美术-10000263,办公用品,美术,"Boston 荧光笔, 整包",35.728,2,0.8,-141.232
2457,CN-202020-2936253,2021-05-28,2021-06-03,标准级,龙锦-14875,龙锦,小型企业,宁波,浙江,中国,华东,家具-用具-10004488,家具,用具,"Eldon 灯泡, 一包多件",141.456,2,0.4,-45.024
2458,CN-202020-2936253,2021-05-28,2021-06-03,标准级,龙锦-14875,龙锦,小型企业,宁波,浙江,中国,华东,办公用-装订-10001901,办公用品,装订机,"Acco 孔加固材料, 回收",58.968,3,0.4,-37.632
2459,CN-202020-2936253,2021-05-28,2021-06-03,标准级,龙锦-14875,龙锦,小型企业,宁波,浙江,中国,华东,办公用-标签-10001981,办公用品,标签,"Avery 圆形标签, 红色",357.28,11,0.0,70.84
2467,CN-202020-4680664,2021-06-01,2021-06-06,标准级,牛德-12190,牛德伟,消费者,拜泉,黑龙江,中国,东北,办公用-器具-10000088,办公用品,器具,"Breville 搅拌机, 红色",2947.84,7,0.0,294.0
2495,CN-202020-4992845,2021-12-08,2021-12-08,当日,傅晨-11110,傅晨,公司,浯溪,湖南,中国,中南,办公用-标签-10002989,办公用品,标签,"Hon 运输标签, 白色",265.3,5,0.0,31.5
2496,CN-202020-4992845,2021-12-08,2021-12-08,当日,傅晨-11110,傅晨,公司,浯溪,湖南,中国,中南,办公用-装订-10000749,办公用品,装订机,"Ibico 打孔机, 透明",139.58,1,0.0,47.32
2497,CN-202020-4992845,2021-12-08,2021-12-08,当日,傅晨-11110,傅晨,公司,浯溪,湖南,中国,中南,办公用-装订-10003699,办公用品,装订机,"Acco 装订机盖, 透明",417.48,7,0.0,3.92
2514,US-202020-3490090,2021-10-11,2021-10-13,二级,田诚-11335,田诚,小型企业,自贡,四川,中国,西南,家具-用具-10003979,家具,用具,"Deflect-O 框架, 耐用",1199.184,4,0.4,-600.096
2515,US-202020-3490090,2021-10-11,2021-10-13,二级,田诚-11335,田诚,小型企业,自贡,四川,中国,西南,家具-椅子-10004534,家具,椅子,"Office Star 扶手椅, 黑色",1302.0,1,0.4,-868.0
2517,CN-202020-5687295,2021-05-23,2021-05-26,二级,龙廷-21295,龙廷,消费者,衡阳,湖南,中国,中南,家具-椅子-10001896,家具,椅子,"Office Star 椅垫, 黑色",266.238,1,0.1,82.698
2532,CN-202020-3557528,2021-03-01,2021-03-06,标准级,潘荷-13735,潘荷,小型企业,淮南,安徽,中国,华东,技术-配件-10000246,技术,配件,"贝尔金 记忆卡, 可编程",3799.46,7,0.0,1291.64
2533,CN-202020-3557528,2021-03-01,2021-03-06,标准级,潘荷-13735,潘荷,小型企业,淮南,安徽,中国,华东,办公用-器具-10001757,办公用品,器具,"KitchenAid 炉灶, 黑色",15948.24,6,0.0,6219.36
2541,CN-202020-3722391,2021-11-22,2021-11-26,标准级,李丽-17365,李丽丽,消费者,重庆,重庆,中国,西南,办公用-用品-10002305,办公用品,用品,"Elite 美工刀, 蓝色",325.64,2,0.0,38.92
2542,CN-202020-3722391,2021-11-22,2021-11-26,标准级,李丽-17365,李丽丽,消费者,重庆,重庆,中国,西南,办公用-用品-10004652,办公用品,用品,"Stiletto 开信刀, 钢",259.28,2,0.0,12.88
2543,CN-202020-3722391,2021-11-22,2021-11-26,标准级,李丽-17365,李丽丽,消费者,重庆,重庆,中国,西南,技术-复印-10000604,技术,复印机,"夏普 传真复印机, 彩色",1269.632,2,0.2,174.552
2546,US-202020-2530333,2021-07-08,2021-07-11,一级,楚娟-15115,楚娟,消费者,宜昌,湖北,中国,中南,办公用-标签-10000039,办公用品,标签,"Avery 可去除的标签, 白色",100.24,2,0.0,3.92
2547,US-202020-2530333,2021-07-08,2021-07-11,一级,楚娟-15115,楚娟,消费者,宜昌,湖北,中国,中南,技术-电话-10002475,技术,电话,"诺基亚 办公室电话机, 全尺寸",1301.832,7,0.4,-195.608
2548,US-202020-2530333,2021-07-08,2021-07-11,一级,楚娟-15115,楚娟,消费者,宜昌,湖北,中国,中南,家具-椅子-10001896,家具,椅子,"Office Star 椅垫, 黑色",532.476,3,0.4,-18.144
2549,US-202020-2530333,2021-07-08,2021-07-11,一级,楚娟-15115,楚娟,消费者,宜昌,湖北,中国,中南,办公用-纸张-10004825,办公用品,纸张,"施乐 令, 回收",245.0,2,0.0,21.84
2550,US-202020-2530333,2021-07-08,2021-07-11,一级,楚娟-15115,楚娟,消费者,宜昌,湖北,中国,中南,家具-书架-10001540,家具,书架,"Dania 古典书架, 白色",4628.736,4,0.4,-1389.024
2551,US-202020-2530333,2021-07-08,2021-07-11,一级,楚娟-15115,楚娟,消费者,宜昌,湖北,中国,中南,办公用-装订-10000333,办公用品,装订机,"Cardinal 订书机, 回收",421.092,3,0.4,-105.588
2577,US-202020-1166865,2021-08-24,2021-08-24,当日,徐菊-15070,徐菊,消费者,武汉,湖北,中国,中南,技术-复印-10000308,技术,复印机,"夏普 墨水, 红色",686.616,2,0.4,-343.504
2587,CN-202020-5510381,2021-06-14,2021-06-16,一级,任杰-14755,任杰,消费者,天津,天津,中国,华北,办公用-收纳-10004384,办公用品,收纳具,"Smead 锁柜, 金属",5529.72,6,0.0,2598.96
2588,CN-202020-5510381,2021-06-14,2021-06-16,一级,任杰-14755,任杰,消费者,天津,天津,中国,华北,技术-配件-10003923,技术,配件,"SanDisk 记忆卡, 实惠",1573.74,3,0.0,314.58
2589,CN-202020-5510381,2021-06-14,2021-06-16,一级,任杰-14755,任杰,消费者,天津,天津,中国,华北,办公用-美术-10002566,办公用品,美术,"Stanley 荧光笔, 混合尺寸",166.88,2,0.0,19.88
2590,CN-202020-5510381,2021-06-14,2021-06-16,一级,任杰-14755,任杰,消费者,天津,天津,中国,华北,办公用-美术-10000476,办公用品,美术,"BIC 荧光笔, 整包",806.4,9,0.0,0.0
2591,CN-202020-5510381,2021-06-14,2021-06-16,一级,任杰-14755,任杰,消费者,天津,天津,中国,华北,技术-配件-10000246,技术,配件,"贝尔金 记忆卡, 可编程",2713.9,5,0.0,922.6
2649,US-202020-3108642,2021-09-21,2021-09-27,标准级,武廉-17305,武廉,消费者,钟祥,湖北,中国,中南,办公用-用品-10001059,办公用品,用品,"Acme 大剪刀, 锯齿状",391.608,3,0.4,-6.552
2654,CN-202020-5022660,2021-10-03,2021-10-07,标准级,佘升-20170,佘升,消费者,信阳,河南,中国,中南,家具-椅子-10002450,家具,椅子,"Hon 折叠椅, 红色",683.928,2,0.1,205.128
2675,CN-202020-3189070,2021-08-02,2021-08-07,标准级,周诚-11275,周诚,公司,颍上城关镇,安徽,中国,华东,技术-电话-10001957,技术,电话,"摩托罗拉 智能手机, 整包",1212.12,2,0.0,315.0
2676,CN-202020-3189070,2021-08-02,2021-08-07,标准级,周诚-11275,周诚,公司,颍上城关镇,安徽,中国,华东,办公用-美术-10000951,办公用品,美术,"Sanford 钢笔, 整包",42.448,1,0.2,-4.312
2679,US-202020-5165630,2021-01-03,2021-01-09,标准级,牛惠-14410,牛惠,小型企业,桓仁,辽宁,中国,东北,家具-椅子-10002303,家具,椅子,"Harbour Creations 椅垫, 红色",403.2,2,0.4,-26.88
2680,US-202020-5165630,2021-01-03,2021-01-09,标准级,牛惠-14410,牛惠,小型企业,桓仁,辽宁,中国,东北,办公用-器具-10003582,办公用品,器具,"KitchenAid 冰箱, 黑色",1476.636,1,0.4,-566.104
2681,US-202020-5165630,2021-01-03,2021-01-09,标准级,牛惠-14410,牛惠,小型企业,桓仁,辽宁,中国,东北,办公用-器具-10001453,办公用品,器具,"Cuisinart 炉灶, 白色",10514.028,7,0.4,700.308
2682,US-202020-5165630,2021-01-03,2021-01-09,标准级,牛惠-14410,牛惠,小型企业,桓仁,辽宁,中国,东北,技术-电话-10002696,技术,电话,"思科 充电器, 混合尺寸",3663.744,2,0.4,-1832.096
2683,US-202020-5165630,2021-01-03,2021-01-09,标准级,牛惠-14410,牛惠,小型企业,桓仁,辽宁,中国,东北,技术-复印-10003121,技术,复印机,"佳能 墨水, 数字化",822.024,2,0.4,95.704
2684,US-202020-5165630,2021-01-03,2021-01-09,标准级,牛惠-14410,牛惠,小型企业,桓仁,辽宁,中国,东北,办公用-装订-10002049,办公用品,装订机,"Ibico 装订机盖, 透明",183.54,5,0.4,-70.56
2693,CN-202020-5922906,2021-07-06,2021-07-08,二级,胡宣-20890,胡宣,公司,泰兴,江苏,中国,华东,办公用-纸张-10003357,办公用品,纸张,"Green Bar 笔记本, 优质",695.1,5,0.0,333.2
2712,CN-202020-4502739,2021-09-22,2021-09-27,标准级,任梅-18115,任梅,小型企业,仙桃,湖北,中国,中南,办公用-信封-10004257,办公用品,信封,"Jiffy 局间信封, 每套 50 个",650.16,3,0.0,188.16
2727,CN-202020-3676119,2021-10-16,2021-10-18,二级,巩关-15595,巩关茵,公司,钟祥,湖北,中国,中南,办公用-纸张-10001957,办公用品,纸张,"Enermax 令, 回收",529.76,4,0.0,47.6
2752,US-202020-5434393,2021-10-05,2021-10-09,二级,韦诚-11365,韦诚,公司,大庆,黑龙江,中国,东北,家具-用具-10000958,家具,用具,"Advantus 门挡, 耐用",588.84,3,0.0,70.56
2753,US-202020-5434393,2021-10-05,2021-10-09,二级,韦诚-11365,韦诚,公司,大庆,黑龙江,中国,东北,家具-椅子-10001534,家具,椅子,"Hon 扶手椅, 红色",8533.28,4,0.0,3754.24
2754,US-202020-5434393,2021-10-05,2021-10-09,二级,韦诚-11365,韦诚,公司,大庆,黑龙江,中国,东北,办公用-装订-10002552,办公用品,装订机,"Wilson Jones 装订机, 回收",187.32,3,0.0,67.2
2755,US-202020-5434393,2021-10-05,2021-10-09,二级,韦诚-11365,韦诚,公司,大庆,黑龙江,中国,东北,办公用-标签-10001176,办公用品,标签,"Avery 合法证物标签, 可调",172.48,4,0.0,30.8
2756,US-202020-5434393,2021-10-05,2021-10-09,二级,韦诚-11365,韦诚,公司,大庆,黑龙江,中国,东北,技术-电话-10003432,技术,电话,"三星 音频基座, 蓝色",2335.62,3,0.0,350.28
2759,CN-202020-4439307,2021-06-02,2021-06-07,二级,彭丽-17650,彭丽雪,小型企业,保定,河北,中国,华北,办公用-标签-10002790,办公用品,标签,"Hon 文件夹标签, 白色",362.88,9,0.0,2.52
2760,CN-202020-4439307,2021-06-02,2021-06-07,二级,彭丽-17650,彭丽雪,小型企业,保定,河北,中国,华北,家具-书架-10003499,家具,书架,"宜家 书库, 金属",3386.6,2,0.0,609.56
2761,CN-202020-4439307,2021-06-02,2021-06-07,二级,彭丽-17650,彭丽雪,小型企业,保定,河北,中国,华北,办公用-器具-10000702,办公用品,器具,"Hoover 咖啡研磨机, 红色",642.04,2,0.0,38.36
2767,CN-202020-2511714,2021-11-23,2021-11-29,标准级,孔松-20695,孔松,公司,银川,宁夏,中国,西北,办公用-收纳-10004131,办公用品,收纳具,"Rogers 文件夹, 金属",416.64,3,0.0,154.14
2770,CN-202020-2964244,2021-05-09,2021-05-11,二级,郭升-20140,郭升,公司,佛山,广东,中国,中南,办公用-用品-10004482,办公用品,用品,"Kleencut 尺子, 锯齿状",287.28,6,0.0,143.64
2771,CN-202020-2964244,2021-05-09,2021-05-11,二级,郭升-20140,郭升,公司,佛山,广东,中国,中南,办公用-收纳-10003557,办公用品,收纳具,"Fellowes 搁板, 蓝色",809.76,3,0.0,218.4
2773,CN-202020-5687295,2021-03-11,2021-03-12,一级,邱谦-19240,邱谦,消费者,胶南,山东,中国,华东,办公用-器具-10003678,办公用品,器具,"Cuisinart 微波炉, 银色",1302.98,1,0.0,469.0
2774,CN-202020-5687295,2021-03-11,2021-03-12,一级,邱谦-19240,邱谦,消费者,胶南,山东,中国,华东,办公用-收纳-10003617,办公用品,收纳具,"Tenex 文件车, 单宽度",1252.16,2,0.0,212.8
2775,CN-202020-2366851,2021-11-16,2021-11-20,标准级,巩达-11770,巩达侠,消费者,荆门,湖北,中国,中南,办公用-信封-10001526,办公用品,信封,"GlobeWeis 外皮和封条, 回收",188.44,2,0.0,9.24
2776,CN-202020-2366851,2021-11-16,2021-11-20,标准级,巩达-11770,巩达侠,消费者,荆门,湖北,中国,中南,办公用-收纳-10004477,办公用品,收纳具,"Tenex 文件夹, 金属",520.1,5,0.0,46.2
2777,CN-202020-2366851,2021-11-16,2021-11-20,标准级,巩达-11770,巩达侠,消费者,荆门,湖北,中国,中南,办公用-信封-10004939,办公用品,信封,"Kraft 商业信封, 红色",279.72,3,0.0,27.72
2778,CN-202020-2366851,2021-11-16,2021-11-20,标准级,巩达-11770,巩达侠,消费者,荆门,湖北,中国,中南,办公用-信封-10002782,办公用品,信封,"Kraft 搭扣信封, 每套 50 个",84.0,2,0.0,6.72
2781,CN-202020-2544332,2021-11-15,2021-11-17,二级,彭丽-17650,彭丽雪,小型企业,宜春,黑龙江,中国,东北,家具-用具-10001798,家具,用具,"Deflect-O 灯泡, 优质",246.54,3,0.0,78.54
2801,CN-202020-4893747,2021-03-23,2021-03-26,二级,楚虢-13465,楚虢,消费者,邵武,福建,中国,华东,技术-电话-10000581,技术,电话,"苹果 充电器, 蓝色",11875.92,4,0.0,2493.68
2806,CN-202020-4395048,2021-08-24,2021-08-26,一级,曾幂-18100,曾幂,消费者,埠河,湖北,中国,中南,办公用-信封-10002033,办公用品,信封,"Ames 外皮和封条, 红色",518.7,5,0.0,222.6
2807,CN-202020-4395048,2021-08-24,2021-08-26,一级,曾幂-18100,曾幂,消费者,埠河,湖北,中国,中南,办公用-器具-10000797,办公用品,器具,"Breville 微波炉, 白色",2518.74,3,0.4,-1385.58
2808,US-202020-5579979,2021-04-29,2021-05-01,一级,马惠-14335,马惠英,公司,泰州,江苏,中国,华东,家具-用具-10003114,家具,用具,"Advantus 闹钟, 一包多件",432.18,3,0.4,-36.12
2809,US-202020-5579979,2021-04-29,2021-05-01,一级,马惠-14335,马惠英,公司,泰州,江苏,中国,华东,办公用-用品-10002649,办公用品,用品,"Kleencut 修剪器, 钢",228.648,2,0.4,-57.232
2817,CN-202020-1105815,2021-01-17,2021-01-22,二级,曹欢-14200,曹欢悦,小型企业,辛置,山西,中国,华北,家具-用具-10001977,家具,用具,"Eldon 框架, 优质",1608.18,3,0.0,739.62
2818,CN-202020-1105815,2021-01-17,2021-01-22,二级,曹欢-14200,曹欢悦,小型企业,辛置,山西,中国,华北,办公用-收纳-10002430,办公用品,收纳具,"Rogers 文件车, 单宽度",3965.64,6,0.0,1585.92
2825,CN-202020-5834341,2021-01-13,2021-01-15,一级,丁崆-15535,丁崆,消费者,咸水沽,天津,中国,华北,家具-椅子-10000676,家具,椅子,"SAFCO 椅垫, 可调",1744.68,6,0.0,802.2
2832,CN-202020-2706465,2021-01-27,2021-01-27,当日,段强-19420,段强,公司,青冈,黑龙江,中国,东北,办公用-信封-10003939,办公用品,信封,"Cameo 商业信封, 回收",147.0,2,0.0,29.4
2833,CN-202020-2706465,2021-01-27,2021-01-27,当日,段强-19420,段强,公司,青冈,黑龙江,中国,东北,办公用-装订-10000416,办公用品,装订机,"Acco 订书机, 耐用",1717.94,7,0.0,463.54
2835,CN-202020-5601190,2021-11-25,2021-11-29,标准级,范刚-13135,范刚,消费者,朝阳,辽宁,中国,东北,技术-设备-10003240,技术,设备,"爱普生 电话, 红色",364.56,1,0.0,29.12
2845,CN-202020-1640388,2021-09-15,2021-09-15,当日,邹涛-21265,邹涛,公司,长春,吉林,中国,东北,办公用-信封-10001868,办公用品,信封,"Jiffy 商业信封, 红色",182.0,2,0.0,89.04
2846,CN-202020-1640388,2021-09-15,2021-09-15,当日,邹涛-21265,邹涛,公司,长春,吉林,中国,东北,家具-桌子-10002211,家具,桌子,"Barricks 电脑桌, 白色",8400.525,5,0.25,-672.175
2853,CN-202020-5048976,2021-05-23,2021-05-28,二级,邹涛-21265,邹涛,公司,重庆,重庆,中国,西南,办公用-美术-10004489,办公用品,美术,"Boston 画布, 金属",256.2,1,0.0,51.24
2854,CN-202020-5048976,2021-05-23,2021-05-28,二级,邹涛-21265,邹涛,公司,重庆,重庆,中国,西南,办公用-纸张-10003708,办公用品,纸张,"Eaton 计划信息表, 每包 12 个",346.08,3,0.0,17.22
2855,CN-202020-5048976,2021-05-23,2021-05-28,二级,邹涛-21265,邹涛,公司,重庆,重庆,中国,西南,技术-配件-10000207,技术,配件,"Enermax 闪存驱动器, 实惠",193.76,1,0.0,83.3
2856,CN-202020-5048976,2021-05-23,2021-05-28,二级,邹涛-21265,邹涛,公司,重庆,重庆,中国,西南,家具-书架-10000759,家具,书架,"Sauder 书库, 黑色",9076.2,5,0.0,1270.5
2859,CN-202020-1297686,2021-09-15,2021-09-21,标准级,余婵-11020,余婵,公司,富阳,浙江,中国,华东,技术-配件-10004481,技术,配件,"Enermax 记忆卡, 耐用",1604.4,5,0.4,160.3
2860,CN-202020-1297686,2021-09-15,2021-09-21,标准级,余婵-11020,余婵,公司,富阳,浙江,中国,华东,办公用-器具-10003676,办公用品,器具,"Hoover 烤面包机, 红色",1639.344,7,0.4,-492.156
2861,CN-202020-1297686,2021-09-15,2021-09-21,标准级,余婵-11020,余婵,公司,富阳,浙江,中国,华东,办公用-用品-10000086,办公用品,用品,"Kleencut 剪刀, 工业",200.844,3,0.4,29.904
2899,US-202020-1243146,2021-04-26,2021-05-01,标准级,袁临-17485,袁临耀,消费者,忻州,湖北,中国,中南,技术-设备-10000759,技术,设备,"冲电器 计算器, 白色",283.92,2,0.4,-170.52
2903,CN-202020-5105254,2021-01-18,2021-01-20,二级,涂博-10585,涂博,消费者,长沙,湖南,中国,中南,办公用-器具-10003822,办公用品,器具,"KitchenAid 咖啡研磨机, 红色",1315.44,4,0.0,144.48
2912,CN-202020-1246652,2021-10-06,2021-10-08,二级,贺丹-11950,贺丹,消费者,合川,重庆,中国,西南,办公用-装订-10003982,办公用品,装订机,"Cardinal 标签, 耐用",81.76,2,0.0,34.16
2913,US-202020-2530333,2021-02-02,2021-02-05,一级,熊荣-19720,熊荣,消费者,广州,广东,中国,中南,办公用-纸张-10003534,办公用品,纸张,"Green Bar 笔记本, 每包 12 个",475.02,3,0.0,52.08
2920,CN-202020-3529472,2021-11-24,2021-11-29,标准级,曹琼-19675,曹琼,小型企业,上海,上海,中国,华东,办公用-用品-10000602,办公用品,用品,"Fiskars 修剪器, 蓝色",1381.8,7,0.0,676.2
2926,CN-202020-2084652,2021-09-11,2021-09-14,一级,卢壁-10450,卢壁,消费者,州城,山东,中国,华东,家具-书架-10000557,家具,书架,"Sauder 搁架, 金属",2716.56,3,0.0,380.1
2927,CN-202020-2084652,2021-09-11,2021-09-14,一级,卢壁-10450,卢壁,消费者,州城,山东,中国,华东,办公用-装订-10004585,办公用品,装订机,"Ibico 打孔机, 回收",287.56,2,0.0,51.52
2928,CN-202020-2084652,2021-09-11,2021-09-14,一级,卢壁-10450,卢壁,消费者,州城,山东,中国,华东,办公用-器具-10003836,办公用品,器具,"Hoover 咖啡研磨机, 白色",624.68,2,0.0,293.44
2930,CN-202020-1787632,2021-12-03,2021-12-10,标准级,常黎-16315,常黎明,消费者,钦州,广西,中国,中南,办公用-信封-10001091,办公用品,信封,"Kraft 商业信封, 回收",355.6,5,0.0,113.4
2943,US-202020-5956912,2021-05-06,2021-05-06,当日,孙梦-18250,孙梦,公司,汕头,广东,中国,中南,技术-配件-10000507,技术,配件,"贝尔金 鼠标, 回收",539.28,3,0.0,247.8
2950,CN-202020-5698942,2021-01-12,2021-01-16,标准级,常光-13345,常光,公司,常德,湖南,中国,中南,办公用-系固-10001943,办公用品,系固件,"Stockwell 夹子, 每包 12 个",435.4,5,0.0,121.8
2963,US-202020-3930358,2021-05-20,2021-05-26,标准级,唐欢-14170,唐欢悦,消费者,天津,天津,中国,华北,办公用-用品-10004642,办公用品,用品,"Fiskars 修剪器, 钢",194.6,1,0.0,79.66
3002,CN-202020-2647402,2021-09-29,2021-10-03,标准级,田丹-11995,田丹,消费者,桂平,广西,中国,中南,办公用-收纳-10002744,办公用品,收纳具,"Eldon 盒, 单宽度",96.04,2,0.0,11.48
3015,CN-202020-2203847,2021-06-23,2021-06-28,标准级,白忠-11515,白忠,消费者,开化,云南,中国,西南,办公用-标签-10004567,办公用品,标签,"Smead 有色标签, 红色",240.24,4,0.0,119.84
3016,CN-202020-2203847,2021-06-23,2021-06-28,标准级,白忠-11515,白忠,消费者,开化,云南,中国,西南,技术-电话-10000462,技术,电话,"思科 音频基座, 混合尺寸",12081.44,14,0.0,1085.84
3017,CN-202020-2203847,2021-06-23,2021-06-28,标准级,白忠-11515,白忠,消费者,开化,云南,中国,西南,家具-椅子-10004046,家具,椅子,"SAFCO 摇椅, 红色",3777.48,6,0.0,1019.76
3018,CN-202020-2203847,2021-06-23,2021-06-28,标准级,白忠-11515,白忠,消费者,开化,云南,中国,西南,家具-桌子-10004043,家具,桌子,"Barricks 培训桌, 长方形",1768.872,2,0.4,-147.448
3019,CN-202020-2203847,2021-06-23,2021-06-28,标准级,白忠-11515,白忠,消费者,开化,云南,中国,西南,家具-书架-10000621,家具,书架,"Bush 书库, 金属",10185.84,6,0.0,814.8
3020,CN-202020-2203847,2021-06-23,2021-06-28,标准级,白忠-11515,白忠,消费者,开化,云南,中国,西南,办公用-收纳-10000923,办公用品,收纳具,"Tenex 文件车, 工业",628.18,1,0.0,232.4
3021,CN-202020-2203847,2021-06-23,2021-06-28,标准级,白忠-11515,白忠,消费者,开化,云南,中国,西南,办公用-系固-10000944,办公用品,系固件,"Stockwell 夹子, 整包",179.48,2,0.0,59.08
3022,CN-202020-2203847,2021-06-23,2021-06-28,标准级,白忠-11515,白忠,消费者,开化,云南,中国,西南,办公用-美术-10000708,办公用品,美术,"Stanley 记号笔, 混合尺寸",473.76,4,0.0,160.72
3023,CN-202020-2203847,2021-06-23,2021-06-28,标准级,白忠-11515,白忠,消费者,开化,云南,中国,西南,办公用-器具-10001049,办公用品,器具,"Breville 冰箱, 黑色",7262.64,3,0.0,1234.38
3024,CN-202020-2203847,2021-06-23,2021-06-28,标准级,白忠-11515,白忠,消费者,开化,云南,中国,西南,办公用-信封-10000686,办公用品,信封,"GlobeWeis 局间信封, 每套 50 个",1338.96,6,0.0,548.52
3025,CN-202020-2203847,2021-06-23,2021-06-28,标准级,白忠-11515,白忠,消费者,开化,云南,中国,西南,办公用-纸张-10004274,办公用品,纸张,"Eaton 备忘录便条, 每包 12 个",166.88,2,0.0,46.48
3026,US-202020-5632123,2021-05-31,2021-06-04,标准级,秦君-15175,秦君,小型企业,通辽,内蒙古,中国,华北,家具-用具-10004218,家具,用具,"Tenex 相框, 一包多件",1307.88,9,0.4,-217.98
3044,CN-202020-3746616,2021-01-23,2021-01-27,二级,潘健-14575,潘健,消费者,太原,山西,中国,华北,家具-书架-10003100,家具,书架,"宜家 墙角架, 传统",1722.84,3,0.0,619.92
3045,CN-202020-3746616,2021-01-23,2021-01-27,二级,潘健-14575,潘健,消费者,太原,山西,中国,华北,办公用-器具-10000850,办公用品,器具,"KitchenAid 炉灶, 白色",5304.04,2,0.0,954.52
3068,CN-202020-2468928,2021-08-18,2021-08-18,当日,孙斯-21010,孙斯云,消费者,津市,湖南,中国,中南,技术-复印-10003535,技术,复印机,"Brother 个人复印机, 彩色",1347.08,2,0.0,484.68
3069,CN-202020-2468928,2021-08-18,2021-08-18,当日,孙斯-21010,孙斯云,消费者,津市,湖南,中国,中南,办公用-装订-10000622,办公用品,装订机,"Cardinal 打孔机, 实惠",268.8,2,0.0,24.08
3072,CN-202020-5027699,2021-02-20,2021-02-24,二级,涂珑-17875,涂珑,小型企业,昆明,云南,中国,西南,办公用-系固-10004244,办公用品,系固件,"Advantus 橡皮筋, 混合尺寸",524.16,8,0.0,4.48
3073,CN-202020-5027699,2021-02-20,2021-02-24,二级,涂珑-17875,涂珑,小型企业,昆明,云南,中国,西南,家具-书架-10004848,家具,书架,"Sauder 搁架, 黑色",6400.38,7,0.0,2815.54
3074,CN-202020-5027699,2021-02-20,2021-02-24,二级,涂珑-17875,涂珑,小型企业,昆明,云南,中国,西南,家具-用具-10001122,家具,用具,"Rubvermaid 分层置放架, 一包多件",117.6,1,0.0,5.88
3075,CN-202020-5027699,2021-02-20,2021-02-24,二级,涂珑-17875,涂珑,小型企业,昆明,云南,中国,西南,家具-书架-10000835,家具,书架,"Dania 搁架, 金属",1575.56,2,0.0,189.0
3083,US-202020-2756371,2021-03-19,2021-03-22,二级,廖乐-17770,廖乐,消费者,归仁,江苏,中国,华东,家具-椅子-10002697,家具,椅子,"Novimex 摇椅, 每套两件",2620.128,7,0.4,-786.352
3089,CN-202020-3566090,2021-03-11,2021-03-14,一级,林谦-19285,林谦,消费者,潍坊,山东,中国,华东,办公用-美术-10001893,办公用品,美术,"Binney & Smith 速写本, 混合尺寸",1155.0,5,0.0,427.0
3090,CN-202020-1966017,2021-05-04,2021-05-08,标准级,陶惠-14455,陶惠,小型企业,滕州,山东,中国,华东,技术-设备-10000001,技术,设备,"爱普生 计算器, 耐用",651.42,3,0.0,6.3
3125,CN-202020-3555396,2021-08-20,2021-08-22,二级,谭珊-19900,谭珊,消费者,上海,上海,中国,华东,办公用-标签-10004462,办公用品,标签,"Hon 合法证物标签, 可调",163.52,4,0.0,48.72
3126,CN-202020-3555396,2021-08-20,2021-08-22,二级,谭珊-19900,谭珊,消费者,上海,上海,中国,华东,家具-书架-10002456,家具,书架,"Safco 书架, 金属",4156.32,6,0.0,1537.2
3127,CN-202020-3555396,2021-08-20,2021-08-22,二级,谭珊-19900,谭珊,消费者,上海,上海,中国,华东,技术-配件-10000138,技术,配件,"贝尔金 鼠标, 可编程",196.98,1,0.0,15.68
3128,CN-202020-3555396,2021-08-20,2021-08-22,二级,谭珊-19900,谭珊,消费者,上海,上海,中国,华东,技术-电话-10003828,技术,电话,"摩托罗拉 充电器, 混合尺寸",27112.68,9,0.0,3253.32
3129,CN-202020-3555396,2021-08-20,2021-08-22,二级,谭珊-19900,谭珊,消费者,上海,上海,中国,华东,技术-设备-10003000,技术,设备,"冲电器 电话, 耐用",1623.44,4,0.0,80.64
3130,CN-202020-3555396,2021-08-20,2021-08-22,二级,谭珊-19900,谭珊,消费者,上海,上海,中国,华东,家具-用具-10003029,家具,用具,"Rubvermaid 相框, 一包多件",967.12,4,0.0,260.96
3131,CN-202020-3555396,2021-08-20,2021-08-22,二级,谭珊-19900,谭珊,消费者,上海,上海,中国,华东,办公用-标签-10002476,办公用品,标签,"Avery 圆形标签, 白色",133.28,4,0.0,36.96
3132,CN-202020-3555396,2021-08-20,2021-08-22,二级,谭珊-19900,谭珊,消费者,上海,上海,中国,华东,技术-电话-10001542,技术,电话,"思科 办公室电话机, 混合尺寸",388.78,1,0.0,15.54
3136,US-202020-5784606,2021-11-24,2021-11-27,一级,赵升-20065,赵升,消费者,衡阳,湖南,中国,中南,办公用-美术-10004988,办公用品,美术,"Stanley 铅笔刀, 混合尺寸",104.384,1,0.2,-11.816
3137,CN-202020-3021319,2021-07-04,2021-07-06,二级,夏惠-14320,夏惠英,消费者,讷河,黑龙江,中国,东北,办公用-收纳-10004768,办公用品,收纳具,"Tenex 搁板, 金属",2256.66,9,0.0,902.16
3145,CN-202020-3103245,2021-05-27,2021-05-31,标准级,苏冬-12430,苏冬露,小型企业,襄樊,湖北,中国,中南,办公用-信封-10003109,办公用品,信封,"Jiffy 搭扣信封, 银色",152.88,3,0.0,24.36
3146,CN-202020-3103245,2021-05-27,2021-05-31,标准级,苏冬-12430,苏冬露,小型企业,襄樊,湖北,中国,中南,办公用-收纳-10004248,办公用品,收纳具,"Fellowes 搁板, 工业",544.32,2,0.0,250.32
3150,CN-202020-1410437,2021-01-09,2021-01-13,二级,涂珑-17875,涂珑,小型企业,周口,河南,中国,中南,技术-设备-10003169,技术,设备,"松下 计算器, 白色",1590.54,7,0.0,15.68
3151,CN-202020-1410437,2021-01-09,2021-01-13,二级,涂珑-17875,涂珑,小型企业,周口,河南,中国,中南,办公用-用品-10003575,办公用品,用品,"Stiletto 尺子, 蓝色",69.44,1,0.0,24.92
3171,CN-202020-2577941,2021-11-04,2021-11-08,标准级,龙婷-21115,龙婷,公司,阿城,黑龙江,中国,东北,办公用-器具-10001452,办公用品,器具,"Breville 炉灶, 银色",5248.04,2,0.0,892.08
3172,CN-202020-2560726,2021-11-17,2021-11-19,一级,任临-17440,任临耀,公司,绍兴,浙江,中国,华东,办公用-系固-10002483,办公用品,系固件,"Stockwell 回形针, 混合尺寸",95.256,3,0.4,1.176
3173,CN-202020-2560726,2021-11-17,2021-11-19,一级,任临-17440,任临耀,公司,绍兴,浙江,中国,华东,技术-复印-10004759,技术,复印机,"夏普 复印机, 数字化",7362.432,11,0.4,-4172.168
3182,US-202020-4309040,2021-04-01,2021-04-06,标准级,杨晨-11215,杨晨,小型企业,张家港,江苏,中国,华东,办公用-美术-10000715,办公用品,美术,"Sanford 画布, 蓝色",141.456,3,0.8,-502.404
3183,US-202020-4309040,2021-04-01,2021-04-06,标准级,杨晨-11215,杨晨,小型企业,张家港,江苏,中国,华东,家具-椅子-10004899,家具,椅子,"Hon 凳子, 每套两件",1393.56,3,0.4,-325.5
3184,US-202020-4309040,2021-04-01,2021-04-06,标准级,杨晨-11215,杨晨,小型企业,张家港,江苏,中国,华东,办公用-纸张-10000111,办公用品,纸张,"Green Bar 令, 每包 12 个",316.4,2,0.0,18.76
3206,CN-202020-1525230,2021-11-08,2021-11-09,一级,贺鹏-19045,贺鹏,小型企业,天津,天津,中国,华北,家具-书架-10004330,家具,书架,"Safco 书架, 黑色",1403.08,2,0.0,84.0
3207,CN-202020-1525230,2021-11-08,2021-11-09,一级,贺鹏-19045,贺鹏,小型企业,天津,天津,中国,华北,办公用-收纳-10001549,办公用品,收纳具,"Eldon 盒, 蓝色",143.64,3,0.0,49.98
3231,CN-202020-2664017,2021-03-09,2021-03-16,标准级,彭绅-19975,彭绅,公司,北京,北京,中国,华北,技术-配件-10004500,技术,配件,"罗技 键盘, 实惠",2028.6,6,0.0,486.36
3232,CN-202020-4970804,2021-12-27,2021-12-31,标准级,巩关-15595,巩关茵,公司,济南,山东,中国,华东,办公用-信封-10004523,办公用品,信封,"Cameo 马尼拉纸信封, 回收",361.2,3,0.0,64.68
3233,CN-202020-4970804,2021-12-27,2021-12-31,标准级,巩关-15595,巩关茵,公司,济南,山东,中国,华东,办公用-收纳-10002059,办公用品,收纳具,"Tenex 搁板, 工业",514.64,2,0.0,133.56
3234,CN-202020-1887568,2021-10-29,2021-11-02,二级,楚虢-13465,楚虢,消费者,济南,山东,中国,华东,技术-复印-10001588,技术,复印机,"Hewlett 复印机, 彩色",3711.54,3,0.0,742.14
3235,CN-202020-1887568,2021-10-29,2021-11-02,二级,楚虢-13465,楚虢,消费者,济南,山东,中国,华东,家具-用具-10000753,家具,用具,"Deflect-O 灯泡, 一包多件",355.6,4,0.0,138.32
3247,CN-202020-2990089,2021-05-13,2021-05-15,二级,邹凤-13000,邹凤,消费者,秦皇岛,河北,中国,华北,办公用-收纳-10002059,办公用品,收纳具,"Tenex 搁板, 工业",514.64,2,0.0,133.56
3274,CN-202020-1017090,2021-09-23,2021-09-27,标准级,陶武-21880,陶武,公司,海口,海南,中国,中南,办公用-系固-10002914,办公用品,系固件,"Accos 订书钉, 金属",154.98,3,0.0,57.12
3275,CN-202020-1017090,2021-09-23,2021-09-27,标准级,陶武-21880,陶武,公司,海口,海南,中国,中南,办公用-标签-10000834,办公用品,标签,"Hon 有色标签, 红色",117.88,2,0.0,55.16
3276,CN-202020-1711156,2021-10-21,2021-10-26,标准级,施强-19390,施强,消费者,武汉,湖北,中国,中南,技术-配件-10000065,技术,配件,"Memorex 闪存驱动器, 耐用",165.816,2,0.4,-88.704
3277,CN-202020-1711156,2021-10-21,2021-10-26,标准级,施强-19390,施强,消费者,武汉,湖北,中国,中南,办公用-标签-10002541,办公用品,标签,"Harbour Creations 运输标签, 可调",131.04,3,0.0,18.06
3278,CN-202020-1711156,2021-10-21,2021-10-26,标准级,施强-19390,施强,消费者,武汉,湖北,中国,中南,办公用-收纳-10004240,办公用品,收纳具,"Fellowes 文件夹, 蓝色",369.6,3,0.0,125.58
3282,CN-202020-2883758,2021-02-01,2021-02-03,一级,韩莞-13255,韩莞颖,小型企业,北京,北京,中国,华北,家具-椅子-10004110,家具,椅子,"SAFCO 沙滩椅, 可调",1696.38,7,0.0,661.5
3284,CN-202020-1031662,2021-12-21,2021-12-24,一级,韦达-11830,韦达侠,公司,咸阳,陕西,中国,西北,办公用-美术-10001683,办公用品,美术,"Boston 画布, 蓝色",1251.6,5,0.0,162.4
3285,CN-202020-1031662,2021-12-21,2021-12-24,一级,韦达-11830,韦达侠,公司,咸阳,陕西,中国,西北,办公用-标签-10004932,办公用品,标签,"Novimex 运输标签, 红色",151.2,3,0.0,63.42
3286,CN-202020-1031662,2021-12-21,2021-12-24,一级,韦达-11830,韦达侠,公司,咸阳,陕西,中国,西北,家具-用具-10000513,家具,用具,"Eldon 灯泡, 耐用",829.92,8,0.0,173.6
3287,US-202020-5294254,2021-10-24,2021-10-24,当日,韩莞-13255,韩莞颖,小型企业,汕头,广东,中国,中南,办公用-系固-10002531,办公用品,系固件,"Stockwell 回形针, 金属",572.04,9,0.0,61.74
3288,US-202020-5294254,2021-10-24,2021-10-24,当日,韩莞-13255,韩莞颖,小型企业,汕头,广东,中国,中南,办公用-用品-10003934,办公用品,用品,"Elite 开信刀, 锯齿状",448.0,4,0.0,147.84
3322,CN-202020-1297686,2021-10-22,2021-10-22,当日,许娜-18490,许娜,小型企业,启东,江苏,中国,华东,技术-设备-10003984,技术,设备,"冲电器 打印机, 红色",4462.92,6,0.4,-1487.64
3338,US-202020-5334809,2021-10-17,2021-10-21,二级,殷昌-11080,殷昌,消费者,兴化,江苏,中国,华东,办公用-系固-10000675,办公用品,系固件,"OIC 订书钉, 混合尺寸",98.448,4,0.4,-46.032
3339,US-202020-5334809,2021-10-17,2021-10-21,二级,殷昌-11080,殷昌,消费者,兴化,江苏,中国,华东,家具-椅子-10003795,家具,椅子,"Harbour Creations 沙滩椅, 红色",172.536,1,0.4,-17.304
3359,CN-202020-2996094,2021-12-02,2021-12-06,标准级,付丽-15790,付丽,消费者,滕州,山东,中国,华东,家具-椅子-10002778,家具,椅子,"Office Star 沙滩椅, 每套两件",807.66,3,0.0,112.98
3381,CN-202020-5568854,2021-11-17,2021-11-21,标准级,苏磊-16090,苏磊,消费者,龙口,山东,中国,华东,技术-复印-10000495,技术,复印机,"Brother 传真复印机, 数字化",2675.82,3,0.0,240.66
3384,CN-202020-1776641,2021-06-17,2021-06-21,标准级,范刚-13135,范刚,消费者,浯溪,湖南,中国,中南,家具-椅子-10001534,家具,椅子,"Hon 扶手椅, 红色",3839.976,2,0.1,1450.456
3409,CN-202020-2444005,2021-09-26,2021-09-26,当日,任婵-10810,任婵娟,公司,西安,陕西,中国,西北,办公用-收纳-10002846,办公用品,收纳具,"Rogers 搁板, 工业",2629.62,9,0.0,51.66
3410,CN-202020-2444005,2021-09-26,2021-09-26,当日,任婵-10810,任婵娟,公司,西安,陕西,中国,西北,技术-电话-10000751,技术,电话,"三星 信号增强器, 混合尺寸",3253.6,5,0.0,553.0
3411,CN-202020-2444005,2021-09-26,2021-09-26,当日,任婵-10810,任婵娟,公司,西安,陕西,中国,西北,技术-复印-10000631,技术,复印机,"佳能 个人复印机, 数字化",2657.76,4,0.0,1009.68
3423,US-202020-2661656,2021-03-15,2021-03-17,二级,秦刚-13075,秦刚,公司,潼川,四川,中国,西南,技术-电话-10000938,技术,电话,"苹果 耳机, 混合尺寸",852.432,4,0.4,-241.808
3424,US-202020-2661656,2021-03-15,2021-03-17,二级,秦刚-13075,秦刚,公司,潼川,四川,中国,西南,家具-椅子-10002078,家具,椅子,"Office Star 凳子, 黑色",1440.684,3,0.4,-936.516
3425,US-202020-2661656,2021-03-15,2021-03-17,二级,秦刚-13075,秦刚,公司,潼川,四川,中国,西南,技术-电话-10000393,技术,电话,"三星 信号增强器, 全尺寸",2702.448,7,0.4,89.768
3426,US-202020-2661656,2021-03-15,2021-03-17,二级,秦刚-13075,秦刚,公司,潼川,四川,中国,西南,家具-椅子-10001207,家具,椅子,"Office Star 扶手椅, 可调",1315.776,1,0.4,153.496
3427,CN-202020-3704015,2021-05-17,2021-05-21,标准级,邓姝-20500,邓姝,消费者,汕头,广东,中国,中南,家具-椅子-10000900,家具,椅子,"Hon 折叠椅, 每套两件",1405.656,4,0.1,311.976
3428,CN-202020-3704015,2021-05-17,2021-05-21,标准级,邓姝-20500,邓姝,消费者,汕头,广东,中国,中南,办公用-信封-10000222,办公用品,信封,"Kraft 商业信封, 每套 50 个",76.72,1,0.0,23.66
3439,CN-202020-5630783,2021-11-28,2021-12-03,标准级,邱升-20035,邱升,小型企业,武穴,湖北,中国,中南,办公用-收纳-10003461,办公用品,收纳具,"Tenex 文件夹, 工业",221.2,2,0.0,0.0
3451,US-202020-3847012,2021-06-23,2021-06-29,标准级,肖岱-11845,肖岱,公司,益阳,湖南,中国,中南,家具-椅子-10000989,家具,椅子,"Office Star 摇椅, 每套两件",3607.632,6,0.1,-280.728
3472,CN-202020-3172853,2021-08-03,2021-08-07,标准级,陈丽-17605,陈丽雪,公司,天津,天津,中国,华北,技术-复印-10000725,技术,复印机,"夏普 复印机, 每套两件",8937.6,8,0.0,88.48
3547,CN-202020-1778069,2021-05-13,2021-05-17,二级,徐虹-13840,徐虹,公司,北京,北京,中国,华北,家具-书架-10002113,家具,书架,"Dania 书库, 金属",11820.76,7,0.0,4727.52
3559,US-202020-2666353,2021-03-16,2021-03-22,标准级,贾君-15160,贾君,消费者,武汉,湖北,中国,中南,办公用-装订-10002580,办公用品,装订机,"Wilson Jones 订书机, 透明",406.728,3,0.4,-108.612
3560,US-202020-2666353,2021-03-16,2021-03-22,标准级,贾君-15160,贾君,消费者,武汉,湖北,中国,中南,家具-椅子-10002448,家具,椅子,"SAFCO 折叠椅, 红色",719.964,3,0.4,-264.096
3573,US-202020-2303851,2021-05-24,2021-05-27,二级,任实-20200,任实,消费者,海拉尔,内蒙古,中国,华北,家具-椅子-10004006,家具,椅子,"Novimex 扶手椅, 黑色",3826.368,3,0.4,-64.092
3574,US-202020-2303851,2021-05-24,2021-05-27,二级,任实-20200,任实,消费者,海拉尔,内蒙古,中国,华北,办公用-纸张-10000816,办公用品,纸张,"Green Bar 令, 优质",1111.04,8,0.0,287.84
3579,CN-202020-4078386,2021-05-15,2021-05-17,二级,邹丽-17680,邹丽雪,小型企业,贵溪,江西,中国,华东,办公用-收纳-10004698,办公用品,收纳具,"Eldon 锁柜, 蓝色",2770.74,3,0.0,692.58
3580,CN-202020-2554132,2021-12-03,2021-12-08,标准级,袁丽-16210,袁丽华,公司,宁海,山东,中国,华东,办公用-美术-10003504,办公用品,美术,"BIC 画布, 蓝色",501.2,2,0.0,19.88
3588,CN-202020-1637441,2021-05-21,2021-05-25,标准级,康丽-15865,康丽,消费者,本溪,辽宁,中国,东北,办公用-装订-10000548,办公用品,装订机,"Avery 孔加固材料, 实惠",172.872,14,0.4,16.072
3614,CN-202020-2136895,2021-05-13,2021-05-18,标准级,麦实-20230,麦实,公司,扬州,江苏,中国,华东,办公用-收纳-10000103,办公用品,收纳具,"Tenex 文件夹, 蓝色",216.72,2,0.0,45.36
3615,CN-202020-2136895,2021-05-13,2021-05-18,标准级,麦实-20230,麦实,公司,扬州,江苏,中国,华东,技术-设备-10000408,技术,设备,"松下 卡片打印机, 多色",4380.264,9,0.4,-1168.776
3621,CN-202020-5250870,2021-10-21,2021-10-26,标准级,付立-16750,付立,消费者,宝山,黑龙江,中国,东北,家具-用具-10001426,家具,用具,"Rubvermaid 灯泡, 耐用",222.18,3,0.0,95.34
3622,CN-202020-5250870,2021-10-21,2021-10-26,标准级,付立-16750,付立,消费者,宝山,黑龙江,中国,东北,办公用-系固-10004216,办公用品,系固件,"Stockwell 回形针, 混合尺寸",255.5,5,0.0,51.1
3623,CN-202020-5250870,2021-10-21,2021-10-26,标准级,付立-16750,付立,消费者,宝山,黑龙江,中国,东北,家具-书架-10001313,家具,书架,"Bush 书架, 白色",2352.56,4,0.0,987.84
3624,CN-202020-3640405,2021-07-02,2021-07-05,一级,韩凤-12820,韩凤,小型企业,太原,山西,中国,华北,办公用-器具-10000589,办公用品,器具,"Breville 炉灶, 白色",15671.04,6,0.0,2193.24
3625,CN-202020-3640405,2021-07-02,2021-07-05,一级,韩凤-12820,韩凤,小型企业,太原,山西,中国,华北,办公用-信封-10003644,办公用品,信封,"Kraft 外皮和封条, 回收",90.02,1,0.0,25.2
3626,CN-202020-3640405,2021-07-02,2021-07-05,一级,韩凤-12820,韩凤,小型企业,太原,山西,中国,华北,技术-配件-10002665,技术,配件,"SanDisk 记忆卡, 回收",514.36,1,0.0,241.64
3627,US-202020-5360498,2021-10-06,2021-10-10,二级,彭博-10555,彭博,公司,武汉,湖北,中国,中南,办公用-美术-10002911,办公用品,美术,"Stanley 荧光笔, 金属",44.688,3,0.8,-114.072
3628,US-202020-5360498,2021-10-06,2021-10-10,二级,彭博-10555,彭博,公司,武汉,湖北,中国,中南,办公用-收纳-10003461,办公用品,收纳具,"Tenex 文件夹, 工业",110.6,1,0.0,0.0
3629,US-202020-5360498,2021-10-06,2021-10-10,二级,彭博-10555,彭博,公司,武汉,湖北,中国,中南,办公用-系固-10001719,办公用品,系固件,"Accos 回形针, 混合尺寸",160.86,5,0.4,-19.04
3630,US-202020-5801711,2021-04-14,2021-04-18,二级,蔡梦-18265,蔡梦,消费者,淮阴,江苏,中国,华东,家具-桌子-10004552,家具,桌子,"Lesro 培训桌, 白色",505.848,1,0.6,-126.532
3633,US-202020-3930358,2021-11-18,2021-11-22,标准级,邱荷-13690,邱荷,消费者,广州,广东,中国,中南,办公用-系固-10002857,办公用品,系固件,"Advantus 橡皮筋, 整包",77.42,1,0.0,25.48
3640,CN-202020-1608087,2021-08-10,2021-08-12,二级,陶惠-14455,陶惠,小型企业,西安,陕西,中国,西北,办公用-用品-10001248,办公用品,用品,"Elite 大剪刀, 工业",2042.46,9,0.0,284.76
3641,CN-202020-1608087,2021-08-10,2021-08-12,二级,陶惠-14455,陶惠,小型企业,西安,陕西,中国,西北,技术-配件-10000976,技术,配件,"SanDisk 鼠标, 耐用",359.52,2,0.0,154.56
3674,CN-202020-2274876,2021-03-23,2021-03-26,二级,邹丽-17680,邹丽雪,小型企业,枣庄,山东,中国,华东,家具-书架-10001313,家具,书架,"Bush 书架, 白色",1176.28,2,0.0,493.92
3679,US-202020-2911207,2021-11-04,2021-11-06,二级,谭君-15265,谭君,公司,满洲里,内蒙古,中国,华北,办公用-美术-10000757,办公用品,美术,"Boston 记号笔, 混合尺寸",55.16,2,0.8,-138.04
3683,CN-202020-2098822,2021-09-10,2021-09-12,一级,龙谦-19300,龙谦,消费者,莆田,福建,中国,华东,办公用-装订-10004028,办公用品,装订机,"Wilson Jones 打孔机, 实惠",653.1,5,0.0,51.8
3684,CN-202020-2098822,2021-09-10,2021-09-12,一级,龙谦-19300,龙谦,消费者,莆田,福建,中国,华东,办公用-装订-10002552,办公用品,装订机,"Wilson Jones 装订机, 回收",187.32,3,0.0,67.2
3685,CN-202020-2098822,2021-09-10,2021-09-12,一级,龙谦-19300,龙谦,消费者,莆田,福建,中国,华东,技术-复印-10000308,技术,复印机,"夏普 墨水, 红色",1144.36,2,0.0,114.24
3686,CN-202020-2098822,2021-09-10,2021-09-12,一级,龙谦-19300,龙谦,消费者,莆田,福建,中国,华东,办公用-收纳-10001011,办公用品,收纳具,"Fellowes 文件夹, 金属",237.72,2,0.0,16.52
3687,CN-202020-3097655,2021-04-07,2021-04-12,二级,陶武-21880,陶武,公司,贵阳,贵州,中国,西南,家具-用具-10001454,家具,用具,"Tenex 分层置放架, 一包多件",354.06,3,0.0,42.42
3741,CN-202020-3529472,2021-11-08,2021-11-11,二级,周冬-12385,周冬露,消费者,合川,重庆,中国,西南,办公用-用品-10000056,办公用品,用品,"Elite 开信刀, 钢",498.4,4,0.0,244.16
3742,CN-202020-1786532,2021-10-08,2021-10-13,标准级,柯娜-18520,柯娜,消费者,兰州,甘肃,中国,西北,办公用-标签-10001238,办公用品,标签,"Avery 合法证物标签, 耐用",218.96,4,0.0,63.28
3743,CN-202020-1786532,2021-10-08,2021-10-13,标准级,柯娜-18520,柯娜,消费者,兰州,甘肃,中国,西北,家具-书架-10004566,家具,书架,"宜家 柜, 金属",1191.96,3,0.4,158.76
3744,CN-202020-1786532,2021-10-08,2021-10-13,标准级,柯娜-18520,柯娜,消费者,兰州,甘肃,中国,西北,办公用-信封-10002839,办公用品,信封,"GlobeWeis 外皮和封条, 红色",581.7,5,0.0,284.9
3754,CN-202020-4820840,2021-08-15,2021-08-17,二级,郝廉-17260,郝廉,消费者,上海,上海,中国,华东,家具-书架-10001901,家具,书架,"Sauder 搁架, 传统",1816.08,2,0.0,217.84
3755,CN-202020-2018203,2021-08-15,2021-08-21,标准级,薛立-16675,薛立伟,公司,渭南,陕西,中国,西北,家具-桌子-10002831,家具,桌子,"Chromcraft 咖啡桌, 组装",4511.808,6,0.4,600.768
3756,CN-202020-2018203,2021-08-15,2021-08-21,标准级,薛立-16675,薛立伟,公司,渭南,陕西,中国,西北,家具-椅子-10004899,家具,椅子,"Hon 凳子, 每套两件",6193.6,8,0.0,1609.44
3757,CN-202020-2018203,2021-08-15,2021-08-21,标准级,薛立-16675,薛立伟,公司,渭南,陕西,中国,西北,办公用-装订-10002836,办公用品,装订机,"Avery 订书机, 回收",459.2,2,0.0,41.16
3758,CN-202020-2018203,2021-08-15,2021-08-21,标准级,薛立-16675,薛立伟,公司,渭南,陕西,中国,西北,办公用-装订-10004615,办公用品,装订机,"Wilson Jones 订书机, 耐用",1883.84,8,0.0,677.6
3796,CN-202020-2584532,2021-11-25,2021-12-02,标准级,麦忠-11500,麦忠,消费者,长沙,湖南,中国,中南,技术-电话-10004239,技术,电话,"苹果 音频基座, 蓝色",778.82,1,0.0,280.28
3812,CN-202020-2686699,2021-02-20,2021-02-25,标准级,丁蔓-18025,丁蔓楚,消费者,苏州,江苏,中国,华东,办公用-装订-10003504,办公用品,装订机,"Ibico 装订机, 耐用",190.176,4,0.4,-15.904
3813,CN-202020-2686699,2021-02-20,2021-02-25,标准级,丁蔓-18025,丁蔓楚,消费者,苏州,江苏,中国,华东,办公用-信封-10002658,办公用品,信封,"Cameo 局间信封, 银色",697.62,3,0.0,230.16
3814,CN-202020-2686699,2021-02-20,2021-02-25,标准级,丁蔓-18025,丁蔓楚,消费者,苏州,江苏,中国,华东,技术-设备-10000530,技术,设备,"冲电器 喷墨打印机, 多色",879.48,1,0.4,-322.56
3815,CN-202020-2686699,2021-02-20,2021-02-25,标准级,丁蔓-18025,丁蔓楚,消费者,苏州,江苏,中国,华东,办公用-美术-10000581,办公用品,美术,"Binney & Smith 钢笔, 整包",68.376,6,0.8,-215.544
3816,CN-202020-2686699,2021-02-20,2021-02-25,标准级,丁蔓-18025,丁蔓楚,消费者,苏州,江苏,中国,华东,家具-椅子-10003910,家具,椅子,"SAFCO 凳子, 可调",1431.612,3,0.4,-334.068
3840,US-202020-2578637,2021-11-16,2021-11-18,一级,蔡安-10270,蔡安,消费者,常熟市,江苏,中国,华东,办公用-器具-10000084,办公用品,器具,"KitchenAid 烤面包机, 黑色",949.2,4,0.4,-79.52
3841,US-202020-2578637,2021-11-16,2021-11-18,一级,蔡安-10270,蔡安,消费者,常熟市,江苏,中国,华东,家具-书架-10004965,家具,书架,"Safco 搁架, 黑色",1109.304,2,0.4,-406.896
3842,US-202020-2578637,2021-11-16,2021-11-18,一级,蔡安-10270,蔡安,消费者,常熟市,江苏,中国,华东,办公用-纸张-10003543,办公用品,纸张,"Enermax 笔记本, 优质",532.0,4,0.0,63.84
3843,US-202020-2578637,2021-11-16,2021-11-18,一级,蔡安-10270,蔡安,消费者,常熟市,江苏,中国,华东,办公用-美术-10001414,办公用品,美术,"Binney & Smith 记号笔, 蓝色",67.452,3,0.8,-232.848
3850,US-202020-1498954,2021-01-09,2021-01-13,标准级,常光-13345,常光,公司,抚顺,辽宁,中国,东北,办公用-系固-10000137,办公用品,系固件,"Stockwell 橡皮筋, 整包",135.576,3,0.4,-63.504
3851,US-202020-1498954,2021-01-09,2021-01-13,标准级,常光-13345,常光,公司,抚顺,辽宁,中国,东北,技术-电话-10004726,技术,电话,"苹果 音频基座, 整包",4207.896,9,0.4,-1473.444
3862,CN-202020-1826929,2021-05-24,2021-05-30,标准级,常黎-16315,常黎明,消费者,化州,广东,中国,中南,办公用-标签-10001184,办公用品,标签,"Harbour Creations 文件夹标签, 可调",61.88,2,0.0,8.4
3864,CN-202020-1658434,2021-12-21,2021-12-24,一级,段杰-14800,段杰,公司,兖州,山东,中国,华东,家具-书架-10004173,家具,书架,"Bush 搁架, 金属",3983.7,5,0.0,1991.5
3868,US-202020-1069751,2021-03-03,2021-03-05,二级,唐栋-12325,唐栋,小型企业,重庆,重庆,中国,西南,技术-复印-10003468,技术,复印机,"佳能 个人复印机, 红色",1052.352,2,0.2,-263.088
3869,CN-202020-3420308,2021-05-01,2021-05-05,二级,曹灵-17590,曹灵,公司,东村,山东,中国,华东,家具-椅子-10001258,家具,椅子,"Harbour Creations 扶手椅, 可调",4443.6,2,0.0,1999.48
3871,CN-202020-2662386,2021-08-21,2021-08-24,一级,万达-11815,万达侠,公司,咸水沽,天津,中国,华北,家具-椅子-10002544,家具,椅子,"SAFCO 凳子, 黑色",1544.76,2,0.0,246.96
3878,US-202020-3504524,2021-05-11,2021-05-18,标准级,叶立-16615,叶立勤,公司,常熟市,江苏,中国,华东,技术-配件-10004773,技术,配件,"贝尔金 闪存驱动器, 回收",222.6,2,0.4,-137.48
3882,CN-202020-1455125,2021-07-29,2021-08-02,标准级,顾君-15220,顾君,公司,北京,北京,中国,华北,办公用-美术-10001608,办公用品,美术,"Sanford 画布, 混合尺寸",501.2,2,0.0,155.12
3883,CN-202020-1455125,2021-07-29,2021-08-02,标准级,顾君-15220,顾君,公司,北京,北京,中国,华北,技术-配件-10003154,技术,配件,"Enermax 鼠标, 实惠",188.02,1,0.0,46.9
3884,CN-202020-5834341,2021-10-01,2021-10-04,二级,冯青-19570,冯青,消费者,杭州,浙江,中国,华东,办公用-信封-10001487,办公用品,信封,"GlobeWeis 外皮和封条, 银色",333.06,3,0.0,166.32
3901,CN-202020-1510100,2021-08-02,2021-08-07,标准级,曹欢-14200,曹欢悦,小型企业,六合,吉林,中国,东北,家具-用具-10004872,家具,用具,"Advantus 框架, 一包多件",2075.36,4,0.0,912.8
3902,CN-202020-1510100,2021-08-02,2021-08-07,标准级,曹欢-14200,曹欢悦,小型企业,六合,吉林,中国,东北,家具-用具-10003029,家具,用具,"Rubvermaid 相框, 一包多件",967.12,4,0.0,260.96
3911,CN-202020-2048658,2021-06-13,2021-06-17,标准级,曹娜-18580,曹娜,公司,本溪,辽宁,中国,东北,家具-书架-10000466,家具,书架,"宜家 古典书架, 黑色",5783.4,5,0.4,-385.7
3912,CN-202020-2048658,2021-06-13,2021-06-17,标准级,曹娜-18580,曹娜,公司,本溪,辽宁,中国,东北,办公用-装订-10002474,办公用品,装订机,"Wilson Jones 打孔机, 回收",158.76,2,0.4,-8.12
3919,US-202020-4517151,2021-08-18,2021-08-21,二级,彭安-10225,彭安,公司,呼和浩特,内蒙古,中国,华北,办公用-系固-10003317,办公用品,系固件,"Accos 夹子, 金属",218.4,4,0.4,36.4
3923,US-202020-4188418,2021-03-21,2021-03-26,标准级,袁德-12130,袁德,消费者,赤峰,内蒙古,中国,华北,办公用-器具-10003582,办公用品,器具,"KitchenAid 冰箱, 黑色",4429.908,3,0.4,-1698.312
3942,CN-202020-4078386,2021-01-10,2021-01-16,标准级,付涛-21160,付涛,公司,高邮,江苏,中国,华东,办公用-纸张-10000778,办公用品,纸张,"施乐 备忘录便条, 回收",125.44,2,0.0,14.84
3956,CN-202020-2558627,2021-10-27,2021-11-03,标准级,陶德-12220,陶德伟,消费者,长春,吉林,中国,东北,办公用-美术-10000566,办公用品,美术,"Binney & Smith 荧光笔, 整包",62.944,1,0.2,-6.356
3993,CN-202020-2000071,2021-11-16,2021-11-22,标准级,黄丽-15820,黄丽,消费者,海口,海南,中国,西南,办公用-信封-10003915,办公用品,信封,"GlobeWeis 局间信封, 银色",1171.8,5,0.0,186.9
3994,CN-202020-2000071,2021-11-16,2021-11-22,标准级,黄丽-15820,黄丽,消费者,海口,海南,中国,西南,办公用-收纳-10000501,办公用品,收纳具,"Tenex 盘, 工业",1786.54,7,0.0,785.96
3995,CN-202020-2000071,2021-11-16,2021-11-22,标准级,黄丽-15820,黄丽,消费者,海口,海南,中国,西南,家具-椅子-10002697,家具,椅子,"Novimex 摇椅, 每套两件",623.84,1,0.0,137.2
3996,CN-202020-2000071,2021-11-16,2021-11-22,标准级,黄丽-15820,黄丽,消费者,海口,海南,中国,西南,办公用-收纳-10004477,办公用品,收纳具,"Tenex 文件夹, 金属",312.06,3,0.0,27.72
3997,CN-202020-2000071,2021-11-16,2021-11-22,标准级,黄丽-15820,黄丽,消费者,海口,海南,中国,西南,办公用-器具-10000251,办公用品,器具,"KitchenAid 搅拌机, 白色",3620.96,8,0.0,650.72
4009,CN-202020-1658434,2021-10-08,2021-10-12,标准级,贾芳-12685,贾芳茵,消费者,沈阳,辽宁,中国,东北,技术-复印-10001533,技术,复印机,"惠普 个人复印机, 数字化",1735.02,5,0.4,-58.38
4011,CN-202020-5687295,2021-10-06,2021-10-12,标准级,郝壁-10420,郝壁,公司,兴化,江苏,中国,华东,家具-椅子-10001581,家具,椅子,"SAFCO 沙滩椅, 红色",276.864,2,0.4,41.384
4020,CN-202020-1860599,2021-08-23,2021-08-28,标准级,戴珑-17860,戴珑,公司,宾州,山东,中国,华东,技术-配件-10003923,技术,配件,"SanDisk 记忆卡, 实惠",3147.48,6,0.0,629.16
4021,CN-202020-1860599,2021-08-23,2021-08-28,标准级,戴珑-17860,戴珑,公司,宾州,山东,中国,华东,技术-电话-10002235,技术,电话,"诺基亚 音频基座, 混合尺寸",1582.84,2,0.0,680.4
4023,CN-202020-5630783,2021-05-11,2021-05-15,标准级,陶惠-14440,陶惠,消费者,镇江,江苏,中国,华东,办公用-系固-10003379,办公用品,系固件,"Advantus 夹子, 混合尺寸",93.744,2,0.4,-45.416
4028,CN-202020-2281857,2021-05-24,2021-05-29,标准级,巩光-13435,巩光,消费者,兰溪,浙江,中国,华东,办公用-收纳-10000208,办公用品,收纳具,"Rogers 搁板, 单宽度",870.24,3,0.0,260.82
4035,US-202020-2199283,2021-09-20,2021-09-20,当日,许绅-19960,许绅,消费者,郑州,河南,中国,中南,家具-用具-10003344,家具,用具,"Advantus 闹钟, 耐用",2711.52,12,0.0,920.64
4037,US-202020-2872339,2021-08-20,2021-08-26,标准级,白鹄-14050,白鹄,消费者,内江,四川,中国,西南,办公用-用品-10001168,办公用品,用品,"Acme 美工刀, 蓝色",317.52,3,0.4,-143.22
4038,US-202020-2872339,2021-08-20,2021-08-26,标准级,白鹄-14050,白鹄,消费者,内江,四川,中国,西南,家具-书架-10002387,家具,书架,"宜家 柜, 黑色",1610.448,4,0.4,160.608
4055,CN-202020-5940390,2021-05-20,2021-05-25,二级,陶磊-16105,陶磊,公司,营口,辽宁,中国,东北,办公用-标签-10000344,办公用品,标签,"Avery 运输标签, 可调",91.0,2,0.0,7.28
4065,US-202020-2756371,2021-05-12,2021-05-15,一级,胡凤-12850,胡凤,消费者,集宁,内蒙古,中国,华北,办公用-用品-10004564,办公用品,用品,"Stiletto 大剪刀, 锯齿状",376.236,3,0.4,-81.564
4066,US-202020-2756371,2021-05-12,2021-05-15,一级,胡凤-12850,胡凤,消费者,集宁,内蒙古,中国,华北,办公用-器具-10000797,办公用品,器具,"Breville 微波炉, 白色",7556.22,9,0.4,-4156.74
4067,US-202020-2756371,2021-05-12,2021-05-15,一级,胡凤-12850,胡凤,消费者,集宁,内蒙古,中国,华北,办公用-用品-10000800,办公用品,用品,"Elite 修剪器, 工业",242.424,2,0.4,-129.416
4076,US-202020-3069391,2021-07-21,2021-07-26,标准级,袁平-19210,袁平,公司,唐家庄,河北,中国,华北,家具-椅子-10002913,家具,椅子,"Office Star 椅垫, 每套两件",317.66,1,0.0,101.64
4081,CN-202020-2381293,2021-09-19,2021-09-21,一级,贺伟-21490,贺伟,消费者,重庆,重庆,中国,西南,技术-复印-10003170,技术,复印机,"Brother 墨水, 每套两件",549.92,1,0.2,13.72
4082,CN-202020-2381293,2021-09-19,2021-09-21,一级,贺伟-21490,贺伟,消费者,重庆,重庆,中国,西南,家具-桌子-10004634,家具,桌子,"Hon 圆桌, 黑色",5778.192,4,0.4,288.512
4094,CN-202020-5834678,2021-01-02,2021-01-09,标准级,麦虢-13510,麦虢,公司,上海,上海,中国,华东,办公用-器具-10003859,办公用品,器具,"Cuisinart 冰箱, 白色",6919.08,3,0.0,691.74
4095,CN-202020-5834678,2021-01-02,2021-01-09,标准级,麦虢-13510,麦虢,公司,上海,上海,中国,华东,技术-配件-10002318,技术,配件,"贝尔金 键区, 回收",2074.24,8,0.0,414.4
4100,CN-202020-4190541,2021-05-21,2021-05-27,标准级,邓达-11785,邓达侠,消费者,双鸭山,黑龙江,中国,东北,技术-电话-10002032,技术,电话,"苹果 耳机, 蓝色",2051.28,6,0.0,614.88
4133,US-202020-1243146,2021-10-04,2021-10-08,标准级,卢壁-10450,卢壁,消费者,遵义,贵州,中国,西南,办公用-信封-10001868,办公用品,信封,"Jiffy 商业信封, 红色",182.0,2,0.0,89.04
4139,CN-202020-2444005,2021-04-22,2021-04-26,标准级,余德-12100,余德,小型企业,郑家屯,吉林,中国,东北,办公用-纸张-10001312,办公用品,纸张,"施乐 信纸, 优质",839.44,4,0.0,369.04
4145,CN-202020-2102819,2021-12-27,2021-12-27,当日,殷昌-11080,殷昌,消费者,新乡,河南,中国,中南,办公用-纸张-10000589,办公用品,纸张,"SanDisk 笔记本, 多色",874.44,6,0.0,384.72
4146,CN-202020-2102819,2021-12-27,2021-12-27,当日,殷昌-11080,殷昌,消费者,新乡,河南,中国,中南,办公用-纸张-10004354,办公用品,纸张,"Enermax 笔记本, 多色",279.16,2,0.0,136.64
4147,CN-202020-2102819,2021-12-27,2021-12-27,当日,殷昌-11080,殷昌,消费者,新乡,河南,中国,中南,家具-椅子-10002321,家具,椅子,"Novimex 椅垫, 可调",1482.516,6,0.1,608.916
4155,CN-202020-3429663,2021-08-26,2021-08-30,标准级,黄岱-11860,黄岱,消费者,青岛,山东,中国,华东,办公用-纸张-10000589,办公用品,纸张,"SanDisk 笔记本, 多色",437.22,3,0.0,192.36
4158,CN-202020-1785047,2021-07-20,2021-07-23,一级,许莞-13270,许莞颖,小型企业,合肥,安徽,中国,华东,办公用-装订-10003764,办公用品,装订机,"Acco 装订机盖, 回收",319.2,5,0.0,156.1
4159,CN-202020-1785047,2021-07-20,2021-07-23,一级,许莞-13270,许莞颖,小型企业,合肥,安徽,中国,华东,办公用-信封-10000562,办公用品,信封,"Kraft 搭扣信封, 银色",425.6,8,0.0,194.88
4160,CN-202020-1785047,2021-07-20,2021-07-23,一级,许莞-13270,许莞颖,小型企业,合肥,安徽,中国,华东,家具-用具-10004218,家具,用具,"Tenex 相框, 一包多件",484.4,2,0.0,145.32
4167,CN-202020-1610589,2021-08-17,2021-08-20,二级,谢斯-20950,谢斯云,公司,大庆,黑龙江,中国,东北,办公用-器具-10001372,办公用品,器具,"Cuisinart 炉灶, 黑色",10037.44,4,0.0,1103.76
4168,CN-202020-5569894,2021-06-13,2021-06-18,二级,夏松-20665,夏松,小型企业,平顶山,河南,中国,中南,办公用-用品-10002354,办公用品,用品,"Stiletto 美工刀, 工业",1578.78,9,0.0,520.38
4169,CN-202020-5247158,2021-10-17,2021-10-21,标准级,赵盛-20320,赵盛,小型企业,泉州,福建,中国,华东,家具-用具-10001122,家具,用具,"Rubvermaid 分层置放架, 一包多件",940.8,8,0.0,47.04
4218,CN-202020-5525339,2021-03-30,2021-04-06,标准级,戴虎-14065,戴虎,消费者,榆次,山西,中国,华北,技术-电话-10004015,技术,电话,"思科 充电器, 全尺寸",6091.68,2,0.0,670.04
4227,CN-202020-1743738,2021-11-07,2021-11-11,标准级,邹凤-13000,邹凤,消费者,海林,黑龙江,中国,东北,办公用-系固-10003146,办公用品,系固件,"Advantus 夹子, 整包",270.06,3,0.0,134.82
4228,CN-202020-1743738,2021-11-07,2021-11-11,标准级,邹凤-13000,邹凤,消费者,海林,黑龙江,中国,东北,办公用-收纳-10004477,办公用品,收纳具,"Tenex 文件夹, 金属",728.14,7,0.0,64.68
4229,CN-202020-1743738,2021-11-07,2021-11-11,标准级,邹凤-13000,邹凤,消费者,海林,黑龙江,中国,东北,办公用-用品-10003696,办公用品,用品,"Elite 尺子, 蓝色",322.0,5,0.0,60.9
4230,CN-202020-1902956,2021-03-23,2021-03-28,标准级,郝升-20095,郝升,消费者,南岔,黑龙江,中国,东北,办公用-标签-10004554,办公用品,标签,"Harbour Creations 可去除的标签, 白色",96.6,2,0.0,35.56
4233,CN-202020-3279950,2021-09-27,2021-10-02,标准级,付立-16750,付立,消费者,上海,上海,中国,华东,家具-椅子-10002697,家具,椅子,"Novimex 摇椅, 每套两件",623.84,1,0.0,137.2
4241,CN-202020-1708265,2021-12-12,2021-12-16,标准级,邵黎-16420,邵黎明,公司,池州,安徽,中国,华东,家具-用具-10000958,家具,用具,"Advantus 门挡, 耐用",785.12,4,0.0,94.08
4256,CN-202020-5667067,2021-04-11,2021-04-16,二级,龙婷-21115,龙婷,公司,景洪,云南,中国,西南,办公用-器具-10000979,办公用品,器具,"Cuisinart 搅拌机, 白色",1519.7,5,0.0,349.3
4257,CN-202020-5667067,2021-04-11,2021-04-16,二级,龙婷-21115,龙婷,公司,景洪,云南,中国,西南,办公用-用品-10004613,办公用品,用品,"Elite 美工刀, 工业",340.76,2,0.0,88.48
4258,CN-202020-5667067,2021-04-11,2021-04-16,二级,龙婷-21115,龙婷,公司,景洪,云南,中国,西南,办公用-标签-10001238,办公用品,标签,"Avery 合法证物标签, 耐用",383.18,7,0.0,110.74
4259,CN-202020-5667067,2021-04-11,2021-04-16,二级,龙婷-21115,龙婷,公司,景洪,云南,中国,西南,家具-椅子-10002544,家具,椅子,"SAFCO 凳子, 黑色",1544.76,2,0.0,246.96
4260,CN-202020-5667067,2021-04-11,2021-04-16,二级,龙婷-21115,龙婷,公司,景洪,云南,中国,西南,家具-书架-10004416,家具,书架,"Bush 墙角架, 黑色",1754.76,3,0.0,578.76
4261,CN-202020-5667067,2021-04-11,2021-04-16,二级,龙婷-21115,龙婷,公司,景洪,云南,中国,西南,家具-书架-10003555,家具,书架,"Sauder 柜, 金属",2325.96,3,0.0,1000.02
4271,US-202020-3569049,2021-09-07,2021-09-11,标准级,顾莲-16975,顾莲,小型企业,哈尔滨,黑龙江,中国,东北,技术-电话-10002318,技术,电话,"摩托罗拉 音频基座, 混合尺寸",2467.08,3,0.0,813.96
4272,US-202020-3569049,2021-09-07,2021-09-11,标准级,顾莲-16975,顾莲,小型企业,哈尔滨,黑龙江,中国,东北,技术-电话-10003806,技术,电话,"苹果 办公室电话机, 混合尺寸",635.88,2,0.0,266.84
4294,CN-202020-5908054,2021-10-04,2021-10-09,标准级,邓实-20245,邓实,消费者,北京,北京,中国,华北,技术-配件-10001709,技术,配件,"Enermax 记忆卡, 回收",1570.8,3,0.0,596.82
4295,CN-202020-5908054,2021-10-04,2021-10-09,标准级,邓实-20245,邓实,消费者,北京,北京,中国,华北,办公用-器具-10000037,办公用品,器具,"Hoover 炉灶, 银色",18594.52,7,0.0,2416.68
4307,CN-202020-5022660,2021-08-26,2021-08-28,二级,余舟-11455,余舟,小型企业,承德,河北,中国,华北,家具-书架-10004801,家具,书架,"宜家 柜, 白色",1352.96,2,0.0,500.36
4308,US-202020-4839636,2021-10-26,2021-10-30,标准级,潘谙-18820,潘谙,消费者,沈阳,辽宁,中国,东北,家具-椅子-10004006,家具,椅子,"Novimex 扶手椅, 黑色",10203.648,8,0.4,-170.912
4309,US-202020-4839636,2021-10-26,2021-10-30,标准级,潘谙-18820,潘谙,消费者,沈阳,辽宁,中国,东北,办公用-器具-10003836,办公用品,器具,"Hoover 咖啡研磨机, 白色",937.02,5,0.4,108.92
4310,US-202020-4839636,2021-10-26,2021-10-30,标准级,潘谙-18820,潘谙,消费者,沈阳,辽宁,中国,东北,家具-椅子-10004899,家具,椅子,"Hon 凳子, 每套两件",2322.6,5,0.4,-542.5
4311,US-202020-4839636,2021-10-26,2021-10-30,标准级,潘谙-18820,潘谙,消费者,沈阳,辽宁,中国,东北,家具-用具-10003670,家具,用具,"Rubvermaid 门挡, 一包多件",736.848,6,0.4,-37.632
4315,CN-202020-1964482,2021-02-17,2021-02-22,标准级,陈嫒-10015,陈嫒,消费者,长沙,湖南,中国,中南,办公用-收纳-10004747,办公用品,收纳具,"Eldon 文件夹, 单宽度",476.28,6,0.0,152.04
4316,CN-202020-1122727,2021-08-05,2021-08-10,二级,秦乐-17710,秦乐,消费者,汕头,广东,中国,中南,技术-复印-10000386,技术,复印机,"惠普 无线传真机, 红色",3345.16,2,0.0,1103.76
4335,CN-202020-5386927,2021-07-06,2021-07-11,标准级,谭涛-21235,谭涛,公司,无锡,江苏,中国,华东,办公用-标签-10002989,办公用品,标签,"Hon 运输标签, 白色",106.12,2,0.0,12.6
4336,CN-202020-5386927,2021-07-06,2021-07-11,标准级,谭涛-21235,谭涛,公司,无锡,江苏,中国,华东,办公用-系固-10003116,办公用品,系固件,"OIC 订书钉, 每包 12 个",60.312,2,0.4,-3.248
4343,US-202020-4791939,2021-02-15,2021-02-17,二级,冯莲-16945,冯莲,公司,成都,四川,中国,西南,技术-电话-10000619,技术,电话,"三星 音频基座, 整包",467.376,1,0.4,-288.344
4344,US-202020-4791939,2021-02-15,2021-02-17,二级,冯莲-16945,冯莲,公司,成都,四川,中国,西南,家具-椅子-10002837,家具,椅子,"Office Star 折叠椅, 可调",527.52,2,0.4,-228.76
4359,CN-202020-4015472,2021-03-03,2021-03-08,标准级,毛芯-13975,毛芯,公司,常德,湖南,中国,中南,家具-椅子-10000123,家具,椅子,"Hon 扶手椅, 黑色",7639.128,4,0.1,1103.368
4360,CN-202020-4015472,2021-03-03,2021-03-08,标准级,毛芯-13975,毛芯,公司,常德,湖南,中国,中南,办公用-收纳-10000319,办公用品,收纳具,"Rogers 锁柜, 单宽度",2963.1,3,0.0,651.84
4366,CN-202020-2622245,2021-05-01,2021-05-06,标准级,巩辉-12595,巩辉,消费者,上海,上海,中国,华东,办公用-标签-10003114,办公用品,标签,"Novimex 文件夹标签, 白色",385.0,10,0.0,0.0
4374,CN-202020-3232918,2021-09-28,2021-10-02,标准级,陶德-12220,陶德伟,消费者,南宁,广西,中国,中南,办公用-信封-10000832,办公用品,信封,"Ames 商业信封, 红色",424.2,5,0.0,135.1
4379,CN-202020-2829745,2021-01-30,2021-02-06,标准级,唐爽-20560,唐爽,小型企业,皇岗,广东,中国,中南,家具-椅子-10001337,家具,椅子,"Harbour Creations 凳子, 可调",1533.924,2,0.1,443.044
4380,CN-202020-2829745,2021-01-30,2021-02-06,标准级,唐爽-20560,唐爽,小型企业,皇岗,广东,中国,中南,办公用-收纳-10003671,办公用品,收纳具,"Tenex 盘, 蓝色",505.96,2,0.0,247.8
4381,CN-202020-2829745,2021-01-30,2021-02-06,标准级,唐爽-20560,唐爽,小型企业,皇岗,广东,中国,中南,家具-椅子-10000123,家具,椅子,"Hon 扶手椅, 黑色",3819.564,2,0.1,551.684
4389,CN-202020-3171627,2021-08-16,2021-08-22,标准级,殷菊-15085,殷菊,消费者,南渡,广西,中国,中南,办公用-标签-10000539,办公用品,标签,"Hon 文件夹标签, 耐用",126.42,3,0.0,39.06
4390,CN-202020-3171627,2021-08-16,2021-08-22,标准级,殷菊-15085,殷菊,消费者,南渡,广西,中国,中南,技术-复印-10000386,技术,复印机,"惠普 无线传真机, 红色",10035.48,6,0.0,3311.28
4391,US-202020-1498954,2021-11-29,2021-12-03,标准级,肖菊-15010,肖菊,公司,大同,山西,中国,华北,家具-椅子-10004040,家具,椅子,"Harbour Creations 折叠椅, 黑色",1336.44,3,0.0,186.9
4393,CN-202020-2977814,2021-09-29,2021-10-05,标准级,潘琼-19630,潘琼,公司,应城,湖北,中国,中南,办公用-用品-10003907,办公用品,用品,"Kleencut 开信刀, 锯齿状",66.528,1,0.4,7.728
4394,CN-202020-1730893,2021-10-07,2021-10-10,二级,俞晒-19840,俞晒明,消费者,青岛,山东,中国,华东,办公用-用品-10002431,办公用品,用品,"Kleencut 剪刀, 锯齿状",974.82,11,0.0,301.84
4395,CN-202020-1730893,2021-10-07,2021-10-10,二级,俞晒-19840,俞晒明,消费者,青岛,山东,中国,华东,办公用-纸张-10001282,办公用品,纸张,"Enermax 笔记本, 每包 12 个",761.6,5,0.0,197.4
4400,CN-202020-2698139,2021-01-26,2021-01-29,二级,韦实-20275,韦实,消费者,上海,上海,中国,华东,技术-电话-10004627,技术,电话,"思科 充电器, 整包",6080.48,2,0.0,2249.52
4401,CN-202020-2698139,2021-01-26,2021-01-29,二级,韦实-20275,韦实,消费者,上海,上海,中国,华东,办公用-用品-10000963,办公用品,用品,"Fiskars 开信刀, 钢",382.62,3,0.0,149.1
4402,CN-202020-2698139,2021-01-26,2021-01-29,二级,韦实-20275,韦实,消费者,上海,上海,中国,华东,家具-桌子-10003159,家具,桌子,"Chromcraft 木桌, 黑色",5404.224,4,0.4,-180.656
4403,CN-202020-2698139,2021-01-26,2021-01-29,二级,韦实-20275,韦实,消费者,上海,上海,中国,华东,技术-电话-10000199,技术,电话,"三星 智能手机, 混合尺寸",2353.68,4,0.0,399.84
4404,CN-202020-2698139,2021-01-26,2021-01-29,二级,韦实-20275,韦实,消费者,上海,上海,中国,华东,办公用-装订-10000994,办公用品,装订机,"Avery 装订机, 耐用",268.8,4,0.0,91.28
4413,CN-202020-2187292,2021-04-05,2021-04-09,标准级,余毅-12535,余毅,公司,浏阳,湖南,中国,中南,家具-书架-10003195,家具,书架,"Sauder 墙角架, 黑色",1387.4,2,0.0,526.96
4414,CN-202020-2187292,2021-04-05,2021-04-09,标准级,余毅-12535,余毅,公司,浏阳,湖南,中国,中南,家具-椅子-10002013,家具,椅子,"Harbour Creations 凳子, 红色",2269.512,3,0.1,251.832
4415,CN-202020-2187292,2021-04-05,2021-04-09,标准级,余毅-12535,余毅,公司,浏阳,湖南,中国,中南,办公用-标签-10004623,办公用品,标签,"Avery 有色标签, 可调",104.44,2,0.0,11.48
4429,US-202020-5082514,2021-08-09,2021-08-15,标准级,万达-11815,万达侠,公司,沈阳,辽宁,中国,东北,办公用-装订-10003487,办公用品,装订机,"Avery 装订机盖, 回收",64.008,2,0.4,-22.512
4445,CN-202020-2248987,2021-06-23,2021-06-29,标准级,施丽-17380,施丽丽,公司,宜春,黑龙江,中国,东北,办公用-器具-10003822,办公用品,器具,"KitchenAid 咖啡研磨机, 红色",657.72,2,0.0,72.24
4449,US-202020-1715632,2021-06-27,2021-06-29,二级,严聪-11740,严聪,消费者,苏州,江苏,中国,华东,家具-书架-10001133,家具,书架,"Sauder 书库, 白色",5462.1,5,0.4,-2458.4
4456,CN-202020-3722996,2021-09-27,2021-10-04,标准级,何惠-14395,何惠,公司,沧州,河北,中国,华北,技术-电话-10003828,技术,电话,"摩托罗拉 充电器, 混合尺寸",15062.6,5,0.0,1807.4
4457,CN-202020-5093470,2021-11-01,2021-11-06,标准级,谢丽-17635,谢丽雪,公司,延吉,吉林,中国,东北,技术-电话-10000920,技术,电话,"三星 智能手机, 蓝色",1150.24,2,0.0,413.84
4484,CN-202020-5252007,2021-09-15,2021-09-20,标准级,常宣-20800,常宣,消费者,徐州,江苏,中国,华东,办公用-收纳-10002355,办公用品,收纳具,"Rogers 文件车, 蓝色",6608.0,10,0.0,65.8
4485,CN-202020-5252007,2021-09-15,2021-09-20,标准级,常宣-20800,常宣,消费者,徐州,江苏,中国,华东,家具-用具-10003736,家具,用具,"Deflect-O 分层置放架, 优质",334.74,5,0.4,-111.86
4486,CN-202020-5252007,2021-09-15,2021-09-20,标准级,常宣-20800,常宣,消费者,徐州,江苏,中国,华东,办公用-器具-10003572,办公用品,器具,"Breville 咖啡研磨机, 黑色",343.224,2,0.4,-74.536
4487,CN-202020-5252007,2021-09-15,2021-09-20,标准级,常宣-20800,常宣,消费者,徐州,江苏,中国,华东,家具-桌子-10003847,家具,桌子,"Lesro 培训桌, 黑色",6021.12,12,0.6,-7978.32
4488,CN-202020-5252007,2021-09-15,2021-09-20,标准级,常宣-20800,常宣,消费者,徐州,江苏,中国,华东,办公用-收纳-10003808,办公用品,收纳具,"Fellowes 盘, 蓝色",1071.28,4,0.0,245.84
4518,US-202020-5591257,2021-06-28,2021-07-03,标准级,彭娜-18550,彭娜,消费者,醴陵,湖南,中国,中南,办公用-器具-10002942,办公用品,器具,"KitchenAid 炉灶, 红色",7982.1,3,0.0,1756.02
4531,CN-202020-3640405,2021-04-07,2021-04-09,二级,顾升-20125,顾升,小型企业,广州,广东,中国,中南,办公用-器具-10002468,办公用品,器具,"Cuisinart 烤面包机, 白色",1444.8,6,0.0,245.28
4533,CN-202020-2960006,2021-10-27,2021-10-29,二级,韦达-11830,韦达侠,公司,公主岭,吉林,中国,东北,家具-椅子-10003692,家具,椅子,"SAFCO 扶手椅, 红色",6460.02,3,0.0,2842.14
4534,CN-202020-2960006,2021-10-27,2021-10-29,二级,韦达-11830,韦达侠,公司,公主岭,吉林,中国,东北,技术-复印-10002458,技术,复印机,"夏普 传真复印机, 红色",2335.2,3,0.0,677.04
4535,CN-202020-2960006,2021-10-27,2021-10-29,二级,韦达-11830,韦达侠,公司,公主岭,吉林,中国,东北,办公用-器具-10002567,办公用品,器具,"Hoover 烤面包机, 黑色",1162.98,3,0.0,558.18
4541,CN-202020-2844736,2021-02-02,2021-02-07,标准级,施立-16690,施立伟,公司,石家庄,河北,中国,华北,办公用-信封-10000567,办公用品,信封,"Jiffy 邮寄品, 回收",1007.16,6,0.0,503.16
4542,CN-202020-2844736,2021-02-02,2021-02-07,标准级,施立-16690,施立伟,公司,石家庄,河北,中国,华北,家具-用具-10001878,家具,用具,"Rubvermaid 框架, 黑色",1025.64,2,0.0,174.16
4543,CN-202020-2844736,2021-02-02,2021-02-07,标准级,施立-16690,施立伟,公司,石家庄,河北,中国,华北,办公用-装订-10000440,办公用品,装订机,"Avery 装订机盖, 耐用",175.98,3,0.0,49.14
4544,CN-202020-2844736,2021-02-02,2021-02-07,标准级,施立-16690,施立伟,公司,石家庄,河北,中国,华北,家具-桌子-10001852,家具,桌子,"Bevis 会议桌, 组装",6476.61,2,0.25,-431.83
4561,CN-202020-4970804,2021-08-16,2021-08-21,二级,潘彩-10690,潘彩,公司,上海,上海,中国,华东,家具-用具-10001798,家具,用具,"Deflect-O 灯泡, 优质",493.08,6,0.0,157.08
4571,US-202020-3230180,2021-05-10,2021-05-14,二级,邓保-10375,邓保,消费者,昆阳,浙江,中国,华东,办公用-器具-10001974,办公用品,器具,"Cuisinart 咖啡研磨机, 黑色",319.536,3,0.4,-160.104
4576,US-202020-5353587,2021-12-06,2021-12-06,当日,佟虹-13885,佟虹,小型企业,蒲圻,湖北,中国,中南,技术-电话-10004611,技术,电话,"思科 音频基座, 整包",1530.144,3,0.4,-459.396
4584,CN-202020-2699733,2021-04-08,2021-04-10,二级,孙壁-10465,孙壁,消费者,天津,天津,中国,华北,办公用-装订-10002814,办公用品,装订机,"Cardinal 打孔机, 透明",395.64,3,0.0,122.64
4608,CN-202020-3772912,2021-08-09,2021-08-13,二级,陶莞-13315,陶莞颖,消费者,汕头,广东,中国,中南,家具-桌子-10000576,家具,桌子,"Chromcraft 圆桌, 白色",11497.605,7,0.25,3218.565
4615,US-202020-1951831,2021-10-13,2021-10-14,一级,唐婉-21385,唐婉,小型企业,鞍山,辽宁,中国,东北,家具-椅子-10001397,家具,椅子,"Novimex 摇椅, 可调",749.952,2,0.4,-387.688
4616,US-202020-1951831,2021-10-13,2021-10-14,一级,唐婉-21385,唐婉,小型企业,鞍山,辽宁,中国,东北,技术-设备-10004659,技术,设备,"爱普生 卡片打印机, 耐用",476.196,1,0.4,-142.884
4617,US-202020-1951831,2021-10-13,2021-10-14,一级,唐婉-21385,唐婉,小型企业,鞍山,辽宁,中国,东北,办公用-信封-10002940,办公用品,信封,"GlobeWeis 马尼拉纸信封, 每套 50 个",383.46,3,0.0,87.78
4618,US-202020-1951831,2021-10-13,2021-10-14,一级,唐婉-21385,唐婉,小型企业,鞍山,辽宁,中国,东北,办公用-标签-10004363,办公用品,标签,"Smead 圆形标签, 白色",289.8,9,0.0,69.3
4619,US-202020-1951831,2021-10-13,2021-10-14,一级,唐婉-21385,唐婉,小型企业,鞍山,辽宁,中国,东北,办公用-系固-10003317,办公用品,系固件,"Accos 夹子, 金属",218.4,4,0.4,36.4
4620,US-202020-1951831,2021-10-13,2021-10-14,一级,唐婉-21385,唐婉,小型企业,鞍山,辽宁,中国,东北,办公用-纸张-10001576,办公用品,纸张,"Green Bar 笔记本, 回收",970.2,7,0.0,97.02
4621,US-202020-1951831,2021-10-13,2021-10-14,一级,唐婉-21385,唐婉,小型企业,鞍山,辽宁,中国,东北,家具-桌子-10002829,家具,桌子,"Chromcraft 会议桌, 长方形",4873.344,3,0.6,-2193.156
4661,CN-202020-1340062,2021-05-19,2021-05-25,标准级,严恒-13660,严恒,消费者,邯郸,河北,中国,华北,办公用-器具-10002796,办公用品,器具,"Hamilton Beach 烤面包机, 银色",271.88,1,0.0,43.4
4668,CN-202020-1047687,2021-01-26,2021-01-28,二级,唐安-10240,唐安,消费者,南宁,广西,中国,中南,办公用-装订-10004336,办公用品,装订机,"Acco 装订机盖, 实惠",124.32,2,0.0,23.52
4708,CN-202020-1738807,2021-03-08,2021-03-14,标准级,袁德-12130,袁德,消费者,浯溪,湖南,中国,中南,办公用-系固-10001925,办公用品,系固件,"Accos 回形针, 金属",66.08,1,0.0,11.76
4710,CN-202020-2936253,2021-04-20,2021-04-23,一级,薛芳-12745,薛芳,公司,阳春,广东,中国,中南,办公用-美术-10000463,办公用品,美术,"Binney & Smith 钢笔, 蓝色",222.88,5,0.2,27.58
4711,CN-202020-2936253,2021-04-20,2021-04-23,一级,薛芳-12745,薛芳,公司,阳春,广东,中国,中南,家具-用具-10004607,家具,用具,"Deflect-O 框架, 一包多件",2055.2,4,0.0,348.88
4712,CN-202020-2936253,2021-04-20,2021-04-23,一级,薛芳-12745,薛芳,公司,阳春,广东,中国,中南,家具-椅子-10002386,家具,椅子,"Office Star 摇椅, 可调",1204.56,2,0.1,441.56
4713,CN-202020-2936253,2021-04-20,2021-04-23,一级,薛芳-12745,薛芳,公司,阳春,广东,中国,中南,家具-椅子-10000989,家具,椅子,"Office Star 摇椅, 每套两件",601.272,1,0.1,-46.788
4714,CN-202020-2936253,2021-04-20,2021-04-23,一级,薛芳-12745,薛芳,公司,阳春,广东,中国,中南,办公用-收纳-10000735,办公用品,收纳具,"Fellowes 文件夹, 单宽度",493.36,4,0.0,172.48
4721,CN-202020-1646975,2021-02-08,2021-02-11,二级,周木-18400,周木兰,消费者,上海,上海,中国,华东,家具-椅子-10001701,家具,椅子,"Office Star 折叠椅, 每套两件",438.48,1,0.0,65.66
4735,CN-202020-1231498,2021-06-24,2021-06-27,一级,曾幂-18100,曾幂,消费者,东莞,广东,中国,中南,办公用-装订-10004939,办公用品,装订机,"Ibico 打孔机, 耐用",1043.7,7,0.0,41.16
4736,CN-202020-1231498,2021-06-24,2021-06-27,一级,曾幂-18100,曾幂,消费者,东莞,广东,中国,中南,家具-椅子-10000519,家具,椅子,"SAFCO 扶手椅, 黑色",3855.6,2,0.1,728.28
4752,CN-202020-2324964,2021-10-17,2021-10-22,标准级,柯巧-19465,柯巧,小型企业,胶州,山东,中国,华东,办公用-器具-10002486,办公用品,器具,"Hoover 烤面包机, 银色",1575.28,4,0.0,614.32
4761,CN-202020-3789495,2021-07-01,2021-07-08,标准级,戴壁-10480,戴壁,消费者,郑州,河南,中国,中南,技术-复印-10002458,技术,复印机,"夏普 传真复印机, 红色",1556.8,2,0.0,451.36
4762,CN-202020-3789495,2021-07-01,2021-07-08,标准级,戴壁-10480,戴壁,消费者,郑州,河南,中国,中南,办公用-纸张-10003587,办公用品,纸张,"Eaton 笔记本, 多色",391.86,3,0.0,0.0
4763,CN-202020-1637441,2021-12-29,2021-12-31,一级,李丽-17365,李丽丽,消费者,老河口,湖北,中国,中南,技术-设备-10003013,技术,设备,"松下 喷墨打印机, 红色",2597.616,3,0.4,-43.344
4818,CN-202020-5613673,2021-12-19,2021-12-23,二级,徐黎-16330,徐黎明,公司,肇源,黑龙江,中国,东北,办公用-装订-10004585,办公用品,装订机,"Ibico 打孔机, 回收",287.56,2,0.0,51.52
4819,CN-202020-5613673,2021-12-19,2021-12-23,二级,徐黎-16330,徐黎明,公司,肇源,黑龙江,中国,东北,办公用-装订-10002712,办公用品,装订机,"Ibico 标签, 实惠",83.16,2,0.0,5.6
4820,CN-202020-5613673,2021-12-19,2021-12-23,二级,徐黎-16330,徐黎明,公司,肇源,黑龙江,中国,东北,技术-复印-10001792,技术,复印机,"惠普 个人复印机, 红色",4572.96,8,0.0,685.44
4821,CN-202020-5613673,2021-12-19,2021-12-23,二级,徐黎-16330,徐黎明,公司,肇源,黑龙江,中国,东北,办公用-收纳-10004334,办公用品,收纳具,"Rogers 锁柜, 蓝色",4937.8,5,0.0,1826.3
4828,CN-202020-3021319,2021-12-15,2021-12-16,一级,邱丽-17620,邱丽雪,公司,齐齐哈尔,黑龙江,中国,东北,办公用-系固-10001943,办公用品,系固件,"Stockwell 夹子, 每包 12 个",174.16,2,0.0,48.72
4834,CN-202020-2048658,2021-08-13,2021-08-16,一级,徐关-15655,徐关茵,公司,苏州,江苏,中国,华东,办公用-美术-10003419,办公用品,美术,"Stanley 记号笔, 整包",41.944,2,0.8,-140.616
4835,CN-202020-4027651,2021-10-04,2021-10-10,标准级,邵黎-16405,邵黎明,小型企业,郴州,湖南,中国,中南,办公用-装订-10002115,办公用品,装订机,"Acco 打孔机, 实惠",140.56,1,0.0,4.2
4845,CN-202020-4842730,2021-12-22,2021-12-23,一级,贾保-10300,贾保,公司,潍坊,山东,中国,华东,技术-配件-10000065,技术,配件,"Memorex 闪存驱动器, 耐用",552.72,4,0.0,43.68
4846,CN-202020-4842730,2021-12-22,2021-12-23,一级,贾保-10300,贾保,公司,潍坊,山东,中国,华东,办公用-装订-10004464,办公用品,装订机,"Wilson Jones 标签, 实惠",90.3,3,0.0,36.12
4847,CN-202020-4842730,2021-12-22,2021-12-23,一级,贾保-10300,贾保,公司,潍坊,山东,中国,华东,办公用-装订-10003676,办公用品,装订机,"Ibico 订书机, 透明",1187.2,5,0.0,546.0
4861,US-202020-1498954,2021-11-11,2021-11-16,标准级,范刚-13135,范刚,消费者,滕州,山东,中国,华东,技术-电话-10002996,技术,电话,"三星 办公室电话机, 蓝色",1826.16,6,0.0,0.0
4862,US-202020-1498954,2021-11-11,2021-11-16,标准级,范刚-13135,范刚,消费者,滕州,山东,中国,华东,办公用-信封-10002009,办公用品,信封,"GlobeWeis 邮寄品, 回收",522.9,3,0.0,209.16
4863,US-202020-1498954,2021-11-11,2021-11-16,标准级,范刚-13135,范刚,消费者,滕州,山东,中国,华东,家具-椅子-10004110,家具,椅子,"SAFCO 沙滩椅, 可调",484.68,2,0.0,189.0
4864,US-202020-1498954,2021-11-11,2021-11-16,标准级,范刚-13135,范刚,消费者,滕州,山东,中国,华东,办公用-用品-10002106,办公用品,用品,"Stiletto 修剪器, 钢",590.1,3,0.0,23.52
4865,US-202020-1498954,2021-11-11,2021-11-16,标准级,范刚-13135,范刚,消费者,滕州,山东,中国,华东,办公用-用品-10003154,办公用品,用品,"Acme 剪刀, 蓝色",237.44,2,0.0,26.04
4866,US-202020-1498954,2021-11-11,2021-11-16,标准级,范刚-13135,范刚,消费者,滕州,山东,中国,华东,技术-复印-10004933,技术,复印机,"夏普 墨水, 每套两件",3483.48,6,0.0,208.32
4868,CN-202020-3781306,2021-02-08,2021-02-15,标准级,殷凤-13030,殷凤,小型企业,烟台,山东,中国,华东,技术-设备-10001708,技术,设备,"柯尼卡 计算器, 红色",682.92,3,0.0,149.94
4869,CN-202020-3781306,2021-02-08,2021-02-15,标准级,殷凤-13030,殷凤,小型企业,烟台,山东,中国,华东,办公用-标签-10001875,办公用品,标签,"Avery 文件夹标签, 可调",294.84,9,0.0,147.42
4870,CN-202020-3781306,2021-02-08,2021-02-15,标准级,殷凤-13030,殷凤,小型企业,烟台,山东,中国,华东,办公用-装订-10001505,办公用品,装订机,"Cardinal 孔加固材料, 回收",53.2,2,0.0,25.48
4871,CN-202020-3781306,2021-02-08,2021-02-15,标准级,殷凤-13030,殷凤,小型企业,烟台,山东,中国,华东,办公用-器具-10002520,办公用品,器具,"Hoover 搅拌机, 银色",913.92,2,0.0,292.32
4874,US-202020-1021233,2021-09-23,2021-09-30,标准级,彭雯-21790,彭雯,消费者,天津,天津,中国,华北,家具-桌子-10002211,家具,桌子,"Barricks 电脑桌, 白色",3360.21,2,0.25,-268.87
4884,CN-202020-4054371,2021-06-15,2021-06-19,标准级,雷菊-15025,雷菊,消费者,芜湖,安徽,中国,华东,技术-配件-10004781,技术,配件,"贝尔金 路由器, 实惠",10867.5,9,0.0,977.76
4886,CN-202020-2298972,2021-12-28,2022-01-03,标准级,谭珊-19900,谭珊,消费者,滁州,安徽,中国,华东,办公用-纸张-10000628,办公用品,纸张,"施乐 备忘录便条, 多色",209.16,3,0.0,3.78
4887,CN-202020-2298972,2021-12-28,2022-01-03,标准级,谭珊-19900,谭珊,消费者,滁州,安徽,中国,华东,技术-设备-10000530,技术,设备,"冲电器 喷墨打印机, 多色",1465.8,1,0.0,263.76
4889,US-202020-2872339,2021-03-31,2021-04-04,标准级,倪乐-17800,倪乐,小型企业,宜宾,四川,中国,西南,技术-配件-10001141,技术,配件,"贝尔金 键盘, 实惠",704.592,3,0.4,117.432
4890,US-202020-2872339,2021-03-31,2021-04-04,标准级,倪乐-17800,倪乐,小型企业,宜宾,四川,中国,西南,家具-椅子-10003329,家具,椅子,"SAFCO 椅垫, 每套两件",695.184,4,0.4,-301.616
4891,US-202020-2872339,2021-03-31,2021-04-04,标准级,倪乐-17800,倪乐,小型企业,宜宾,四川,中国,西南,家具-书架-10003676,家具,书架,"Dania 墙角架, 传统",2392.572,7,0.4,-917.868
4897,CN-202020-2779535,2021-08-09,2021-08-14,标准级,彭彩-10705,彭彩,消费者,龙泉,云南,中国,西南,技术-设备-10003910,技术,设备,"冲电器 收据打印机, 多色",5162.22,9,0.0,1186.92
4933,CN-202020-3028018,2021-11-07,2021-11-11,标准级,李蔓-17995,李蔓楚,小型企业,徐州,江苏,中国,华东,办公用-装订-10002373,办公用品,装订机,"Cardinal 装订机盖, 回收",69.216,2,0.4,11.536
4934,CN-202020-3028018,2021-11-07,2021-11-11,标准级,李蔓-17995,李蔓楚,小型企业,徐州,江苏,中国,华东,办公用-标签-10000673,办公用品,标签,"Harbour Creations 文件夹标签, 白色",203.7,5,0.0,85.4
4935,CN-202020-1391849,2021-05-17,2021-05-23,标准级,梁梦-18220,梁梦,消费者,大同,安徽,中国,华东,办公用-信封-10004257,办公用品,信封,"Jiffy 局间信封, 每套 50 个",1300.32,6,0.0,376.32
4947,CN-202020-5027699,2021-10-31,2021-11-05,标准级,韩虎-14005,韩虎,小型企业,大连,辽宁,中国,东北,办公用-标签-10003939,办公用品,标签,"Harbour Creations 有色标签, 红色",118.72,2,0.0,11.76
4948,CN-202020-5027699,2021-10-31,2021-11-05,标准级,韩虎-14005,韩虎,小型企业,大连,辽宁,中国,东北,家具-书架-10000674,家具,书架,"Bush 搁架, 传统",1438.668,3,0.4,-455.952
4961,US-202020-2190451,2021-06-01,2021-06-05,标准级,万达-11815,万达侠,公司,天长,河北,中国,华北,家具-桌子-10003819,家具,桌子,"Chromcraft 圆桌, 黑色",1634.85,1,0.25,174.37
4999,CN-202020-2173759,2021-11-09,2021-11-13,二级,唐忠-11545,唐忠,公司,秦皇岛,河北,中国,华北,技术-设备-10002746,技术,设备,"松下 收据打印机, 耐用",4518.08,8,0.0,1580.32
5000,CN-202020-2173759,2021-11-09,2021-11-13,二级,唐忠-11545,唐忠,公司,秦皇岛,河北,中国,华北,办公用-用品-10003562,办公用品,用品,"Fiskars 剪刀, 锯齿状",92.68,1,0.0,8.26
5002,US-202020-3904829,2021-02-22,2021-03-02,标准级,牛黎-16390,牛黎明,公司,朝阳,辽宁,中国,东北,办公用-美术-10004287,办公用品,美术,"BIC 记号笔, 蓝色",394.688,4,0.2,-24.752
5005,CN-202020-1711156,2021-10-05,2021-10-10,标准级,雷菊-15025,雷菊,消费者,南阳,河南,中国,中南,办公用-用品-10002431,办公用品,用品,"Kleencut 剪刀, 锯齿状",531.72,6,0.0,164.64
5006,CN-202020-1711156,2021-10-05,2021-10-10,标准级,雷菊-15025,雷菊,消费者,南阳,河南,中国,中南,办公用-纸张-10000587,办公用品,纸张,"Green Bar 计划信息表, 优质",333.06,3,0.0,6.3
5037,CN-202020-5443541,2021-05-06,2021-05-11,标准级,殷保-10390,殷保,消费者,鹤岗,黑龙江,中国,东北,家具-用具-10001012,家具,用具,"Deflect-O 相框, 优质",235.76,1,0.0,113.12
5038,US-202020-2607133,2021-10-07,2021-10-10,一级,孙谙-18835,孙谙,公司,高邮,江苏,中国,华东,家具-用具-10003844,家具,用具,"Rubvermaid 灯泡, 黑色",105.504,2,0.4,-44.016
5039,US-202020-2607133,2021-10-07,2021-10-10,一级,孙谙-18835,孙谙,公司,高邮,江苏,中国,华东,家具-书架-10002456,家具,书架,"Safco 书架, 金属",1246.896,3,0.4,-62.664
5043,CN-202020-3706710,2021-04-01,2021-04-05,标准级,常康-15325,常康,公司,浯溪,湖南,中国,中南,办公用-纸张-10001927,办公用品,纸张,"Green Bar 信纸, 多色",697.2,3,0.0,215.88
5044,CN-202020-3706710,2021-04-01,2021-04-05,标准级,常康-15325,常康,公司,浯溪,湖南,中国,中南,办公用-美术-10002057,办公用品,美术,"Binney & Smith 画布, 整包",385.504,2,0.2,-0.056
5065,US-202020-1384966,2021-10-03,2021-10-07,标准级,常康-15325,常康,公司,宜春,黑龙江,中国,东北,办公用-系固-10003913,办公用品,系固件,"Accos 夹子, 混合尺寸",314.16,4,0.0,65.52
5066,US-202020-1384966,2021-10-03,2021-10-07,标准级,常康-15325,常康,公司,宜春,黑龙江,中国,东北,技术-电话-10000393,技术,电话,"三星 信号增强器, 全尺寸",5147.52,8,0.0,2161.6
5067,US-202020-1384966,2021-10-03,2021-10-07,标准级,常康-15325,常康,公司,宜春,黑龙江,中国,东北,办公用-收纳-10003461,办公用品,收纳具,"Tenex 文件夹, 工业",331.8,3,0.0,0.0
5068,CN-202020-3429663,2021-05-17,2021-05-23,标准级,毛保-10360,毛保,公司,济南,山东,中国,华东,办公用-收纳-10003711,办公用品,收纳具,"Rogers 盒, 蓝色",223.72,2,0.0,111.72
5069,CN-202020-3429663,2021-05-17,2021-05-23,标准级,毛保-10360,毛保,公司,济南,山东,中国,华东,办公用-器具-10002516,办公用品,器具,"KitchenAid 搅拌机, 银色",929.6,2,0.0,129.92
5070,CN-202020-3429663,2021-05-17,2021-05-23,标准级,毛保-10360,毛保,公司,济南,山东,中国,华东,办公用-纸张-10004404,办公用品,纸张,"Eaton 计划信息表, 优质",288.12,3,0.0,63.0
5073,CN-202020-1350603,2021-04-28,2021-04-30,二级,邹伟-21610,邹伟,消费者,集宁,内蒙古,中国,华北,办公用-收纳-10003461,办公用品,收纳具,"Tenex 文件夹, 工业",110.6,1,0.0,0.0
5074,CN-202020-1350603,2021-04-28,2021-04-30,二级,邹伟-21610,邹伟,消费者,集宁,内蒙古,中国,华北,技术-配件-10002236,技术,配件,"贝尔金 路由器, 可编程",2186.1,3,0.4,-109.62
5087,CN-202020-2640851,2021-02-12,2021-02-14,一级,邱谦-19255,邱谦,公司,拉萨,西藏,中国,西南,办公用-信封-10003899,办公用品,信封,"Kraft 马尼拉纸信封, 回收",944.16,8,0.0,396.48
5126,CN-202020-1663187,2021-02-17,2021-02-20,一级,彭绅-19975,彭绅,公司,宁波,浙江,中国,华东,办公用-系固-10003670,办公用品,系固件,"Advantus 按钉, 混合尺寸",133.056,4,0.4,10.976
5143,CN-202020-2203847,2021-10-05,2021-10-08,二级,贺恒-13630,贺恒,消费者,营口,辽宁,中国,东北,技术-复印-10003040,技术,复印机,"佳能 无线传真机, 红色",7386.456,7,0.4,-246.764
5144,CN-202020-2203847,2021-10-05,2021-10-08,二级,贺恒-13630,贺恒,消费者,营口,辽宁,中国,东北,技术-配件-10004328,技术,配件,"Memorex 闪存驱动器, 实惠",246.96,3,0.4,-94.92
5145,CN-202020-2203847,2021-10-05,2021-10-08,二级,贺恒-13630,贺恒,消费者,营口,辽宁,中国,东北,技术-配件-10001474,技术,配件,"Enermax 路由器, 耐用",1447.824,2,0.4,-917.056
5151,CN-202020-5308381,2021-12-02,2021-12-07,二级,田谙-18865,田谙,消费者,南宁,广西,中国,中南,办公用-用品-10004419,办公用品,用品,"Acme 剪刀, 工业",378.84,3,0.0,75.6
5152,CN-202020-5308381,2021-12-02,2021-12-07,二级,田谙-18865,田谙,消费者,南宁,广西,中国,中南,办公用-用品-10002106,办公用品,用品,"Stiletto 修剪器, 钢",196.7,1,0.0,7.84
5153,CN-202020-5308381,2021-12-02,2021-12-07,二级,田谙-18865,田谙,消费者,南宁,广西,中国,中南,办公用-器具-10003836,办公用品,器具,"Hoover 咖啡研磨机, 白色",312.34,1,0.0,146.72
5154,CN-202020-5308381,2021-12-02,2021-12-07,二级,田谙-18865,田谙,消费者,南宁,广西,中国,中南,办公用-装订-10003061,办公用品,装订机,"Wilson Jones 订书机, 回收",2761.92,12,0.0,164.64
5158,CN-202020-1933544,2021-08-29,2021-09-01,二级,俞晒-19840,俞晒明,消费者,平度,山东,中国,华东,办公用-装订-10002129,办公用品,装订机,"Ibico 订书机, 耐用",1728.72,7,0.0,362.6
5159,CN-202020-1587245,2021-10-20,2021-10-23,一级,邹实-20260,邹实,公司,贵阳,贵州,中国,西南,办公用-器具-10002119,办公用品,器具,"KitchenAid 搅拌机, 红色",461.3,1,0.0,179.9
5160,CN-202020-1587245,2021-10-20,2021-10-23,一级,邹实-20260,邹实,公司,贵阳,贵州,中国,西南,技术-复印-10004535,技术,复印机,"佳能 墨水, 彩色",554.736,1,0.2,-76.384
5161,CN-202020-1587245,2021-10-20,2021-10-23,一级,邹实-20260,邹实,公司,贵阳,贵州,中国,西南,家具-椅子-10004534,家具,椅子,"Office Star 扶手椅, 黑色",6510.0,3,0.0,0.0
5168,CN-202020-1887568,2021-03-16,2021-03-21,标准级,柯娜-18520,柯娜,消费者,长治,山西,中国,华北,办公用-系固-10004525,办公用品,系固件,"Stockwell 橡皮筋, 混合尺寸",63.42,1,0.0,30.38
5169,CN-202020-3139690,2021-12-29,2022-01-02,标准级,陈翠-11755,陈翠,消费者,齐齐哈尔,黑龙江,中国,东北,办公用-纸张-10001285,办公用品,纸张,"Eaton 计划信息表, 多色",410.48,4,0.0,102.48
5172,CN-202020-1904299,2021-06-27,2021-07-01,标准级,蒋光-13360,蒋光,小型企业,青岛,山东,中国,华东,技术-复印-10000795,技术,复印机,"夏普 无线传真机, 数字化",4977.84,3,0.0,1841.7
5185,CN-202020-5279873,2021-07-07,2021-07-14,标准级,范雯-21685,范雯,小型企业,洛阳,河南,中国,中南,办公用-标签-10004820,办公用品,标签,"Hon 有色标签, 白色",179.34,3,0.0,58.8
5186,CN-202020-5279873,2021-07-07,2021-07-14,标准级,范雯-21685,范雯,小型企业,洛阳,河南,中国,中南,办公用-信封-10003132,办公用品,信封,"Jiffy 搭扣信封, 每套 50 个",39.76,1,0.0,10.64
5187,CN-202020-1141510,2021-07-29,2021-08-04,标准级,叶琪-19225,叶琪,消费者,深圳,广东,中国,中南,办公用-标签-10004405,办公用品,标签,"Avery 文件夹标签, 白色",85.12,2,0.0,1.68
5197,CN-202020-3188485,2021-10-25,2021-10-29,标准级,田妮-18595,田妮,小型企业,荆门,湖北,中国,中南,办公用-标签-10003939,办公用品,标签,"Harbour Creations 有色标签, 红色",118.72,2,0.0,11.76
5198,CN-202020-3370094,2021-03-04,2021-03-09,标准级,王庆-19555,王庆缘,消费者,天津,天津,中国,华北,技术-电话-10001359,技术,电话,"诺基亚 耳机, 整包",1366.4,4,0.0,505.12
5200,CN-202020-1231498,2021-04-02,2021-04-04,二级,贺恒-13630,贺恒,消费者,广州,广东,中国,中南,办公用-纸张-10002363,办公用品,纸张,"施乐 笔记本, 优质",369.18,3,0.0,88.2
5212,CN-202020-1658434,2021-08-31,2021-09-04,标准级,秦淑-20440,秦淑芳,公司,大同,山西,中国,华北,家具-椅子-10004390,家具,椅子,"SAFCO 扶手椅, 每套两件",6491.52,3,0.0,3050.88
5213,CN-202020-1658434,2021-08-31,2021-09-04,标准级,秦淑-20440,秦淑芳,公司,大同,山西,中国,华北,家具-椅子-10000168,家具,椅子,"Novimex 椅垫, 每套两件",1367.1,5,0.0,574.0
5214,CN-202020-1658434,2021-08-31,2021-09-04,标准级,秦淑-20440,秦淑芳,公司,大同,山西,中国,华北,办公用-美术-10003042,办公用品,美术,"Stanley 钢笔, 蓝色",140.7,3,0.0,39.06
5216,CN-202020-5834341,2021-06-08,2021-06-12,标准级,姚柏-19015,姚柏,消费者,武穴,湖北,中国,中南,家具-椅子-10002246,家具,椅子,"Novimex 沙滩椅, 每套两件",539.952,4,0.4,-27.328
5217,CN-202020-5834341,2021-06-08,2021-06-12,标准级,姚柏-19015,姚柏,消费者,武穴,湖北,中国,中南,技术-电话-10002649,技术,电话,"诺基亚 耳机, 全尺寸",624.96,3,0.4,-156.24
5243,CN-202020-4950934,2021-07-01,2021-07-02,一级,顾莲-16975,顾莲,小型企业,莱阳,山东,中国,华东,办公用-纸张-10002399,办公用品,纸张,"Green Bar 备忘录便条, 回收",236.04,3,0.0,0.0
5244,CN-202020-1150523,2021-11-22,2021-11-22,当日,邹涛-21265,邹涛,公司,天津,天津,中国,华北,技术-配件-10004550,技术,配件,"Memorex 路由器, 可编程",4623.92,4,0.0,693.28
5245,CN-202020-1150523,2021-11-22,2021-11-22,当日,邹涛-21265,邹涛,公司,天津,天津,中国,华北,办公用-系固-10002631,办公用品,系固件,"Stockwell 橡皮筋, 金属",303.52,4,0.0,136.08
5251,CN-202020-2275835,2021-03-18,2021-03-22,标准级,范谙-18760,范谙,消费者,北京,北京,中国,华北,办公用-美术-10000831,办公用品,美术,"Binney & Smith 钢笔, 金属",123.2,2,0.0,6.16
5252,CN-202020-2275835,2021-03-18,2021-03-22,标准级,范谙-18760,范谙,消费者,北京,北京,中国,华北,技术-电话-10004336,技术,电话,"三星 办公室电话机, 全尺寸",1551.9,5,0.0,589.4
5266,CN-202020-1246652,2021-01-09,2021-01-13,二级,唐栋-12325,唐栋,小型企业,铜川,陕西,中国,西北,技术-配件-10004915,技术,配件,"Memorex 键盘, 回收",968.1,3,0.0,125.58
5267,CN-202020-1246652,2021-01-09,2021-01-13,二级,唐栋-12325,唐栋,小型企业,铜川,陕西,中国,西北,办公用-器具-10001602,办公用品,器具,"Hoover 微波炉, 银色",1443.82,1,0.0,173.18
5278,CN-202020-3497234,2021-09-27,2021-10-02,标准级,苏江-14620,苏江丽,公司,梅州,广东,中国,中南,办公用-系固-10000410,办公用品,系固件,"OIC 夹子, 金属",185.64,2,0.0,33.32
5279,CN-202020-3497234,2021-09-27,2021-10-02,标准级,苏江-14620,苏江丽,公司,梅州,广东,中国,中南,办公用-系固-10002757,办公用品,系固件,"Stockwell 按钉, 混合尺寸",266.7,5,0.0,133.0
5280,CN-202020-2866628,2021-11-21,2021-11-26,标准级,洪黎-16345,洪黎明,消费者,平邑,山东,中国,华东,家具-用具-10001318,家具,用具,"Tenex 相框, 耐用",684.18,3,0.0,81.9
5281,CN-202020-2866628,2021-11-21,2021-11-26,标准级,洪黎-16345,洪黎明,消费者,平邑,山东,中国,华东,办公用-美术-10000263,办公用品,美术,"Boston 荧光笔, 整包",267.96,3,0.0,2.52
5282,CN-202020-2866628,2021-11-21,2021-11-26,标准级,洪黎-16345,洪黎明,消费者,平邑,山东,中国,华东,家具-椅子-10002913,家具,椅子,"Office Star 椅垫, 每套两件",952.98,3,0.0,304.92
5283,CN-202020-2866628,2021-11-21,2021-11-26,标准级,洪黎-16345,洪黎明,消费者,平邑,山东,中国,华东,家具-椅子-10002473,家具,椅子,"SAFCO 摇椅, 黑色",3091.2,5,0.0,555.8
5284,CN-202020-2866628,2021-11-21,2021-11-26,标准级,洪黎-16345,洪黎明,消费者,平邑,山东,中国,华东,办公用-美术-10002672,办公用品,美术,"Sanford 画布, 金属",1208.2,5,0.0,277.2
5286,CN-202020-2146974,2021-01-17,2021-01-23,标准级,范刚-13135,范刚,消费者,蒙阴,山东,中国,华东,家具-椅子-10002368,家具,椅子,"Office Star 扶手椅, 红色",4362.68,2,0.0,1526.84
5293,US-202020-3436770,2021-06-14,2021-06-16,二级,潘涛-21205,潘涛,公司,黎城,江苏,中国,华东,办公用-装订-10004764,办公用品,装订机,"Avery 装订机盖, 透明",88.452,3,0.4,-14.868
5294,US-202020-3436770,2021-06-14,2021-06-16,二级,潘涛-21205,潘涛,公司,黎城,江苏,中国,华东,办公用-美术-10003325,办公用品,美术,"Stanley 记号笔, 蓝色",124.32,6,0.8,-336.0
5295,US-202020-3436770,2021-06-14,2021-06-16,二级,潘涛-21205,潘涛,公司,黎城,江苏,中国,华东,办公用-装订-10002538,办公用品,装订机,"Acco 装订机, 透明",81.816,2,0.4,-54.544
5296,US-202020-3436770,2021-06-14,2021-06-16,二级,潘涛-21205,潘涛,公司,黎城,江苏,中国,华东,办公用-器具-10001804,办公用品,器具,"Hamilton Beach 微波炉, 银色",1586.256,2,0.4,105.616
5297,US-202020-3436770,2021-06-14,2021-06-16,二级,潘涛-21205,潘涛,公司,黎城,江苏,中国,华东,家具-书架-10002501,家具,书架,"Sauder 搁架, 白色",2207.52,4,0.4,-699.44
5298,US-202020-3436770,2021-06-14,2021-06-16,二级,潘涛-21205,潘涛,公司,黎城,江苏,中国,华东,办公用-纸张-10002327,办公用品,纸张,"Enermax 信纸, 每包 12 个",956.48,4,0.0,200.48
5304,CN-202020-2648094,2021-06-24,2021-06-28,标准级,常宣-20800,常宣,消费者,南通,江苏,中国,华东,办公用-器具-10000222,办公用品,器具,"KitchenAid 微波炉, 银色",2612.988,3,0.4,-392.112
5305,CN-202020-2648094,2021-06-24,2021-06-28,标准级,常宣-20800,常宣,消费者,南通,江苏,中国,华东,办公用-装订-10001505,办公用品,装订机,"Cardinal 孔加固材料, 回收",95.76,6,0.4,12.6
5307,CN-202020-3656854,2021-06-29,2021-07-04,二级,楚丽-17320,楚丽丽,小型企业,临沂,山东,中国,华东,办公用-信封-10004375,办公用品,信封,"Cameo 商业信封, 每套 50 个",474.6,6,0.0,227.64
5308,CN-202020-3656854,2021-06-29,2021-07-04,二级,楚丽-17320,楚丽丽,小型企业,临沂,山东,中国,华东,办公用-纸张-10001957,办公用品,纸张,"Enermax 令, 回收",397.32,3,0.0,35.7
5317,CN-202020-2766233,2021-05-09,2021-05-09,当日,苏晒-19825,苏晒明,消费者,咸阳,陕西,中国,西北,技术-复印-10003382,技术,复印机,"佳能 传真复印机, 红色",1769.04,2,0.0,282.8
5363,CN-202020-4853457,2021-05-30,2021-06-05,标准级,林丹-11980,林丹,消费者,昌吉,新疆,中国,西北,家具-书架-10001061,家具,书架,"Safco 古典书架, 金属",4084.36,2,0.0,612.64
5364,CN-202020-4853457,2021-05-30,2021-06-05,标准级,林丹-11980,林丹,消费者,昌吉,新疆,中国,西北,办公用-美术-10000581,办公用品,美术,"Binney & Smith 钢笔, 整包",170.94,3,0.0,28.98
5365,CN-202020-4853457,2021-05-30,2021-06-05,标准级,林丹-11980,林丹,消费者,昌吉,新疆,中国,西北,办公用-美术-10003689,办公用品,美术,"BIC 荧光笔, 蓝色",441.7,5,0.0,83.3
5366,CN-202020-2571041,2021-06-14,2021-06-18,标准级,王霖-17545,王霖,小型企业,武汉,湖北,中国,中南,办公用-装订-10000419,办公用品,装订机,"Cardinal 订书机, 耐用",287.112,2,0.4,42.952
5367,CN-202020-2571041,2021-06-14,2021-06-18,标准级,王霖-17545,王霖,小型企业,武汉,湖北,中国,中南,办公用-收纳-10000984,办公用品,收纳具,"Eldon 文件夹, 工业",244.44,3,0.0,97.44
5368,CN-202020-2571041,2021-06-14,2021-06-18,标准级,王霖-17545,王霖,小型企业,武汉,湖北,中国,中南,技术-电话-10000199,技术,电话,"三星 智能手机, 混合尺寸",353.052,1,0.4,-135.408
5369,CN-202020-2571041,2021-06-14,2021-06-18,标准级,王霖-17545,王霖,小型企业,武汉,湖北,中国,中南,家具-书架-10003197,家具,书架,"Safco 书库, 白色",3295.404,3,0.4,-659.316
5370,CN-202020-2571041,2021-06-14,2021-06-18,标准级,王霖-17545,王霖,小型企业,武汉,湖北,中国,中南,办公用-装订-10001505,办公用品,装订机,"Cardinal 孔加固材料, 回收",95.76,6,0.4,12.6
5371,CN-202020-2571041,2021-06-14,2021-06-18,标准级,王霖-17545,王霖,小型企业,武汉,湖北,中国,中南,办公用-标签-10004762,办公用品,标签,"Hon 运输标签, 耐用",274.4,5,0.0,134.4
5372,CN-202020-2571041,2021-06-14,2021-06-18,标准级,王霖-17545,王霖,小型企业,武汉,湖北,中国,中南,办公用-装订-10001165,办公用品,装订机,"Cardinal 打孔机, 回收",81.648,1,0.4,-27.272
5382,CN-202020-1778069,2021-01-21,2021-01-24,一级,谭临-17455,谭临耀,消费者,余姚,浙江,中国,华东,办公用-装订-10004481,办公用品,装订机,"Acco 孔加固材料, 实惠",55.944,3,0.4,0.924
5383,CN-202020-1778069,2021-01-21,2021-01-24,一级,谭临-17455,谭临耀,消费者,余姚,浙江,中国,华东,办公用-系固-10004323,办公用品,系固件,"OIC 按钉, 混合尺寸",103.824,3,0.4,-25.956
5384,CN-202020-1778069,2021-01-21,2021-01-24,一级,谭临-17455,谭临耀,消费者,余姚,浙江,中国,华东,家具-用具-10000645,家具,用具,"Deflect-O 相框, 耐用",411.012,3,0.4,-89.208
5391,CN-202020-4054371,2021-05-31,2021-06-04,二级,彭博-10555,彭博,公司,大同,山西,中国,华北,办公用-纸张-10003365,办公用品,纸张,"Enermax 计划信息表, 优质",315.0,3,0.0,0.0
5392,CN-202020-2881872,2021-09-29,2021-10-03,标准级,黄婷-21085,黄婷,消费者,明月,吉林,中国,东北,办公用-用品-10002649,办公用品,用品,"Kleencut 修剪器, 钢",190.54,1,0.0,47.6
5426,US-202020-1973789,2021-11-07,2021-11-13,标准级,程宁-18640,程宁,公司,吉林市,吉林,中国,东北,办公用-美术-10000566,办公用品,美术,"Binney & Smith 荧光笔, 整包",251.776,4,0.2,-25.424
5454,CN-202020-4180783,2021-10-13,2021-10-18,标准级,孙壁-10465,孙壁,消费者,长春,吉林,中国,东北,家具-书架-10004173,家具,书架,"Bush 搁架, 金属",1593.48,2,0.0,796.6
5455,CN-202020-3769666,2021-12-17,2021-12-22,标准级,冯立-16735,冯立,消费者,仙桃,湖北,中国,中南,办公用-收纳-10003040,办公用品,收纳具,"Tenex 锁柜, 工业",7639.52,8,0.0,1756.16
5464,CN-202020-4479160,2021-11-23,2021-11-27,标准级,赵盛-20320,赵盛,小型企业,张家口,河北,中国,华北,技术-复印-10000191,技术,复印机,"佳能 无线传真机, 数字化",5296.2,3,0.0,370.44
5465,CN-202020-4479160,2021-11-23,2021-11-27,标准级,赵盛-20320,赵盛,小型企业,张家口,河北,中国,华北,办公用-器具-10000254,办公用品,器具,"KitchenAid 咖啡研磨机, 白色",1280.72,4,0.0,230.16
5466,CN-202020-4479160,2021-11-23,2021-11-27,标准级,赵盛-20320,赵盛,小型企业,张家口,河北,中国,华北,技术-电话-10002515,技术,电话,"诺基亚 智能手机, 混合尺寸",2940.0,5,0.0,1411.2
5473,CN-202020-1424056,2021-07-28,2021-08-04,标准级,陶磊-16105,陶磊,公司,巢湖,安徽,中国,华东,办公用-器具-10001247,办公用品,器具,"Hamilton Beach 搅拌机, 银色",1675.1,5,0.0,485.1
5515,CN-202020-4741910,2021-10-12,2021-10-15,一级,蒋冬-12370,蒋冬露,消费者,胶州,山东,中国,华东,办公用-收纳-10000375,办公用品,收纳具,"Smead 搁板, 单宽度",685.44,3,0.0,205.38
5516,CN-202020-4741910,2021-10-12,2021-10-15,一级,蒋冬-12370,蒋冬露,消费者,胶州,山东,中国,华东,技术-设备-10002994,技术,设备,"柯尼卡 收据打印机, 多色",1141.0,2,0.0,91.28
5533,CN-202020-3867173,2021-12-01,2021-12-06,标准级,苏磊-16090,苏磊,消费者,任丘,河北,中国,华北,办公用-美术-10003409,办公用品,美术,"Binney & Smith 记号笔, 整包",227.36,2,0.0,56.84
5534,CN-202020-3867173,2021-12-01,2021-12-06,标准级,苏磊-16090,苏磊,消费者,任丘,河北,中国,华北,办公用-装订-10001547,办公用品,装订机,"Ibico 孔加固材料, 回收",102.9,3,0.0,34.86
5535,CN-202020-3867173,2021-12-01,2021-12-06,标准级,苏磊-16090,苏磊,消费者,任丘,河北,中国,华北,技术-配件-10000783,技术,配件,"罗技 键盘, 回收",327.88,1,0.0,81.9
5536,CN-202020-3867173,2021-12-01,2021-12-06,标准级,苏磊-16090,苏磊,消费者,任丘,河北,中国,华北,办公用-收纳-10004477,办公用品,收纳具,"Tenex 文件夹, 金属",312.06,3,0.0,27.72
5537,CN-202020-3867173,2021-12-01,2021-12-06,标准级,苏磊-16090,苏磊,消费者,任丘,河北,中国,华北,家具-用具-10003670,家具,用具,"Rubvermaid 门挡, 一包多件",409.36,2,0.0,151.2
5538,CN-202020-3867173,2021-12-01,2021-12-06,标准级,苏磊-16090,苏磊,消费者,任丘,河北,中国,华北,办公用-用品-10004419,办公用品,用品,"Acme 剪刀, 工业",252.56,2,0.0,50.4
5539,CN-202020-3867173,2021-12-01,2021-12-06,标准级,苏磊-16090,苏磊,消费者,任丘,河北,中国,华北,家具-椅子-10002415,家具,椅子,"Novimex 摇椅, 红色",5520.06,9,0.0,1655.64
5540,CN-202020-3867173,2021-12-01,2021-12-06,标准级,苏磊-16090,苏磊,消费者,任丘,河北,中国,华北,办公用-系固-10004197,办公用品,系固件,"OIC 回形针, 每包 12 个",194.04,3,0.0,26.88
5542,CN-202020-4230867,2021-09-17,2021-09-23,标准级,肖崆-15520,肖崆,消费者,哈尔滨,黑龙江,中国,东北,办公用-收纳-10003273,办公用品,收纳具,"Tenex 盒, 工业",79.24,1,0.0,24.5
5543,US-202020-3847012,2021-06-07,2021-06-12,标准级,万莞-13330,万莞颖,消费者,耒阳,湖南,中国,中南,办公用-美术-10002159,办公用品,美术,"BIC 钢笔, 金属",174.048,3,0.2,60.648
5551,CN-202020-4870971,2021-06-24,2021-06-26,二级,秦芯-13915,秦芯,消费者,武汉,湖北,中国,中南,技术-复印-10003121,技术,复印机,"佳能 墨水, 数字化",1233.036,3,0.4,143.556
5552,CN-202020-4870971,2021-06-24,2021-06-26,二级,秦芯-13915,秦芯,消费者,武汉,湖北,中国,中南,办公用-收纳-10004212,办公用品,收纳具,"Fellowes 锁柜, 蓝色",8707.86,9,0.0,0.0
5553,CN-202020-4870971,2021-06-24,2021-06-26,二级,秦芯-13915,秦芯,消费者,武汉,湖北,中国,中南,家具-用具-10002095,家具,用具,"Advantus 灯泡, 黑色",56.196,1,0.4,-9.464
5554,CN-202020-4870971,2021-06-24,2021-06-26,二级,秦芯-13915,秦芯,消费者,武汉,湖北,中国,中南,办公用-标签-10004577,办公用品,标签,"Novimex 可去除的标签, 耐用",383.04,8,0.0,49.28
5555,CN-202020-4870971,2021-06-24,2021-06-26,二级,秦芯-13915,秦芯,消费者,武汉,湖北,中国,中南,办公用-纸张-10000069,办公用品,纸张,"Eaton 备忘录便条, 多色",353.5,5,0.0,91.7
5589,CN-202020-5950580,2021-09-23,2021-09-27,标准级,戴康-15415,戴康,消费者,通州,北京,中国,华北,办公用-纸张-10002247,办公用品,纸张,"施乐 令, 每包 12 个",284.48,2,0.0,79.52
5596,CN-202020-5948224,2021-06-27,2021-07-02,标准级,龙锦-14875,龙锦,小型企业,天津,天津,中国,华北,技术-电话-10004650,技术,电话,"诺基亚 音频基座, 整包",5449.78,7,0.0,2506.84
5597,CN-202020-5948224,2021-06-27,2021-07-02,标准级,龙锦-14875,龙锦,小型企业,天津,天津,中国,华北,办公用-美术-10004503,办公用品,美术,"BIC 画布, 混合尺寸",1061.76,4,0.0,233.52
5598,US-202020-5376503,2021-06-25,2021-06-25,当日,周诚-11275,周诚,公司,绵阳,四川,中国,西南,办公用-美术-10003504,办公用品,美术,"BIC 画布, 蓝色",150.36,3,0.8,-571.62
5599,CN-202020-5639395,2021-02-02,2021-02-07,标准级,杨欢-14275,杨欢,公司,东莞,广东,中国,中南,办公用-用品-10004318,办公用品,用品,"Elite 剪刀, 蓝色",105.14,1,0.0,42.0
5602,US-202020-3954075,2021-08-29,2021-08-31,二级,潘健-14575,潘健,消费者,扬州,江苏,中国,华东,办公用-用品-10000347,办公用品,用品,"Stiletto 尺子, 锯齿状",64.848,2,0.4,-27.272
5603,US-202020-3954075,2021-08-29,2021-08-31,二级,潘健-14575,潘健,消费者,扬州,江苏,中国,华东,办公用-用品-10000032,办公用品,用品,"Acme 美工刀, 工业",331.128,3,0.4,-132.552
5604,US-202020-3954075,2021-08-29,2021-08-31,二级,潘健-14575,潘健,消费者,扬州,江苏,中国,华东,办公用-标签-10001936,办公用品,标签,"Smead 圆形标签, 耐用",34.02,1,0.0,4.06
5605,US-202020-3954075,2021-08-29,2021-08-31,二级,潘健-14575,潘健,消费者,扬州,江苏,中国,华东,技术-复印-10004302,技术,复印机,"Brother 无线传真机, 数字化",3178.98,3,0.4,-159.18
5606,CN-202020-3706710,2021-01-17,2021-01-21,标准级,秦君-15175,秦君,小型企业,沈阳,辽宁,中国,东北,技术-电话-10003002,技术,电话,"诺基亚 音频基座, 蓝色",2801.232,6,0.4,-140.448
5607,CN-202020-3706710,2021-01-17,2021-01-21,标准级,秦君-15175,秦君,小型企业,沈阳,辽宁,中国,东北,办公用-用品-10003039,办公用品,用品,"Acme 开信刀, 锯齿状",376.74,5,0.4,18.34
5609,CN-202020-4195213,2021-08-24,2021-08-30,标准级,封乐-17740,封乐,消费者,南京,江苏,中国,华东,家具-椅子-10003795,家具,椅子,"Harbour Creations 沙滩椅, 红色",345.072,2,0.4,-34.608
5616,CN-202020-2658950,2021-08-08,2021-08-14,标准级,毛升-20155,毛升,小型企业,宿州,安徽,中国,华东,技术-复印-10003118,技术,复印机,"Brother 传真复印机, 红色",2655.66,3,0.0,849.66
5617,CN-202020-2658950,2021-08-08,2021-08-14,标准级,毛升-20155,毛升,小型企业,宿州,安徽,中国,华东,技术-配件-10004986,技术,配件,"贝尔金 路由器, 回收",2394.56,2,0.0,885.92
5647,CN-202020-2484493,2021-01-26,2021-01-28,一级,黄岱-11860,黄岱,消费者,重庆,重庆,中国,西南,办公用-用品-10004086,办公用品,用品,"Fiskars 美工刀, 蓝色",663.04,4,0.0,12.88
5648,CN-202020-2484493,2021-01-26,2021-01-28,一级,黄岱-11860,黄岱,消费者,重庆,重庆,中国,西南,办公用-装订-10000994,办公用品,装订机,"Avery 装订机, 耐用",201.6,3,0.0,68.46
5649,CN-202020-2484493,2021-01-26,2021-01-28,一级,黄岱-11860,黄岱,消费者,重庆,重庆,中国,西南,技术-电话-10003347,技术,电话,"摩托罗拉 信号增强器, 全尺寸",2695.84,4,0.0,1078.0
5653,US-202020-4266965,2021-12-31,2022-01-04,标准级,袁松-20785,袁松,消费者,沈阳,辽宁,中国,东北,办公用-装订-10003441,办公用品,装订机,"Avery 标签, 耐用",87.696,4,0.4,-31.024
5654,US-202020-4266965,2021-12-31,2022-01-04,标准级,袁松-20785,袁松,消费者,沈阳,辽宁,中国,东北,办公用-信封-10003687,办公用品,信封,"Cameo 局间信封, 红色",1189.3,5,0.0,130.2
5662,CN-202020-5763224,2021-05-29,2021-05-29,当日,刘婵-10945,刘婵,消费者,绵阳,四川,中国,西南,办公用-信封-10001579,办公用品,信封,"Jiffy 外皮和封条, 每套 50 个",186.76,2,0.0,82.04
5663,CN-202020-5763224,2021-05-29,2021-05-29,当日,刘婵-10945,刘婵,消费者,绵阳,四川,中国,西南,办公用-装订-10001147,办公用品,装订机,"Avery 标签, 回收",56.196,3,0.4,7.476
5664,CN-202020-5763224,2021-05-29,2021-05-29,当日,刘婵-10945,刘婵,消费者,绵阳,四川,中国,西南,技术-复印-10000859,技术,复印机,"Hewlett 复印机, 数字化",2949.072,4,0.4,-1130.528
5665,CN-202020-5763224,2021-05-29,2021-05-29,当日,刘婵-10945,刘婵,消费者,绵阳,四川,中国,西南,技术-电话-10001542,技术,电话,"思科 办公室电话机, 混合尺寸",933.072,4,0.4,-559.888
5682,US-202020-3930358,2021-06-08,2021-06-15,标准级,邓惠-14470,邓惠,消费者,深圳,广东,中国,中南,办公用-系固-10003020,办公用品,系固件,"Stockwell 订书钉, 每包 12 个",91.84,2,0.0,8.12
5683,US-202020-3930358,2021-06-08,2021-06-15,标准级,邓惠-14470,邓惠,消费者,深圳,广东,中国,中南,家具-用具-10002448,家具,用具,"Tenex 闹钟, 优质",456.12,2,0.0,118.44
5684,US-202020-3930358,2021-06-08,2021-06-15,标准级,邓惠-14470,邓惠,消费者,深圳,广东,中国,中南,办公用-器具-10003221,办公用品,器具,"Breville 微波炉, 红色",2815.96,2,0.0,140.56
5685,CN-202020-5057492,2021-09-06,2021-09-10,标准级,楚丽-17320,楚丽丽,小型企业,鹤岗,黑龙江,中国,东北,家具-用具-10002267,家具,用具,"Advantus 分层置放架, 优质",466.48,4,0.0,228.48
5686,CN-202020-5057492,2021-09-06,2021-09-10,标准级,楚丽-17320,楚丽丽,小型企业,鹤岗,黑龙江,中国,东北,技术-配件-10000246,技术,配件,"贝尔金 记忆卡, 可编程",2713.9,5,0.0,922.6
5687,CN-202020-5057492,2021-09-06,2021-09-10,标准级,楚丽-17320,楚丽丽,小型企业,鹤岗,黑龙江,中国,东北,技术-设备-10002403,技术,设备,"StarTech 卡片打印机, 多色",1526.0,2,0.0,701.96
5688,CN-202020-5057492,2021-09-06,2021-09-10,标准级,楚丽-17320,楚丽丽,小型企业,鹤岗,黑龙江,中国,东北,家具-书架-10002197,家具,书架,"宜家 搁架, 金属",3169.6,4,0.0,348.32
5689,CN-202020-5057492,2021-09-06,2021-09-10,标准级,楚丽-17320,楚丽丽,小型企业,鹤岗,黑龙江,中国,东北,办公用-系固-10004262,办公用品,系固件,"Advantus 回形针, 混合尺寸",106.4,2,0.0,22.12
5702,CN-202020-3188191,2021-12-23,2021-12-27,标准级,沈聪-11710,沈聪,消费者,合川,重庆,中国,西南,技术-配件-10000080,技术,配件,"Memorex 键区, 可编程",435.96,2,0.0,161.28
5703,CN-202020-3188191,2021-12-23,2021-12-27,标准级,沈聪-11710,沈聪,消费者,合川,重庆,中国,西南,办公用-装订-10003487,办公用品,装订机,"Avery 装订机盖, 回收",106.68,2,0.0,20.16
5708,CN-202020-3722391,2021-09-09,2021-09-14,标准级,黄康-15355,黄康,消费者,烟台,山东,中国,华东,技术-设备-10004535,技术,设备,"冲电器 卡片打印机, 白色",4065.6,5,0.0,1747.9
5709,CN-202020-3722391,2021-09-09,2021-09-14,标准级,黄康-15355,黄康,消费者,烟台,山东,中国,华东,办公用-信封-10003687,办公用品,信封,"Cameo 局间信封, 红色",475.72,2,0.0,52.08
5710,CN-202020-3722391,2021-09-09,2021-09-14,标准级,黄康-15355,黄康,消费者,烟台,山东,中国,华东,技术-配件-10003190,技术,配件,"SanDisk 记忆卡, 耐用",1576.68,3,0.0,0.0
5721,CN-202020-2828219,2021-12-12,2021-12-17,标准级,刘乐-17785,刘乐,公司,福州,福建,中国,华东,技术-电话-10002649,技术,电话,"诺基亚 耳机, 全尺寸",1041.6,3,0.0,260.4
5722,CN-202020-2828219,2021-12-12,2021-12-17,标准级,刘乐-17785,刘乐,公司,福州,福建,中国,华东,家具-用具-10003781,家具,用具,"Eldon 分层置放架, 耐用",665.7,5,0.0,199.5
5723,CN-202020-2828219,2021-12-12,2021-12-17,标准级,刘乐-17785,刘乐,公司,福州,福建,中国,华东,办公用-系固-10003721,办公用品,系固件,"Stockwell 图钉, 整包",183.96,3,0.0,64.26
5724,CN-202020-4092793,2021-09-10,2021-09-14,标准级,葛彩-10660,葛彩,消费者,大庆,黑龙江,中国,东北,办公用-收纳-10004714,办公用品,收纳具,"Smead 盒, 单宽度",100.8,2,0.0,44.24
5745,CN-202020-1137701,2021-11-17,2021-11-23,标准级,曾惠-14485,曾惠,公司,齐齐哈尔,黑龙江,中国,东北,办公用-标签-10004820,办公用品,标签,"Hon 有色标签, 白色",119.56,2,0.0,39.2
5748,US-202020-5672005,2021-11-02,2021-11-09,标准级,孔松-20695,孔松,公司,太原,山西,中国,华北,办公用-美术-10003943,办公用品,美术,"BIC 铅笔刀, 混合尺寸",600.88,4,0.0,132.16
5749,US-202020-5672005,2021-11-02,2021-11-09,标准级,孔松-20695,孔松,公司,太原,山西,中国,华北,技术-电话-10002221,技术,电话,"苹果 音频基座, 全尺寸",2354.52,3,0.0,894.6
5750,US-202020-5672005,2021-11-02,2021-11-09,标准级,孔松-20695,孔松,公司,太原,山西,中国,华北,办公用-信封-10001674,办公用品,信封,"Jiffy 外皮和封条, 红色",329.7,3,0.0,82.32
5751,US-202020-5672005,2021-11-02,2021-11-09,标准级,孔松-20695,孔松,公司,太原,山西,中国,华北,技术-配件-10003130,技术,配件,"罗技 键区, 回收",823.76,4,0.0,362.32
5763,CN-202020-2234207,2021-06-06,2021-06-06,当日,白斯-20995,白斯云,消费者,罗容,广西,中国,中南,家具-书架-10003132,家具,书架,"Dania 古典书架, 黑色",1923.18,1,0.0,230.72
5764,CN-202020-5844177,2021-10-18,2021-10-22,标准级,施良-17155,施良,消费者,定州,河北,中国,华北,办公用-器具-10001452,办公用品,器具,"Breville 炉灶, 银色",2624.02,1,0.0,446.04
5775,CN-202020-4141331,2021-06-06,2021-06-11,标准级,秦刚-13075,秦刚,公司,桂林,广西,中国,中南,技术-设备-10003147,技术,设备,"StarTech 收据打印机, 红色",2513.7,5,0.0,150.5
5776,CN-202020-4141331,2021-06-06,2021-06-11,标准级,秦刚-13075,秦刚,公司,桂林,广西,中国,中南,办公用-标签-10000039,办公用品,标签,"Avery 可去除的标签, 白色",150.36,3,0.0,5.88
5783,CN-202020-2686699,2021-02-02,2021-02-08,标准级,林康-15400,林康,公司,莱阳,山东,中国,华东,技术-复印-10003382,技术,复印机,"佳能 传真复印机, 红色",3538.08,4,0.0,565.6
5794,CN-202020-3834707,2021-06-23,2021-06-25,二级,柯婵-10930,柯婵,小型企业,郑州,河南,中国,中南,办公用-器具-10002224,办公用品,器具,"Breville 搅拌机, 白色",1237.32,3,0.0,111.3
5795,CN-202020-3834707,2021-06-23,2021-06-25,二级,柯婵-10930,柯婵,小型企业,郑州,河南,中国,中南,家具-书架-10001124,家具,书架,"Safco 古典书架, 黑色",6153.0,3,0.0,246.12
5796,CN-202020-3834707,2021-06-23,2021-06-25,二级,柯婵-10930,柯婵,小型企业,郑州,河南,中国,中南,家具-书架-10004493,家具,书架,"Dania 书架, 传统",1702.26,3,0.0,323.4
5797,CN-202020-3834707,2021-06-23,2021-06-25,二级,柯婵-10930,柯婵,小型企业,郑州,河南,中国,中南,办公用-器具-10000468,办公用品,器具,"Hoover 微波炉, 红色",10082.24,7,0.0,1411.2
5811,CN-202020-5873075,2021-12-15,2021-12-21,标准级,施菊-15040,施菊,消费者,深圳,广东,中国,中南,办公用-信封-10004375,办公用品,信封,"Cameo 商业信封, 每套 50 个",395.5,5,0.0,189.7
5812,CN-202020-5873075,2021-12-15,2021-12-21,标准级,施菊-15040,施菊,消费者,深圳,广东,中国,中南,办公用-装订-10001192,办公用品,装订机,"Avery 标签, 透明",108.08,4,0.0,39.76
5813,CN-202020-5873075,2021-12-15,2021-12-21,标准级,施菊-15040,施菊,消费者,深圳,广东,中国,中南,办公用-收纳-10001011,办公用品,收纳具,"Fellowes 文件夹, 金属",475.44,4,0.0,33.04
5814,CN-202020-5873075,2021-12-15,2021-12-21,标准级,施菊-15040,施菊,消费者,深圳,广东,中国,中南,办公用-标签-10000838,办公用品,标签,"Avery 运输标签, 耐用",114.24,2,0.0,24.92
5815,CN-202020-3210061,2021-10-24,2021-10-26,二级,佘莲-17050,佘莲,消费者,常熟市,江苏,中国,华东,办公用-标签-10002844,办公用品,标签,"Smead 圆形标签, 可调",134.4,6,0.0,29.4
5847,CN-202020-2558996,2021-08-24,2021-08-26,一级,贺鹏-19045,贺鹏,小型企业,惠城,广东,中国,中南,办公用-用品-10002091,办公用品,用品,"Fiskars 美工刀, 工业",519.96,3,0.0,62.16
5859,CN-202020-4741910,2021-09-25,2021-09-30,标准级,贺绅-19945,贺绅,消费者,益阳,湖南,中国,中南,办公用-装订-10004589,办公用品,装订机,"Avery 孔加固材料, 耐用",55.16,2,0.0,0.84
5876,CN-202020-3534471,2021-08-25,2021-08-29,标准级,曹冬-12445,曹冬露,消费者,海口,海南,中国,中南,办公用-装订-10000363,办公用品,装订机,"Cardinal 装订机, 实惠",387.24,6,0.0,84.84
5877,CN-202020-3534471,2021-08-25,2021-08-29,标准级,曹冬-12445,曹冬露,消费者,海口,海南,中国,中南,办公用-纸张-10003534,办公用品,纸张,"Green Bar 笔记本, 每包 12 个",950.04,6,0.0,104.16
5880,CN-202020-1755383,2021-11-30,2021-12-06,标准级,郭刚-13150,郭刚,公司,汕头,广东,中国,中南,办公用-器具-10003859,办公用品,器具,"Cuisinart 冰箱, 白色",2306.36,1,0.0,230.58
5891,CN-202020-4141331,2021-11-04,2021-11-08,标准级,葛毅-12505,葛毅,消费者,铜陵,安徽,中国,华东,技术-复印-10001080,技术,复印机,"夏普 无线传真机, 彩色",6670.72,4,0.0,66.64
5892,CN-202020-4141331,2021-11-04,2021-11-08,标准级,葛毅-12505,葛毅,消费者,铜陵,安徽,中国,华东,技术-复印-10001050,技术,复印机,"Brother 传真机, 彩色",10452.68,7,0.0,4389.42
5909,CN-202020-3640405,2021-05-04,2021-05-06,二级,潘盛-20380,潘盛,消费者,湛江,广东,中国,中南,家具-书架-10000631,家具,书架,"Dania 古典书架, 金属",3828.72,2,0.0,421.12
5910,CN-202020-3640405,2021-05-04,2021-05-06,二级,潘盛-20380,潘盛,消费者,湛江,广东,中国,中南,办公用-器具-10002014,办公用品,器具,"Cuisinart 炉灶, 银色",7546.56,3,0.0,1056.3
5911,CN-202020-3640405,2021-05-04,2021-05-06,二级,潘盛-20380,潘盛,消费者,湛江,广东,中国,中南,技术-设备-10002270,技术,设备,"爱普生 喷墨打印机, 红色",2850.12,2,0.0,1054.48
5916,CN-202020-3429663,2021-06-22,2021-06-28,标准级,涂安-10285,涂安,公司,石家庄,河北,中国,华北,办公用-纸张-10001282,办公用品,纸张,"Enermax 笔记本, 每包 12 个",304.64,2,0.0,78.96
5917,CN-202020-3429663,2021-06-22,2021-06-28,标准级,涂安-10285,涂安,公司,石家庄,河北,中国,华北,家具-椅子-10004961,家具,椅子,"Office Star 椅垫, 可调",1912.68,6,0.0,898.8
5918,CN-202020-3429663,2021-06-22,2021-06-28,标准级,涂安-10285,涂安,公司,石家庄,河北,中国,华北,办公用-器具-10001067,办公用品,器具,"Cuisinart 搅拌机, 黑色",2789.64,9,0.0,919.8
5919,CN-202020-3429663,2021-06-22,2021-06-28,标准级,涂安-10285,涂安,公司,石家庄,河北,中国,华北,办公用-用品-10004128,办公用品,用品,"Acme 修剪器, 蓝色",624.12,3,0.0,274.26
5920,CN-202020-3429663,2021-06-22,2021-06-28,标准级,涂安-10285,涂安,公司,石家庄,河北,中国,华北,办公用-用品-10001176,办公用品,用品,"Stiletto 美工刀, 蓝色",839.3,5,0.0,41.3
5921,CN-202020-3429663,2021-06-22,2021-06-28,标准级,涂安-10285,涂安,公司,石家庄,河北,中国,华北,办公用-美术-10001683,办公用品,美术,"Boston 画布, 蓝色",1501.92,6,0.0,194.88
5922,CN-202020-3429663,2021-06-22,2021-06-28,标准级,涂安-10285,涂安,公司,石家庄,河北,中国,华北,办公用-收纳-10000319,办公用品,收纳具,"Rogers 锁柜, 单宽度",3950.8,4,0.0,869.12
5923,CN-202020-3429663,2021-06-22,2021-06-28,标准级,涂安-10285,涂安,公司,石家庄,河北,中国,华北,家具-书架-10001133,家具,书架,"Sauder 书库, 白色",1820.7,1,0.0,236.6
5924,CN-202020-3429663,2021-06-22,2021-06-28,标准级,涂安-10285,涂安,公司,石家庄,河北,中国,华北,办公用-信封-10004057,办公用品,信封,"GlobeWeis 马尼拉纸信封, 回收",244.44,2,0.0,31.64
5926,CN-202020-5490018,2021-08-03,2021-08-08,标准级,邢毅-12475,邢毅,消费者,蚌埠,安徽,中国,华东,家具-用具-10003581,家具,用具,"Deflect-O 门挡, 一包多件",1026.9,5,0.0,266.7
5927,CN-202020-3530738,2021-12-16,2021-12-16,当日,牛惠-14410,牛惠,小型企业,潍坊,山东,中国,华东,办公用-收纳-10004035,办公用品,收纳具,"Rogers 盘, 蓝色",2014.88,7,0.0,704.62
5928,CN-202020-3530738,2021-12-16,2021-12-16,当日,牛惠-14410,牛惠,小型企业,潍坊,山东,中国,华东,办公用-器具-10001222,办公用品,器具,"Breville 咖啡研磨机, 红色",288.68,1,0.0,57.68
5929,CN-202020-3530738,2021-12-16,2021-12-16,当日,牛惠-14410,牛惠,小型企业,潍坊,山东,中国,华东,办公用-装订-10001192,办公用品,装订机,"Avery 标签, 透明",189.14,7,0.0,69.58
5930,CN-202020-3530738,2021-12-16,2021-12-16,当日,牛惠-14410,牛惠,小型企业,潍坊,山东,中国,华东,家具-椅子-10001902,家具,椅子,"SAFCO 沙滩椅, 黑色",1096.9,5,0.0,43.4
5931,CN-202020-3530738,2021-12-16,2021-12-16,当日,牛惠-14410,牛惠,小型企业,潍坊,山东,中国,华东,办公用-用品-10000180,办公用品,用品,"Elite 大剪刀, 钢",216.58,1,0.0,23.8
5932,CN-202020-3530738,2021-12-16,2021-12-16,当日,牛惠-14410,牛惠,小型企业,潍坊,山东,中国,华东,办公用-标签-10002697,办公用品,标签,"Smead 运输标签, 红色",160.02,3,0.0,70.14
5933,CN-202020-3530738,2021-12-16,2021-12-16,当日,牛惠-14410,牛惠,小型企业,潍坊,山东,中国,华东,办公用-标签-10003739,办公用品,标签,"Avery 文件夹标签, 耐用",355.04,8,0.0,134.4
5934,CN-202020-1569506,2021-09-26,2021-10-01,二级,田磊-16120,田磊,小型企业,湘潭,湖南,中国,中南,技术-设备-10003169,技术,设备,"松下 计算器, 白色",681.66,3,0.0,6.72
5935,CN-202020-1569506,2021-09-26,2021-10-01,二级,田磊-16120,田磊,小型企业,湘潭,湖南,中国,中南,技术-电话-10002996,技术,电话,"三星 办公室电话机, 蓝色",1521.8,5,0.0,0.0
5936,CN-202020-1569506,2021-09-26,2021-10-01,二级,田磊-16120,田磊,小型企业,湘潭,湖南,中国,中南,家具-书架-10003273,家具,书架,"Bush 古典书架, 白色",3875.2,2,0.0,193.76
5949,CN-202020-1753680,2021-12-15,2021-12-20,标准级,巩嫒-10045,巩嫒,公司,济宁,山东,中国,华东,家具-椅子-10003795,家具,椅子,"Harbour Creations 沙滩椅, 红色",862.68,3,0.0,293.16
5950,CN-202020-1753680,2021-12-15,2021-12-20,标准级,巩嫒-10045,巩嫒,公司,济宁,山东,中国,华东,家具-用具-10003358,家具,用具,"Advantus 灯泡, 一包多件",469.7,5,0.0,93.8
5951,CN-202020-1753680,2021-12-15,2021-12-20,标准级,巩嫒-10045,巩嫒,公司,济宁,山东,中国,华东,家具-用具-10002675,家具,用具,"Eldon 相框, 耐用",2315.88,9,0.0,415.8
5954,US-202020-1973789,2021-09-19,2021-09-23,标准级,戴松-20755,戴松,公司,武汉,湖北,中国,中南,办公用-标签-10002900,办公用品,标签,"Novimex 合法证物标签, 白色",146.58,3,0.0,49.56
5955,US-202020-1973789,2021-09-19,2021-09-23,标准级,戴松-20755,戴松,公司,武汉,湖北,中国,中南,技术-复印-10003723,技术,复印机,"Hewlett 个人复印机, 数字化",1208.844,3,0.4,201.264
5956,US-202020-1973789,2021-09-19,2021-09-23,标准级,戴松-20755,戴松,公司,武汉,湖北,中国,中南,技术-复印-10000732,技术,复印机,"Hewlett 个人复印机, 彩色",815.976,2,0.4,-312.984
5957,US-202020-1973789,2021-09-19,2021-09-23,标准级,戴松-20755,戴松,公司,武汉,湖北,中国,中南,家具-椅子-10004416,家具,椅子,"Novimex 折叠椅, 每套两件",473.088,2,0.4,-15.792
5960,US-202020-2556865,2021-02-07,2021-02-11,标准级,高凤-12865,高凤,消费者,成都,四川,中国,西南,家具-书架-10003237,家具,书架,"宜家 书架, 白色",700.56,2,0.4,-443.8
5961,US-202020-2556865,2021-02-07,2021-02-11,标准级,高凤-12865,高凤,消费者,成都,四川,中国,西南,家具-书架-10003197,家具,书架,"Safco 书库, 白色",3295.404,3,0.4,-659.316
5965,CN-202020-2477297,2021-11-16,2021-11-20,标准级,龚松-20710,龚松,小型企业,滁州,安徽,中国,华东,技术-复印-10001300,技术,复印机,"惠普 传真机, 每套两件",2799.44,2,0.0,615.72
5970,US-202020-1966706,2021-12-08,2021-12-10,二级,邱芯-13930,邱芯,消费者,镇江,江苏,中国,华东,办公用-纸张-10004372,办公用品,纸张,"Eaton 备忘录便条, 优质",128.24,2,0.0,42.28
6001,CN-202020-4519254,2021-05-04,2021-05-05,一级,田丹-11995,田丹,消费者,渭南,陕西,中国,西北,技术-复印-10004433,技术,复印机,"Brother 墨水, 红色",4074.0,6,0.0,855.12
6002,CN-202020-4519254,2021-05-04,2021-05-05,一级,田丹-11995,田丹,消费者,渭南,陕西,中国,西北,技术-电话-10001136,技术,电话,"思科 耳机, 混合尺寸",1278.06,3,0.0,178.92
6015,CN-202020-2042105,2021-09-10,2021-09-15,标准级,毛刚-13165,毛刚,消费者,温州,浙江,中国,华东,办公用-美术-10000566,办公用品,美术,"Binney & Smith 荧光笔, 整包",94.416,6,0.8,-321.384
6016,CN-202020-2042105,2021-09-10,2021-09-15,标准级,毛刚-13165,毛刚,消费者,温州,浙江,中国,华东,办公用-标签-10003939,办公用品,标签,"Harbour Creations 有色标签, 红色",296.8,5,0.0,29.4
6017,CN-202020-2042105,2021-09-10,2021-09-15,标准级,毛刚-13165,毛刚,消费者,温州,浙江,中国,华东,技术-配件-10004986,技术,配件,"贝尔金 路由器, 回收",1436.736,2,0.4,-71.904
6018,CN-202020-2042105,2021-09-10,2021-09-15,标准级,毛刚-13165,毛刚,消费者,温州,浙江,中国,华东,技术-配件-10002207,技术,配件,"Enermax 键区, 实惠",321.048,2,0.4,-203.392
6020,US-202020-5801711,2021-08-05,2021-08-10,标准级,贺升-20110,贺升,消费者,临江,吉林,中国,东北,技术-电话-10002929,技术,电话,"三星 耳机, 蓝色",1708.0,5,0.0,170.8
6021,US-202020-5801711,2021-08-05,2021-08-10,标准级,贺升-20110,贺升,消费者,临江,吉林,中国,东北,家具-书架-10000192,家具,书架,"Sauder 古典书架, 金属",16256.8,8,0.0,1137.92
6022,CN-202020-3269021,2021-08-05,2021-08-05,当日,任杰-14755,任杰,消费者,无锡,江苏,中国,华东,办公用-收纳-10003579,办公用品,收纳具,"Tenex 搁板, 蓝色",1020.32,4,0.0,20.16
6025,CN-202020-5910958,2021-11-19,2021-11-23,标准级,郭冬-12415,郭冬露,消费者,惠城,广东,中国,中南,办公用-装订-10003441,办公用品,装订机,"Avery 标签, 耐用",73.08,2,0.0,13.72
6026,CN-202020-5910958,2021-11-19,2021-11-23,标准级,郭冬-12415,郭冬露,消费者,惠城,广东,中国,中南,家具-椅子-10004390,家具,椅子,"SAFCO 扶手椅, 每套两件",9737.28,5,0.1,4002.88
6034,CN-202020-5048976,2021-08-25,2021-08-29,标准级,林谦-19285,林谦,消费者,鄂州,湖北,中国,中南,技术-复印-10004068,技术,复印机,"夏普 个人复印机, 彩色",2380.224,7,0.4,277.144
6038,CN-202020-3382200,2021-05-17,2021-05-21,标准级,麦平-19150,麦平,消费者,长沙,湖南,中国,中南,办公用-标签-10000078,办公用品,标签,"Novimex 可去除的标签, 红色",226.1,5,0.0,94.5
6039,CN-202020-3382200,2021-05-17,2021-05-21,标准级,麦平-19150,麦平,消费者,长沙,湖南,中国,中南,办公用-纸张-10002986,办公用品,纸张,"施乐 信纸, 回收",1047.2,5,0.0,83.3
6040,CN-202020-4282122,2021-10-12,2021-10-14,二级,孔松-20695,孔松,公司,上梅,湖南,中国,中南,技术-配件-10001617,技术,配件,"Memorex 鼠标, 耐用",529.76,4,0.0,121.52
6069,CN-202020-5339863,2021-02-01,2021-02-04,二级,殷昌-11080,殷昌,消费者,曲阜,山东,中国,华东,技术-设备-10001220,技术,设备,"冲电器 打印机, 耐用",3760.68,3,0.0,1090.32
6078,CN-202020-4687313,2021-09-27,2021-09-29,一级,陈嫒-10015,陈嫒,消费者,洛阳,广东,中国,中南,办公用-系固-10003701,办公用品,系固件,"Stockwell 图钉, 混合尺寸",296.52,6,0.0,23.52
6079,CN-202020-4687313,2021-09-27,2021-09-29,一级,陈嫒-10015,陈嫒,消费者,洛阳,广东,中国,中南,办公用-装订-10003117,办公用品,装订机,"Wilson Jones 标签, 耐用",37.1,1,0.0,3.64
6085,CN-202020-2045726,2021-06-17,2021-06-21,标准级,涂丽-15955,涂丽,消费者,鞍山,辽宁,中国,东北,技术-配件-10002869,技术,配件,"贝尔金 记忆卡, 回收",630.672,2,0.4,73.472
6100,CN-202020-5386927,2021-10-27,2021-11-01,标准级,黄涛-21190,黄涛,小型企业,惠州,广东,中国,中南,办公用-纸张-10000778,办公用品,纸张,"施乐 备忘录便条, 回收",62.72,1,0.0,7.42
6101,CN-202020-5386927,2021-10-27,2021-11-01,标准级,黄涛-21190,黄涛,小型企业,惠州,广东,中国,中南,办公用-系固-10003277,办公用品,系固件,"Stockwell 图钉, 每包 12 个",351.96,6,0.0,151.2
6108,CN-202020-4757147,2021-07-30,2021-08-05,标准级,蔡梦-18265,蔡梦,消费者,青岛,山东,中国,华东,办公用-装订-10000440,办公用品,装订机,"Avery 装订机盖, 耐用",117.32,2,0.0,32.76
6115,US-202020-1312334,2021-01-05,2021-01-10,标准级,贺鹏-19060,贺鹏,小型企业,常州,江苏,中国,华东,技术-配件-10001666,技术,配件,"SanDisk 键区, 回收",446.544,3,0.4,-0.336
6116,CN-202020-3097655,2021-10-27,2021-11-01,标准级,陶德-12220,陶德伟,消费者,长沙,湖南,中国,中南,办公用-系固-10001342,办公用品,系固件,"Stockwell 按钉, 整包",326.2,5,0.0,149.8
6117,CN-202020-3097655,2021-10-27,2021-11-01,标准级,陶德-12220,陶德伟,消费者,长沙,湖南,中国,中南,办公用-器具-10001375,办公用品,器具,"Hamilton Beach 微波炉, 红色",2636.76,2,0.0,395.36
6121,US-202020-3588463,2021-11-25,2021-11-25,当日,钱珊-19855,钱珊,公司,潮州,广东,中国,中南,办公用-美术-10002373,办公用品,美术,"Stanley 画布, 整包",557.088,3,0.2,-56.112
6122,US-202020-3588463,2021-11-25,2021-11-25,当日,钱珊-19855,钱珊,公司,潮州,广东,中国,中南,技术-电话-10000581,技术,电话,"苹果 充电器, 蓝色",14844.9,5,0.0,3117.1
6123,US-202020-3588463,2021-11-25,2021-11-25,当日,钱珊-19855,钱珊,公司,潮州,广东,中国,中南,技术-配件-10003340,技术,配件,"Enermax 键区, 回收",1286.6,5,0.0,333.9
6124,US-202020-3588463,2021-11-25,2021-11-25,当日,钱珊-19855,钱珊,公司,潮州,广东,中国,中南,办公用-收纳-10000735,办公用品,收纳具,"Fellowes 文件夹, 单宽度",123.34,1,0.0,43.12
6125,US-202020-3588463,2021-11-25,2021-11-25,当日,钱珊-19855,钱珊,公司,潮州,广东,中国,中南,技术-复印-10000725,技术,复印机,"夏普 复印机, 每套两件",4468.8,4,0.0,44.24
6126,US-202020-3588463,2021-11-25,2021-11-25,当日,钱珊-19855,钱珊,公司,潮州,广东,中国,中南,办公用-信封-10000567,办公用品,信封,"Jiffy 邮寄品, 回收",503.58,3,0.0,251.58
6127,US-202020-3588463,2021-11-25,2021-11-25,当日,钱珊-19855,钱珊,公司,潮州,广东,中国,中南,技术-复印-10000308,技术,复印机,"夏普 墨水, 红色",1144.36,2,0.0,114.24
6128,CN-202020-3678373,2021-12-27,2022-01-01,标准级,庄伟-21460,庄伟,小型企业,宿州,安徽,中国,华东,办公用-信封-10002247,办公用品,信封,"Cameo 搭扣信封, 每套 50 个",177.52,4,0.0,72.24
6129,CN-202020-3678373,2021-12-27,2022-01-01,标准级,庄伟-21460,庄伟,小型企业,宿州,安徽,中国,华东,家具-椅子-10002837,家具,椅子,"Office Star 折叠椅, 可调",1318.8,3,0.0,184.38
6130,CN-202020-3678373,2021-12-27,2022-01-01,标准级,庄伟-21460,庄伟,小型企业,宿州,安徽,中国,华东,家具-桌子-10001658,家具,桌子,"Chromcraft 培训桌, 白色",1001.28,1,0.25,-66.78
6131,CN-202020-3678373,2021-12-27,2022-01-01,标准级,庄伟-21460,庄伟,小型企业,宿州,安徽,中国,华东,办公用-收纳-10004131,办公用品,收纳具,"Rogers 文件夹, 金属",694.4,5,0.0,256.9
6132,CN-202020-3678373,2021-12-27,2022-01-01,标准级,庄伟-21460,庄伟,小型企业,宿州,安徽,中国,华东,技术-复印-10000631,技术,复印机,"佳能 个人复印机, 数字化",1993.32,3,0.0,757.26
6173,CN-202020-5588801,2021-12-26,2021-12-28,一级,廖宣-20905,廖宣,消费者,景德镇,江西,中国,华东,家具-椅子-10000908,家具,椅子,"Office Star 凳子, 每套两件",4111.1,5,0.0,328.3
6174,CN-202020-5588801,2021-12-26,2021-12-28,一级,廖宣-20905,廖宣,消费者,景德镇,江西,中国,华东,办公用-器具-10003836,办公用品,器具,"Hoover 咖啡研磨机, 白色",624.68,2,0.0,293.44
6175,CN-202020-5588801,2021-12-26,2021-12-28,一级,廖宣-20905,廖宣,消费者,景德镇,江西,中国,华东,办公用-信封-10000356,办公用品,信封,"GlobeWeis 商业信封, 红色",682.08,7,0.0,238.14
6176,CN-202020-5588801,2021-12-26,2021-12-28,一级,廖宣-20905,廖宣,消费者,景德镇,江西,中国,华东,家具-椅子-10001701,家具,椅子,"Office Star 折叠椅, 每套两件",876.96,2,0.0,131.32
6179,CN-202020-3832812,2021-02-06,2021-02-12,标准级,龚松-20710,龚松,小型企业,益阳,湖南,中国,中南,办公用-标签-10004462,办公用品,标签,"Hon 合法证物标签, 可调",81.76,2,0.0,24.36
6180,CN-202020-3832812,2021-02-06,2021-02-12,标准级,龚松-20710,龚松,小型企业,益阳,湖南,中国,中南,办公用-装订-10002580,办公用品,装订机,"Wilson Jones 订书机, 透明",1807.68,8,0.0,433.44
6181,CN-202020-3832812,2021-02-06,2021-02-12,标准级,龚松-20710,龚松,小型企业,益阳,湖南,中国,中南,技术-电话-10000014,技术,电话,"苹果 办公室电话机, 整包",1220.24,4,0.0,268.24
6182,CN-202020-3832812,2021-02-06,2021-02-12,标准级,龚松-20710,龚松,小型企业,益阳,湖南,中国,中南,办公用-信封-10004068,办公用品,信封,"Ames 搭扣信封, 回收",140.0,5,0.0,19.6
6183,CN-202020-3832812,2021-02-06,2021-02-12,标准级,龚松-20710,龚松,小型企业,益阳,湖南,中国,中南,技术-复印-10003757,技术,复印机,"Hewlett 墨水, 数字化",1384.32,2,0.0,387.52
6184,CN-202020-3832812,2021-02-06,2021-02-12,标准级,龚松-20710,龚松,小型企业,益阳,湖南,中国,中南,技术-设备-10002958,技术,设备,"柯尼卡 喷墨打印机, 耐用",8779.68,6,0.0,4213.44
6185,CN-202020-3832812,2021-02-06,2021-02-12,标准级,龚松-20710,龚松,小型企业,益阳,湖南,中国,中南,办公用-标签-10002109,办公用品,标签,"Harbour Creations 合法证物标签, 耐用",370.44,7,0.0,6.86
6209,CN-202020-1594949,2021-05-16,2021-05-20,标准级,邓保-10375,邓保,消费者,兰州,甘肃,中国,西北,办公用-纸张-10003365,办公用品,纸张,"Enermax 计划信息表, 优质",525.0,5,0.0,0.0
6210,CN-202020-1594949,2021-05-16,2021-05-20,标准级,邓保-10375,邓保,消费者,兰州,甘肃,中国,西北,办公用-系固-10002536,办公用品,系固件,"Stockwell 橡皮筋, 每包 12 个",217.98,5,0.4,-3.92
6211,CN-202020-1594949,2021-05-16,2021-05-20,标准级,邓保-10375,邓保,消费者,兰州,甘肃,中国,西北,家具-椅子-10001437,家具,椅子,"Hon 摇椅, 每套两件",2232.216,6,0.4,-521.304
6212,CN-202020-1594949,2021-05-16,2021-05-20,标准级,邓保-10375,邓保,消费者,兰州,甘肃,中国,西北,技术-设备-10000999,技术,设备,"StarTech 电话, 耐用",1462.944,7,0.4,-878.276
6227,CN-202020-3676119,2021-12-15,2021-12-20,二级,贾柏-18910,贾柏,小型企业,齐齐哈尔,黑龙江,中国,东北,办公用-标签-10002109,办公用品,标签,"Harbour Creations 合法证物标签, 耐用",264.6,5,0.0,4.9
6228,CN-202020-2286344,2021-09-12,2021-09-19,标准级,梁安-10195,梁安,公司,吉首,湖南,中国,中南,家具-椅子-10001581,家具,椅子,"SAFCO 沙滩椅, 红色",830.592,4,0.1,359.632
6233,CN-202020-2271818,2021-06-29,2021-07-05,标准级,彭彩-10705,彭彩,消费者,库尔勒,新疆,中国,西北,办公用-信封-10002675,办公用品,信封,"Ames 邮寄品, 银色",714.0,4,0.0,299.6
6236,CN-202020-3417942,2021-06-01,2021-06-01,当日,戴壁-10480,戴壁,消费者,沧州,河北,中国,华北,家具-椅子-10003772,家具,椅子,"SAFCO 摇椅, 每套两件",2560.32,4,0.0,588.56
6250,CN-202020-1389726,2021-09-27,2021-10-03,标准级,陶盛-20395,陶盛,消费者,南昌,江西,中国,华东,办公用-装订-10002016,办公用品,装订机,"Acco 装订机盖, 耐用",345.8,5,0.0,48.3
6251,CN-202020-5386927,2021-12-24,2021-12-30,标准级,潘雯-21775,潘雯,公司,海州,江苏,中国,华东,办公用-装订-10003441,办公用品,装订机,"Avery 标签, 耐用",43.848,2,0.4,-15.512
6252,CN-202020-5386927,2021-12-24,2021-12-30,标准级,潘雯-21775,潘雯,公司,海州,江苏,中国,华东,办公用-系固-10001221,办公用品,系固件,"Stockwell 按钉, 金属",284.004,7,0.4,37.044
6266,CN-202020-2017739,2021-10-21,2021-10-24,二级,邹凤-13000,邹凤,消费者,抚顺,辽宁,中国,东北,家具-用具-10002267,家具,用具,"Advantus 分层置放架, 优质",629.748,9,0.4,94.248
6267,CN-202020-2017739,2021-10-21,2021-10-24,二级,邹凤-13000,邹凤,消费者,抚顺,辽宁,中国,东北,办公用-收纳-10000076,办公用品,收纳具,"Eldon 锁柜, 工业",4629.1,5,0.0,1341.9
6279,CN-202020-4497736,2021-08-16,2021-08-20,标准级,陶丽-17665,陶丽雪,公司,南渡,广西,中国,中南,技术-配件-10003779,技术,配件,"Enermax 键盘, 可编程",1982.4,5,0.0,257.6
6280,CN-202020-4497736,2021-08-16,2021-08-20,标准级,陶丽-17665,陶丽雪,公司,南渡,广西,中国,中南,办公用-标签-10001814,办公用品,标签,"Smead 运输标签, 耐用",280.0,5,0.0,58.8
6281,CN-202020-4497736,2021-08-16,2021-08-20,标准级,陶丽-17665,陶丽雪,公司,南渡,广西,中国,中南,办公用-器具-10002966,办公用品,器具,"Cuisinart 冰箱, 红色",9260.16,4,0.0,3703.84
6286,CN-202020-5897280,2021-07-29,2021-08-01,一级,潘荷-13735,潘荷,小型企业,宜宾,四川,中国,西南,办公用-收纳-10002943,办公用品,收纳具,"Smead 文件车, 蓝色",2396.8,4,0.0,910.56
6287,CN-202020-5897280,2021-07-29,2021-08-01,一级,潘荷-13735,潘荷,小型企业,宜宾,四川,中国,西南,办公用-标签-10001132,办公用品,标签,"Smead 有色标签, 耐用",250.88,4,0.0,102.48
6288,CN-202020-5897280,2021-07-29,2021-08-01,一级,潘荷-13735,潘荷,小型企业,宜宾,四川,中国,西南,家具-用具-10003344,家具,用具,"Advantus 闹钟, 耐用",542.304,4,0.4,-54.656
6292,CN-202020-3361827,2021-01-25,2021-01-29,二级,夏惠-14320,夏惠英,消费者,保定,河北,中国,华北,办公用-装订-10004481,办公用品,装订机,"Acco 孔加固材料, 实惠",155.4,5,0.0,63.7
6293,CN-202020-3361827,2021-01-25,2021-01-29,二级,夏惠-14320,夏惠英,消费者,保定,河北,中国,华北,技术-复印-10001101,技术,复印机,"夏普 无线传真机, 红色",6610.24,4,0.0,1982.96
6294,CN-202020-3361827,2021-01-25,2021-01-29,二级,夏惠-14320,夏惠英,消费者,保定,河北,中国,华北,办公用-装订-10001165,办公用品,装订机,"Cardinal 打孔机, 回收",408.24,3,0.0,81.48
6295,CN-202020-3361827,2021-01-25,2021-01-29,二级,夏惠-14320,夏惠英,消费者,保定,河北,中国,华北,办公用-器具-10000088,办公用品,器具,"Breville 搅拌机, 红色",1263.36,3,0.0,126.0
6300,CN-202020-1251442,2021-07-22,2021-07-28,标准级,常丽-16180,常丽华,消费者,上海,上海,中国,华东,技术-复印-10003386,技术,复印机,"佳能 无线传真机, 彩色",7095.2,4,0.0,1347.92
6303,CN-202020-4986506,2021-10-11,2021-10-18,标准级,钟丽-15760,钟丽,小型企业,白山,吉林,中国,东北,办公用-收纳-10004690,办公用品,收纳具,"Fellowes 盘, 工业",540.12,2,0.0,237.44
6304,CN-202020-4986506,2021-10-11,2021-10-18,标准级,钟丽-15760,钟丽,小型企业,白山,吉林,中国,东北,办公用-收纳-10002508,办公用品,收纳具,"Fellowes 锁柜, 单宽度",5806.08,6,0.0,2263.8
6305,CN-202020-4986506,2021-10-11,2021-10-18,标准级,钟丽-15760,钟丽,小型企业,白山,吉林,中国,东北,办公用-纸张-10003915,办公用品,纸张,"SanDisk 信纸, 优质",451.92,2,0.0,76.72
6306,CN-202020-4986506,2021-10-11,2021-10-18,标准级,钟丽-15760,钟丽,小型企业,白山,吉林,中国,东北,办公用-标签-10004025,办公用品,标签,"Harbour Creations 合法证物标签, 红色",201.04,4,0.0,63.84
6309,CN-202020-1830721,2021-09-29,2021-10-04,标准级,夏惠-14320,夏惠英,消费者,榆次,山西,中国,华北,技术-复印-10002416,技术,复印机,"惠普 墨水, 红色",1776.6,3,0.0,479.64
6310,CN-202020-4836537,2021-03-24,2021-03-29,标准级,谭琼-19660,谭琼,小型企业,广州,广东,中国,中南,家具-用具-10000649,家具,用具,"Eldon 闹钟, 黑色",2373.84,9,0.0,1091.16
6341,CN-202020-4870971,2021-01-01,2021-01-03,二级,邢宁-18715,邢宁,公司,常德,湖南,中国,中南,家具-桌子-10000441,家具,桌子,"Barricks 圆桌, 白色",5288.85,3,0.25,-634.83
6342,CN-202020-4870971,2021-01-01,2021-01-03,二级,邢宁-18715,邢宁,公司,常德,湖南,中国,中南,技术-电话-10004819,技术,电话,"诺基亚 智能手机, 整包",1725.36,3,0.0,68.88
6343,CN-202020-4870971,2021-01-01,2021-01-03,二级,邢宁-18715,邢宁,公司,常德,湖南,中国,中南,技术-配件-10000300,技术,配件,"贝尔金 记忆卡, 实惠",1607.34,3,0.0,610.68
6344,CN-202020-4870971,2021-01-01,2021-01-03,二级,邢宁-18715,邢宁,公司,常德,湖南,中国,中南,办公用-收纳-10002430,办公用品,收纳具,"Rogers 文件车, 单宽度",3304.7,5,0.0,1321.6
6346,CN-202020-5929986,2021-12-09,2021-12-12,二级,陶丽-17665,陶丽雪,公司,成都,四川,中国,西南,办公用-美术-10001717,办公用品,美术,"Boston 钢笔, 混合尺寸",81.2,5,0.8,-199.5
6347,CN-202020-5929986,2021-12-09,2021-12-12,二级,陶丽-17665,陶丽雪,公司,成都,四川,中国,西南,家具-用具-10003276,家具,用具,"Tenex 分层置放架, 优质",934.92,14,0.4,123.48
6348,CN-202020-5929986,2021-12-09,2021-12-12,二级,陶丽-17665,陶丽雪,公司,成都,四川,中国,西南,技术-电话-10001357,技术,电话,"摩托罗拉 办公室电话机, 混合尺寸",626.724,3,0.4,-251.076
6349,CN-202020-5929986,2021-12-09,2021-12-12,二级,陶丽-17665,陶丽雪,公司,成都,四川,中国,西南,办公用-收纳-10004893,办公用品,收纳具,"Tenex 盒, 蓝色",308.0,4,0.0,119.84
6359,CN-202020-3664982,2021-07-12,2021-07-19,标准级,潘荷-13735,潘荷,小型企业,长沙,湖南,中国,中南,家具-椅子-10003097,家具,椅子,"Hon 折叠椅, 可调",1057.266,3,0.1,316.806
6360,CN-202020-3664982,2021-07-12,2021-07-19,标准级,潘荷-13735,潘荷,小型企业,长沙,湖南,中国,中南,办公用-信封-10004154,办公用品,信封,"Ames 马尼拉纸信封, 每套 50 个",230.44,2,0.0,27.44
6366,CN-202020-3690158,2021-11-10,2021-11-16,标准级,巩关-15595,巩关茵,公司,泰州,江苏,中国,华东,家具-椅子-10002025,家具,椅子,"Novimex 折叠椅, 可调",474.432,2,0.4,70.952
6369,CN-202020-4980108,2021-05-09,2021-05-14,二级,巩辉-12595,巩辉,消费者,莱州,山东,中国,华东,办公用-收纳-10000319,办公用品,收纳具,"Rogers 锁柜, 单宽度",1975.4,2,0.0,434.56
6370,CN-202020-4980108,2021-05-09,2021-05-14,二级,巩辉-12595,巩辉,消费者,莱州,山东,中国,华东,办公用-纸张-10004521,办公用品,纸张,"Green Bar 信纸, 优质",451.64,2,0.0,157.92
6376,CN-202020-5339863,2021-03-19,2021-03-21,二级,林谦-19285,林谦,消费者,杭州,浙江,中国,华东,技术-设备-10002958,技术,设备,"柯尼卡 喷墨打印机, 耐用",5267.808,6,0.4,701.568
6403,US-202020-1187433,2021-11-19,2021-11-26,标准级,赖虎-14035,赖虎,公司,内江,四川,中国,西南,技术-设备-10001508,技术,设备,"爱普生 喷墨打印机, 白色",1717.128,2,0.4,-1030.512
6404,US-202020-1187433,2021-11-19,2021-11-26,标准级,赖虎-14035,赖虎,公司,内江,四川,中国,西南,办公用-系固-10003755,办公用品,系固件,"OIC 回形针, 整包",121.212,3,0.4,-0.168
6408,CN-202020-1141510,2021-06-14,2021-06-19,标准级,范娜-18445,范娜,小型企业,淮南,安徽,中国,华东,办公用-信封-10001500,办公用品,信封,"Ames 外皮和封条, 银色",492.1,5,0.0,34.3
6421,CN-202020-1969167,2021-03-31,2021-04-05,标准级,贺兰-15685,贺兰,公司,韶关,广东,中国,中南,办公用-收纳-10004384,办公用品,收纳具,"Smead 锁柜, 金属",2764.86,3,0.0,1299.48
6425,CN-202020-1313540,2021-07-20,2021-07-24,标准级,严珑-17890,严珑,小型企业,唐山,河北,中国,华北,家具-椅子-10001132,家具,椅子,"Hon 椅垫, 黑色",495.6,2,0.0,79.24
6426,CN-202020-1313540,2021-07-20,2021-07-24,标准级,严珑-17890,严珑,小型企业,唐山,河北,中国,华北,技术-复印-10000801,技术,复印机,"Hewlett 传真机, 每套两件",5971.84,4,0.0,238.56
6438,CN-202020-5844177,2021-06-09,2021-06-12,一级,佘巧-19480,佘巧,消费者,上海,上海,中国,华东,家具-椅子-10001902,家具,椅子,"SAFCO 沙滩椅, 黑色",1535.66,7,0.0,60.76
6439,CN-202020-5844177,2021-06-09,2021-06-12,一级,佘巧-19480,佘巧,消费者,上海,上海,中国,华东,家具-椅子-10000951,家具,椅子,"Hon 椅垫, 红色",1036.56,4,0.0,310.8
6441,CN-202020-5835982,2021-06-14,2021-06-15,一级,巩荣-19735,巩荣,消费者,天津,天津,中国,华北,家具-椅子-10000989,家具,椅子,"Office Star 摇椅, 每套两件",2672.32,4,0.0,80.08
6442,CN-202020-5835982,2021-06-14,2021-06-15,一级,巩荣-19735,巩荣,消费者,天津,天津,中国,华北,办公用-信封-10001526,办公用品,信封,"GlobeWeis 外皮和封条, 回收",94.22,1,0.0,4.62
6450,CN-202020-3690158,2021-12-15,2021-12-22,标准级,谢丽-17635,谢丽雪,公司,大同,山西,中国,华北,技术-复印-10004864,技术,复印机,"Hewlett 传真机, 红色",4453.68,3,0.0,1647.66
6451,CN-202020-3690158,2021-12-15,2021-12-22,标准级,谢丽-17635,谢丽雪,公司,大同,山西,中国,华北,办公用-用品-10004353,办公用品,用品,"Elite 开信刀, 工业",269.92,2,0.0,118.72
6452,CN-202020-3690158,2021-12-15,2021-12-22,标准级,谢丽-17635,谢丽雪,公司,大同,山西,中国,华北,家具-用具-10004087,家具,用具,"Eldon 门挡, 耐用",440.44,2,0.0,140.84
6453,CN-202020-3690158,2021-12-15,2021-12-22,标准级,谢丽-17635,谢丽雪,公司,大同,山西,中国,华北,办公用-收纳-10000198,办公用品,收纳具,"Rogers 盒, 工业",228.2,2,0.0,63.84
6454,CN-202020-3690158,2021-12-15,2021-12-22,标准级,谢丽-17635,谢丽雪,公司,大同,山西,中国,华北,家具-书架-10003232,家具,书架,"宜家 书库, 黑色",10212.72,6,0.0,408.24
6455,CN-202020-3690158,2021-12-15,2021-12-22,标准级,谢丽-17635,谢丽雪,公司,大同,山西,中国,华北,家具-用具-10004087,家具,用具,"Eldon 门挡, 耐用",2422.42,11,0.0,774.62
6456,US-202020-4676940,2021-11-14,2021-11-19,标准级,郝惠-14380,郝惠,消费者,成都,四川,中国,西南,办公用-用品-10000039,办公用品,用品,"Acme 尺子, 工业",205.296,4,0.4,-41.104
6482,CN-202020-1182921,2021-03-24,2021-03-28,标准级,殷莲-17110,殷莲,消费者,宿州,安徽,中国,华东,办公用-装订-10000333,办公用品,装订机,"Cardinal 订书机, 回收",701.82,3,0.0,175.14
6483,US-202020-1973789,2021-12-13,2021-12-13,当日,余婵-11020,余婵,公司,宽甸,辽宁,中国,东北,技术-复印-10000779,技术,复印机,"夏普 个人复印机, 红色",2316.72,7,0.4,-193.06
6484,US-202020-1973789,2021-12-13,2021-12-13,当日,余婵-11020,余婵,公司,宽甸,辽宁,中国,东北,办公用-用品-10004243,办公用品,用品,"Acme 大剪刀, 钢",138.096,1,0.4,-0.084
6490,CN-202020-5425854,2021-11-26,2021-12-03,标准级,巩荣-19735,巩荣,消费者,扬州,江苏,中国,华东,办公用-信封-10000284,办公用品,信封,"Kraft 搭扣信封, 回收",36.4,1,0.0,14.84
6507,CN-202020-1928578,2021-06-04,2021-06-10,标准级,谈涛-21250,谈涛,消费者,成都,四川,中国,西南,办公用-系固-10004655,办公用品,系固件,"Stockwell 夹子, 金属",159.264,3,0.4,26.544
6525,CN-202020-2351493,2021-12-06,2021-12-10,标准级,黄涛-21190,黄涛,小型企业,成都,四川,中国,西南,家具-椅子-10003332,家具,椅子,"Office Star 摇椅, 黑色",1938.72,5,0.4,258.02
6532,CN-202020-4386495,2021-03-02,2021-03-04,一级,李丽-17365,李丽丽,消费者,合肥,安徽,中国,华东,办公用-装订-10000749,办公用品,装订机,"Ibico 打孔机, 透明",418.74,3,0.0,141.96
6533,CN-202020-4386495,2021-03-02,2021-03-04,一级,李丽-17365,李丽丽,消费者,合肥,安徽,中国,华东,办公用-纸张-10004274,办公用品,纸张,"Eaton 备忘录便条, 每包 12 个",417.2,5,0.0,116.2
6541,CN-202020-2752724,2021-08-19,2021-08-24,二级,陈虎-13990,陈虎,消费者,天津,天津,中国,华北,技术-配件-10003340,技术,配件,"Enermax 键区, 回收",771.96,3,0.0,200.34
6546,CN-202020-4519254,2021-11-30,2021-12-04,二级,肖崆-15520,肖崆,消费者,海拉尔,内蒙古,中国,华北,办公用-系固-10003277,办公用品,系固件,"Stockwell 图钉, 每包 12 个",70.392,2,0.4,3.472
6547,CN-202020-4519254,2021-11-30,2021-12-04,二级,肖崆-15520,肖崆,消费者,海拉尔,内蒙古,中国,华北,办公用-美术-10001943,办公用品,美术,"Sanford 荧光笔, 金属",31.752,2,0.8,-90.608
6548,CN-202020-4519254,2021-11-30,2021-12-04,二级,肖崆-15520,肖崆,消费者,海拉尔,内蒙古,中国,华北,家具-椅子-10001116,家具,椅子,"Hon 摇椅, 红色",2925.888,8,0.4,243.488
6562,CN-202020-5173564,2021-08-12,2021-08-14,二级,贺恒-13630,贺恒,消费者,广州,广东,中国,中南,办公用-标签-10003922,办公用品,标签,"Smead 可去除的标签, 耐用",304.92,6,0.0,115.08
6563,CN-202020-5173564,2021-08-12,2021-08-14,二级,贺恒-13630,贺恒,消费者,广州,广东,中国,中南,家具-用具-10003781,家具,用具,"Eldon 分层置放架, 耐用",532.56,4,0.0,159.6
6596,US-202020-1951831,2021-01-30,2021-02-05,标准级,王辉-12670,王辉,消费者,榆林,陕西,中国,西北,技术-电话-10002054,技术,电话,"苹果 充电器, 全尺寸",17850.0,6,0.0,3927.0
6597,US-202020-1951831,2021-01-30,2021-02-05,标准级,王辉-12670,王辉,消费者,榆林,陕西,中国,西北,办公用-用品-10001871,办公用品,用品,"Fiskars 开信刀, 蓝色",391.02,3,0.0,85.68
6598,CN-202020-2330845,2021-02-01,2021-02-06,标准级,彭彩-10705,彭彩,消费者,兰州,甘肃,中国,西北,办公用-信封-10003369,办公用品,信封,"GlobeWeis 局间信封, 回收",435.12,2,0.0,152.04
6599,CN-202020-2330845,2021-02-01,2021-02-06,标准级,彭彩-10705,彭彩,消费者,兰州,甘肃,中国,西北,家具-书架-10002456,家具,书架,"Safco 书架, 金属",415.632,1,0.4,-20.888
6603,US-202020-5552260,2021-12-22,2021-12-28,标准级,田江-14635,田江丽,公司,云阳,河南,中国,中南,办公用-收纳-10001132,办公用品,收纳具,"Rogers 盒, 单宽度",112.0,1,0.0,4.48
6604,US-202020-5552260,2021-12-22,2021-12-28,标准级,田江-14635,田江丽,公司,云阳,河南,中国,中南,技术-配件-10002905,技术,配件,"Enermax 键盘, 实惠",1947.4,5,0.0,642.6
6605,US-202020-5552260,2021-12-22,2021-12-28,标准级,田江-14635,田江丽,公司,云阳,河南,中国,中南,家具-书架-10004801,家具,书架,"宜家 柜, 白色",2029.44,3,0.0,750.54
6606,CN-202020-5687295,2021-04-27,2021-05-04,标准级,薛关-15580,薛关茵,消费者,广州,广东,中国,中南,办公用-用品-10002573,办公用品,用品,"Fiskars 尺子, 工业",374.5,5,0.0,56.0
6607,CN-202020-5687295,2021-04-27,2021-05-04,标准级,薛关-15580,薛关茵,消费者,广州,广东,中国,中南,办公用-纸张-10001312,办公用品,纸张,"施乐 信纸, 优质",419.72,2,0.0,184.52
6608,CN-202020-5687295,2021-04-27,2021-05-04,标准级,薛关-15580,薛关茵,消费者,广州,广东,中国,中南,办公用-标签-10002476,办公用品,标签,"Avery 圆形标签, 白色",33.32,1,0.0,9.24
6609,CN-202020-5687295,2021-04-27,2021-05-04,标准级,薛关-15580,薛关茵,消费者,广州,广东,中国,中南,办公用-纸张-10003967,办公用品,纸张,"Green Bar 羊皮纸, 多色",422.1,5,0.0,21.0
6610,CN-202020-5687295,2021-04-27,2021-05-04,标准级,薛关-15580,薛关茵,消费者,广州,广东,中国,中南,办公用-器具-10001049,办公用品,器具,"Breville 冰箱, 黑色",2420.88,1,0.0,411.46
6611,CN-202020-5687295,2021-04-27,2021-05-04,标准级,薛关-15580,薛关茵,消费者,广州,广东,中国,中南,技术-配件-10003629,技术,配件,"SanDisk 键盘, 可编程",387.24,1,0.0,0.0
6615,CN-202020-2173759,2021-09-14,2021-09-20,标准级,巩光-13435,巩光,消费者,济南,山东,中国,华东,办公用-纸张-10003534,办公用品,纸张,"Green Bar 笔记本, 每包 12 个",950.04,6,0.0,104.16
6616,CN-202020-2173759,2021-09-14,2021-09-20,标准级,巩光-13435,巩光,消费者,济南,山东,中国,华东,技术-复印-10003468,技术,复印机,"佳能 个人复印机, 红色",3946.32,6,0.0,0.0
6617,CN-202020-2173759,2021-09-14,2021-09-20,标准级,巩光-13435,巩光,消费者,济南,山东,中国,华东,办公用-信封-10000067,办公用品,信封,"Ames 局间信封, 红色",908.32,4,0.0,290.64
6618,CN-202020-5940390,2021-06-22,2021-06-23,一级,彭伟-21550,彭伟,小型企业,钟祥,湖北,中国,中南,办公用-收纳-10002861,办公用品,收纳具,"Smead 搁板, 金属",896.0,4,0.0,44.8
6620,CN-202020-1829918,2021-10-15,2021-10-20,标准级,施菊-15040,施菊,消费者,韶关,广东,中国,中南,办公用-器具-10002486,办公用品,器具,"Hoover 烤面包机, 银色",1575.28,4,0.0,614.32
6640,CN-202020-2543675,2021-05-20,2021-05-20,当日,楚聪-11635,楚聪,消费者,大连,辽宁,中国,东北,办公用-纸张-10001162,办公用品,纸张,"Enermax 令, 每包 12 个",304.36,2,0.0,33.32
6641,CN-202020-2543675,2021-05-20,2021-05-20,当日,楚聪-11635,楚聪,消费者,大连,辽宁,中国,东北,家具-椅子-10003670,家具,椅子,"Harbour Creations 摇椅, 黑色",1620.192,4,0.4,-135.408
6642,CN-202020-2543675,2021-05-20,2021-05-20,当日,楚聪-11635,楚聪,消费者,大连,辽宁,中国,东北,家具-用具-10003847,家具,用具,"Deflect-O 框架, 黑色",616.224,2,0.4,-174.776
6643,CN-202020-2543675,2021-05-20,2021-05-20,当日,楚聪-11635,楚聪,消费者,大连,辽宁,中国,东北,技术-配件-10002905,技术,配件,"Enermax 键盘, 实惠",1402.128,6,0.4,-163.632
6645,US-202020-4888622,2021-07-12,2021-07-15,一级,夏平-19120,夏平,消费者,无锡,江苏,中国,华东,办公用-系固-10002707,办公用品,系固件,"Advantus 按钉, 金属",81.48,2,0.4,-12.32
6646,US-202020-4888622,2021-07-12,2021-07-15,一级,夏平-19120,夏平,消费者,无锡,江苏,中国,华东,办公用-纸张-10001285,办公用品,纸张,"Eaton 计划信息表, 多色",102.62,1,0.0,25.62
6647,CN-202020-3781306,2021-05-12,2021-05-18,标准级,殷凤-13030,殷凤,小型企业,重庆,重庆,中国,西南,办公用-器具-10002081,办公用品,器具,"Hamilton Beach 炉灶, 白色",2522.24,1,0.0,554.82
6656,US-202020-3403395,2021-08-17,2021-08-19,二级,唐婉-21385,唐婉,小型企业,泰州,江苏,中国,华东,技术-配件-10000166,技术,配件,"罗技 鼠标, 可编程",517.104,6,0.4,-34.776
6667,CN-202020-2281857,2021-11-07,2021-11-11,标准级,韩廉-17230,韩廉,消费者,大同,安徽,中国,华东,办公用-装订-10001547,办公用品,装订机,"Ibico 孔加固材料, 回收",102.9,3,0.0,34.86
6689,CN-202020-3550359,2021-12-01,2021-12-04,二级,袁岱-11905,袁岱,小型企业,邓州,河南,中国,中南,家具-书架-10002899,家具,书架,"宜家 古典书架, 传统",1921.5,1,0.0,499.52
6690,CN-202020-3550359,2021-12-01,2021-12-04,二级,袁岱-11905,袁岱,小型企业,邓州,河南,中国,中南,技术-电话-10003000,技术,电话,"思科 信号增强器, 混合尺寸",721.84,1,0.0,7.14
6691,CN-202020-3550359,2021-12-01,2021-12-04,二级,袁岱-11905,袁岱,小型企业,邓州,河南,中国,中南,家具-桌子-10001677,家具,桌子,"Hon 木桌, 组装",9324.0,5,0.25,2858.8
6692,CN-202020-3550359,2021-12-01,2021-12-04,二级,袁岱-11905,袁岱,小型企业,邓州,河南,中国,中南,办公用-收纳-10004292,办公用品,收纳具,"Rogers 文件车, 工业",663.04,1,0.0,185.64
6694,CN-202020-3174894,2021-04-22,2021-04-28,标准级,罗安-10210,罗安,消费者,洛阳,广东,中国,中南,办公用-装订-10004829,办公用品,装订机,"Avery 孔加固材料, 透明",54.18,3,0.0,12.6
6696,CN-202020-3561948,2021-02-17,2021-02-24,标准级,田谙-18850,田谙,消费者,济宁,山东,中国,华东,办公用-用品-10003934,办公用品,用品,"Elite 开信刀, 锯齿状",784.0,7,0.0,258.72
6705,US-202020-4525677,2021-03-28,2021-04-01,二级,肖岱-11845,肖岱,公司,浯溪,湖南,中国,中南,办公用-信封-10001091,办公用品,信封,"Kraft 商业信封, 回收",213.36,3,0.0,68.04
6722,CN-202020-3693431,2021-07-28,2021-08-01,标准级,袁廷-21325,袁廷,消费者,青岛,山东,中国,华东,办公用-美术-10000310,办公用品,美术,"Binney & Smith 画布, 蓝色",1198.4,5,0.0,191.1
6723,CN-202020-3064630,2021-06-06,2021-06-08,一级,李丽-17365,李丽丽,消费者,招远,山东,中国,华东,办公用-纸张-10003542,办公用品,纸张,"SanDisk 信纸, 每包 12 个",2207.52,9,0.0,506.52
6724,CN-202020-3064630,2021-06-06,2021-06-08,一级,李丽-17365,李丽丽,消费者,招远,山东,中国,华东,家具-书架-10002899,家具,书架,"宜家 古典书架, 传统",5764.5,3,0.0,1498.56
6725,CN-202020-3064630,2021-06-06,2021-06-08,一级,李丽-17365,李丽丽,消费者,招远,山东,中国,华东,家具-椅子-10002168,家具,椅子,"Hon 凳子, 黑色",1504.72,2,0.0,14.84
6726,CN-202020-1958951,2021-07-11,2021-07-15,标准级,佘宁-18730,佘宁,消费者,沈阳,辽宁,中国,东北,家具-书架-10002086,家具,书架,"Safco 墙角架, 白色",1276.632,3,0.4,-85.428
6727,CN-202020-1958951,2021-07-11,2021-07-15,标准级,佘宁-18730,佘宁,消费者,沈阳,辽宁,中国,东北,家具-桌子-10002464,家具,桌子,"Chromcraft 圆桌, 组装",874.664,1,0.6,-1005.956
6728,CN-202020-1958951,2021-07-11,2021-07-15,标准级,佘宁-18730,佘宁,消费者,沈阳,辽宁,中国,东北,家具-书架-10001035,家具,书架,"Bush 柜, 金属",399.924,1,0.4,-100.016
6729,CN-202020-1958951,2021-07-11,2021-07-15,标准级,佘宁-18730,佘宁,消费者,沈阳,辽宁,中国,东北,家具-书架-10000167,家具,书架,"Dania 书架, 黑色",2409.624,7,0.4,-884.156
6741,CN-202020-5359666,2021-07-26,2021-07-30,二级,佟丽-16525,佟丽娜,消费者,广州,广东,中国,中南,办公用-信封-10000222,办公用品,信封,"Kraft 商业信封, 每套 50 个",153.44,2,0.0,47.32
6742,CN-202020-5359666,2021-07-26,2021-07-30,二级,佟丽-16525,佟丽娜,消费者,广州,广东,中国,中南,办公用-器具-10000589,办公用品,器具,"Breville 炉灶, 白色",5223.68,2,0.0,731.08
6753,CN-202020-3483704,2021-10-22,2021-10-22,当日,邢宁-18715,邢宁,公司,汕头,广东,中国,中南,办公用-信封-10002028,办公用品,信封,"Cameo 外皮和封条, 每套 50 个",686.0,7,0.0,61.74
6766,US-202020-3734004,2021-07-25,2021-07-29,标准级,钱涛-21145,钱涛,公司,鄂州,湖北,中国,中南,办公用-美术-10002367,办公用品,美术,"Boston 铅笔刀, 蓝色",81.06,3,0.8,-198.66
6767,US-202020-3734004,2021-07-25,2021-07-29,标准级,钱涛-21145,钱涛,公司,鄂州,湖北,中国,中南,家具-椅子-10004282,家具,椅子,"Novimex 凳子, 红色",2762.928,6,0.4,-1474.032
6768,US-202020-3734004,2021-07-25,2021-07-29,标准级,钱涛-21145,钱涛,公司,鄂州,湖北,中国,中南,技术-复印-10000179,技术,复印机,"Brother 传真机, 红色",2660.616,3,0.4,-1242.024
6776,US-202020-2306215,2021-08-29,2021-09-01,二级,孙斯-21010,孙斯云,消费者,义乌,浙江,中国,华东,技术-电话-10003151,技术,电话,"三星 耳机, 混合尺寸",1490.58,7,0.4,-721.28
6777,US-202020-2306215,2021-08-29,2021-09-01,二级,孙斯-21010,孙斯云,消费者,义乌,浙江,中国,华东,办公用-美术-10003886,办公用品,美术,"Stanley 钢笔, 整包",28.896,3,0.8,-100.044
6778,US-202020-2306215,2021-08-29,2021-09-01,二级,孙斯-21010,孙斯云,消费者,义乌,浙江,中国,华东,办公用-信封-10002033,办公用品,信封,"Ames 外皮和封条, 红色",829.92,8,0.0,356.16
6779,US-202020-2306215,2021-08-29,2021-09-01,二级,孙斯-21010,孙斯云,消费者,义乌,浙江,中国,华东,办公用-收纳-10003186,办公用品,收纳具,"Rogers 盘, 单宽度",575.96,2,0.0,230.16
6780,CN-202020-3438839,2021-11-09,2021-11-15,标准级,许辉-12565,许辉,消费者,牡丹江,黑龙江,中国,东北,办公用-用品-10004807,办公用品,用品,"Stiletto 剪刀, 锯齿状",379.12,4,0.0,181.44
6781,CN-202020-3438839,2021-11-09,2021-11-15,标准级,许辉-12565,许辉,消费者,牡丹江,黑龙江,中国,东北,办公用-装订-10001062,办公用品,装订机,"Acco 订书机, 回收",720.3,3,0.0,165.48
6782,US-202020-3562924,2021-04-27,2021-05-02,标准级,丁妮-18610,丁妮,公司,鞍山,辽宁,中国,东北,办公用-装订-10002960,办公用品,装订机,"Acco 孔加固材料, 耐用",68.544,3,0.4,-42.336
6785,CN-202020-5035540,2021-10-04,2021-10-08,标准级,涂德-12235,涂德伟,消费者,石家庄,河北,中国,华北,家具-桌子-10001222,家具,桌子,"Chromcraft 培训桌, 黑色",2980.845,3,0.25,874.125
6795,CN-202020-4497736,2021-11-18,2021-11-22,标准级,邱廉-17200,邱廉,公司,驻马店,河南,中国,中南,办公用-美术-10003462,办公用品,美术,"Sanford 荧光笔, 混合尺寸",353.36,5,0.2,-0.14
6796,CN-202020-4497736,2021-11-18,2021-11-22,标准级,邱廉-17200,邱廉,公司,驻马店,河南,中国,中南,办公用-标签-10004025,办公用品,标签,"Harbour Creations 合法证物标签, 红色",150.78,3,0.0,47.88
6816,CN-202020-4046246,2021-06-23,2021-06-27,标准级,廖珊-19870,廖珊,小型企业,张家港,江苏,中国,华东,办公用-系固-10003146,办公用品,系固件,"Advantus 夹子, 整包",108.024,2,0.4,17.864
6826,CN-202020-2051602,2021-11-03,2021-11-05,二级,罗婵-10960,罗婵,消费者,阳春,广东,中国,中南,家具-用具-10002095,家具,用具,"Advantus 灯泡, 黑色",93.66,1,0.0,28.0
6828,CN-202020-2351493,2021-02-13,2021-02-15,一级,金诚-11260,金诚,消费者,大庆,黑龙江,中国,东北,家具-椅子-10003177,家具,椅子,"Harbour Creations 椅垫, 每套两件",2079.0,6,0.0,602.28
6829,CN-202020-2351493,2021-02-13,2021-02-15,一级,金诚-11260,金诚,消费者,大庆,黑龙江,中国,东北,办公用-装订-10002993,办公用品,装订机,"Acco 打孔机, 透明",1104.32,8,0.0,253.12
6830,CN-202020-2351493,2021-02-13,2021-02-15,一级,金诚-11260,金诚,消费者,大庆,黑龙江,中国,东北,家具-书架-10001668,家具,书架,"宜家 搁架, 黑色",3204.88,4,0.0,1281.84
6840,CN-202020-4347325,2021-10-11,2021-10-17,标准级,万冬-12460,万冬露,消费者,剑光,江西,中国,华东,办公用-系固-10000749,办公用品,系固件,"Stockwell 图钉, 金属",185.64,3,0.0,47.88
6841,CN-202020-4347325,2021-10-11,2021-10-17,标准级,万冬-12460,万冬露,消费者,剑光,江西,中国,华东,办公用-用品-10003397,办公用品,用品,"Acme 开信刀, 钢",552.72,4,0.0,60.48
6842,CN-202020-4347325,2021-10-11,2021-10-17,标准级,万冬-12460,万冬露,消费者,剑光,江西,中国,华东,办公用-收纳-10004035,办公用品,收纳具,"Rogers 盘, 蓝色",575.68,2,0.0,201.32
6843,CN-202020-4347325,2021-10-11,2021-10-17,标准级,万冬-12460,万冬露,消费者,剑光,江西,中国,华东,办公用-收纳-10000335,办公用品,收纳具,"Tenex 盘, 金属",497.28,2,0.0,193.76
6850,CN-202020-2511714,2021-08-15,2021-08-22,标准级,熊丽-15805,熊丽,公司,南阳,河南,中国,中南,技术-电话-10001063,技术,电话,"苹果 智能手机, 全尺寸",1162.84,2,0.0,476.56
6855,CN-202020-1340062,2021-12-30,2022-01-03,标准级,潘锦-14920,潘锦,消费者,孝感,湖北,中国,中南,办公用-美术-10000387,办公用品,美术,"BIC 荧光笔, 金属",37.688,2,0.8,-69.832
6881,CN-202020-1086295,2021-06-09,2021-06-12,一级,殷丽-17695,殷丽雪,消费者,密山,黑龙江,中国,东北,家具-椅子-10000979,家具,椅子,"Hon 凳子, 可调",3876.6,5,0.0,1201.2
6882,CN-202020-1086295,2021-06-09,2021-06-12,一级,殷丽-17695,殷丽雪,消费者,密山,黑龙江,中国,东北,家具-书架-10004171,家具,书架,"Bush 搁架, 白色",5677.14,7,0.0,1645.42
6883,CN-202020-5477816,2021-05-25,2021-05-29,标准级,林丹-11980,林丹,消费者,南平,福建,中国,华东,办公用-标签-10000344,办公用品,标签,"Avery 运输标签, 可调",136.5,3,0.0,10.92
6887,CN-202020-2204927,2021-11-08,2021-11-12,标准级,陶德-12220,陶德伟,消费者,苏州,江苏,中国,华东,办公用-装订-10002021,办公用品,装订机,"Wilson Jones 装订机, 透明",384.384,11,0.4,31.724
6890,CN-202020-4795502,2021-12-12,2021-12-19,标准级,谈涛-21250,谈涛,消费者,北京,北京,中国,华北,家具-用具-10004563,家具,用具,"Rubvermaid 相框, 耐用",1138.2,5,0.0,124.6
6891,CN-202020-1754286,2021-12-30,2022-01-05,标准级,谢聪-11665,谢聪,消费者,沈阳,辽宁,中国,东北,技术-复印-10000491,技术,复印机,"惠普 传真机, 彩色",2531.592,3,0.4,41.832
6892,CN-202020-3042636,2021-03-23,2021-03-28,标准级,洪黎-16345,洪黎明,消费者,西安,陕西,中国,西北,办公用-器具-10003582,办公用品,器具,"KitchenAid 冰箱, 黑色",12305.3,5,0.0,2091.6
6893,US-202020-5844938,2021-04-05,2021-04-08,二级,胡晨-11170,胡晨,小型企业,无锡,江苏,中国,华东,家具-椅子-10000128,家具,椅子,"Novimex 沙滩椅, 可调",678.3,5,0.4,-429.8
6894,US-202020-5844938,2021-04-05,2021-04-08,二级,胡晨-11170,胡晨,小型企业,无锡,江苏,中国,华东,办公用-纸张-10004354,办公用品,纸张,"Enermax 备忘录便条, 每包 12 个",277.2,3,0.0,35.7
6895,US-202020-5844938,2021-04-05,2021-04-08,二级,胡晨-11170,胡晨,小型企业,无锡,江苏,中国,华东,办公用-系固-10002707,办公用品,系固件,"Advantus 按钉, 金属",122.22,3,0.4,-18.48
6899,CN-202020-3640405,2021-10-20,2021-10-25,标准级,潘丽-16240,潘丽美,公司,安康,陕西,中国,西北,办公用-收纳-10001549,办公用品,收纳具,"Eldon 盒, 蓝色",95.76,2,0.0,33.32
6945,US-202020-5491871,2021-06-20,2021-06-20,当日,邓实-20245,邓实,消费者,应城,湖北,中国,中南,办公用-器具-10003582,办公用品,器具,"KitchenAid 冰箱, 黑色",7383.18,5,0.4,-2830.52
6947,US-202020-4944475,2021-09-28,2021-09-30,二级,涂德-12235,涂德伟,消费者,宁波,浙江,中国,华东,技术-电话-10000199,技术,电话,"三星 智能手机, 混合尺寸",1412.208,4,0.4,-541.632
7007,CN-202020-2543675,2021-09-05,2021-09-07,二级,邓惠-14470,邓惠,消费者,孝感,湖北,中国,中南,办公用-系固-10003295,办公用品,系固件,"OIC 订书钉, 整包",95.256,3,0.4,-20.664
7008,CN-202020-2543675,2021-09-05,2021-09-07,二级,邓惠-14470,邓惠,消费者,孝感,湖北,中国,中南,办公用-纸张-10002428,办公用品,纸张,"施乐 信纸, 多色",649.32,3,0.0,311.64
7009,CN-202020-2543675,2021-09-05,2021-09-07,二级,邓惠-14470,邓惠,消费者,孝感,湖北,中国,中南,办公用-器具-10002023,办公用品,器具,"Breville 冰箱, 白色",4346.748,3,0.4,-2101.092
7021,CN-202020-5910958,2021-12-19,2021-12-26,标准级,曹灵-17590,曹灵,公司,平顶山,河南,中国,中南,家具-书架-10003505,家具,书架,"Sauder 书架, 白色",1393.84,2,0.0,376.32
7022,CN-202020-5910958,2021-12-19,2021-12-26,标准级,曹灵-17590,曹灵,公司,平顶山,河南,中国,中南,办公用-用品-10002573,办公用品,用品,"Fiskars 尺子, 工业",524.3,7,0.0,78.4
7023,CN-202020-5910958,2021-12-19,2021-12-26,标准级,曹灵-17590,曹灵,公司,平顶山,河南,中国,中南,办公用-系固-10000163,办公用品,系固件,"Accos 按钉, 混合尺寸",167.58,3,0.0,0.0
7024,CN-202020-5910958,2021-12-19,2021-12-26,标准级,曹灵-17590,曹灵,公司,平顶山,河南,中国,中南,办公用-美术-10000476,办公用品,美术,"BIC 荧光笔, 整包",143.36,2,0.2,-35.84
7037,US-202020-1255631,2021-06-20,2021-06-25,标准级,陶盛-20395,陶盛,消费者,公主岭,吉林,中国,东北,办公用-纸张-10003915,办公用品,纸张,"SanDisk 信纸, 优质",2033.64,9,0.0,345.24
7046,US-202020-5165630,2021-09-20,2021-09-24,标准级,贾伟-21415,贾伟,消费者,苏州,江苏,中国,华东,技术-电话-10002745,技术,电话,"苹果 智能手机, 蓝色",1726.2,5,0.4,-287.7
7064,US-202020-3852845,2021-11-23,2021-11-28,标准级,黎雯-21745,黎雯,公司,集宁,内蒙古,中国,华北,家具-用具-10000812,家具,用具,"Advantus 分层置放架, 耐用",131.04,2,0.4,-19.88
7065,US-202020-3852845,2021-11-23,2021-11-28,标准级,黎雯-21745,黎雯,公司,集宁,内蒙古,中国,华北,办公用-器具-10001154,办公用品,器具,"Hoover 冰箱, 银色",4426.884,3,0.4,-2361.156
7066,US-202020-3852845,2021-11-23,2021-11-28,标准级,黎雯-21745,黎雯,公司,集宁,内蒙古,中国,华北,办公用-纸张-10002588,办公用品,纸张,"Eaton 羊皮纸, 回收",124.88,2,0.0,6.16
7067,US-202020-3852845,2021-11-23,2021-11-28,标准级,黎雯-21745,黎雯,公司,集宁,内蒙古,中国,华北,办公用-收纳-10000938,办公用品,收纳具,"Rogers 文件夹, 工业",581.84,4,0.0,63.84
7068,US-202020-3852845,2021-11-23,2021-11-28,标准级,黎雯-21745,黎雯,公司,集宁,内蒙古,中国,华北,家具-桌子-10001449,家具,桌子,"Hon 咖啡桌, 长方形",2925.72,5,0.6,-1389.78
7069,CN-202020-3127854,2021-04-26,2021-04-30,标准级,谢聪-11665,谢聪,消费者,郑州,河南,中国,中南,家具-书架-10002967,家具,书架,"Sauder 古典书架, 白色",6139.14,3,0.0,1105.02
7090,CN-202020-3279950,2021-08-20,2021-08-25,标准级,苏婵-10855,苏婵娟,消费者,合肥,安徽,中国,华东,办公用-收纳-10004170,办公用品,收纳具,"Smead 文件夹, 工业",83.86,1,0.0,4.06
7099,US-202020-1172542,2021-06-13,2021-06-20,标准级,涂博-10585,涂博,消费者,泰州,江苏,中国,华东,家具-书架-10004015,家具,书架,"Bush 墙角架, 传统",694.344,2,0.4,-173.656
7100,US-202020-1172542,2021-06-13,2021-06-20,标准级,涂博-10585,涂博,消费者,泰州,江苏,中国,华东,家具-书架-10003619,家具,书架,"Sauder 书库, 传统",1085.364,1,0.4,54.264
7101,US-202020-1172542,2021-06-13,2021-06-20,标准级,涂博-10585,涂博,消费者,泰州,江苏,中国,华东,技术-复印-10001141,技术,复印机,"Brother 传真复印机, 每套两件",4289.376,8,0.4,-1073.184
7106,CN-202020-5623341,2021-10-19,2021-10-20,一级,陈忠-11470,陈忠,公司,深圳,广东,中国,中南,技术-配件-10004915,技术,配件,"Memorex 键盘, 回收",645.4,2,0.0,83.72
7107,CN-202020-5623341,2021-10-19,2021-10-20,一级,陈忠-11470,陈忠,公司,深圳,广东,中国,中南,技术-复印-10002682,技术,复印机,"佳能 传真机, 每套两件",4457.46,3,0.0,1114.26
7108,CN-202020-5488732,2021-06-16,2021-06-22,标准级,殷康-15460,殷康,公司,娄底,湖南,中国,中南,家具-书架-10004330,家具,书架,"Safco 书架, 黑色",701.54,1,0.0,42.0
7109,CN-202020-4674220,2021-06-15,2021-06-21,标准级,黄涛-21190,黄涛,小型企业,烟台,山东,中国,华东,家具-椅子-10004470,家具,椅子,"Novimex 摇椅, 黑色",1806.0,3,0.0,144.48
7110,CN-202020-4080057,2021-01-07,2021-01-11,标准级,白立-16660,白立荣,消费者,营口,辽宁,中国,东北,家具-椅子-10001258,家具,椅子,"Harbour Creations 扶手椅, 可调",5332.32,4,0.4,444.08
7111,CN-202020-4080057,2021-01-07,2021-01-11,标准级,白立-16660,白立荣,消费者,营口,辽宁,中国,东北,办公用-标签-10002697,办公用品,标签,"Smead 运输标签, 红色",160.02,3,0.0,70.14
7112,CN-202020-4080057,2021-01-07,2021-01-11,标准级,白立-16660,白立荣,消费者,营口,辽宁,中国,东北,技术-电话-10003796,技术,电话,"思科 办公室电话机, 蓝色",901.152,4,0.4,-421.008
7113,CN-202020-4080057,2021-01-07,2021-01-11,标准级,白立-16660,白立荣,消费者,营口,辽宁,中国,东北,办公用-美术-10000636,办公用品,美术,"Binney & Smith 记号笔, 金属",189.28,8,0.8,-492.8
7114,CN-202020-4080057,2021-01-07,2021-01-11,标准级,白立-16660,白立荣,消费者,营口,辽宁,中国,东北,办公用-器具-10003836,办公用品,器具,"Hoover 微波炉, 黑色",3450.384,4,0.4,-1553.216
7127,US-202020-5784606,2021-02-24,2021-03-02,标准级,麦德-12085,麦德,公司,天津,天津,中国,华北,家具-书架-10004528,家具,书架,"Bush 书库, 白色",5135.76,3,0.0,1437.66
7128,US-202020-5784606,2021-02-24,2021-03-02,标准级,麦德-12085,麦德,公司,天津,天津,中国,华北,办公用-器具-10003386,办公用品,器具,"Breville 烤面包机, 红色",2147.88,6,0.0,987.84
7129,US-202020-5784606,2021-02-24,2021-03-02,标准级,麦德-12085,麦德,公司,天津,天津,中国,华北,办公用-标签-10001866,办公用品,标签,"Novimex 运输标签, 可调",124.32,3,0.0,14.7
7132,CN-202020-1232384,2021-03-19,2021-03-23,标准级,廖宣-20905,廖宣,消费者,本溪,辽宁,中国,东北,办公用-信封-10004984,办公用品,信封,"Jiffy 邮寄品, 红色",1899.8,10,0.0,607.6
7133,CN-202020-1232384,2021-03-19,2021-03-23,标准级,廖宣-20905,廖宣,消费者,本溪,辽宁,中国,东北,家具-桌子-10001778,家具,桌子,"Lesro 会议桌, 白色",3209.808,2,0.6,-2567.992
7134,CN-202020-1232384,2021-03-19,2021-03-23,标准级,廖宣-20905,廖宣,消费者,本溪,辽宁,中国,东北,办公用-装订-10004615,办公用品,装订机,"Wilson Jones 订书机, 耐用",423.864,3,0.4,-28.476
7135,CN-202020-1232384,2021-03-19,2021-03-23,标准级,廖宣-20905,廖宣,消费者,本溪,辽宁,中国,东北,办公用-器具-10002837,办公用品,器具,"Cuisinart 微波炉, 白色",1548.96,2,0.4,-774.48
7136,CN-202020-1232384,2021-03-19,2021-03-23,标准级,廖宣-20905,廖宣,消费者,本溪,辽宁,中国,东北,技术-配件-10004714,技术,配件,"罗技 键区, 实惠",259.392,2,0.4,-43.288
7137,CN-202020-1232384,2021-03-19,2021-03-23,标准级,廖宣-20905,廖宣,消费者,本溪,辽宁,中国,东北,办公用-纸张-10004284,办公用品,纸张,"Green Bar 信纸, 每包 12 个",735.42,3,0.0,352.8
7140,CN-202020-5837615,2021-11-04,2021-11-09,标准级,陈磊-15970,陈磊,消费者,海口,海南,中国,中南,技术-配件-10001666,技术,配件,"SanDisk 键区, 回收",744.24,3,0.0,297.36
7141,CN-202020-5837615,2021-11-04,2021-11-09,标准级,陈磊-15970,陈磊,消费者,海口,海南,中国,中南,办公用-装订-10000749,办公用品,装订机,"Ibico 打孔机, 透明",1116.64,8,0.0,378.56
7142,CN-202020-5837615,2021-11-04,2021-11-09,标准级,陈磊-15970,陈磊,消费者,海口,海南,中国,中南,办公用-用品-10004642,办公用品,用品,"Fiskars 修剪器, 钢",1362.2,7,0.0,557.62
7143,CN-202020-4963271,2021-07-07,2021-07-13,标准级,曾岱-11890,曾岱,消费者,钟祥,湖北,中国,中南,技术-电话-10001881,技术,电话,"诺基亚 充电器, 全尺寸",3569.16,2,0.4,59.36
7146,CN-202020-1850111,2021-10-21,2021-10-26,标准级,许辉-12565,许辉,消费者,唐山,河北,中国,华北,办公用-器具-10000654,办公用品,器具,"Breville 搅拌机, 黑色",2092.3,5,0.0,480.9
7147,CN-202020-1850111,2021-10-21,2021-10-26,标准级,许辉-12565,许辉,消费者,唐山,河北,中国,华北,办公用-收纳-10000984,办公用品,收纳具,"Eldon 文件夹, 工业",570.36,7,0.0,227.36
7168,CN-202020-2121055,2021-06-17,2021-06-22,标准级,佘平-19165,佘平,消费者,齐齐哈尔,黑龙江,中国,东北,办公用-用品-10004606,办公用品,用品,"Elite 尺子, 锯齿状",392.0,8,0.0,113.12
7169,CN-202020-2121055,2021-06-17,2021-06-22,标准级,佘平-19165,佘平,消费者,齐齐哈尔,黑龙江,中国,东北,家具-书架-10002984,家具,书架,"Safco 柜, 黑色",3971.1,5,0.0,357.0
7170,CN-202020-2121055,2021-06-17,2021-06-22,标准级,佘平-19165,佘平,消费者,齐齐哈尔,黑龙江,中国,东北,技术-配件-10000459,技术,配件,"Memorex 路由器, 实惠",6893.88,6,0.0,2481.36
7171,CN-202020-2121055,2021-06-17,2021-06-22,标准级,佘平-19165,佘平,消费者,齐齐哈尔,黑龙江,中国,东北,办公用-标签-10000574,办公用品,标签,"Harbour Creations 运输标签, 红色",368.48,7,0.0,73.5
7172,CN-202020-2121055,2021-06-17,2021-06-22,标准级,佘平-19165,佘平,消费者,齐齐哈尔,黑龙江,中国,东北,办公用-装订-10003846,办公用品,装订机,"Cardinal 装订机, 耐用",357.7,5,0.0,88.9
7173,CN-202020-2121055,2021-06-17,2021-06-22,标准级,佘平-19165,佘平,消费者,齐齐哈尔,黑龙江,中国,东北,技术-配件-10003130,技术,配件,"罗技 键区, 回收",411.88,2,0.0,181.16
7174,CN-202020-2121055,2021-06-17,2021-06-22,标准级,佘平-19165,佘平,消费者,齐齐哈尔,黑龙江,中国,东北,办公用-系固-10001285,办公用品,系固件,"Stockwell 订书钉, 整包",100.8,2,0.0,48.16
7175,CN-202020-2121055,2021-06-17,2021-06-22,标准级,佘平-19165,佘平,消费者,齐齐哈尔,黑龙江,中国,东北,办公用-收纳-10003671,办公用品,收纳具,"Tenex 盘, 蓝色",1264.9,5,0.0,619.5
7176,CN-202020-2121055,2021-06-17,2021-06-22,标准级,佘平-19165,佘平,消费者,齐齐哈尔,黑龙江,中国,东北,办公用-器具-10000945,办公用品,器具,"KitchenAid 微波炉, 红色",5792.64,4,0.0,2432.64
7183,CN-202020-2633315,2021-12-23,2021-12-23,当日,姚彩-10765,姚彩,小型企业,鸡西,黑龙江,中国,东北,办公用-信封-10000928,办公用品,信封,"Jiffy 商业信封, 每套 50 个",148.96,2,0.0,62.44
7201,US-202020-2116724,2021-03-29,2021-03-31,一级,陶惠-14455,陶惠,小型企业,椒江,浙江,中国,华东,家具-用具-10003736,家具,用具,"Deflect-O 分层置放架, 优质",133.896,2,0.4,-44.744
7242,CN-202020-2151004,2021-08-18,2021-08-24,标准级,韦立-16915,韦立,消费者,榆林,陕西,中国,西北,技术-配件-10000498,技术,配件,"贝尔金 鼠标, 实惠",379.96,2,0.0,102.48
7243,CN-202020-2151004,2021-08-18,2021-08-24,标准级,韦立-16915,韦立,消费者,榆林,陕西,中国,西北,办公用-用品-10004820,办公用品,用品,"Fiskars 尺子, 锯齿状",311.64,6,0.0,102.48
7249,CN-202020-5897280,2021-10-04,2021-10-08,标准级,柯强-19360,柯强,消费者,上海,上海,中国,华东,办公用-收纳-10002355,办公用品,收纳具,"Rogers 文件车, 蓝色",1982.4,3,0.0,19.74
7250,CN-202020-5897280,2021-10-04,2021-10-08,标准级,柯强-19360,柯强,消费者,上海,上海,中国,华东,家具-用具-10000883,家具,用具,"Rubvermaid 框架, 耐用",2494.8,5,0.0,74.2
7251,CN-202020-5897280,2021-10-04,2021-10-08,标准级,柯强-19360,柯强,消费者,上海,上海,中国,华东,办公用-器具-10002837,办公用品,器具,"Cuisinart 微波炉, 白色",6454.0,5,0.0,645.4
7266,CN-202020-5088117,2021-11-10,2021-11-13,一级,邵鹏-19075,邵鹏,消费者,枣庄,山东,中国,华东,办公用-收纳-10004690,办公用品,收纳具,"Fellowes 盘, 工业",540.12,2,0.0,237.44
7267,CN-202020-5088117,2021-11-10,2021-11-13,一级,邵鹏-19075,邵鹏,消费者,枣庄,山东,中国,华东,办公用-标签-10002441,办公用品,标签,"Novimex 有色标签, 白色",289.8,5,0.0,86.8
7268,CN-202020-5088117,2021-11-10,2021-11-13,一级,邵鹏-19075,邵鹏,消费者,枣庄,山东,中国,华东,办公用-器具-10000654,办公用品,器具,"Breville 搅拌机, 黑色",836.92,2,0.0,192.36
7280,US-202020-3069391,2021-06-10,2021-06-13,二级,余丽-16540,余丽娜,消费者,洛阳,河南,中国,中南,办公用-收纳-10004714,办公用品,收纳具,"Smead 盒, 单宽度",151.2,3,0.0,66.36
7281,US-202020-3069391,2021-06-10,2021-06-13,二级,余丽-16540,余丽娜,消费者,洛阳,河南,中国,中南,办公用-纸张-10002058,办公用品,纸张,"Green Bar 计划信息表, 回收",331.8,3,0.0,142.38
7282,US-202020-3069391,2021-06-10,2021-06-13,二级,余丽-16540,余丽娜,消费者,洛阳,河南,中国,中南,家具-椅子-10003795,家具,椅子,"Harbour Creations 沙滩椅, 红色",776.412,3,0.1,206.892
7283,US-202020-3069391,2021-06-10,2021-06-13,二级,余丽-16540,余丽娜,消费者,洛阳,河南,中国,中南,办公用-系固-10003277,办公用品,系固件,"Stockwell 图钉, 每包 12 个",175.98,3,0.0,75.6
7284,US-202020-3069391,2021-06-10,2021-06-13,二级,余丽-16540,余丽娜,消费者,洛阳,河南,中国,中南,技术-复印-10000037,技术,复印机,"佳能 墨水, 每套两件",5493.6,8,0.0,1976.8
7285,US-202020-3069391,2021-06-10,2021-06-13,二级,余丽-16540,余丽娜,消费者,洛阳,河南,中国,中南,办公用-系固-10002224,办公用品,系固件,"Advantus 图钉, 每包 12 个",425.32,7,0.0,118.58
7286,CN-202020-3530738,2021-05-24,2021-05-28,标准级,洪辉-12580,洪辉,小型企业,深圳,广东,中国,中南,办公用-收纳-10004374,办公用品,收纳具,"Smead 文件车, 工业",1202.88,2,0.0,228.48
7292,US-202020-3983836,2021-12-20,2021-12-24,标准级,严恒-13660,严恒,消费者,潼川,四川,中国,西南,技术-电话-10003599,技术,电话,"思科 智能手机, 全尺寸",2348.136,6,0.4,-939.624
7293,US-202020-3983836,2021-12-20,2021-12-24,标准级,严恒-13660,严恒,消费者,潼川,四川,中国,西南,办公用-器具-10003572,办公用品,器具,"Breville 咖啡研磨机, 黑色",1372.896,8,0.4,-298.144
7307,CN-202020-3211633,2021-08-31,2021-09-04,标准级,钟宣-20860,钟宣,公司,广州,广东,中国,中南,办公用-信封-10001614,办公用品,信封,"Cameo 搭扣信封, 红色",182.7,3,0.0,89.46
7308,CN-202020-3211633,2021-08-31,2021-09-04,标准级,钟宣-20860,钟宣,公司,广州,广东,中国,中南,技术-电话-10001437,技术,电话,"诺基亚 信号增强器, 全尺寸",3215.1,5,0.0,642.6
7309,CN-202020-3211633,2021-08-31,2021-09-04,标准级,钟宣-20860,钟宣,公司,广州,广东,中国,中南,家具-书架-10000111,家具,书架,"Bush 书架, 传统",1729.14,3,0.0,795.06
7310,CN-202020-3171627,2021-09-02,2021-09-02,当日,唐凤-12985,唐凤,消费者,文登,山东,中国,华东,办公用-装订-10004132,办公用品,装订机,"Cardinal 孔加固材料, 实惠",199.36,8,0.0,25.76
7311,CN-202020-3171627,2021-09-02,2021-09-02,当日,唐凤-12985,唐凤,消费者,文登,山东,中国,华东,技术-复印-10003306,技术,复印机,"Hewlett 传真复印机, 每套两件",7200.48,8,0.0,1439.2
7312,CN-202020-3171627,2021-09-02,2021-09-02,当日,唐凤-12985,唐凤,消费者,文登,山东,中国,华东,办公用-收纳-10001262,办公用品,收纳具,"Eldon 搁板, 金属",443.24,2,0.0,124.04
7313,CN-202020-3171627,2021-09-02,2021-09-02,当日,唐凤-12985,唐凤,消费者,文登,山东,中国,华东,办公用-系固-10002980,办公用品,系固件,"Accos 夹子, 整包",90.44,1,0.0,8.12
7341,CN-202020-2560123,2021-04-04,2021-04-08,标准级,袁梅-18130,袁梅,公司,兰州,甘肃,中国,西北,办公用-信封-10003132,办公用品,信封,"Jiffy 搭扣信封, 每套 50 个",119.28,3,0.0,31.92
7342,CN-202020-2560123,2021-04-04,2021-04-08,标准级,袁梅-18130,袁梅,公司,兰州,甘肃,中国,西北,办公用-标签-10002245,办公用品,标签,"Smead 可去除的标签, 白色",147.0,3,0.0,30.66
7343,CN-202020-2560123,2021-04-04,2021-04-08,标准级,袁梅-18130,袁梅,公司,兰州,甘肃,中国,西北,家具-用具-10002471,家具,用具,"Tenex 分层置放架, 黑色",282.576,4,0.4,-89.824
7373,CN-202020-2779535,2021-01-11,2021-01-16,标准级,佘平-19165,佘平,消费者,松陵,江苏,中国,华东,办公用-用品-10000032,办公用品,用品,"Acme 美工刀, 工业",331.128,3,0.4,-132.552
7374,CN-202020-2779535,2021-01-11,2021-01-16,标准级,佘平-19165,佘平,消费者,松陵,江苏,中国,华东,办公用-系固-10004142,办公用品,系固件,"Accos 按钉, 整包",121.968,3,0.4,-40.992
7375,CN-202020-2779535,2021-01-11,2021-01-16,标准级,佘平-19165,佘平,消费者,松陵,江苏,中国,华东,技术-配件-10004714,技术,配件,"罗技 键区, 实惠",389.088,3,0.4,-64.932
7400,US-202020-1255631,2021-11-01,2021-11-02,一级,韩丽-16195,韩丽华,消费者,潼川,四川,中国,西南,办公用-系固-10004444,办公用品,系固件,"Stockwell 回形针, 金属",196.14,5,0.4,-3.36
7401,US-202020-1255631,2021-11-01,2021-11-02,一级,韩丽-16195,韩丽华,消费者,潼川,四川,中国,西南,办公用-信封-10001487,办公用品,信封,"GlobeWeis 外皮和封条, 银色",333.06,3,0.0,166.32
7414,CN-202020-5199872,2021-01-13,2021-01-16,一级,田立-16870,田立,消费者,宿州,安徽,中国,华东,家具-用具-10001878,家具,用具,"Rubvermaid 闹钟, 黑色",2340.8,10,0.0,116.2
7415,CN-202020-5199872,2021-01-13,2021-01-16,一级,田立-16870,田立,消费者,宿州,安徽,中国,华东,家具-用具-10003736,家具,用具,"Deflect-O 分层置放架, 优质",781.06,7,0.0,155.82
7417,CN-202020-2664017,2021-08-08,2021-08-15,标准级,曾锦-14935,曾锦,公司,晋江,海南,中国,中南,办公用-收纳-10000306,办公用品,收纳具,"Smead 文件夹, 单宽度",735.84,9,0.0,264.6
7422,US-202020-4266965,2021-12-30,2022-01-02,一级,万刚-13195,万刚,公司,开封,河南,中国,中南,办公用-装订-10001547,办公用品,装订机,"Ibico 孔加固材料, 回收",102.9,3,0.0,34.86
7426,CN-202020-1108121,2021-06-04,2021-06-10,标准级,陶莞-13315,陶莞颖,消费者,徐州,江苏,中国,华东,办公用-纸张-10000194,办公用品,纸张,"SanDisk 备忘录便条, 每包 12 个",492.8,5,0.0,216.3
7428,CN-202020-1179561,2021-09-15,2021-09-22,标准级,邢谦-19270,邢谦,公司,牡丹江,黑龙江,中国,东北,技术-配件-10004826,技术,配件,"罗技 键区, 耐用",1085.7,5,0.0,97.3
7429,CN-202020-1179561,2021-09-15,2021-09-22,标准级,邢谦-19270,邢谦,公司,牡丹江,黑龙江,中国,东北,办公用-纸张-10002894,办公用品,纸张,"施乐 令, 优质",614.6,5,0.0,60.9
7430,CN-202020-1179561,2021-09-15,2021-09-22,标准级,邢谦-19270,邢谦,公司,牡丹江,黑龙江,中国,东北,技术-电话-10002649,技术,电话,"诺基亚 耳机, 全尺寸",347.2,1,0.0,86.8
7431,CN-202020-1179561,2021-09-15,2021-09-22,标准级,邢谦-19270,邢谦,公司,牡丹江,黑龙江,中国,东北,技术-电话-10000762,技术,电话,"摩托罗拉 充电器, 全尺寸",9015.72,3,0.0,540.54
7442,CN-202020-5021484,2021-06-29,2021-07-03,标准级,龚松-20710,龚松,小型企业,西安,陕西,中国,西北,家具-用具-10004944,家具,用具,"Eldon 相框, 黑色",1084.72,4,0.0,259.84
7444,CN-202020-3819209,2021-12-23,2021-12-27,标准级,薛梦-18190,薛梦,消费者,景德镇,江西,中国,华东,家具-书架-10000339,家具,书架,"Dania 柜, 传统",1980.3,3,0.0,970.2
7445,CN-202020-3819209,2021-12-23,2021-12-27,标准级,薛梦-18190,薛梦,消费者,景德镇,江西,中国,华东,家具-书架-10001213,家具,书架,"宜家 书架, 黑色",1156.68,2,0.0,566.72
7446,CN-202020-3819209,2021-12-23,2021-12-27,标准级,薛梦-18190,薛梦,消费者,景德镇,江西,中国,华东,技术-电话-10004848,技术,电话,"诺基亚 智能手机, 全尺寸",1161.44,2,0.0,232.12
7447,CN-202020-3819209,2021-12-23,2021-12-27,标准级,薛梦-18190,薛梦,消费者,景德镇,江西,中国,华东,办公用-装订-10001158,办公用品,装订机,"Avery 装订机盖, 实惠",309.96,6,0.0,18.48
7448,CN-202020-3819209,2021-12-23,2021-12-27,标准级,薛梦-18190,薛梦,消费者,景德镇,江西,中国,华东,办公用-标签-10002774,办公用品,标签,"Harbour Creations 圆形标签, 耐用",233.24,7,0.0,6.86
7458,CN-202020-1887568,2021-06-23,2021-06-28,二级,殷凤-13030,殷凤,小型企业,应城,湖北,中国,中南,办公用-标签-10002245,办公用品,标签,"Smead 可去除的标签, 白色",343.0,7,0.0,71.54
7459,CN-202020-1887568,2021-06-23,2021-06-28,二级,殷凤-13030,殷凤,小型企业,应城,湖北,中国,中南,办公用-系固-10001342,办公用品,系固件,"Stockwell 按钉, 整包",234.864,6,0.4,23.184
7468,CN-202020-3351164,2021-03-25,2021-03-29,标准级,袁栋-12355,袁栋,消费者,涟源,湖南,中国,中南,办公用-装订-10000833,办公用品,装订机,"Acco 装订机, 耐用",543.9,7,0.0,156.8
7469,CN-202020-3351164,2021-03-25,2021-03-29,标准级,袁栋-12355,袁栋,消费者,涟源,湖南,中国,中南,办公用-器具-10002014,办公用品,器具,"Cuisinart 炉灶, 银色",12577.6,5,0.0,1760.5
7470,CN-202020-3351164,2021-03-25,2021-03-29,标准级,袁栋-12355,袁栋,消费者,涟源,湖南,中国,中南,技术-设备-10004352,技术,设备,"松下 计算器, 多色",234.64,1,0.0,46.9
7471,CN-202020-3351164,2021-03-25,2021-03-29,标准级,袁栋-12355,袁栋,消费者,涟源,湖南,中国,中南,家具-桌子-10001991,家具,桌子,"Lesro 电脑桌, 长方形",10434.795,7,0.25,-417.725
7472,CN-202020-3351164,2021-03-25,2021-03-29,标准级,袁栋-12355,袁栋,消费者,涟源,湖南,中国,中南,技术-设备-10003961,技术,设备,"StarTech 电话, 白色",1361.36,4,0.0,272.16
7473,CN-202020-3351164,2021-03-25,2021-03-29,标准级,袁栋-12355,袁栋,消费者,涟源,湖南,中国,中南,技术-复印-10004068,技术,复印机,"夏普 个人复印机, 彩色",1133.44,2,0.0,532.56
7487,CN-202020-1246652,2021-05-03,2021-05-07,标准级,马荣-19750,马荣,消费者,沈阳,辽宁,中国,东北,办公用-标签-10002790,办公用品,标签,"Hon 文件夹标签, 白色",40.32,1,0.0,0.28
7488,CN-202020-1246652,2021-05-03,2021-05-07,标准级,马荣-19750,马荣,消费者,沈阳,辽宁,中国,东北,技术-电话-10004933,技术,电话,"思科 办公室电话机, 全尺寸",457.8,2,0.4,-305.2
7498,CN-202020-5443541,2021-11-29,2021-12-02,二级,曹丽-15940,曹丽,小型企业,重庆,重庆,中国,西南,办公用-信封-10004589,办公用品,信封,"GlobeWeis 商业信封, 回收",150.64,2,0.0,45.08
7499,CN-202020-2310505,2021-11-10,2021-11-11,一级,薛武-21865,薛武,消费者,永川,重庆,中国,西南,办公用-信封-10004503,办公用品,信封,"Jiffy 商业信封, 回收",137.76,2,0.0,38.36
7500,CN-202020-2310505,2021-11-10,2021-11-11,一级,薛武-21865,薛武,消费者,永川,重庆,中国,西南,家具-椅子-10002168,家具,椅子,"Hon 凳子, 黑色",1504.72,2,0.0,14.84
7501,CN-202020-2310505,2021-11-10,2021-11-11,一级,薛武-21865,薛武,消费者,永川,重庆,中国,西南,办公用-收纳-10002935,办公用品,收纳具,"Tenex 锁柜, 单宽度",1905.68,2,0.0,800.24
7511,CN-202020-5763224,2021-11-05,2021-11-09,二级,孙壁-10465,孙壁,消费者,天津,天津,中国,华北,办公用-收纳-10004768,办公用品,收纳具,"Tenex 搁板, 金属",752.22,3,0.0,300.72
7512,CN-202020-5763224,2021-11-05,2021-11-09,二级,孙壁-10465,孙壁,消费者,天津,天津,中国,华北,家具-用具-10001511,家具,用具,"Eldon 闹钟, 耐用",749.7,3,0.0,127.26
7513,CN-202020-5763224,2021-11-05,2021-11-09,二级,孙壁-10465,孙壁,消费者,天津,天津,中国,华北,办公用-美术-10002247,办公用品,美术,"BIC 记号笔, 整包",249.2,2,0.0,77.0
7532,CN-202020-3529472,2021-10-10,2021-10-12,二级,黄磊-16015,黄磊,消费者,呼和浩特,内蒙古,中国,华北,家具-椅子-10001812,家具,椅子,"Harbour Creations 折叠椅, 可调",1124.256,4,0.4,-168.784
7533,CN-202020-4282122,2021-03-15,2021-03-17,二级,楚宣-20845,楚宣,消费者,吴川,广东,中国,中南,技术-电话-10003796,技术,电话,"思科 办公室电话机, 蓝色",375.48,1,0.0,44.94
7574,US-202020-2372663,2021-02-08,2021-02-13,二级,段强-19420,段强,公司,丽水,浙江,中国,华东,家具-桌子-10001074,家具,桌子,"Hon 木桌, 白色",3983.616,4,0.6,-1294.944
7587,CN-202020-1826929,2021-07-27,2021-08-03,标准级,杨欢-14275,杨欢,公司,韶关,广东,中国,中南,技术-复印-10001627,技术,复印机,"惠普 无线传真机, 彩色",6750.8,4,0.0,202.16
7588,CN-202020-1826929,2021-07-27,2021-08-03,标准级,杨欢-14275,杨欢,公司,韶关,广东,中国,中南,办公用-纸张-10004274,办公用品,纸张,"Eaton 备忘录便条, 每包 12 个",166.88,2,0.0,46.48
7589,US-202020-5956912,2021-06-14,2021-06-19,标准级,唐爽-20560,唐爽,小型企业,浯溪,湖南,中国,中南,办公用-收纳-10004292,办公用品,收纳具,"Rogers 文件车, 工业",1989.12,3,0.0,556.92
7590,US-202020-5956912,2021-06-14,2021-06-19,标准级,唐爽-20560,唐爽,小型企业,浯溪,湖南,中国,中南,家具-用具-10001120,家具,用具,"Deflect-O 分层置放架, 耐用",416.64,4,0.0,41.44
7591,CN-202020-3409532,2021-06-06,2021-06-10,标准级,夏光-13375,夏光,消费者,淮南,安徽,中国,华东,办公用-美术-10001035,办公用品,美术,"Boston 荧光笔, 金属",225.456,3,0.2,11.256
7592,CN-202020-3409532,2021-06-06,2021-06-10,标准级,夏光-13375,夏光,消费者,淮南,安徽,中国,华东,办公用-纸张-10002175,办公用品,纸张,"施乐 羊皮纸, 优质",185.64,3,0.0,60.9
7597,CN-202020-1300278,2021-10-01,2021-10-06,二级,夏梦-18175,夏梦,小型企业,昆明,云南,中国,西南,办公用-用品-10001178,办公用品,用品,"Elite 尺子, 钢",246.4,4,0.0,105.84
7623,CN-202020-4482834,2021-09-07,2021-09-12,标准级,潘荷-13735,潘荷,小型企业,太原,山西,中国,华北,办公用-美术-10004690,办公用品,美术,"Binney & Smith 铅笔刀, 金属",260.68,2,0.0,5.04
7624,CN-202020-4482834,2021-09-07,2021-09-12,标准级,潘荷-13735,潘荷,小型企业,太原,山西,中国,华北,技术-配件-10000300,技术,配件,"贝尔金 记忆卡, 实惠",4822.02,9,0.0,1832.04
7644,CN-202020-2295401,2021-08-24,2021-08-24,当日,任梅-18115,任梅,小型企业,天津,天津,中国,华北,办公用-收纳-10000103,办公用品,收纳具,"Tenex 文件夹, 蓝色",433.44,4,0.0,90.72
7645,CN-202020-2295401,2021-08-24,2021-08-24,当日,任梅-18115,任梅,小型企业,天津,天津,中国,华北,办公用-收纳-10003906,办公用品,收纳具,"Fellowes 文件车, 蓝色",2563.12,4,0.0,50.96
7653,CN-202020-5907567,2021-10-05,2021-10-07,二级,肖良-17125,肖良,消费者,郑州,河南,中国,中南,办公用-器具-10003361,办公用品,器具,"Cuisinart 微波炉, 黑色",2593.64,2,0.0,362.88
7662,CN-202020-2831197,2021-12-09,2021-12-13,标准级,彭琼-19645,彭琼,公司,开封,河南,中国,中南,办公用-器具-10001067,办公用品,器具,"Cuisinart 搅拌机, 黑色",619.92,2,0.0,204.4
7666,US-202020-2130965,2021-07-14,2021-07-18,标准级,冯青-19570,冯青,消费者,徐州,江苏,中国,华东,办公用-器具-10001071,办公用品,器具,"KitchenAid 烤面包机, 红色",716.688,3,0.4,-310.632
7667,US-202020-2130965,2021-07-14,2021-07-18,标准级,冯青-19570,冯青,消费者,徐州,江苏,中国,华东,办公用-收纳-10001617,办公用品,收纳具,"Tenex 锁柜, 金属",5690.16,6,0.0,2845.08
7668,US-202020-2130965,2021-07-14,2021-07-18,标准级,冯青-19570,冯青,消费者,徐州,江苏,中国,华东,家具-椅子-10002919,家具,椅子,"Harbour Creations 沙滩椅, 可调",359.016,2,0.4,-131.824
7669,US-202020-2130965,2021-07-14,2021-07-18,标准级,冯青-19570,冯青,消费者,徐州,江苏,中国,华东,办公用-系固-10003379,办公用品,系固件,"Advantus 夹子, 混合尺寸",187.488,4,0.4,-90.832
7670,US-202020-2130965,2021-07-14,2021-07-18,标准级,冯青-19570,冯青,消费者,徐州,江苏,中国,华东,办公用-信封-10000017,办公用品,信封,"Jiffy 局间信封, 银色",683.76,3,0.0,88.62
7671,US-202020-2130965,2021-07-14,2021-07-18,标准级,冯青-19570,冯青,消费者,徐州,江苏,中国,华东,办公用-装订-10003846,办公用品,装订机,"Cardinal 装订机, 耐用",214.62,5,0.4,-54.18
7672,US-202020-2130965,2021-07-14,2021-07-18,标准级,冯青-19570,冯青,消费者,徐州,江苏,中国,华东,办公用-信封-10002009,办公用品,信封,"GlobeWeis 邮寄品, 回收",697.2,4,0.0,278.88
7673,US-202020-2130965,2021-07-14,2021-07-18,标准级,冯青-19570,冯青,消费者,徐州,江苏,中国,华东,办公用-纸张-10003542,办公用品,纸张,"SanDisk 信纸, 每包 12 个",245.28,1,0.0,56.28
7674,US-202020-2130965,2021-07-14,2021-07-18,标准级,冯青-19570,冯青,消费者,徐州,江苏,中国,华东,办公用-装订-10001505,办公用品,装订机,"Cardinal 孔加固材料, 回收",47.88,3,0.4,6.3
7677,US-202020-4084381,2021-11-07,2021-11-11,标准级,谭君-15265,谭君,公司,忻州,湖北,中国,中南,办公用-用品-10001168,办公用品,用品,"Acme 美工刀, 蓝色",317.52,3,0.4,-143.22
7678,CN-202020-4870971,2021-10-19,2021-10-24,标准级,巩达-11770,巩达侠,消费者,深圳,广东,中国,中南,办公用-标签-10004207,办公用品,标签,"Novimex 有色标签, 可调",288.96,6,0.0,2.52
7679,CN-202020-4870971,2021-10-19,2021-10-24,标准级,巩达-11770,巩达侠,消费者,深圳,广东,中国,中南,办公用-标签-10002381,办公用品,标签,"Harbour Creations 运输标签, 耐用",276.5,5,0.0,132.3
7680,CN-202020-4870971,2021-10-19,2021-10-24,标准级,巩达-11770,巩达侠,消费者,深圳,广东,中国,中南,技术-配件-10000459,技术,配件,"Memorex 路由器, 实惠",8042.86,7,0.0,2894.92
7690,CN-202020-5693708,2021-12-12,2021-12-14,二级,康丽-15850,康丽,消费者,渭南,陕西,中国,西北,家具-书架-10003232,家具,书架,"宜家 书库, 黑色",11914.84,7,0.0,476.28
7691,CN-202020-3025510,2021-12-17,2021-12-21,标准级,罗嫒-10060,罗嫒,小型企业,深圳,广东,中国,中南,家具-用具-10004892,家具,用具,"Advantus 分层置放架, 黑色",123.06,1,0.0,41.72
7692,CN-202020-3025510,2021-12-17,2021-12-21,标准级,罗嫒-10060,罗嫒,小型企业,深圳,广东,中国,中南,家具-书架-10002576,家具,书架,"Sauder 古典书架, 传统",6103.86,3,0.0,1525.86
7733,US-202020-3737485,2021-08-16,2021-08-20,标准级,马莲-17035,马莲,公司,公主岭,吉林,中国,东北,办公用-装订-10000622,办公用品,装订机,"Cardinal 打孔机, 实惠",537.6,4,0.0,48.16
7765,CN-202020-4114478,2021-04-29,2021-05-05,标准级,薛关-15580,薛关茵,消费者,哈尔滨,黑龙江,中国,东北,办公用-美术-10004617,办公用品,美术,"Boston 钢笔, 金属",520.128,9,0.2,57.708
7771,CN-202020-2508741,2021-08-24,2021-08-28,标准级,沈虢-13570,沈虢,消费者,惠州,广东,中国,中南,办公用-装订-10000850,办公用品,装订机,"Wilson Jones 装订机盖, 回收",107.8,2,0.0,19.32
7777,CN-202020-3042636,2021-10-24,2021-10-28,标准级,武廉-17305,武廉,消费者,汕头,广东,中国,中南,家具-用具-10004563,家具,用具,"Rubvermaid 相框, 耐用",1593.48,7,0.0,174.44
7781,CN-202020-3269021,2021-10-14,2021-10-17,一级,邱谦-19255,邱谦,公司,广州,广东,中国,中南,办公用-用品-10001002,办公用品,用品,"Acme 剪刀, 锯齿状",723.24,7,0.0,49.98
7782,CN-202020-3269021,2021-10-14,2021-10-17,一级,邱谦-19255,邱谦,公司,广州,广东,中国,中南,家具-椅子-10000329,家具,椅子,"Novimex 扶手椅, 红色",3846.78,2,0.1,769.3
7825,US-202020-4676940,2021-09-29,2021-10-06,标准级,牛晒-19810,牛晒明,小型企业,兰西,黑龙江,中国,东北,办公用-用品-10001178,办公用品,用品,"Elite 尺子, 钢",184.8,3,0.0,79.38
7826,US-202020-4676940,2021-09-29,2021-10-06,标准级,牛晒-19810,牛晒明,小型企业,兰西,黑龙江,中国,东北,办公用-系固-10003826,办公用品,系固件,"Accos 回形针, 整包",458.64,7,0.0,169.54
7836,CN-202020-5679752,2021-11-25,2021-12-02,标准级,陈嫒-10015,陈嫒,消费者,丹江口,湖北,中国,中南,办公用-标签-10000918,办公用品,标签,"Hon 圆形标签, 耐用",65.8,2,0.0,10.92
7846,US-202020-5712655,2021-08-06,2021-08-10,二级,钟立-16720,钟立,消费者,武汉,湖北,中国,中南,家具-椅子-10002473,家具,椅子,"SAFCO 摇椅, 黑色",2967.552,8,0.4,-1089.088
7847,US-202020-5712655,2021-08-06,2021-08-10,二级,钟立-16720,钟立,消费者,武汉,湖北,中国,中南,办公用-用品-10003039,办公用品,用品,"Acme 开信刀, 锯齿状",301.392,4,0.4,14.672
7848,US-202020-5376503,2021-08-11,2021-08-15,标准级,白松-20740,白松,小型企业,绥化,黑龙江,中国,东北,技术-复印-10003100,技术,复印机,"惠普 个人复印机, 每套两件",2900.1,5,0.0,144.9
7849,US-202020-5376503,2021-08-11,2021-08-15,标准级,白松-20740,白松,小型企业,绥化,黑龙江,中国,东北,办公用-收纳-10003897,办公用品,收纳具,"Rogers 搁板, 金属",1713.6,6,0.0,290.64
7850,US-202020-5376503,2021-08-11,2021-08-15,标准级,白松-20740,白松,小型企业,绥化,黑龙江,中国,东北,家具-书架-10002499,家具,书架,"Safco 搁架, 白色",9298.8,10,0.0,1115.8
7851,US-202020-5376503,2021-08-11,2021-08-15,标准级,白松-20740,白松,小型企业,绥化,黑龙江,中国,东北,办公用-用品-10002649,办公用品,用品,"Kleencut 修剪器, 钢",190.54,1,0.0,47.6
7852,US-202020-5376503,2021-08-11,2021-08-15,标准级,白松-20740,白松,小型企业,绥化,黑龙江,中国,东北,办公用-标签-10004207,办公用品,标签,"Novimex 有色标签, 可调",144.48,3,0.0,1.26
7854,CN-202020-2596183,2021-05-28,2021-06-01,标准级,施立-16690,施立伟,公司,西安,陕西,中国,西北,技术-配件-10004442,技术,配件,"贝尔金 路由器, 耐用",2416.96,2,0.0,1015.0
7855,CN-202020-2596183,2021-05-28,2021-06-01,标准级,施立-16690,施立伟,公司,西安,陕西,中国,西北,家具-用具-10000059,家具,用具,"Tenex 门挡, 优质",396.76,2,0.0,99.12
7856,CN-202020-2596183,2021-05-28,2021-06-01,标准级,施立-16690,施立伟,公司,西安,陕西,中国,西北,家具-椅子-10004870,家具,椅子,"Harbour Creations 凳子, 黑色",2487.66,3,0.0,547.26
7857,CN-202020-2596183,2021-05-28,2021-06-01,标准级,施立-16690,施立伟,公司,西安,陕西,中国,西北,家具-书架-10001586,家具,书架,"Dania 墙角架, 白色",1744.26,3,0.0,540.54
7858,CN-202020-2596183,2021-05-28,2021-06-01,标准级,施立-16690,施立伟,公司,西安,陕西,中国,西北,办公用-标签-10004317,办公用品,标签,"Novimex 圆形标签, 耐用",62.16,2,0.0,22.96
7859,CN-202020-2596183,2021-05-28,2021-06-01,标准级,施立-16690,施立伟,公司,西安,陕西,中国,西北,技术-配件-10003355,技术,配件,"Enermax 闪存驱动器, 耐用",194.74,1,0.0,38.92
7860,CN-202020-2596183,2021-05-28,2021-06-01,标准级,施立-16690,施立伟,公司,西安,陕西,中国,西北,家具-用具-10002471,家具,用具,"Tenex 分层置放架, 黑色",235.48,2,0.0,49.28
7861,CN-202020-2596183,2021-05-28,2021-06-01,标准级,施立-16690,施立伟,公司,西安,陕西,中国,西北,家具-椅子-10002913,家具,椅子,"Office Star 椅垫, 每套两件",635.32,2,0.0,203.28
7862,CN-202020-2575295,2021-06-30,2021-07-04,标准级,白鹄-14050,白鹄,消费者,老河口,湖北,中国,中南,办公用-纸张-10002408,办公用品,纸张,"施乐 计划信息表, 每包 12 个",571.9,5,0.0,28.0
7877,US-202020-2688173,2021-11-29,2021-12-02,一级,范彩-10615,范彩,公司,虎门,广东,中国,中南,家具-椅子-10003884,家具,椅子,"Hon 扶手椅, 可调",5791.338,3,0.1,-128.982
7881,CN-202020-2859473,2021-02-14,2021-02-18,标准级,万虹-13900,万虹,消费者,石家庄,河北,中国,华北,办公用-信封-10000017,办公用品,信封,"Jiffy 局间信封, 银色",911.68,4,0.0,118.16
7914,CN-202020-3924364,2021-09-14,2021-09-18,标准级,邱德-12055,邱德,小型企业,洛阳,广东,中国,中南,技术-复印-10003306,技术,复印机,"Hewlett 传真复印机, 每套两件",3600.24,4,0.0,719.6
7919,CN-202020-2558996,2021-05-04,2021-05-06,二级,陈爽-20515,陈爽,小型企业,惠城,广东,中国,中南,技术-配件-10003885,技术,配件,"Enermax 闪存驱动器, 可编程",2609.88,13,0.0,547.82
7920,CN-202020-2558996,2021-05-04,2021-05-06,二级,陈爽-20515,陈爽,小型企业,惠城,广东,中国,中南,家具-椅子-10002161,家具,椅子,"Harbour Creations 摇椅, 每套两件",627.228,1,0.1,181.188
7921,CN-202020-2558996,2021-05-04,2021-05-06,二级,陈爽-20515,陈爽,小型企业,惠城,广东,中国,中南,家具-椅子-10004390,家具,椅子,"SAFCO 扶手椅, 每套两件",7789.824,4,0.1,3202.304
7922,CN-202020-2558996,2021-05-04,2021-05-06,二级,陈爽-20515,陈爽,小型企业,惠城,广东,中国,中南,家具-书架-10003237,家具,书架,"宜家 书架, 白色",2335.2,4,0.0,46.48
7923,CN-202020-2558996,2021-05-04,2021-05-06,二级,陈爽-20515,陈爽,小型企业,惠城,广东,中国,中南,办公用-系固-10002171,办公用品,系固件,"Stockwell 订书钉, 整包",145.74,3,0.0,46.62
7930,CN-202020-1730893,2021-07-27,2021-07-28,一级,姚凤-13015,姚凤,消费者,牙克石,内蒙古,中国,华北,技术-电话-10000942,技术,电话,"思科 智能手机, 整包",387.996,1,0.4,-129.444
7935,CN-202020-2381293,2021-05-23,2021-05-23,当日,林凤-12895,林凤,消费者,兴化,江苏,中国,华东,技术-复印-10003250,技术,复印机,"Hewlett 墨水, 红色",1233.792,3,0.4,20.412
7936,CN-202020-2381293,2021-05-23,2021-05-23,当日,林凤-12895,林凤,消费者,兴化,江苏,中国,华东,家具-椅子-10001807,家具,椅子,"SAFCO 折叠椅, 每套两件",985.152,4,0.4,-410.928
7953,CN-202020-5792032,2021-04-12,2021-04-12,当日,马丽-15910,马丽,消费者,西安,陕西,中国,西北,办公用-信封-10004257,办公用品,信封,"Jiffy 局间信封, 每套 50 个",650.16,3,0.0,188.16
7961,CN-202020-2265001,2021-11-19,2021-11-24,标准级,杨诚-11380,杨诚,公司,威海,山东,中国,华东,家具-书架-10003069,家具,书架,"Safco 搁架, 金属",1831.2,2,0.0,604.24
7967,US-202020-2303851,2021-12-08,2021-12-12,标准级,曹娜-18580,曹娜,公司,株洲,湖南,中国,中南,办公用-标签-10003739,办公用品,标签,"Avery 文件夹标签, 耐用",310.66,7,0.0,117.6
7968,US-202020-2303851,2021-12-08,2021-12-12,标准级,曹娜-18580,曹娜,公司,株洲,湖南,中国,中南,办公用-器具-10002796,办公用品,器具,"Hamilton Beach 烤面包机, 银色",2175.04,8,0.0,347.2
7969,US-202020-2303851,2021-12-08,2021-12-12,标准级,曹娜-18580,曹娜,公司,株洲,湖南,中国,中南,家具-用具-10001410,家具,用具,"Advantus 门挡, 黑色",210.14,1,0.0,35.7
7970,US-202020-2303851,2021-12-08,2021-12-12,标准级,曹娜-18580,曹娜,公司,株洲,湖南,中国,中南,办公用-信封-10000866,办公用品,信封,"Jiffy 外皮和封条, 银色",522.9,5,0.0,245.7
7971,US-202020-2303851,2021-12-08,2021-12-12,标准级,曹娜-18580,曹娜,公司,株洲,湖南,中国,中南,技术-电话-10002475,技术,电话,"诺基亚 办公室电话机, 全尺寸",2789.64,9,0.0,864.36
7972,US-202020-2303851,2021-12-08,2021-12-12,标准级,曹娜-18580,曹娜,公司,株洲,湖南,中国,中南,办公用-信封-10001091,办公用品,信封,"Kraft 商业信封, 回收",355.6,5,0.0,113.4
7974,CN-202020-3581176,2021-10-06,2021-10-12,标准级,叶柏-19030,叶柏,公司,洛阳,广东,中国,中南,技术-配件-10002107,技术,配件,"贝尔金 闪存驱动器, 实惠",195.72,1,0.0,25.34
7975,CN-202020-3581176,2021-10-06,2021-10-12,标准级,叶柏-19030,叶柏,公司,洛阳,广东,中国,中南,办公用-用品-10003696,办公用品,用品,"Elite 尺子, 蓝色",128.8,2,0.0,24.36
7976,CN-202020-3581176,2021-10-06,2021-10-12,标准级,叶柏-19030,叶柏,公司,洛阳,广东,中国,中南,办公用-用品-10002431,办公用品,用品,"Kleencut 剪刀, 锯齿状",265.86,3,0.0,82.32
7977,CN-202020-3581176,2021-10-06,2021-10-12,标准级,叶柏-19030,叶柏,公司,洛阳,广东,中国,中南,家具-椅子-10000578,家具,椅子,"SAFCO 扶手椅, 可调",9742.32,5,0.1,2272.62
8009,US-202020-3275681,2021-10-07,2021-10-11,标准级,佘丽-15925,佘丽,消费者,杨村,天津,中国,华北,办公用-纸张-10004274,办公用品,纸张,"Eaton 备忘录便条, 每包 12 个",166.88,2,0.0,46.48
8010,US-202020-3275681,2021-10-07,2021-10-11,标准级,佘丽-15925,佘丽,消费者,杨村,天津,中国,华北,办公用-用品-10000638,办公用品,用品,"Kleencut 大剪刀, 蓝色",218.26,1,0.0,63.28
8041,CN-202020-5105254,2021-10-26,2021-11-01,标准级,孟珊-19885,孟珊,公司,重庆,重庆,中国,西南,家具-用具-10001078,家具,用具,"Advantus 灯泡, 优质",87.22,1,0.0,8.68
8042,CN-202020-5105254,2021-10-26,2021-11-01,标准级,孟珊-19885,孟珊,公司,重庆,重庆,中国,西南,办公用-系固-10002262,办公用品,系固件,"Stockwell 图钉, 每包 12 个",181.44,3,0.0,88.62
8043,CN-202020-5105254,2021-10-26,2021-11-01,标准级,孟珊-19885,孟珊,公司,重庆,重庆,中国,西南,办公用-用品-10000553,办公用品,用品,"Kleencut 美工刀, 蓝色",646.8,4,0.0,316.4
8065,CN-202020-1186689,2021-10-18,2021-10-23,标准级,庄伟-21460,庄伟,小型企业,日照,山东,中国,华东,家具-用具-10003459,家具,用具,"Rubvermaid 框架, 优质",3544.66,7,0.0,212.66
8066,CN-202020-1186689,2021-10-18,2021-10-23,标准级,庄伟-21460,庄伟,小型企业,日照,山东,中国,华东,办公用-器具-10003725,办公用品,器具,"Breville 搅拌机, 银色",1273.86,3,0.0,598.5
8067,CN-202020-5564146,2021-06-04,2021-06-08,二级,白忠-11515,白忠,消费者,大同,安徽,中国,华东,技术-复印-10003468,技术,复印机,"佳能 个人复印机, 红色",2630.88,4,0.0,0.0
8068,CN-202020-5564146,2021-06-04,2021-06-08,二级,白忠-11515,白忠,消费者,大同,安徽,中国,华东,家具-桌子-10003819,家具,桌子,"Chromcraft 圆桌, 黑色",1634.85,1,0.25,174.37
8073,CN-202020-4269674,2021-05-21,2021-05-23,二级,葛毅-12505,葛毅,消费者,张家口,河北,中国,华北,技术-配件-10003154,技术,配件,"Enermax 鼠标, 实惠",376.04,2,0.0,93.8
8094,CN-202020-4141331,2021-09-23,2021-09-28,标准级,陈霖-17500,陈霖,消费者,苏州,江苏,中国,华东,家具-书架-10000581,家具,书架,"Dania 墙角架, 金属",680.568,2,0.4,-408.352
8095,CN-202020-4141331,2021-09-23,2021-09-28,标准级,陈霖-17500,陈霖,消费者,苏州,江苏,中国,华东,办公用-收纳-10004747,办公用品,收纳具,"Eldon 文件夹, 单宽度",396.9,5,0.0,126.7
8099,CN-202020-4180783,2021-09-21,2021-09-24,一级,冯立-16735,冯立,消费者,聊城,山东,中国,华东,家具-椅子-10000270,家具,椅子,"Novimex 凳子, 黑色",3024.56,4,0.0,574.56
8100,CN-202020-4180783,2021-09-21,2021-09-24,一级,冯立-16735,冯立,消费者,聊城,山东,中国,华东,技术-配件-10002808,技术,配件,"罗技 路由器, 耐用",2310.28,2,0.0,462.0
8101,CN-202020-4180783,2021-09-21,2021-09-24,一级,冯立-16735,冯立,消费者,聊城,山东,中国,华东,家具-用具-10001201,家具,用具,"Eldon 门挡, 优质",682.92,3,0.0,334.32
8102,CN-202020-4180783,2021-09-21,2021-09-24,一级,冯立-16735,冯立,消费者,聊城,山东,中国,华东,办公用-装订-10002960,办公用品,装订机,"Acco 孔加固材料, 耐用",114.24,3,0.0,3.36
8109,CN-202020-2844736,2021-03-09,2021-03-13,标准级,邢良-17140,邢良,消费者,张掖,甘肃,中国,西北,家具-书架-10003069,家具,书架,"Safco 搁架, 金属",3845.52,7,0.4,-448.84
8110,CN-202020-2844736,2021-03-09,2021-03-13,标准级,邢良-17140,邢良,消费者,张掖,甘肃,中国,西北,技术-电话-10001957,技术,电话,"摩托罗拉 智能手机, 整包",727.272,2,0.4,-169.848
8122,CN-202020-4850175,2021-11-25,2021-11-30,标准级,丁蔓-18025,丁蔓楚,消费者,南岔,黑龙江,中国,东北,办公用-器具-10000736,办公用品,器具,"KitchenAid 冰箱, 红色",22173.48,9,0.0,5320.98
8124,CN-202020-2543675,2021-05-01,2021-05-08,标准级,白栋-12295,白栋,消费者,沈阳,辽宁,中国,东北,技术-电话-10001271,技术,电话,"摩托罗拉 耳机, 整包",447.048,2,0.4,-37.352
8125,CN-202020-2543675,2021-05-01,2021-05-08,标准级,白栋-12295,白栋,消费者,沈阳,辽宁,中国,东北,家具-用具-10001467,家具,用具,"Advantus 分层置放架, 一包多件",370.02,5,0.4,-86.38
8128,CN-202020-3805086,2021-03-25,2021-03-25,当日,韦达-11830,韦达侠,公司,肇庆,广东,中国,中南,办公用-系固-10003763,办公用品,系固件,"Advantus 图钉, 整包",190.26,3,0.0,43.68
8129,CN-202020-3805086,2021-03-25,2021-03-25,当日,韦达-11830,韦达侠,公司,肇庆,广东,中国,中南,技术-复印-10002888,技术,复印机,"Hewlett 传真复印机, 数字化",3593.52,4,0.0,1185.52
8130,CN-202020-3805086,2021-03-25,2021-03-25,当日,韦达-11830,韦达侠,公司,肇庆,广东,中国,中南,家具-椅子-10000908,家具,椅子,"Office Star 凳子, 每套两件",4439.988,6,0.1,-99.372
8131,CN-202020-3805086,2021-03-25,2021-03-25,当日,韦达-11830,韦达侠,公司,肇庆,广东,中国,中南,办公用-美术-10002494,办公用品,美术,"BIC 铅笔刀, 蓝色",1191.344,11,0.2,222.684
8132,CN-202020-3805086,2021-03-25,2021-03-25,当日,韦达-11830,韦达侠,公司,肇庆,广东,中国,中南,办公用-用品-10004161,办公用品,用品,"Kleencut 修剪器, 工业",602.7,3,0.0,60.06
8133,CN-202020-2042105,2021-12-15,2021-12-19,标准级,麦平-19150,麦平,消费者,襄樊,湖北,中国,中南,家具-用具-10001098,家具,用具,"Rubvermaid 分层置放架, 黑色",492.744,7,0.4,-156.996
8134,CN-202020-2042105,2021-12-15,2021-12-19,标准级,麦平-19150,麦平,消费者,襄樊,湖北,中国,中南,家具-书架-10000942,家具,书架,"Dania 柜, 黑色",1599.36,4,0.4,-399.84
8135,CN-202020-2042105,2021-12-15,2021-12-19,标准级,麦平-19150,麦平,消费者,襄樊,湖北,中国,中南,家具-用具-10000234,家具,用具,"Tenex 灯泡, 优质",98.28,2,0.4,-41.16
8136,CN-202020-2042105,2021-12-15,2021-12-19,标准级,麦平-19150,麦平,消费者,襄樊,湖北,中国,中南,技术-电话-10003599,技术,电话,"思科 智能手机, 全尺寸",1956.78,5,0.4,-783.02
8137,CN-202020-2042105,2021-12-15,2021-12-19,标准级,麦平-19150,麦平,消费者,襄樊,湖北,中国,中南,家具-用具-10002855,家具,用具,"Deflect-O 分层置放架, 黑色",637.308,9,0.4,-21.672
8144,CN-202020-3097655,2021-02-01,2021-02-04,二级,袁丽-16210,袁丽华,公司,鱼洞,重庆,中国,西南,办公用-装订-10003973,办公用品,装订机,"Ibico 装订机, 实惠",288.96,4,0.0,83.44
8146,CN-202020-3693431,2021-08-19,2021-08-23,标准级,蔡安-10270,蔡安,消费者,郑州,河南,中国,中南,办公用-装订-10002471,办公用品,装订机,"Acco 订书机, 实惠",1668.94,7,0.0,516.46
8162,CN-202020-2166981,2021-06-01,2021-06-07,标准级,黄芳-12760,黄芳,公司,八步,广西,中国,中南,办公用-装订-10001078,办公用品,装订机,"Ibico 订书机, 回收",241.64,1,0.0,91.7
8163,CN-202020-2281857,2021-06-09,2021-06-13,二级,涂辉-12655,涂辉,小型企业,浯溪,湖南,中国,中南,办公用-装订-10003128,办公用品,装订机,"Wilson Jones 孔加固材料, 耐用",84.42,3,0.0,0.0
8168,CN-202020-2681471,2021-09-14,2021-09-14,当日,施良-17155,施良,消费者,青岛,山东,中国,华东,家具-椅子-10002544,家具,椅子,"SAFCO 凳子, 黑色",3861.9,5,0.0,617.4
8169,CN-202020-2681471,2021-09-14,2021-09-14,当日,施良-17155,施良,消费者,青岛,山东,中国,华东,办公用-系固-10003277,办公用品,系固件,"Stockwell 图钉, 每包 12 个",58.66,1,0.0,25.2
8170,CN-202020-2681471,2021-09-14,2021-09-14,当日,施良-17155,施良,消费者,青岛,山东,中国,华东,办公用-标签-10000389,办公用品,标签,"Smead 合法证物标签, 白色",310.8,6,0.0,18.48
8171,CN-202020-2681471,2021-09-14,2021-09-14,当日,施良-17155,施良,消费者,青岛,山东,中国,华东,办公用-装订-10002836,办公用品,装订机,"Avery 订书机, 回收",918.4,4,0.0,82.32
8172,CN-202020-2681471,2021-09-14,2021-09-14,当日,施良-17155,施良,消费者,青岛,山东,中国,华东,办公用-收纳-10002847,办公用品,收纳具,"Tenex 文件车, 金属",3108.0,5,0.0,994.0
8183,CN-202020-4774798,2021-11-01,2021-11-05,标准级,廖保-10345,廖保,公司,深圳,广东,中国,中南,家具-椅子-10000519,家具,椅子,"SAFCO 扶手椅, 黑色",5783.4,3,0.1,1092.42
8188,CN-202020-1803838,2021-10-25,2021-10-29,标准级,巩德-12070,巩德,小型企业,长春,吉林,中国,东北,办公用-标签-10002697,办公用品,标签,"Smead 运输标签, 红色",213.36,4,0.0,93.52
8201,CN-202020-4940133,2021-12-23,2021-12-28,标准级,柳明-18310,柳明,小型企业,唐山,河北,中国,华北,办公用-标签-10002381,办公用品,标签,"Harbour Creations 运输标签, 耐用",110.6,2,0.0,52.92
8202,CN-202020-4940133,2021-12-23,2021-12-28,标准级,柳明-18310,柳明,小型企业,唐山,河北,中国,华北,办公用-器具-10003572,办公用品,器具,"Breville 咖啡研磨机, 黑色",1430.1,5,0.0,385.7
8203,CN-202020-4940133,2021-12-23,2021-12-28,标准级,柳明-18310,柳明,小型企业,唐山,河北,中国,华北,办公用-用品-10004652,办公用品,用品,"Stiletto 开信刀, 钢",648.2,5,0.0,32.2
8204,CN-202020-4940133,2021-12-23,2021-12-28,标准级,柳明-18310,柳明,小型企业,唐山,河北,中国,华北,技术-复印-10002682,技术,复印机,"佳能 传真机, 每套两件",2971.64,2,0.0,742.84
8205,CN-202020-4940133,2021-12-23,2021-12-28,标准级,柳明-18310,柳明,小型企业,唐山,河北,中国,华北,办公用-信封-10003939,办公用品,信封,"Cameo 商业信封, 回收",735.0,10,0.0,147.0
8210,CN-202020-4480622,2021-08-27,2021-08-30,一级,何虢-13480,何虢,小型企业,上海,上海,中国,华东,办公用-装订-10002960,办公用品,装订机,"Acco 孔加固材料, 耐用",114.24,3,0.0,3.36
8215,CN-202020-4246507,2021-01-17,2021-01-19,一级,蒋冬-12370,蒋冬露,消费者,天津,天津,中国,华北,家具-用具-10001796,家具,用具,"Eldon 灯泡, 黑色",235.2,2,0.0,103.32
8216,CN-202020-4246507,2021-01-17,2021-01-19,一级,蒋冬-12370,蒋冬露,消费者,天津,天津,中国,华北,家具-用具-10004946,家具,用具,"Eldon 框架, 黑色",2712.5,5,0.0,1247.4
8221,US-202020-4896054,2021-09-30,2021-10-04,标准级,宋良-17170,宋良,公司,合德,江苏,中国,华东,家具-椅子-10004059,家具,椅子,"Novimex 扶手椅, 每套两件",1288.56,1,0.4,-494.06
8222,US-202020-4896054,2021-09-30,2021-10-04,标准级,宋良-17170,宋良,公司,合德,江苏,中国,华东,技术-电话-10004336,技术,电话,"三星 办公室电话机, 全尺寸",1117.368,6,0.4,-37.632
8223,US-202020-4896054,2021-09-30,2021-10-04,标准级,宋良-17170,宋良,公司,合德,江苏,中国,华东,技术-电话-10004899,技术,电话,"苹果 智能手机, 混合尺寸",2472.54,7,0.4,-989.8
8224,US-202020-4896054,2021-09-30,2021-10-04,标准级,宋良-17170,宋良,公司,合德,江苏,中国,华东,办公用-收纳-10004292,办公用品,收纳具,"Rogers 文件车, 工业",4641.28,7,0.0,1299.48
8225,US-202020-4896054,2021-09-30,2021-10-04,标准级,宋良-17170,宋良,公司,合德,江苏,中国,华东,技术-复印-10001141,技术,复印机,"Brother 传真复印机, 每套两件",2680.86,5,0.4,-670.74
8226,US-202020-4896054,2021-09-30,2021-10-04,标准级,宋良-17170,宋良,公司,合德,江苏,中国,华东,办公用-信封-10001882,办公用品,信封,"Ames 邮寄品, 红色",367.64,2,0.0,157.92
8229,US-202020-2688173,2021-06-29,2021-07-03,标准级,吕关-15640,吕关茵,小型企业,保定,河北,中国,华北,办公用-收纳-10001617,办公用品,收纳具,"Tenex 锁柜, 金属",5690.16,6,0.0,2845.08
8230,US-202020-2688173,2021-06-29,2021-07-03,标准级,吕关-15640,吕关茵,小型企业,保定,河北,中国,华北,办公用-纸张-10004483,办公用品,纸张,"施乐 羊皮纸, 每包 12 个",406.0,5,0.0,97.3
8231,US-202020-2688173,2021-06-29,2021-07-03,标准级,吕关-15640,吕关茵,小型企业,保定,河北,中国,华北,技术-电话-10000014,技术,电话,"苹果 办公室电话机, 整包",610.12,2,0.0,134.12
8232,US-202020-2688173,2021-06-29,2021-07-03,标准级,吕关-15640,吕关茵,小型企业,保定,河北,中国,华北,技术-设备-10004877,技术,设备,"冲电器 喷墨打印机, 白色",13125.42,9,0.0,2493.54
8233,US-202020-2688173,2021-06-29,2021-07-03,标准级,吕关-15640,吕关茵,小型企业,保定,河北,中国,华北,办公用-用品-10002859,办公用品,用品,"Fiskars 大剪刀, 工业",919.52,4,0.0,238.56
8234,US-202020-2688173,2021-06-29,2021-07-03,标准级,吕关-15640,吕关茵,小型企业,保定,河北,中国,华北,办公用-系固-10003701,办公用品,系固件,"Stockwell 图钉, 混合尺寸",543.62,11,0.0,43.12
8241,CN-202020-2883758,2021-11-29,2021-12-01,一级,佟崆-15550,佟崆,小型企业,邢台,河北,中国,华北,家具-书架-10004836,家具,书架,"Safco 书架, 传统",2780.96,4,0.0,1195.6
8242,CN-202020-2883758,2021-11-29,2021-12-01,一级,佟崆-15550,佟崆,小型企业,邢台,河北,中国,华北,技术-配件-10000668,技术,配件,"SanDisk 路由器, 可编程",3609.9,3,0.0,1010.52
8243,CN-202020-2883758,2021-11-29,2021-12-01,一级,佟崆-15550,佟崆,小型企业,邢台,河北,中国,华北,办公用-收纳-10002508,办公用品,收纳具,"Fellowes 锁柜, 单宽度",1935.36,2,0.0,754.6
8244,CN-202020-2883758,2021-11-29,2021-12-01,一级,佟崆-15550,佟崆,小型企业,邢台,河北,中国,华北,办公用-系固-10003670,办公用品,系固件,"Advantus 按钉, 混合尺寸",110.88,2,0.0,49.84
8254,CN-202020-1122727,2021-03-22,2021-03-28,标准级,余嫒-10075,余嫒,公司,绥化,黑龙江,中国,东北,办公用-用品-10001414,办公用品,用品,"Kleencut 修剪器, 锯齿状",177.94,1,0.0,44.38
8255,CN-202020-1122727,2021-03-22,2021-03-28,标准级,余嫒-10075,余嫒,公司,绥化,黑龙江,中国,东北,办公用-收纳-10002508,办公用品,收纳具,"Fellowes 锁柜, 单宽度",1935.36,2,0.0,754.6
8256,CN-202020-1122727,2021-03-22,2021-03-28,标准级,余嫒-10075,余嫒,公司,绥化,黑龙江,中国,东北,办公用-收纳-10004188,办公用品,收纳具,"Smead 文件夹, 蓝色",408.1,5,0.0,167.3
8281,CN-202020-5094467,2021-10-21,2021-10-25,标准级,杨立-16600,杨立勤,公司,青岛,山东,中国,华东,办公用-用品-10000245,办公用品,用品,"Fiskars 大剪刀, 钢",1317.12,6,0.0,249.48
8283,CN-202020-1511005,2021-02-21,2021-02-25,标准级,潘涛-21205,潘涛,公司,宁海,山东,中国,华东,家具-椅子-10002532,家具,椅子,"Hon 椅垫, 可调",812.28,3,0.0,406.14
8284,CN-202020-1511005,2021-02-21,2021-02-25,标准级,潘涛-21205,潘涛,公司,宁海,山东,中国,华东,办公用-收纳-10000871,办公用品,收纳具,"Eldon 盒, 工业",200.48,4,0.0,38.08
8288,CN-202020-4641447,2021-12-09,2021-12-11,二级,康娇-14680,康娇,消费者,西安,陕西,中国,西北,技术-电话-10001440,技术,电话,"摩托罗拉 智能手机, 混合尺寸",2475.76,4,0.0,1089.2
8289,CN-202020-4641447,2021-12-09,2021-12-11,二级,康娇-14680,康娇,消费者,西安,陕西,中国,西北,办公用-收纳-10000186,办公用品,收纳具,"Eldon 搁板, 单宽度",678.3,3,0.0,298.2
8300,CN-202020-1455125,2021-08-17,2021-08-20,一级,邱博-10495,邱博,公司,齐齐哈尔,黑龙江,中国,东北,办公用-纸张-10002399,办公用品,纸张,"Green Bar 备忘录便条, 回收",236.04,3,0.0,0.0
8303,CN-202020-1786532,2021-10-10,2021-10-12,一级,韩虎-14005,韩虎,小型企业,丹东,辽宁,中国,东北,技术-复印-10004642,技术,复印机,"夏普 传真机, 每套两件",4139.1,5,0.4,-2000.6
8304,CN-202020-1786532,2021-10-10,2021-10-12,一级,韩虎-14005,韩虎,小型企业,丹东,辽宁,中国,东北,家具-椅子-10002544,家具,椅子,"SAFCO 凳子, 黑色",1390.284,3,0.4,-556.416
8305,CN-202020-1786532,2021-10-10,2021-10-12,一级,韩虎-14005,韩虎,小型企业,丹东,辽宁,中国,东北,技术-配件-10002609,技术,配件,"Memorex 键区, 耐用",635.88,5,0.4,20.58
8306,CN-202020-1786532,2021-10-10,2021-10-12,一级,韩虎-14005,韩虎,小型企业,丹东,辽宁,中国,东北,家具-书架-10003617,家具,书架,"Bush 书架, 黑色",1748.04,5,0.4,-437.36
8315,CN-202020-4448783,2021-06-27,2021-06-29,二级,邹丽-17680,邹丽雪,小型企业,山河屯,黑龙江,中国,东北,家具-桌子-10002831,家具,桌子,"Chromcraft 咖啡桌, 组装",4699.8,5,0.25,1440.6
8324,US-202020-2642546,2021-10-31,2021-11-04,标准级,陶聪-11725,陶聪,消费者,金华,浙江,中国,华东,技术-电话-10001493,技术,电话,"三星 充电器, 整包",12470.304,7,0.4,-2702.056
8325,US-202020-2642546,2021-10-31,2021-11-04,标准级,陶聪-11725,陶聪,消费者,金华,浙江,中国,华东,办公用-收纳-10002059,办公用品,收纳具,"Tenex 搁板, 工业",771.96,3,0.0,200.34
8326,US-202020-2642546,2021-10-31,2021-11-04,标准级,陶聪-11725,陶聪,消费者,金华,浙江,中国,华东,家具-书架-10002369,家具,书架,"Dania 书架, 金属",1694.7,5,0.4,0.0
8327,US-202020-2642546,2021-10-31,2021-11-04,标准级,陶聪-11725,陶聪,消费者,金华,浙江,中国,华东,办公用-信封-10000017,办公用品,信封,"Jiffy 局间信封, 银色",1595.44,7,0.0,206.78
8328,US-202020-2642546,2021-10-31,2021-11-04,标准级,陶聪-11725,陶聪,消费者,金华,浙江,中国,华东,办公用-装订-10002960,办公用品,装订机,"Acco 孔加固材料, 耐用",45.696,2,0.4,-28.224
8329,US-202020-2642546,2021-10-31,2021-11-04,标准级,陶聪-11725,陶聪,消费者,金华,浙江,中国,华东,办公用-用品-10000032,办公用品,用品,"Acme 美工刀, 工业",331.128,3,0.4,-132.552
8330,US-202020-2642546,2021-10-31,2021-11-04,标准级,陶聪-11725,陶聪,消费者,金华,浙江,中国,华东,家具-用具-10001796,家具,用具,"Eldon 灯泡, 黑色",141.12,2,0.4,9.24
8331,CN-202020-3981825,2021-05-12,2021-05-16,标准级,范刚-13135,范刚,消费者,烟台,山东,中国,华东,办公用-纸张-10000778,办公用品,纸张,"施乐 备忘录便条, 回收",125.44,2,0.0,14.84
8340,CN-202020-4230867,2021-05-30,2021-06-04,二级,麦平-19150,麦平,消费者,无锡,江苏,中国,华东,办公用-美术-10001243,办公用品,美术,"BIC 记号笔, 金属",51.688,2,0.8,-196.672
8341,CN-202020-4230867,2021-05-30,2021-06-04,二级,麦平-19150,麦平,消费者,无锡,江苏,中国,华东,家具-用具-10003979,家具,用具,"Deflect-O 框架, 耐用",899.388,3,0.4,-450.072
8342,CN-202020-4230867,2021-05-30,2021-06-04,二级,麦平-19150,麦平,消费者,无锡,江苏,中国,华东,办公用-装订-10000287,办公用品,装订机,"Wilson Jones 孔加固材料, 实惠",25.368,2,0.4,-6.832
8343,CN-202020-4230867,2021-05-30,2021-06-04,二级,麦平-19150,麦平,消费者,无锡,江苏,中国,华东,办公用-标签-10004577,办公用品,标签,"Novimex 可去除的标签, 耐用",95.76,2,0.0,12.32
8347,CN-202020-2316295,2021-10-17,2021-10-19,二级,常惠-14305,常惠英,消费者,呼和浩特,内蒙古,中国,华北,办公用-标签-10002535,办公用品,标签,"Hon 可去除的标签, 耐用",49.7,1,0.0,9.94
8352,CN-202020-5525339,2021-01-02,2021-01-07,二级,俞毅-12520,俞毅,消费者,江口,福建,中国,华东,家具-椅子-10003377,家具,椅子,"SAFCO 折叠椅, 黑色",388.64,1,0.0,23.24
8353,CN-202020-5525339,2021-01-02,2021-01-07,二级,俞毅-12520,俞毅,消费者,江口,福建,中国,华东,技术-配件-10003567,技术,配件,"罗技 鼠标, 回收",252.84,2,0.0,83.16
8354,CN-202020-5525339,2021-01-02,2021-01-07,二级,俞毅-12520,俞毅,消费者,江口,福建,中国,华东,技术-复印-10004787,技术,复印机,"佳能 墨水, 红色",2034.9,3,0.0,793.38
8355,CN-202020-5525339,2021-01-02,2021-01-07,二级,俞毅-12520,俞毅,消费者,江口,福建,中国,华东,技术-电话-10003187,技术,电话,"诺基亚 充电器, 混合尺寸",20871.06,7,0.0,9808.82
8356,CN-202020-5525339,2021-01-02,2021-01-07,二级,俞毅-12520,俞毅,消费者,江口,福建,中国,华东,办公用-收纳-10000198,办公用品,收纳具,"Rogers 盒, 工业",456.4,4,0.0,127.68
8363,CN-202020-4443651,2021-11-18,2021-11-23,二级,邹伟-21610,邹伟,消费者,泰兴,江苏,中国,华东,办公用-收纳-10002430,办公用品,收纳具,"Rogers 文件车, 单宽度",3304.7,5,0.0,1321.6
8364,CN-202020-4443651,2021-11-18,2021-11-23,二级,邹伟-21610,邹伟,消费者,泰兴,江苏,中国,华东,技术-配件-10003923,技术,配件,"SanDisk 记忆卡, 实惠",1573.74,5,0.4,-524.86
8365,CN-202020-4443651,2021-11-18,2021-11-23,二级,邹伟-21610,邹伟,消费者,泰兴,江苏,中国,华东,办公用-系固-10003118,办公用品,系固件,"Stockwell 夹子, 混合尺寸",280.224,6,0.4,-47.376
8367,CN-202020-2936253,2021-10-05,2021-10-09,标准级,付丽-15790,付丽,消费者,朝阳,辽宁,中国,东北,技术-电话-10004865,技术,电话,"诺基亚 智能手机, 蓝色",2298.8,4,0.0,275.52
8368,CN-202020-2936253,2021-10-05,2021-10-09,标准级,付丽-15790,付丽,消费者,朝阳,辽宁,中国,东北,办公用-装订-10002432,办公用品,装订机,"Avery 打孔机, 耐用",548.24,4,0.0,10.64
8397,CN-202020-2640851,2021-12-21,2021-12-23,一级,贾廉-17215,贾廉,消费者,常德,湖南,中国,中南,办公用-系固-10003020,办公用品,系固件,"Stockwell 订书钉, 每包 12 个",367.36,8,0.0,32.48
8416,CN-202020-2665116,2021-09-22,2021-09-24,二级,韦锦-14950,韦锦,消费者,洛阳,福建,中国,华东,办公用-标签-10002765,办公用品,标签,"Novimex 可去除的标签, 可调",145.04,4,0.0,3.92
8464,CN-202020-1830721,2021-05-10,2021-05-14,标准级,谢雯-21700,谢雯,小型企业,大同,山西,中国,华北,技术-电话-10002032,技术,电话,"苹果 耳机, 蓝色",1025.64,3,0.0,307.44
8475,CN-202020-2960006,2021-10-25,2021-10-30,标准级,邱梦-18160,邱梦,消费者,株洲,湖南,中国,中南,技术-复印-10001300,技术,复印机,"惠普 传真机, 每套两件",5598.88,4,0.0,1231.44
8476,CN-202020-2960006,2021-10-25,2021-10-30,标准级,邱梦-18160,邱梦,消费者,株洲,湖南,中国,中南,办公用-收纳-10001047,办公用品,收纳具,"Smead 锁柜, 蓝色",925.96,1,0.0,425.88
8482,CN-202020-2770008,2021-09-23,2021-09-27,标准级,俞丹-12025,俞丹,消费者,临海,浙江,中国,华东,办公用-装订-10000364,办公用品,装订机,"Ibico 孔加固材料, 耐用",47.544,2,0.4,3.864
8488,US-202020-4164715,2021-11-07,2021-11-10,一级,顾君-15220,顾君,公司,襄樊,湖北,中国,中南,办公用-系固-10002825,办公用品,系固件,"Advantus 订书钉, 整包",243.264,8,0.4,-69.216
8489,US-202020-4164715,2021-11-07,2021-11-10,一级,顾君-15220,顾君,公司,襄樊,湖北,中国,中南,办公用-系固-10003933,办公用品,系固件,"OIC 图钉, 每包 12 个",226.8,6,0.4,-45.36
8490,US-202020-4164715,2021-11-07,2021-11-10,一级,顾君-15220,顾君,公司,襄樊,湖北,中国,中南,技术-电话-10001359,技术,电话,"诺基亚 耳机, 整包",614.88,3,0.4,-31.08
8509,CN-202020-4318875,2021-05-23,2021-05-27,二级,顾磊-16030,顾磊,消费者,秦皇岛,河北,中国,华北,家具-用具-10003663,家具,用具,"Eldon 框架, 一包多件",542.78,1,0.0,189.84
8518,CN-202020-5278891,2021-09-19,2021-09-26,标准级,蒋光-13360,蒋光,小型企业,大连,辽宁,中国,东北,家具-椅子-10004126,家具,椅子,"Novimex 折叠椅, 黑色",670.32,3,0.4,-380.1
8519,CN-202020-5278891,2021-09-19,2021-09-26,标准级,蒋光-13360,蒋光,小型企业,大连,辽宁,中国,东北,办公用-器具-10003582,办公用品,器具,"KitchenAid 冰箱, 黑色",2953.272,2,0.4,-1132.208
8520,CN-202020-5278891,2021-09-19,2021-09-26,标准级,蒋光-13360,蒋光,小型企业,大连,辽宁,中国,东北,办公用-系固-10004619,办公用品,系固件,"Stockwell 订书钉, 金属",91.728,3,0.4,-52.332
8541,CN-202020-2292031,2021-10-24,2021-10-28,标准级,陈婉-21340,陈婉,消费者,襄樊,湖北,中国,中南,家具-椅子-10002162,家具,椅子,"Hon 摇椅, 可调",745.416,2,0.4,12.376
8542,CN-202020-2292031,2021-10-24,2021-10-28,标准级,陈婉-21340,陈婉,消费者,襄樊,湖北,中国,中南,办公用-装订-10004336,办公用品,装订机,"Acco 装订机盖, 实惠",74.592,2,0.4,-26.208
8543,CN-202020-5956361,2021-01-13,2021-01-17,标准级,薛柏-18985,薛柏,小型企业,大庆,黑龙江,中国,东北,办公用-纸张-10004521,办公用品,纸张,"Green Bar 信纸, 优质",1580.74,7,0.0,552.72
8544,CN-202020-5956361,2021-01-13,2021-01-17,标准级,薛柏-18985,薛柏,小型企业,大庆,黑龙江,中国,东北,办公用-装订-10004263,办公用品,装订机,"Acco 装订机, 实惠",212.1,3,0.0,39.9
8545,CN-202020-5956361,2021-01-13,2021-01-17,标准级,薛柏-18985,薛柏,小型企业,大庆,黑龙江,中国,东北,家具-用具-10002252,家具,用具,"Deflect-O 框架, 优质",507.08,1,0.0,243.32
8546,CN-202020-5956361,2021-01-13,2021-01-17,标准级,薛柏-18985,薛柏,小型企业,大庆,黑龙江,中国,东北,办公用-系固-10004381,办公用品,系固件,"Accos 图钉, 金属",322.0,5,0.0,12.6
8550,CN-202020-3898543,2021-09-01,2021-09-05,标准级,白立-16660,白立荣,消费者,保定,河北,中国,华北,办公用-装订-10002712,办公用品,装订机,"Ibico 标签, 实惠",166.32,4,0.0,11.2
8560,CN-202020-2554132,2021-01-08,2021-01-09,一级,洪毅-12490,洪毅,公司,武汉,湖北,中国,中南,办公用-系固-10000749,办公用品,系固件,"Stockwell 图钉, 金属",185.64,5,0.4,-43.96
8561,CN-202020-2554132,2021-01-08,2021-01-09,一级,洪毅-12490,洪毅,公司,武汉,湖北,中国,中南,办公用-用品-10003194,办公用品,用品,"Kleencut 尺子, 工业",127.512,3,0.4,-44.688
8562,CN-202020-2554132,2021-01-08,2021-01-09,一级,洪毅-12490,洪毅,公司,武汉,湖北,中国,中南,家具-书架-10001133,家具,书架,"Sauder 书库, 白色",3277.26,3,0.4,-1475.04
8563,CN-202020-2554132,2021-01-08,2021-01-09,一级,洪毅-12490,洪毅,公司,武汉,湖北,中国,中南,技术-电话-10003151,技术,电话,"三星 耳机, 混合尺寸",425.88,2,0.4,-206.08
8564,CN-202020-2554132,2021-01-08,2021-01-09,一级,洪毅-12490,洪毅,公司,武汉,湖北,中国,中南,办公用-纸张-10004623,办公用品,纸张,"施乐 计划信息表, 回收",189.28,2,0.0,64.12
8566,CN-202020-1996678,2021-04-20,2021-04-25,标准级,任梅-18115,任梅,小型企业,都匀,贵州,中国,西南,办公用-信封-10002118,办公用品,信封,"Kraft 局间信封, 红色",706.44,3,0.0,77.7
8569,CN-202020-4395048,2021-12-12,2021-12-15,一级,杨欢-14275,杨欢,公司,宜宾,四川,中国,西南,技术-复印-10000604,技术,复印机,"夏普 传真复印机, 彩色",1904.448,4,0.4,-285.712
8570,CN-202020-4395048,2021-12-12,2021-12-15,一级,杨欢-14275,杨欢,公司,宜宾,四川,中国,西南,技术-电话-10002745,技术,电话,"苹果 智能手机, 蓝色",345.24,1,0.4,-57.54
8571,CN-202020-4395048,2021-12-12,2021-12-15,一级,杨欢-14275,杨欢,公司,宜宾,四川,中国,西南,技术-配件-10002594,技术,配件,"SanDisk 键盘, 耐用",457.464,2,0.4,-282.296
8574,US-202020-4833083,2021-03-12,2021-03-16,标准级,秦淑-20440,秦淑芳,公司,成都,四川,中国,西南,技术-配件-10000080,技术,配件,"Memorex 键区, 可编程",392.364,3,0.4,-19.656
8575,US-202020-2503468,2021-12-07,2021-12-12,标准级,袁松-20785,袁松,消费者,枣阳,湖北,中国,中南,家具-桌子-10000067,家具,桌子,"Hon 圆桌, 长方形",1916.992,2,0.6,-2731.848
8576,US-202020-2503468,2021-12-07,2021-12-12,标准级,袁松-20785,袁松,消费者,枣阳,湖北,中国,中南,办公用-美术-10002415,办公用品,美术,"Boston 画布, 混合尺寸",212.128,4,0.8,-519.792
8595,US-202020-4309040,2021-02-20,2021-02-26,标准级,秦蔓-17920,秦蔓楚,消费者,蚌埠,安徽,中国,华东,技术-复印-10004944,技术,复印机,"惠普 无线传真机, 每套两件",10085.88,6,0.0,3529.68
8609,CN-202020-1070056,2021-09-23,2021-09-28,标准级,杨健-14605,杨健,消费者,北京,北京,中国,华北,家具-用具-10002926,家具,用具,"Deflect-O 分层置放架, 一包多件",473.2,4,0.0,155.68
8610,CN-202020-1070056,2021-09-23,2021-09-28,标准级,杨健-14605,杨健,消费者,北京,北京,中国,华北,家具-椅子-10002321,家具,椅子,"Novimex 椅垫, 可调",274.54,1,0.0,128.94
8611,CN-202020-1070056,2021-09-23,2021-09-28,标准级,杨健-14605,杨健,消费者,北京,北京,中国,华北,办公用-收纳-10002846,办公用品,收纳具,"Rogers 搁板, 工业",584.36,2,0.0,11.48
8612,CN-202020-1070056,2021-09-23,2021-09-28,标准级,杨健-14605,杨健,消费者,北京,北京,中国,华北,办公用-收纳-10004334,办公用品,收纳具,"Rogers 锁柜, 蓝色",3950.24,4,0.0,1461.04
8613,CN-202020-1070056,2021-09-23,2021-09-28,标准级,杨健-14605,杨健,消费者,北京,北京,中国,华北,办公用-系固-10000591,办公用品,系固件,"Stockwell 图钉, 整包",315.7,5,0.0,59.5
8614,CN-202020-1070056,2021-09-23,2021-09-28,标准级,杨健-14605,杨健,消费者,北京,北京,中国,华北,办公用-器具-10003676,办公用品,器具,"Hoover 烤面包机, 红色",1170.96,3,0.0,257.46
8615,CN-202020-1070056,2021-09-23,2021-09-28,标准级,杨健-14605,杨健,消费者,北京,北京,中国,华北,办公用-收纳-10001197,办公用品,收纳具,"Eldon 锁柜, 单宽度",923.72,1,0.0,434.14
8616,CN-202020-1070056,2021-09-23,2021-09-28,标准级,杨健-14605,杨健,消费者,北京,北京,中国,华北,办公用-装订-10002960,办公用品,装订机,"Acco 孔加固材料, 耐用",76.16,2,0.0,2.24
8617,CN-202020-1070056,2021-09-23,2021-09-28,标准级,杨健-14605,杨健,消费者,北京,北京,中国,华北,办公用-装订-10002552,办公用品,装订机,"Wilson Jones 装订机, 回收",437.08,7,0.0,156.8
8618,CN-202020-1070056,2021-09-23,2021-09-28,标准级,杨健-14605,杨健,消费者,北京,北京,中国,华北,办公用-标签-10000859,办公用品,标签,"Hon 合法证物标签, 白色",101.36,2,0.0,2.8
8619,CN-202020-1070056,2021-09-23,2021-09-28,标准级,杨健-14605,杨健,消费者,北京,北京,中国,华北,办公用-信封-10004446,办公用品,信封,"Jiffy 马尼拉纸信封, 银色",530.32,4,0.0,196.0
8621,US-202020-1166865,2021-12-30,2022-01-01,二级,孟珊-19885,孟珊,公司,重庆,重庆,中国,西南,办公用-收纳-10000480,办公用品,收纳具,"Tenex 锁柜, 蓝色",952.7,1,0.0,476.28
8623,US-202020-2642546,2021-06-03,2021-06-03,当日,麦忠-11500,麦忠,消费者,上海,上海,中国,华东,办公用-收纳-10001573,办公用品,收纳具,"Smead 盘, 蓝色",452.48,2,0.0,212.52
8624,US-202020-2642546,2021-06-03,2021-06-03,当日,麦忠-11500,麦忠,消费者,上海,上海,中国,华东,家具-书架-10003273,家具,书架,"Bush 古典书架, 白色",1937.6,1,0.0,96.88
8630,CN-202020-3197896,2021-12-10,2021-12-10,当日,陶磊-16105,陶磊,公司,温州,浙江,中国,华东,办公用-标签-10004959,办公用品,标签,"Smead 合法证物标签, 可调",168.0,4,0.0,33.6
8646,CN-202020-5671165,2021-07-05,2021-07-08,二级,洪梦-18205,洪梦,公司,青岛,山东,中国,华东,办公用-用品-10001494,办公用品,用品,"Kleencut 美工刀, 钢",317.8,2,0.0,76.16
8647,CN-202020-5671165,2021-07-05,2021-07-08,二级,洪梦-18205,洪梦,公司,青岛,山东,中国,华东,办公用-装订-10001078,办公用品,装订机,"Ibico 订书机, 回收",3382.96,14,0.0,1283.8
8660,CN-202020-1512811,2021-09-30,2021-10-06,标准级,罗平-19135,罗平,小型企业,拉萨,西藏,中国,西南,办公用-系固-10002340,办公用品,系固件,"OIC 按钉, 每包 12 个",200.76,3,0.0,3.78
8662,CN-202020-1734605,2021-08-29,2021-09-03,二级,夏松-20665,夏松,小型企业,杨柳青,天津,中国,华北,办公用-标签-10004030,办公用品,标签,"Harbour Creations 可去除的标签, 红色",189.84,4,0.0,39.76
8668,US-202020-5128542,2021-02-27,2021-03-02,二级,彭博-10555,彭博,公司,朝阳,辽宁,中国,东北,技术-电话-10003227,技术,电话,"诺基亚 信号增强器, 整包",764.904,2,0.4,-89.376
8685,US-202020-4676940,2021-03-02,2021-03-09,标准级,冯立-16735,冯立,消费者,汉沽,天津,中国,华北,办公用-用品-10000347,办公用品,用品,"Stiletto 尺子, 锯齿状",162.12,3,0.0,23.94
8686,US-202020-4676940,2021-03-02,2021-03-09,标准级,冯立-16735,冯立,消费者,汉沽,天津,中国,华北,家具-书架-10002612,家具,书架,"Bush 墙角架, 金属",576.1,1,0.0,126.7
8687,US-202020-4676940,2021-03-02,2021-03-09,标准级,冯立-16735,冯立,消费者,汉沽,天津,中国,华北,技术-配件-10002006,技术,配件,"Memorex 鼠标, 回收",242.48,2,0.0,43.4
8688,US-202020-4676940,2021-03-02,2021-03-09,标准级,冯立-16735,冯立,消费者,汉沽,天津,中国,华北,家具-椅子-10002020,家具,椅子,"Novimex 沙滩椅, 红色",643.44,3,0.0,257.04
8696,US-202020-1951831,2021-01-27,2021-02-01,标准级,林康-15400,林康,公司,滁州,安徽,中国,华东,技术-电话-10004290,技术,电话,"诺基亚 信号增强器, 蓝色",637.0,1,0.0,31.78
8703,CN-202020-4217149,2021-04-07,2021-04-12,二级,唐安-10240,唐安,消费者,温岭,浙江,中国,华东,办公用-标签-10000058,办公用品,标签,"Novimex 运输标签, 白色",358.68,7,0.0,168.56
8704,CN-202020-4217149,2021-04-07,2021-04-12,二级,唐安-10240,唐安,消费者,温岭,浙江,中国,华东,办公用-标签-10004327,办公用品,标签,"Novimex 文件夹标签, 可调",57.4,2,0.0,25.76
8705,CN-202020-4217149,2021-04-07,2021-04-12,二级,唐安-10240,唐安,消费者,温岭,浙江,中国,华东,办公用-系固-10001972,办公用品,系固件,"OIC 按钉, 金属",168.336,4,0.4,-33.824
8737,US-202020-5673737,2021-11-02,2021-11-07,标准级,夏明-18355,夏明媚,公司,成都,四川,中国,西南,技术-复印-10004980,技术,复印机,"佳能 复印机, 彩色",2952.096,4,0.4,-787.584
8738,US-202020-5673737,2021-11-02,2021-11-07,标准级,夏明-18355,夏明媚,公司,成都,四川,中国,西南,家具-椅子-10001559,家具,椅子,"Novimex 椅垫, 红色",473.256,3,0.4,-47.544
8739,CN-202020-1381339,2021-08-08,2021-08-08,当日,施菊-15040,施菊,消费者,泉州,福建,中国,华东,办公用-用品-10004353,办公用品,用品,"Elite 开信刀, 工业",269.92,2,0.0,118.72
8744,US-202020-2303851,2021-06-22,2021-06-24,二级,谭乐-17815,谭乐,消费者,常州,江苏,中国,华东,办公用-收纳-10003617,办公用品,收纳具,"Tenex 文件车, 单宽度",2504.32,4,0.0,425.6
8753,CN-202020-1829918,2021-10-06,2021-10-09,一级,万冬-12460,万冬露,消费者,洛阳,福建,中国,华东,办公用-收纳-10000871,办公用品,收纳具,"Eldon 盒, 工业",250.6,5,0.0,47.6
8754,CN-202020-1829918,2021-10-06,2021-10-09,一级,万冬-12460,万冬露,消费者,洛阳,福建,中国,华东,办公用-装订-10002699,办公用品,装订机,"Wilson Jones 装订机, 耐用",203.28,3,0.0,0.0
8755,CN-202020-1829918,2021-10-06,2021-10-09,一级,万冬-12460,万冬露,消费者,洛阳,福建,中国,华东,办公用-收纳-10004975,办公用品,收纳具,"Fellowes 文件夹, 工业",501.76,4,0.0,80.08
8756,US-202020-4825687,2021-11-30,2021-12-07,标准级,姚彩-10765,姚彩,小型企业,杭州,浙江,中国,华东,家具-椅子-10002059,家具,椅子,"SAFCO 凳子, 红色",1880.928,4,0.4,-1034.992
8757,US-202020-4825687,2021-11-30,2021-12-07,标准级,姚彩-10765,姚彩,小型企业,杭州,浙江,中国,华东,技术-复印-10001635,技术,复印机,"佳能 复印机, 红色",6560.568,9,0.4,-4265.352
8758,US-202020-4825687,2021-11-30,2021-12-07,标准级,姚彩-10765,姚彩,小型企业,杭州,浙江,中国,华东,家具-桌子-10002438,家具,桌子,"Hon 圆桌, 白色",2901.36,3,0.6,-1523.34
8759,US-202020-4825687,2021-11-30,2021-12-07,标准级,姚彩-10765,姚彩,小型企业,杭州,浙江,中国,华东,办公用-装订-10002471,办公用品,装订机,"Acco 订书机, 实惠",286.104,2,0.4,-43.176
8765,CN-202020-5816959,2021-04-05,2021-04-09,标准级,孙雯-21805,孙雯,公司,许昌,河南,中国,中南,家具-椅子-10002448,家具,椅子,"SAFCO 折叠椅, 红色",719.964,2,0.1,63.924
8768,CN-202020-4757396,2021-03-04,2021-03-09,标准级,陈锦-14830,陈锦,公司,洛阳,广东,中国,中南,办公用-纸张-10004087,办公用品,纸张,"Eaton 计划信息表, 回收",478.1,5,0.0,42.7
8799,CN-202020-3064620,2021-02-17,2021-02-21,二级,孟刚-13180,孟刚,公司,天津,天津,中国,华北,办公用-用品-10002305,办公用品,用品,"Elite 美工刀, 蓝色",1302.56,8,0.0,155.68
8826,CN-202020-3245528,2021-07-23,2021-07-28,二级,邓惠-14470,邓惠,消费者,临水,河北,中国,华北,办公用-系固-10002171,办公用品,系固件,"Stockwell 订书钉, 整包",145.74,3,0.0,46.62
8827,CN-202020-3245528,2021-07-23,2021-07-28,二级,邓惠-14470,邓惠,消费者,临水,河北,中国,华北,技术-复印-10000950,技术,复印机,"佳能 传真机, 彩色",8955.24,6,0.0,3581.76
8828,CN-202020-3245528,2021-07-23,2021-07-28,二级,邓惠-14470,邓惠,消费者,临水,河北,中国,华北,技术-配件-10004986,技术,配件,"贝尔金 路由器, 回收",3591.84,3,0.0,1328.88
8838,CN-202020-4225447,2021-12-21,2021-12-24,二级,许根-13240,许根基,小型企业,抚顺,辽宁,中国,东北,办公用-纸张-10003939,办公用品,纸张,"Green Bar 令, 回收",553.84,4,0.0,265.44
8839,US-202020-1166331,2021-01-04,2021-01-09,二级,徐虹-13840,徐虹,公司,金沙,江苏,中国,华东,办公用-纸张-10003357,办公用品,纸张,"Green Bar 笔记本, 优质",695.1,5,0.0,333.2
8840,US-202020-1166331,2021-01-04,2021-01-09,二级,徐虹-13840,徐虹,公司,金沙,江苏,中国,华东,家具-椅子-10002415,家具,椅子,"Novimex 摇椅, 红色",3312.036,9,0.4,-552.384
8841,US-202020-1166331,2021-01-04,2021-01-09,二级,徐虹-13840,徐虹,公司,金沙,江苏,中国,华东,家具-椅子-10001437,家具,椅子,"Hon 摇椅, 每套两件",1116.108,3,0.4,-260.652
8862,US-202020-2130965,2021-04-12,2021-04-18,标准级,葛蔓-17980,葛蔓楚,公司,潍坊,山东,中国,华东,办公用-美术-10004520,办公用品,美术,"Stanley 速写本, 金属",1279.32,6,0.0,511.56
8863,US-202020-2130965,2021-04-12,2021-04-18,标准级,葛蔓-17980,葛蔓楚,公司,潍坊,山东,中国,华东,技术-复印-10004302,技术,复印机,"Brother 无线传真机, 数字化",5298.3,3,0.0,1960.14
8877,CN-202020-5359666,2021-08-08,2021-08-12,标准级,武廷-21310,武廷,消费者,重庆,重庆,中国,西南,家具-用具-10001014,家具,用具,"Deflect-O 相框, 黑色",726.6,3,0.0,28.98
8884,CN-202020-2584532,2021-11-30,2021-12-02,二级,葛蔓-17980,葛蔓楚,公司,塘沽,天津,中国,华北,办公用-美术-10004772,办公用品,美术,"Stanley 钢笔, 金属",158.34,3,0.0,9.24
8885,CN-202020-2584532,2021-11-30,2021-12-02,二级,葛蔓-17980,葛蔓楚,公司,塘沽,天津,中国,华北,办公用-标签-10004976,办公用品,标签,"Hon 可去除的标签, 红色",141.12,3,0.0,30.66
8888,CN-202020-5908054,2021-07-12,2021-07-15,一级,白婵-10975,白婵,公司,宜昌,湖北,中国,中南,家具-用具-10004315,家具,用具,"Tenex 框架, 一包多件",2773.008,9,0.4,415.548
8889,CN-202020-5908054,2021-07-12,2021-07-15,一级,白婵-10975,白婵,公司,宜昌,湖北,中国,中南,办公用-收纳-10003711,办公用品,收纳具,"Smead 文件夹, 金属",386.4,5,0.0,189.0
8890,CN-202020-5908054,2021-07-12,2021-07-15,一级,白婵-10975,白婵,公司,宜昌,湖北,中国,中南,办公用-装订-10001290,办公用品,装订机,"Ibico 装订机, 透明",125.496,3,0.4,-46.284
8891,CN-202020-5908054,2021-07-12,2021-07-15,一级,白婵-10975,白婵,公司,宜昌,湖北,中国,中南,技术-复印-10001080,技术,复印机,"夏普 无线传真机, 彩色",7004.256,7,0.4,-4552.884
8947,CN-202020-4395048,2021-07-16,2021-07-23,标准级,吴磊-16165,吴磊,公司,兰州,甘肃,中国,西北,办公用-美术-10001035,办公用品,美术,"Boston 荧光笔, 金属",56.364,3,0.8,-157.836
8966,US-202020-3904829,2021-12-09,2021-12-16,标准级,吕君-15250,吕君,消费者,温州,浙江,中国,华东,技术-复印-10004535,技术,复印机,"佳能 墨水, 彩色",1248.156,3,0.4,-645.204
8967,US-202020-3904829,2021-12-09,2021-12-16,标准级,吕君-15250,吕君,消费者,温州,浙江,中国,华东,家具-椅子-10001559,家具,椅子,"Novimex 椅垫, 红色",157.752,1,0.4,-15.848
8968,US-202020-3904829,2021-12-09,2021-12-16,标准级,吕君-15250,吕君,消费者,温州,浙江,中国,华东,技术-设备-10000485,技术,设备,"爱普生 卡片打印机, 白色",2357.04,5,0.4,-1414.56
8969,US-202020-3904829,2021-12-09,2021-12-16,标准级,吕君-15250,吕君,消费者,温州,浙江,中国,华东,家具-书架-10004171,家具,书架,"Bush 搁架, 白色",2919.672,6,0.4,-536.088
8970,US-202020-3904829,2021-12-09,2021-12-16,标准级,吕君-15250,吕君,消费者,温州,浙江,中国,华东,办公用-装订-10002538,办公用品,装订机,"Acco 装订机, 透明",245.448,6,0.4,-163.632
8995,US-202020-4825687,2021-05-05,2021-05-09,标准级,吕兰-15700,吕兰,消费者,坪山,广东,中国,中南,家具-椅子-10000329,家具,椅子,"Novimex 扶手椅, 红色",1923.39,1,0.1,384.65
8996,US-202020-5165630,2021-01-06,2021-01-08,一级,柯婷-21100,柯婷,消费者,湛江,广东,中国,中南,办公用-标签-10004405,办公用品,标签,"Avery 文件夹标签, 白色",85.12,2,0.0,1.68
8997,US-202020-5165630,2021-01-06,2021-01-08,一级,柯婷-21100,柯婷,消费者,湛江,广东,中国,中南,技术-配件-10001666,技术,配件,"SanDisk 键区, 回收",496.16,2,0.0,198.24
8999,CN-202020-3189070,2021-11-04,2021-11-04,当日,余婵-11020,余婵,公司,淮阴,江苏,中国,华东,技术-配件-10003356,技术,配件,"Memorex 鼠标, 实惠",236.628,3,0.4,-4.032
9000,CN-202020-3189070,2021-11-04,2021-11-04,当日,余婵-11020,余婵,公司,淮阴,江苏,中国,华东,办公用-信封-10002707,办公用品,信封,"Cameo 局间信封, 每套 50 个",442.68,2,0.0,168.0
9001,CN-202020-3189070,2021-11-04,2021-11-04,当日,余婵-11020,余婵,公司,淮阴,江苏,中国,华东,家具-用具-10000645,家具,用具,"Deflect-O 相框, 耐用",959.028,7,0.4,-208.152
9007,CN-202020-4258082,2021-08-11,2021-08-11,当日,巩荣-19735,巩荣,消费者,长沙,湖南,中国,中南,办公用-信封-10004944,办公用品,信封,"Cameo 外皮和封条, 回收",554.4,6,0.0,160.44
9008,CN-202020-4258082,2021-08-11,2021-08-11,当日,巩荣-19735,巩荣,消费者,长沙,湖南,中国,中南,办公用-收纳-10003204,办公用品,收纳具,"Tenex 盒, 单宽度",462.84,6,0.0,216.72
9009,CN-202020-4258082,2021-08-11,2021-08-11,当日,巩荣-19735,巩荣,消费者,长沙,湖南,中国,中南,办公用-装订-10002836,办公用品,装订机,"Avery 订书机, 回收",1377.6,6,0.0,123.48
9011,CN-202020-1424056,2021-10-11,2021-10-16,标准级,吕灵-17575,吕灵,消费者,江门,广东,中国,中南,办公用-系固-10001082,办公用品,系固件,"Accos 图钉, 整包",319.2,5,0.0,25.2
9014,CN-202020-4141331,2021-08-01,2021-08-05,标准级,宋立-16840,宋立,消费者,沈阳,辽宁,中国,东北,技术-电话-10004015,技术,电话,"思科 充电器, 全尺寸",5482.512,3,0.4,-2649.948
9015,CN-202020-4141331,2021-08-01,2021-08-05,标准级,宋立-16840,宋立,消费者,沈阳,辽宁,中国,东北,办公用-信封-10003890,办公用品,信封,"Ames 马尼拉纸信封, 红色",131.74,1,0.0,49.98
9016,CN-202020-4141331,2021-08-01,2021-08-05,标准级,宋立-16840,宋立,消费者,沈阳,辽宁,中国,东北,技术-配件-10004550,技术,配件,"Memorex 路由器, 可编程",2774.352,4,0.4,-1156.288
9035,CN-202020-4360038,2021-11-29,2021-12-01,一级,林谦-19285,林谦,消费者,宜春,黑龙江,中国,东北,家具-用具-10004872,家具,用具,"Advantus 框架, 一包多件",1037.68,2,0.0,456.4
9051,CN-202020-2136895,2021-08-30,2021-09-04,标准级,韩凤-12820,韩凤,小型企业,敦化,吉林,中国,东北,技术-配件-10004228,技术,配件,"Enermax 键盘, 回收",2275.56,6,0.0,750.12
9054,CN-202020-3171627,2021-05-02,2021-05-07,标准级,黄岱-11860,黄岱,消费者,重庆,重庆,中国,西南,技术-设备-10000429,技术,设备,"柯尼卡 电话, 白色",789.6,2,0.0,371.0
9055,CN-202020-3171627,2021-05-02,2021-05-07,标准级,黄岱-11860,黄岱,消费者,重庆,重庆,中国,西南,办公用-美术-10000848,办公用品,美术,"Boston 记号笔, 整包",124.32,1,0.0,44.66
9057,CN-202020-4475873,2021-12-14,2021-12-15,一级,徐虎-14020,徐虎,消费者,哈尔滨,黑龙江,中国,东北,办公用-信封-10002929,办公用品,信封,"Jiffy 邮寄品, 每套 50 个",1561.14,9,0.0,452.34
9106,CN-202020-5404138,2021-05-03,2021-05-05,二级,葛欢-14215,葛欢,公司,万县,重庆,中国,西南,技术-复印-10001300,技术,复印机,"惠普 传真机, 每套两件",3359.328,3,0.2,83.748
9107,CN-202020-5404138,2021-05-03,2021-05-05,二级,葛欢-14215,葛欢,公司,万县,重庆,中国,西南,办公用-器具-10001974,办公用品,器具,"Cuisinart 咖啡研磨机, 黑色",710.08,4,0.0,70.56
9108,CN-202020-5404138,2021-05-03,2021-05-05,二级,葛欢-14215,葛欢,公司,万县,重庆,中国,西南,办公用-信封-10002389,办公用品,信封,"Kraft 外皮和封条, 每套 50 个",191.24,2,0.0,0.0
9125,CN-202020-3832812,2021-08-13,2021-08-17,标准级,麦平-19150,麦平,消费者,宿州,安徽,中国,华东,家具-椅子-10001258,家具,椅子,"Harbour Creations 扶手椅, 可调",11109.0,5,0.0,4998.7
9128,CN-202020-1743738,2021-08-11,2021-08-17,标准级,郝升-20095,郝升,消费者,昭通,云南,中国,西南,技术-配件-10000459,技术,配件,"Memorex 路由器, 实惠",5744.9,5,0.0,2067.8
9129,CN-202020-1743738,2021-08-11,2021-08-17,标准级,郝升-20095,郝升,消费者,昭通,云南,中国,西南,办公用-纸张-10001321,办公用品,纸张,"Eaton 笔记本, 每包 12 个",430.08,3,0.0,4.2
9130,CN-202020-1743738,2021-08-11,2021-08-17,标准级,郝升-20095,郝升,消费者,昭通,云南,中国,西南,办公用-美术-10004287,办公用品,美术,"BIC 记号笔, 蓝色",863.38,7,0.0,129.36
9131,CN-202020-1743738,2021-08-11,2021-08-17,标准级,郝升-20095,郝升,消费者,昭通,云南,中国,西南,技术-配件-10001523,技术,配件,"Enermax 路由器, 回收",2390.64,2,0.0,454.16
9146,CN-202020-1564715,2021-11-22,2021-11-24,二级,邓惠-14470,邓惠,消费者,鄂州,湖北,中国,中南,办公用-收纳-10002846,办公用品,收纳具,"Rogers 搁板, 工业",292.18,1,0.0,5.74
9147,CN-202020-1564715,2021-11-22,2021-11-24,二级,邓惠-14470,邓惠,消费者,鄂州,湖北,中国,中南,办公用-装订-10002432,办公用品,装订机,"Avery 打孔机, 耐用",575.652,7,0.4,-365.148
9148,CN-202020-1564715,2021-11-22,2021-11-24,二级,邓惠-14470,邓惠,消费者,鄂州,湖北,中国,中南,办公用-装订-10004876,办公用品,装订机,"Avery 标签, 实惠",106.344,6,0.4,17.304
9149,CN-202020-1564715,2021-11-22,2021-11-24,二级,邓惠-14470,邓惠,消费者,鄂州,湖北,中国,中南,家具-椅子-10003884,家具,椅子,"Hon 扶手椅, 可调",3860.892,3,0.4,-2059.428
9150,CN-202020-4644475,2021-08-02,2021-08-07,标准级,袁岱-11905,袁岱,小型企业,盐城,江苏,中国,华东,办公用-信封-10000832,办公用品,信封,"Ames 商业信封, 红色",339.36,4,0.0,108.08
9155,CN-202020-1232384,2021-08-22,2021-08-22,当日,巩德-12070,巩德,小型企业,虢镇,陕西,中国,西北,技术-复印-10001101,技术,复印机,"夏普 无线传真机, 红色",1652.56,1,0.0,495.74
9156,CN-202020-1232384,2021-08-22,2021-08-22,当日,巩德-12070,巩德,小型企业,虢镇,陕西,中国,西北,办公用-纸张-10000328,办公用品,纸张,"Green Bar 备忘录便条, 每包 12 个",98.42,1,0.0,3.92
9165,US-202020-5956912,2021-06-30,2021-07-02,一级,唐爽-20560,唐爽,小型企业,重庆,重庆,中国,西南,办公用-用品-10003194,办公用品,用品,"Kleencut 尺子, 工业",141.68,2,0.0,26.88
9180,CN-202020-3898543,2021-08-12,2021-08-14,二级,吕丽-15895,吕丽,公司,梅河口,吉林,中国,东北,技术-复印-10004864,技术,复印机,"Hewlett 传真机, 红色",4453.68,3,0.0,1647.66
9194,CN-202020-2571041,2021-12-14,2021-12-17,一级,孙谙-18835,孙谙,公司,贵阳,贵州,中国,西南,办公用-装订-10004132,办公用品,装订机,"Cardinal 孔加固材料, 实惠",49.84,2,0.0,6.44
9195,US-202020-5495957,2021-06-03,2021-06-07,标准级,黄婷-21085,黄婷,消费者,肃州,甘肃,中国,西北,家具-椅子-10002303,家具,椅子,"Harbour Creations 椅垫, 红色",201.6,1,0.4,-13.44
9198,CN-202020-3534471,2021-12-22,2021-12-25,一级,潘荷-13735,潘荷,小型企业,天津,天津,中国,华北,技术-复印-10002540,技术,复印机,"惠普 传真复印机, 彩色",2440.62,3,0.0,829.5
9209,CN-202020-4173591,2021-05-31,2021-06-05,标准级,徐健-14590,徐健,公司,台城,广东,中国,中南,技术-电话-10004558,技术,电话,"思科 办公室电话机, 整包",1127.7,3,0.0,180.18
9210,CN-202020-4173591,2021-05-31,2021-06-05,标准级,徐健-14590,徐健,公司,台城,广东,中国,中南,办公用-信封-10002932,办公用品,信封,"Kraft 外皮和封条, 银色",427.28,4,0.0,42.56
9211,CN-202020-4173591,2021-05-31,2021-06-05,标准级,徐健-14590,徐健,公司,台城,广东,中国,中南,办公用-装订-10000183,办公用品,装订机,"Cardinal 订书机, 实惠",696.78,3,0.0,257.46
9225,CN-202020-2989709,2021-04-05,2021-04-09,标准级,秦君-15175,秦君,小型企业,北京,北京,中国,华北,办公用-美术-10001683,办公用品,美术,"Boston 画布, 蓝色",750.96,3,0.0,97.44
9226,CN-202020-2989709,2021-04-05,2021-04-09,标准级,秦君-15175,秦君,小型企业,北京,北京,中国,华北,办公用-装订-10001257,办公用品,装订机,"Ibico 打孔机, 实惠",994.7,7,0.0,188.16
9228,CN-202020-3404134,2021-05-07,2021-05-12,标准级,龙谦-19300,龙谦,消费者,汕头,广东,中国,中南,办公用-装订-10004589,办公用品,装订机,"Avery 孔加固材料, 耐用",55.16,2,0.0,0.84
9249,CN-202020-5497693,2021-11-29,2021-12-03,标准级,佘凤-12955,佘凤,公司,莘县,山东,中国,华东,技术-电话-10003432,技术,电话,"三星 音频基座, 蓝色",2335.62,3,0.0,350.28
9259,US-202020-3737485,2021-07-25,2021-08-01,标准级,袁平-19210,袁平,公司,太原,山西,中国,华北,办公用-美术-10000387,办公用品,美术,"BIC 荧光笔, 金属",188.44,2,0.0,80.92
9260,US-202020-3737485,2021-07-25,2021-08-01,标准级,袁平-19210,袁平,公司,太原,山西,中国,华北,办公用-用品-10004243,办公用品,用品,"Acme 大剪刀, 钢",690.48,3,0.0,275.94
9261,US-202020-3737485,2021-07-25,2021-08-01,标准级,袁平-19210,袁平,公司,太原,山西,中国,华北,办公用-纸张-10003967,办公用品,纸张,"Green Bar 羊皮纸, 多色",590.94,7,0.0,29.4
9277,CN-202020-4448319,2021-07-18,2021-07-23,标准级,陈晨-11095,陈晨,公司,汕头,广东,中国,中南,办公用-装订-10002432,办公用品,装订机,"Avery 打孔机, 耐用",411.18,3,0.0,7.98
9278,CN-202020-4448319,2021-07-18,2021-07-23,标准级,陈晨-11095,陈晨,公司,汕头,广东,中国,中南,家具-用具-10003358,家具,用具,"Advantus 灯泡, 一包多件",563.64,6,0.0,112.56
9280,CN-202020-2312244,2021-11-15,2021-11-17,二级,郝廉-17260,郝廉,消费者,福州,福建,中国,华东,家具-书架-10000196,家具,书架,"Sauder 柜, 白色",7106.4,9,0.0,2983.68
9281,CN-202020-2312244,2021-11-15,2021-11-17,二级,郝廉-17260,郝廉,消费者,福州,福建,中国,华东,办公用-装订-10001101,办公用品,装订机,"Avery 订书机, 耐用",2114.28,9,0.0,761.04
9291,US-202020-1156969,2021-07-13,2021-07-16,一级,尹凤-13045,尹凤,公司,温岭,浙江,中国,华东,技术-电话-10003599,技术,电话,"思科 智能手机, 全尺寸",1174.068,3,0.4,-469.812
9295,US-202020-4856468,2021-11-23,2021-11-23,当日,谢斯-20950,谢斯云,公司,昌图,辽宁,中国,东北,技术-配件-10002594,技术,配件,"SanDisk 键盘, 耐用",914.928,4,0.4,-564.592
9296,US-202020-4856468,2021-11-23,2021-11-23,当日,谢斯-20950,谢斯云,公司,昌图,辽宁,中国,东北,家具-用具-10000579,家具,用具,"Eldon 门挡, 一包多件",140.616,1,0.4,-86.744
9309,CN-202020-2631326,2021-03-15,2021-03-20,标准级,卢谙-18805,卢谙,小型企业,淮北,安徽,中国,华东,家具-椅子-10002025,家具,椅子,"Novimex 折叠椅, 可调",1581.44,4,0.0,774.48
9311,CN-202020-2979175,2021-08-22,2021-08-27,标准级,贺伟-21490,贺伟,消费者,浯溪,湖南,中国,中南,技术-配件-10002404,技术,配件,"贝尔金 键盘, 耐用",1962.1,5,0.0,274.4
9338,CN-202020-4921616,2021-09-14,2021-09-18,标准级,麦忠-11500,麦忠,消费者,南昌,江西,中国,华东,技术-复印-10000604,技术,复印机,"夏普 传真复印机, 彩色",793.52,1,0.0,245.98
9346,US-202020-4650370,2021-11-22,2021-11-24,二级,薛博-10510,薛博,消费者,大庆,黑龙江,中国,东北,办公用-装订-10004816,办公用品,装订机,"Wilson Jones 标签, 回收",127.12,4,0.0,58.24
9347,CN-202020-2286344,2021-10-26,2021-10-28,二级,徐莲-17080,徐莲,消费者,长沙,湖南,中国,中南,技术-电话-10004290,技术,电话,"诺基亚 信号增强器, 蓝色",1274.0,2,0.0,63.56
9351,CN-202020-3370094,2021-08-31,2021-09-05,二级,佘凤-12955,佘凤,公司,浯溪,湖南,中国,中南,技术-复印-10000154,技术,复印机,"Hewlett 个人复印机, 红色",3324.3,5,0.0,464.8
9352,CN-202020-3367931,2021-08-24,2021-08-29,标准级,薛健-14560,薛健,公司,重庆,重庆,中国,西南,家具-书架-10004173,家具,书架,"Bush 搁架, 金属",1593.48,2,0.0,796.6
9353,CN-202020-3367931,2021-08-24,2021-08-29,标准级,薛健-14560,薛健,公司,重庆,重庆,中国,西南,办公用-标签-10001607,办公用品,标签,"Avery 圆形标签, 可调",23.52,1,0.0,0.42
9354,CN-202020-3367931,2021-08-24,2021-08-29,标准级,薛健-14560,薛健,公司,重庆,重庆,中国,西南,办公用-纸张-10002317,办公用品,纸张,"SanDisk 备忘录便条, 回收",236.46,3,0.0,65.94
9355,CN-202020-3367931,2021-08-24,2021-08-29,标准级,薛健-14560,薛健,公司,重庆,重庆,中国,西南,办公用-纸张-10003382,办公用品,纸张,"施乐 计划信息表, 多色",203.28,2,0.0,64.96
9356,CN-202020-5896840,2021-11-18,2021-11-22,标准级,曾岱-11890,曾岱,消费者,安顺,贵州,中国,西南,办公用-信封-10000832,办公用品,信封,"Ames 商业信封, 红色",254.52,3,0.0,81.06
9368,CN-202020-1165982,2021-06-13,2021-06-16,一级,秦乐-17710,秦乐,消费者,重庆,重庆,中国,西南,办公用-装订-10000287,办公用品,装订机,"Wilson Jones 孔加固材料, 实惠",147.98,7,0.0,35.28
9376,US-202020-3850588,2021-06-27,2021-07-02,标准级,陈昌-11035,陈昌,消费者,汕头,广东,中国,中南,家具-椅子-10000908,家具,椅子,"Office Star 凳子, 每套两件",2219.994,3,0.1,-49.686
9389,US-202020-5583110,2021-12-18,2021-12-25,标准级,姚凤-13015,姚凤,消费者,黄石,湖北,中国,中南,家具-椅子-10002837,家具,椅子,"Office Star 折叠椅, 可调",1055.04,4,0.4,-457.52
9390,US-202020-5583110,2021-12-18,2021-12-25,标准级,姚凤-13015,姚凤,消费者,黄石,湖北,中国,中南,家具-用具-10001426,家具,用具,"Rubvermaid 灯泡, 耐用",133.308,3,0.4,6.468
9416,CN-202020-1996678,2021-09-09,2021-09-10,一级,谢斯-20950,谢斯云,公司,天津,天津,中国,华北,办公用-信封-10002440,办公用品,信封,"Ames 外皮和封条, 回收",163.24,2,0.0,55.44
9417,CN-202020-1996678,2021-09-09,2021-09-10,一级,谢斯-20950,谢斯云,公司,天津,天津,中国,华北,办公用-纸张-10003137,办公用品,纸张,"SanDisk 羊皮纸, 优质",545.86,7,0.0,136.22
9418,CN-202020-1996678,2021-09-09,2021-09-10,一级,谢斯-20950,谢斯云,公司,天津,天津,中国,华北,办公用-收纳-10003152,办公用品,收纳具,"Smead 盒, 金属",183.68,4,0.0,40.32
9425,CN-202020-3350819,2021-10-10,2021-10-16,标准级,邓实-20245,邓实,消费者,南阳,河南,中国,中南,家具-桌子-10002853,家具,桌子,"Lesro 圆桌, 黑色",6328.14,4,0.25,843.5
9442,CN-202020-5172330,2021-01-05,2021-01-08,二级,廖乐-17770,廖乐,消费者,保定,河北,中国,华北,办公用-收纳-10004714,办公用品,收纳具,"Smead 盒, 单宽度",352.8,7,0.0,154.84
9443,CN-202020-5172330,2021-01-05,2021-01-08,二级,廖乐-17770,廖乐,消费者,保定,河北,中国,华北,办公用-收纳-10004334,办公用品,收纳具,"Rogers 锁柜, 蓝色",4937.8,5,0.0,1826.3
9444,CN-202020-5172330,2021-01-05,2021-01-08,二级,廖乐-17770,廖乐,消费者,保定,河北,中国,华北,家具-书架-10002499,家具,书架,"Safco 墙角架, 黑色",2815.12,4,0.0,56.0
9452,CN-202020-4150128,2021-12-05,2021-12-07,一级,白婵-10975,白婵,公司,南宁,广西,中国,中南,办公用-系固-10003913,办公用品,系固件,"Accos 夹子, 混合尺寸",471.24,6,0.0,98.28
9462,CN-202020-5463213,2021-01-05,2021-01-11,标准级,韩虎-14005,韩虎,小型企业,界首,安徽,中国,华东,办公用-装订-10001290,办公用品,装订机,"Ibico 装订机, 透明",418.32,6,0.0,74.76
9464,US-202020-2547654,2021-03-01,2021-03-04,二级,丁君-15280,丁君,消费者,武汉,湖北,中国,中南,办公用-系固-10002024,办公用品,系固件,"Stockwell 按钉, 整包",80.472,2,0.4,-12.208
9465,US-202020-2547654,2021-03-01,2021-03-04,二级,丁君-15280,丁君,消费者,武汉,湖北,中国,中南,办公用-系固-10004946,办公用品,系固件,"OIC 橡皮筋, 混合尺寸",121.968,3,0.4,-34.692
9473,CN-202020-4757147,2021-06-07,2021-06-10,一级,孔关-15610,孔关茵,公司,无锡,江苏,中国,华东,办公用-收纳-10004690,办公用品,收纳具,"Fellowes 盘, 工业",1620.36,6,0.0,712.32
9474,CN-202020-4757147,2021-06-07,2021-06-10,一级,孔关-15610,孔关茵,公司,无锡,江苏,中国,华东,办公用-用品-10000960,办公用品,用品,"Fiskars 开信刀, 锯齿状",137.928,2,0.4,-23.072
9476,CN-202020-4167270,2021-06-08,2021-06-09,一级,胡临-17425,胡临耀,公司,永川,重庆,中国,西南,家具-用具-10004678,家具,用具,"Eldon 闹钟, 优质",1286.6,5,0.0,38.5
9477,US-202020-2503468,2021-08-08,2021-08-12,标准级,赵升-20065,赵升,消费者,上海,上海,中国,华东,办公用-系固-10003387,办公用品,系固件,"Advantus 回形针, 金属",196.98,3,0.0,57.12
9494,US-202020-5673737,2021-09-13,2021-09-13,当日,彭博-10555,彭博,公司,宜春,黑龙江,中国,东北,办公用-美术-10000575,办公用品,美术,"Binney & Smith 画布, 金属",1178.688,6,0.2,-192.192
9495,US-202020-5673737,2021-09-13,2021-09-13,当日,彭博-10555,彭博,公司,宜春,黑龙江,中国,东北,办公用-标签-10004363,办公用品,标签,"Smead 圆形标签, 白色",128.8,4,0.0,30.8
9496,US-202020-5673737,2021-09-13,2021-09-13,当日,彭博-10555,彭博,公司,宜春,黑龙江,中国,东北,办公用-器具-10001452,办公用品,器具,"Breville 炉灶, 银色",10496.08,4,0.0,1784.16
9497,CN-202020-2351493,2021-04-28,2021-05-01,二级,徐君-15295,徐君,消费者,南通,江苏,中国,华东,办公用-收纳-10000319,办公用品,收纳具,"Rogers 锁柜, 单宽度",3950.8,4,0.0,869.12
9499,CN-202020-1376899,2021-08-20,2021-08-22,二级,袁保-10405,袁保,公司,吉林市,吉林,中国,东北,办公用-收纳-10004768,办公用品,收纳具,"Tenex 搁板, 金属",1002.96,4,0.0,400.96
9500,CN-202020-1376899,2021-08-20,2021-08-22,二级,袁保-10405,袁保,公司,吉林市,吉林,中国,东北,办公用-标签-10003121,办公用品,标签,"Avery 有色标签, 红色",122.36,2,0.0,20.72
9505,CN-202020-5444149,2021-04-29,2021-04-29,当日,钟松-20620,钟松,公司,上海,上海,中国,华东,办公用-系固-10002031,办公用品,系固件,"Advantus 按钉, 整包",202.02,3,0.0,13.86
9506,CN-202020-1118317,2021-05-30,2021-06-04,标准级,钟忠-11485,钟忠,小型企业,栾城,河北,中国,华北,家具-用具-10001691,家具,用具,"Eldon 灯泡, 优质",333.48,3,0.0,46.62
9539,US-202020-5434393,2021-12-08,2021-12-13,二级,涂辉-12655,涂辉,小型企业,苏州,江苏,中国,华东,办公用-系固-10002504,办公用品,系固件,"Stockwell 订书钉, 混合尺寸",92.4,4,0.4,-61.6
9556,CN-202020-1708265,2021-01-04,2021-01-08,标准级,陶丽-17665,陶丽雪,公司,深圳,广东,中国,中南,办公用-标签-10001875,办公用品,标签,"Avery 文件夹标签, 可调",458.64,14,0.0,229.32
9557,CN-202020-1708265,2021-01-04,2021-01-08,标准级,陶丽-17665,陶丽雪,公司,深圳,广东,中国,中南,家具-桌子-10004891,家具,桌子,"Hon 咖啡桌, 黑色",2211.3,2,0.25,29.26
9570,US-202020-1501002,2021-08-28,2021-09-02,标准级,肖菊-15010,肖菊,公司,肃州,甘肃,中国,西北,家具-椅子-10004899,家具,椅子,"Hon 凳子, 每套两件",1858.08,4,0.4,-434.0
9571,US-202020-1501002,2021-08-28,2021-09-02,标准级,肖菊-15010,肖菊,公司,肃州,甘肃,中国,西北,技术-电话-10003796,技术,电话,"思科 办公室电话机, 蓝色",1126.44,5,0.4,-526.26
9572,CN-202020-2295401,2021-05-17,2021-05-19,二级,邵黎-16420,邵黎明,公司,大连,辽宁,中国,东北,办公用-纸张-10004354,办公用品,纸张,"Enermax 备忘录便条, 每包 12 个",831.6,9,0.0,107.1
9573,US-202020-5673737,2021-06-25,2021-06-30,标准级,薛娇-14665,薛娇,消费者,廊坊,河北,中国,华北,办公用-装订-10000850,办公用品,装订机,"Wilson Jones 装订机盖, 回收",107.8,2,0.0,19.32
9574,US-202020-5673737,2021-06-25,2021-06-30,标准级,薛娇-14665,薛娇,消费者,廊坊,河北,中国,华北,办公用-纸张-10000600,办公用品,纸张,"SanDisk 令, 回收",1247.4,9,0.0,136.08
9575,US-202020-5673737,2021-06-25,2021-06-30,标准级,薛娇-14665,薛娇,消费者,廊坊,河北,中国,华北,办公用-纸张-10004573,办公用品,纸张,"Enermax 信纸, 多色",452.76,2,0.0,17.92
9586,US-202020-5555490,2021-06-18,2021-06-21,二级,蔡菊-15055,蔡菊,消费者,北京,北京,中国,华北,办公用-系固-10000988,办公用品,系固件,"Stockwell 夹子, 每包 12 个",85.26,1,0.0,30.66
9587,US-202020-5555490,2021-06-18,2021-06-21,二级,蔡菊-15055,蔡菊,消费者,北京,北京,中国,华北,技术-电话-10003599,技术,电话,"思科 智能手机, 全尺寸",2609.04,4,0.0,417.2
9588,US-202020-5555490,2021-06-18,2021-06-21,二级,蔡菊-15055,蔡菊,消费者,北京,北京,中国,华北,家具-椅子-10002919,家具,椅子,"Harbour Creations 沙滩椅, 可调",1196.72,4,0.0,215.04
9589,US-202020-5555490,2021-06-18,2021-06-21,二级,蔡菊-15055,蔡菊,消费者,北京,北京,中国,华北,办公用-美术-10001431,办公用品,美术,"Sanford 钢笔, 蓝色",51.8,1,0.0,1.54
9594,CN-202020-4911170,2021-04-20,2021-04-23,一级,巩嫒-10045,巩嫒,公司,厦门,福建,中国,华东,办公用-装订-10004829,办公用品,装订机,"Avery 孔加固材料, 透明",90.3,5,0.0,21.0
9598,CN-202020-1743738,2021-12-12,2021-12-19,标准级,赖芳-12715,赖芳茵,公司,牡丹江,黑龙江,中国,东北,家具-书架-10002304,家具,书架,"Safco 墙角架, 传统",2789.92,4,0.0,1338.96
9599,CN-202020-1743738,2021-12-12,2021-12-19,标准级,赖芳-12715,赖芳茵,公司,牡丹江,黑龙江,中国,东北,技术-复印-10001618,技术,复印机,"Brother 无线传真机, 彩色",12421.5,7,0.0,5962.32
9603,CN-202020-3739147,2021-09-21,2021-09-22,一级,俞荷-13780,俞荷,消费者,浦阳,浙江,中国,华东,办公用-装订-10000419,办公用品,装订机,"Cardinal 订书机, 耐用",574.224,4,0.4,85.904
9604,CN-202020-3739147,2021-09-21,2021-09-22,一级,俞荷-13780,俞荷,消费者,浦阳,浙江,中国,华东,办公用-装订-10003079,办公用品,装订机,"Acco 标签, 实惠",96.096,4,0.4,9.296
9605,CN-202020-3739147,2021-09-21,2021-09-22,一级,俞荷-13780,俞荷,消费者,浦阳,浙江,中国,华东,办公用-用品-10001871,办公用品,用品,"Fiskars 开信刀, 蓝色",312.816,4,0.4,-94.304
9606,CN-202020-3739147,2021-09-21,2021-09-22,一级,俞荷-13780,俞荷,消费者,浦阳,浙江,中国,华东,家具-椅子-10000270,家具,椅子,"Novimex 凳子, 黑色",1361.052,3,0.4,-476.448
9620,CN-202020-3192892,2021-02-22,2021-02-27,二级,周诚-11290,周诚,消费者,西昌,四川,中国,西南,办公用-纸张-10001927,办公用品,纸张,"Green Bar 信纸, 多色",232.4,1,0.0,71.96
9621,CN-202020-3192892,2021-02-22,2021-02-27,二级,周诚-11290,周诚,消费者,西昌,四川,中国,西南,办公用-纸张-10002408,办公用品,纸张,"施乐 计划信息表, 每包 12 个",343.14,3,0.0,16.8
9622,CN-202020-3192892,2021-02-22,2021-02-27,二级,周诚-11290,周诚,消费者,西昌,四川,中国,西南,办公用-信封-10002940,办公用品,信封,"GlobeWeis 马尼拉纸信封, 每套 50 个",383.46,3,0.0,87.78
9624,CN-202020-1516102,2021-06-08,2021-06-12,标准级,潘涛-21205,潘涛,公司,深圳,广东,中国,中南,办公用-信封-10001656,办公用品,信封,"Cameo 外皮和封条, 红色",1030.68,9,0.0,205.38
9625,CN-202020-2462555,2021-12-26,2022-01-01,标准级,任梅-18115,任梅,小型企业,西安,陕西,中国,西北,技术-电话-10003598,技术,电话,"摩托罗拉 办公室电话机, 蓝色",2009.28,6,0.0,0.0
9628,CN-202020-5057492,2021-02-19,2021-02-21,二级,田丽-16270,田丽美,消费者,广元,四川,中国,西南,办公用-装订-10000333,办公用品,装订机,"Cardinal 订书机, 回收",1263.276,9,0.4,-316.764
9629,CN-202020-5057492,2021-02-19,2021-02-21,二级,田丽-16270,田丽美,消费者,广元,四川,中国,西南,办公用-系固-10004619,办公用品,系固件,"Stockwell 订书钉, 金属",61.152,2,0.4,-34.888
9680,CN-202020-2075782,2021-08-18,2021-08-24,标准级,柳明-18310,柳明,小型企业,晋城,山西,中国,华北,家具-书架-10002501,家具,书架,"Sauder 搁架, 白色",7358.4,8,0.0,1544.48
9681,CN-202020-2075782,2021-08-18,2021-08-24,标准级,柳明-18310,柳明,小型企业,晋城,山西,中国,华北,办公用-纸张-10002298,办公用品,纸张,"施乐 计划信息表, 优质",95.06,1,0.0,30.38
9689,CN-202020-1154983,2021-08-04,2021-08-09,标准级,曾岱-11890,曾岱,消费者,定陶,山东,中国,华东,技术-配件-10002783,技术,配件,"SanDisk 路由器, 回收",2372.16,2,0.0,616.56
9703,CN-202020-1777670,2021-05-17,2021-05-21,标准级,邹妮-18625,邹妮,公司,北京,北京,中国,华北,办公用-用品-10001147,办公用品,用品,"Kleencut 大剪刀, 工业",451.64,2,0.0,0.0
9704,CN-202020-1777670,2021-05-17,2021-05-21,标准级,邹妮-18625,邹妮,公司,北京,北京,中国,华北,办公用-标签-10004623,办公用品,标签,"Avery 有色标签, 可调",208.88,4,0.0,22.96
9705,CN-202020-1777670,2021-05-17,2021-05-21,标准级,邹妮-18625,邹妮,公司,北京,北京,中国,华北,技术-设备-10001640,技术,设备,"柯尼卡 打印机, 红色",8656.34,7,0.0,2942.94
9706,CN-202020-1777670,2021-05-17,2021-05-21,标准级,邹妮-18625,邹妮,公司,北京,北京,中国,华北,办公用-收纳-10004170,办公用品,收纳具,"Smead 文件夹, 工业",167.72,2,0.0,8.12
9714,CN-202020-4214287,2021-12-13,2021-12-17,标准级,万达-11815,万达侠,公司,宜春,黑龙江,中国,东北,家具-椅子-10000123,家具,椅子,"Hon 扶手椅, 黑色",19097.82,9,0.0,4392.36
9715,CN-202020-4214287,2021-12-13,2021-12-17,标准级,万达-11815,万达侠,公司,宜春,黑龙江,中国,东北,办公用-器具-10002014,办公用品,器具,"Cuisinart 炉灶, 银色",12577.6,5,0.0,1760.5
9725,US-202020-4186426,2021-08-12,2021-08-18,标准级,徐虹-13840,徐虹,公司,嘉兴,浙江,中国,华东,办公用-信封-10004446,办公用品,信封,"Jiffy 马尼拉纸信封, 银色",397.74,3,0.0,147.0
9726,US-202020-4186426,2021-08-12,2021-08-18,标准级,徐虹-13840,徐虹,公司,嘉兴,浙江,中国,华东,办公用-纸张-10000715,办公用品,纸张,"Eaton 羊皮纸, 多色",138.88,2,0.0,24.92
9729,CN-202020-1538609,2021-12-24,2021-12-29,标准级,吴磊-16165,吴磊,公司,莱芜,山东,中国,华东,办公用-用品-10003907,办公用品,用品,"Kleencut 开信刀, 锯齿状",332.64,3,0.0,156.24
9730,CN-202020-1538609,2021-12-24,2021-12-29,标准级,吴磊-16165,吴磊,公司,莱芜,山东,中国,华东,家具-椅子-10004559,家具,椅子,"SAFCO 折叠椅, 可调",2058.0,5,0.0,411.6
9731,CN-202020-1538609,2021-12-24,2021-12-29,标准级,吴磊-16165,吴磊,公司,莱芜,山东,中国,华东,家具-书架-10003195,家具,书架,"Sauder 墙角架, 黑色",2081.1,3,0.0,790.44
9732,CN-202020-1538609,2021-12-24,2021-12-29,标准级,吴磊-16165,吴磊,公司,莱芜,山东,中国,华东,家具-书架-10001213,家具,书架,"宜家 书架, 黑色",1156.68,2,0.0,566.72
9733,CN-202020-1538609,2021-12-24,2021-12-29,标准级,吴磊-16165,吴磊,公司,莱芜,山东,中国,华东,办公用-装订-10004816,办公用品,装订机,"Wilson Jones 标签, 回收",286.02,9,0.0,131.04
9758,CN-202020-1829918,2021-09-26,2021-09-30,标准级,潘谙-18820,潘谙,消费者,安达,黑龙江,中国,东北,技术-复印-10000801,技术,复印机,"Hewlett 传真机, 每套两件",4478.88,3,0.0,178.92
9769,CN-202020-1587245,2021-10-06,2021-10-11,标准级,郝壁-10420,郝壁,公司,仙桃,湖北,中国,中南,办公用-标签-10002378,办公用品,标签,"Smead 文件夹标签, 耐用",86.52,2,0.0,17.08
9770,CN-202020-1587245,2021-10-06,2021-10-11,标准级,郝壁-10420,郝壁,公司,仙桃,湖北,中国,中南,技术-复印-10001701,技术,复印机,"Brother 墨水, 数字化",1645.728,4,0.4,137.088
9801,CN-202020-4820840,2021-01-31,2021-02-05,标准级,薛君-15205,薛君,消费者,集宁,内蒙古,中国,华北,技术-配件-10003779,技术,配件,"Enermax 键盘, 可编程",713.664,3,0.4,-321.216
9802,CN-202020-4820840,2021-01-31,2021-02-05,标准级,薛君-15205,薛君,消费者,集宁,内蒙古,中国,华北,家具-书架-10002369,家具,书架,"Dania 书架, 金属",2372.58,7,0.4,0.0
9803,CN-202020-4820840,2021-01-31,2021-02-05,标准级,薛君-15205,薛君,消费者,集宁,内蒙古,中国,华北,技术-设备-10002736,技术,设备,"StarTech 卡片打印机, 耐用",1832.544,4,0.4,182.784
9826,US-202020-4719054,2021-10-17,2021-10-21,标准级,常升-20020,常升,消费者,武汉,湖北,中国,中南,家具-书架-10003692,家具,书架,"Safco 柜, 金属",4241.16,9,0.4,-1202.04
9827,CN-202020-3643443,2021-09-09,2021-09-11,二级,潘博-10540,潘博,消费者,上虞,浙江,中国,华东,办公用-纸张-10004623,办公用品,纸张,"施乐 计划信息表, 回收",283.92,3,0.0,96.18
9828,CN-202020-3643443,2021-09-09,2021-09-11,二级,潘博-10540,潘博,消费者,上虞,浙江,中国,华东,办公用-标签-10000039,办公用品,标签,"Avery 可去除的标签, 白色",200.48,4,0.0,7.84
9833,CN-202020-2252147,2021-04-30,2021-05-04,标准级,秦乐-17710,秦乐,消费者,临汾,山西,中国,华北,办公用-收纳-10004933,办公用品,收纳具,"Fellowes 盘, 单宽度",1875.72,7,0.0,130.34
9834,CN-202020-2252147,2021-04-30,2021-05-04,标准级,秦乐-17710,秦乐,消费者,临汾,山西,中国,华北,办公用-器具-10000068,办公用品,器具,"Hamilton Beach 咖啡研磨机, 白色",190.4,1,0.0,79.94
9840,CN-202020-2252147,2021-11-11,2021-11-11,当日,洪强-19345,洪强,公司,鞍山,辽宁,中国,东北,办公用-标签-10001570,办公用品,标签,"Hon 运输标签, 可调",129.78,3,0.0,1.26
9866,CN-202020-2831197,2021-11-16,2021-11-21,标准级,万兰-15730,万兰,消费者,无锡,江苏,中国,华东,家具-书架-10001278,家具,书架,"Bush 搁架, 黑色",1933.344,4,0.4,-354.816
9867,CN-202020-2831197,2021-11-16,2021-11-21,标准级,万兰-15730,万兰,消费者,无锡,江苏,中国,华东,家具-椅子-10002025,家具,椅子,"Novimex 折叠椅, 可调",1423.296,6,0.4,212.856
9868,CN-202020-3434056,2021-10-12,2021-10-14,二级,黎雯-21745,黎雯,公司,上海,上海,中国,华东,家具-用具-10002443,家具,用具,"Advantus 框架, 黑色",2592.8,5,0.0,1269.8
9869,CN-202020-4217149,2021-12-27,2021-12-30,二级,刘乐-17785,刘乐,公司,银川,宁夏,中国,西北,办公用-美术-10003325,办公用品,美术,"Stanley 记号笔, 蓝色",310.8,3,0.0,80.64
9870,CN-202020-4217149,2021-12-27,2021-12-30,二级,刘乐-17785,刘乐,公司,银川,宁夏,中国,西北,办公用-器具-10004829,办公用品,器具,"Breville 微波炉, 银色",8468.88,6,0.0,592.2
9871,CN-202020-4217149,2021-12-27,2021-12-30,二级,刘乐-17785,刘乐,公司,银川,宁夏,中国,西北,办公用-装订-10004876,办公用品,装订机,"Avery 标签, 实惠",88.62,3,0.0,44.1
9872,CN-202020-4217149,2021-12-27,2021-12-30,二级,刘乐-17785,刘乐,公司,银川,宁夏,中国,西北,办公用-信封-10004154,办公用品,信封,"Ames 马尼拉纸信封, 每套 50 个",230.44,2,0.0,27.44
9873,CN-202020-4217149,2021-12-27,2021-12-30,二级,刘乐-17785,刘乐,公司,银川,宁夏,中国,西北,家具-桌子-10002962,家具,桌子,"Barricks 木桌, 黑色",2894.808,2,0.4,-1881.712
9879,CN-202020-3350819,2021-10-31,2021-11-05,标准级,郝柏-18940,郝柏,消费者,长治,山西,中国,华北,办公用-系固-10003943,办公用品,系固件,"Accos 橡皮筋, 混合尺寸",263.76,4,0.0,26.32
9887,CN-202020-4439307,2021-10-11,2021-10-16,标准级,余婵-11020,余婵,公司,平度,山东,中国,华东,办公用-器具-10003071,办公用品,器具,"Cuisinart 烤面包机, 黑色",740.46,3,0.0,288.54
9888,CN-202020-4439307,2021-10-11,2021-10-16,标准级,余婵-11020,余婵,公司,平度,山东,中国,华东,办公用-信封-10001487,办公用品,信封,"GlobeWeis 外皮和封条, 银色",666.12,6,0.0,332.64
9890,CN-202020-2966078,2021-01-25,2021-02-01,标准级,贺平-19105,贺平,消费者,南阳,河南,中国,中南,家具-书架-10001846,家具,书架,"Dania 搁架, 传统",1580.6,2,0.0,537.32
9903,CN-202020-4838467,2021-05-31,2021-06-03,一级,刘婵-10945,刘婵,消费者,巢湖,安徽,中国,华东,家具-椅子-10000578,家具,椅子,"SAFCO 扶手椅, 可调",10824.8,5,0.0,3355.1
9904,CN-202020-3230543,2021-10-06,2021-10-13,标准级,常盛-20305,常盛,消费者,永川,重庆,中国,西南,家具-椅子-10002415,家具,椅子,"Novimex 摇椅, 红色",1840.02,3,0.0,551.88
9905,CN-202020-3230543,2021-10-06,2021-10-13,标准级,常盛-20305,常盛,消费者,永川,重庆,中国,西南,办公用-标签-10003929,办公用品,标签,"Harbour Creations 合法证物标签, 白色",204.4,4,0.0,3.92
9906,CN-202020-3230543,2021-10-06,2021-10-13,标准级,常盛-20305,常盛,消费者,永川,重庆,中国,西南,办公用-纸张-10000328,办公用品,纸张,"Green Bar 备忘录便条, 每包 12 个",295.26,3,0.0,11.76
9907,CN-202020-3230543,2021-10-06,2021-10-13,标准级,常盛-20305,常盛,消费者,永川,重庆,中国,西南,家具-书架-10003195,家具,书架,"Sauder 墙角架, 黑色",1387.4,2,0.0,526.96
9908,CN-202020-3230543,2021-10-06,2021-10-13,标准级,常盛-20305,常盛,消费者,永川,重庆,中国,西南,办公用-用品-10001427,办公用品,用品,"Elite 大剪刀, 蓝色",438.76,2,0.0,162.12
9910,CN-202020-2508741,2021-02-16,2021-02-21,二级,戴松-20755,戴松,公司,营口,辽宁,中国,东北,办公用-装订-10000762,办公用品,装订机,"Ibico 装订机盖, 回收",78.456,2,0.4,-28.784
9911,CN-202020-2508741,2021-02-16,2021-02-21,二级,戴松-20755,戴松,公司,营口,辽宁,中国,东北,办公用-器具-10001435,办公用品,器具,"KitchenAid 烤面包机, 银色",481.992,2,0.4,15.792
9912,CN-202020-2508741,2021-02-16,2021-02-21,二级,戴松-20755,戴松,公司,营口,辽宁,中国,东北,办公用-装订-10000287,办公用品,装订机,"Wilson Jones 孔加固材料, 实惠",25.368,2,0.4,-6.832
9927,CN-202020-5743460,2021-05-04,2021-05-10,标准级,王敬-14965,王敬,公司,即墨,山东,中国,华东,办公用-收纳-10002744,办公用品,收纳具,"Eldon 盒, 单宽度",48.02,1,0.0,5.74
9928,CN-202020-4150128,2021-08-10,2021-08-17,标准级,林磊-16045,林磊,小型企业,大连,辽宁,中国,东北,办公用-收纳-10004747,办公用品,收纳具,"Eldon 文件夹, 单宽度",714.42,9,0.0,228.06
9933,CN-202020-1529712,2021-11-21,2021-11-23,二级,洪辉-12580,洪辉,小型企业,大连,辽宁,中国,东北,技术-电话-10003347,技术,电话,"摩托罗拉 信号增强器, 全尺寸",2021.88,5,0.4,-0.42
9934,CN-202020-2975416,2021-03-08,2021-03-09,一级,邹丽-17680,邹丽雪,小型企业,常熟市,江苏,中国,华东,家具-椅子-10002286,家具,椅子,"SAFCO 椅垫, 红色",1172.472,7,0.4,-372.008
9937,CN-202020-2244327,2021-10-18,2021-10-24,标准级,丁武-21925,丁武,消费者,滕州,山东,中国,华东,办公用-标签-10004408,办公用品,标签,"Smead 文件夹标签, 红色",81.2,2,0.0,9.52
9955,CN-202020-2508741,2021-09-26,2021-09-28,一级,吕灵-17575,吕灵,消费者,哈尔滨,黑龙江,中国,东北,办公用-用品-10002884,办公用品,用品,"Stiletto 修剪器, 蓝色",199.5,1,0.0,25.9
9956,CN-202020-2508741,2021-09-26,2021-09-28,一级,吕灵-17575,吕灵,消费者,哈尔滨,黑龙江,中国,东北,办公用-信封-10000318,办公用品,信封,"GlobeWeis 邮寄品, 每套 50 个",719.6,4,0.0,49.84
9957,CN-202020-2508741,2021-09-26,2021-09-28,一级,吕灵-17575,吕灵,消费者,哈尔滨,黑龙江,中国,东北,办公用-器具-10001154,办公用品,器具,"Hoover 冰箱, 银色",12296.9,5,0.0,983.5
9958,CN-202020-2508741,2021-09-26,2021-09-28,一级,吕灵-17575,吕灵,消费者,哈尔滨,黑龙江,中国,东北,办公用-装订-10004589,办公用品,装订机,"Avery 孔加固材料, 耐用",137.9,5,0.0,2.1
9966,CN-202020-2558996,2021-05-16,2021-05-22,标准级,苏婵-10855,苏婵娟,消费者,仙桃,湖北,中国,中南,技术-设备-10003940,技术,设备,"StarTech 计算器, 白色",752.052,7,0.4,87.612
9974,CN-202020-5340374,2021-01-11,2021-01-17,标准级,任婵-10795,任婵娟,公司,汉沽,天津,中国,华北,技术-配件-10004519,技术,配件,"罗技 鼠标, 实惠",683.2,5,0.0,198.1
9990,CN-202020-1902956,2021-06-16,2021-06-18,一级,熊临-17410,熊临耀,消费者,常州,江苏,中国,华东,办公用-装订-10002129,办公用品,装订机,"Ibico 订书机, 耐用",296.352,2,0.4,-93.968
9991,CN-202020-1902956,2021-06-16,2021-06-18,一级,熊临-17410,熊临耀,消费者,常州,江苏,中国,华东,办公用-装订-10000994,办公用品,装订机,"Avery 装订机, 耐用",120.96,3,0.4,-12.18
9992,CN-202020-1902956,2021-06-16,2021-06-18,一级,熊临-17410,熊临耀,消费者,常州,江苏,中国,华东,家具-用具-10000539,家具,用具,"Tenex 门挡, 一包多件",369.18,3,0.4,-36.96
9994,US-202020-5128542,2021-05-23,2021-05-27,标准级,贺婉-21355,贺婉,公司,四平,吉林,中国,东北,技术-配件-10002428,技术,配件,"罗技 闪存驱动器, 回收",396.48,3,0.0,23.52
10000,CN-202020-3557528,2021-12-02,2021-12-06,标准级,陈忠-11470,陈忠,公司,温州,浙江,中国,华东,办公用-器具-10002023,办公用品,器具,"Breville 冰箱, 白色",7244.58,5,0.4,-3501.82
