ROW_ID,ORDER_ID,ORDER_DATE,SHIP_DATE,SHIP_METHOD,CUSTOMER_ID,CUSTOMER_NAME,CUST_CATEGORY,CITY,PROVINCE,COUNTRY,REGION,PRODUCT_ID,CATEGORY,SUB_CATEGORY,PRODUCT_NAME,SALES,QUANTITY,DISCOUNT,PROFIT
1,US-202023-1357144,2024-04-27,2024-04-29,二级,曾惠-14485,曾惠,公司,杭州,浙江,中国,华东,办公用-用品-10002717,办公用品,用品,"Fiskars 剪刀, 蓝色",129.696,2,0.4,-60.704
2,CN-202023-1973789,2024-06-15,2024-06-19,标准级,许安-10165,许安,消费者,内江,四川,中国,西南,办公用-信封-10004832,办公用品,信封,"GlobeWeis 搭扣信封, 红色",125.44,2,0.0,42.56
3,CN-202023-1973789,2024-06-15,2024-06-19,标准级,许安-10165,许安,消费者,内江,四川,中国,西南,办公用-装订-10001505,办公用品,装订机,"Cardinal 孔加固材料, 回收",31.92,2,0.4,4.2
4,US-202023-3017568,2024-12-09,2024-12-13,标准级,宋良-17170,宋良,公司,镇江,江苏,中国,华东,办公用-用品-10003746,办公用品,用品,"Kleencut 开信刀, 工业",321.216,4,0.4,-27.104
12,CN-202023-5801711,2024-06-01,2024-06-06,标准级,康青-19585,康青,消费者,哈尔滨,黑龙江,中国,东北,技术-复印-10002416,技术,复印机,"惠普 墨水, 红色",2368.8,4,0.0,639.52
18,CN-202023-5631342,2024-10-02,2024-10-04,二级,白鹄-14050,白鹄,消费者,上海,上海,中国,华东,技术-配件-10001200,技术,配件,"Memorex 键盘, 实惠",2330.44,7,0.0,1071.14
19,CN-202023-5631342,2024-10-02,2024-10-04,二级,白鹄-14050,白鹄,消费者,上海,上海,中国,华东,办公用-用品-10000039,办公用品,用品,"Acme 尺子, 工业",85.54,1,0.0,23.94
20,CN-202023-5631342,2024-10-02,2024-10-04,二级,白鹄-14050,白鹄,消费者,上海,上海,中国,华东,办公用-装订-10004589,办公用品,装订机,"Avery 孔加固材料, 耐用",137.9,5,0.0,2.1
21,CN-202023-5631342,2024-10-02,2024-10-04,二级,白鹄-14050,白鹄,消费者,上海,上海,中国,华东,办公用-装订-10004369,办公用品,装订机,"Cardinal 装订机, 回收",397.32,6,0.0,126.84
22,CN-202023-5631342,2024-10-02,2024-10-04,二级,白鹄-14050,白鹄,消费者,上海,上海,中国,华东,技术-电话-10002777,技术,电话,"三星 办公室电话机, 整包",2133.46,7,0.0,959.42
23,CN-202023-5631342,2024-10-02,2024-10-04,二级,白鹄-14050,白鹄,消费者,上海,上海,中国,华东,技术-复印-10002045,技术,复印机,"Hewlett 传真机, 数字化",4473.84,3,0.0,1162.98
24,CN-202023-5631342,2024-10-02,2024-10-04,二级,白鹄-14050,白鹄,消费者,上海,上海,中国,华东,办公用-用品-10004353,办公用品,用品,"Elite 开信刀, 工业",269.92,2,0.0,118.72
32,CN-202023-4364300,2024-12-12,2024-12-15,二级,马丽-15910,马丽,消费者,上海,上海,中国,华东,办公用-装订-10004816,办公用品,装订机,"Wilson Jones 标签, 回收",158.9,5,0.0,72.8
33,CN-202023-3230180,2024-09-28,2024-10-02,二级,宋栋-12310,宋栋,公司,唐山,河北,中国,华北,办公用-收纳-10001942,办公用品,收纳具,"Fellowes 文件车, 金属",1272.88,2,0.0,585.48
34,CN-202023-3230180,2024-09-28,2024-10-02,二级,宋栋-12310,宋栋,公司,唐山,河北,中国,华北,家具-椅子-10000374,家具,椅子,"Harbour Creations 椅垫, 可调",1738.1,5,0.0,799.4
50,CN-202023-2396895,2024-06-19,2024-06-22,二级,薛磊-15985,薛磊,消费者,蛟河,吉林,中国,东北,技术-电话-10004015,技术,电话,"思科 充电器, 全尺寸",12183.36,4,0.0,1340.08
51,CN-202023-2396895,2024-06-19,2024-06-22,二级,薛磊-15985,薛磊,消费者,蛟河,吉林,中国,东北,技术-复印-10003216,技术,复印机,"Hewlett 传真机, 彩色",2999.36,2,0.0,1229.48
52,CN-202023-2396895,2024-06-19,2024-06-22,二级,薛磊-15985,薛磊,消费者,蛟河,吉林,中国,东北,办公用-收纳-10000501,办公用品,收纳具,"Tenex 盘, 工业",510.44,2,0.0,224.56
60,CN-202023-4838467,2024-11-16,2024-11-23,标准级,麦虹-13855,麦虹,公司,西安,陕西,中国,西北,办公用-收纳-10002943,办公用品,收纳具,"Smead 文件车, 蓝色",1198.4,2,0.0,455.28
65,CN-202023-5922906,2024-09-15,2024-09-17,二级,钱伟-21430,钱伟,公司,湛江,广东,中国,中南,技术-设备-10003635,技术,设备,"StarTech 打印机, 耐用",4784.08,4,0.0,382.48
73,CN-202023-2187292,2024-10-26,2024-10-28,二级,孟刚-13180,孟刚,公司,重庆,重庆,中国,西南,技术-电话-10000393,技术,电话,"三星 信号增强器, 全尺寸",1930.32,3,0.0,810.6
74,CN-202023-2187292,2024-10-26,2024-10-28,二级,孟刚-13180,孟刚,公司,重庆,重庆,中国,西南,办公用-信封-10003279,办公用品,信封,"Kraft 邮寄品, 每套 50 个",527.1,3,0.0,47.04
75,CN-202023-2187292,2024-10-26,2024-10-28,二级,孟刚-13180,孟刚,公司,重庆,重庆,中国,西南,技术-电话-10001992,技术,电话,"三星 充电器, 全尺寸",2974.72,1,0.0,594.86
87,CN-202023-3172853,2024-05-28,2024-06-02,二级,熊丽-15805,熊丽,公司,西宁,青海,中国,西北,办公用-标签-10000895,办公用品,标签,"Harbour Creations 有色标签, 可调",302.4,6,0.0,45.36
94,US-202023-4733722,2024-05-21,2024-05-24,二级,顾黎-16360,顾黎明,消费者,盐城,江苏,中国,华东,办公用-用品-10001876,办公用品,用品,"Stiletto 大剪刀, 钢",398.916,3,0.4,-226.464
95,US-202023-4733722,2024-05-21,2024-05-24,二级,顾黎-16360,顾黎明,消费者,盐城,江苏,中国,华东,家具-椅子-10004416,家具,椅子,"Novimex 折叠椅, 每套两件",1182.72,5,0.4,-39.48
96,US-202023-4733722,2024-05-21,2024-05-24,二级,顾黎-16360,顾黎明,消费者,盐城,江苏,中国,华东,办公用-系固-10001646,办公用品,系固件,"OIC 夹子, 整包",276.78,5,0.4,-14.42
97,US-202023-4733722,2024-05-21,2024-05-24,二级,顾黎-16360,顾黎明,消费者,盐城,江苏,中国,华东,办公用-信封-10004907,办公用品,信封,"Ames 局间信封, 银色",665.28,3,0.0,66.36
98,US-202023-4733722,2024-05-21,2024-05-24,二级,顾黎-16360,顾黎明,消费者,盐城,江苏,中国,华东,办公用-美术-10002705,办公用品,美术,"Sanford 荧光笔, 蓝色",29.4,2,0.8,-63.28
99,CN-202023-5834341,2024-11-10,2024-11-14,标准级,马惠-14335,马惠英,公司,南宁,广西,中国,中南,技术-设备-10003039,技术,设备,"爱普生 收据打印机, 耐用",2186.8,4,0.0,612.08
102,CN-202023-3766882,2024-11-14,2024-11-18,标准级,巩松-20680,巩松,小型企业,天津,天津,中国,华北,办公用-用品-10000056,办公用品,用品,"Elite 开信刀, 钢",249.2,2,0.0,122.08
103,CN-202023-3665640,2024-10-23,2024-10-28,二级,孙辉-12625,孙辉,小型企业,天津,天津,中国,华北,办公用-装订-10002223,办公用品,装订机,"Avery 装订机, 回收",185.64,3,0.0,0.0
104,CN-202023-3665640,2024-10-23,2024-10-28,二级,孙辉-12625,孙辉,小型企业,天津,天津,中国,华北,家具-用具-10004678,家具,用具,"Eldon 闹钟, 优质",2315.88,9,0.0,69.3
105,CN-202023-3665640,2024-10-23,2024-10-28,二级,孙辉-12625,孙辉,小型企业,天津,天津,中国,华北,家具-椅子-10003692,家具,椅子,"SAFCO 扶手椅, 红色",2153.34,1,0.0,947.38
110,CN-202023-2328434,2024-09-12,2024-09-15,一级,黄娟-15130,黄娟,消费者,扬州,江苏,中国,华东,办公用-纸张-10003708,办公用品,纸张,"Eaton 计划信息表, 每包 12 个",346.08,3,0.0,17.22
112,CN-202023-5057492,2024-01-28,2024-02-02,二级,韦锦-14950,韦锦,消费者,株洲,湖南,中国,中南,办公用-器具-10003636,办公用品,器具,"KitchenAid 微波炉, 黑色",1445.5,1,0.0,28.84
113,CN-202023-1118317,2024-05-20,2024-05-25,标准级,谭珊-19900,谭珊,消费者,青冈,黑龙江,中国,东北,技术-电话-10003105,技术,电话,"诺基亚 办公室电话机, 整包",913.08,3,0.0,355.74
116,US-202023-4595101,2024-02-21,2024-02-24,二级,马惠-14335,马惠英,公司,仪征,江苏,中国,华东,办公用-美术-10002408,办公用品,美术,"Stanley 铅笔刀, 整包",140.28,6,0.8,-336.84
117,US-202023-4595101,2024-02-21,2024-02-24,二级,马惠-14335,马惠英,公司,仪征,江苏,中国,华东,办公用-装订-10003175,办公用品,装订机,"Avery 装订机, 实惠",108.36,3,0.4,12.6
129,US-202023-2352370,2024-09-11,2024-09-17,标准级,沈聪-11710,沈聪,消费者,沈阳,辽宁,中国,东北,技术-配件-10002905,技术,配件,"Enermax 键盘, 实惠",1402.128,6,0.4,-163.632
130,US-202023-2352370,2024-09-11,2024-09-17,标准级,沈聪-11710,沈聪,消费者,沈阳,辽宁,中国,东北,办公用-装订-10002241,办公用品,装订机,"Cardinal 订书机, 透明",1516.284,11,0.4,-682.836
134,US-202023-4736051,2024-01-17,2024-01-22,二级,杨健-14605,杨健,消费者,肃州,甘肃,中国,西北,办公用-装订-10002836,办公用品,装订机,"Avery 订书机, 回收",551.04,4,0.4,-285.04
139,CN-202023-3211633,2024-04-09,2024-04-10,一级,彭绅-19975,彭绅,公司,长沙,湖南,中国,中南,家具-书架-10001491,家具,书架,"Bush 古典书架, 金属",3846.64,2,0.0,153.72
140,CN-202023-3211633,2024-04-09,2024-04-10,一级,彭绅-19975,彭绅,公司,长沙,湖南,中国,中南,办公用-器具-10000188,办公用品,器具,"KitchenAid 冰箱, 银色",7401.66,3,0.0,2664.48
143,CN-202023-3232413,2024-12-04,2024-12-04,当日,杨健-14605,杨健,消费者,密山,黑龙江,中国,东北,家具-椅子-10002448,家具,椅子,"SAFCO 折叠椅, 红色",799.96,2,0.0,143.92
144,CN-202023-3232413,2024-12-04,2024-12-04,当日,杨健-14605,杨健,消费者,密山,黑龙江,中国,东北,办公用-收纳-10003461,办公用品,收纳具,"Tenex 文件夹, 工业",331.8,3,0.0,0.0
145,CN-202023-3232413,2024-12-04,2024-12-04,当日,杨健-14605,杨健,消费者,密山,黑龙江,中国,东北,办公用-纸张-10001282,办公用品,纸张,"Enermax 笔记本, 每包 12 个",456.96,3,0.0,118.44
146,CN-202023-4680780,2024-07-24,2024-07-31,标准级,陈安-10090,陈安,消费者,临朐,山东,中国,华东,办公用-标签-10001201,办公用品,标签,"Avery 合法证物标签, 红色",156.24,3,0.0,16.8
155,CN-202023-4862116,2024-05-06,2024-05-11,二级,顾丹-11965,顾丹,公司,天津,天津,中国,华北,办公用-用品-10004419,办公用品,用品,"Acme 剪刀, 工业",378.84,3,0.0,75.6
157,CN-202023-4950934,2024-10-29,2024-11-03,标准级,秦宁-18670,秦宁,消费者,四平,吉林,中国,东北,家具-用具-10002002,家具,用具,"Deflect-O 门挡, 优质",595.98,3,0.0,154.56
158,CN-202023-4950934,2024-10-29,2024-11-03,标准级,秦宁-18670,秦宁,消费者,四平,吉林,中国,东北,办公用-系固-10002230,办公用品,系固件,"Stockwell 橡皮筋, 混合尺寸",130.48,2,0.0,54.6
159,CN-202023-2866628,2024-05-14,2024-05-20,标准级,贺宁-18700,贺宁,消费者,安顺,贵州,中国,西南,技术-电话-10001136,技术,电话,"思科 耳机, 混合尺寸",2130.1,5,0.0,298.2
160,CN-202023-2866628,2024-05-14,2024-05-20,标准级,贺宁-18700,贺宁,消费者,安顺,贵州,中国,西南,办公用-收纳-10003736,办公用品,收纳具,"Rogers 文件夹, 单宽度",716.8,5,0.0,207.2
161,CN-202023-2866628,2024-05-14,2024-05-20,标准级,贺宁-18700,贺宁,消费者,安顺,贵州,中国,西南,技术-配件-10000196,技术,配件,"罗技 闪存驱动器, 可编程",298.76,2,0.0,59.64
163,CN-202023-3381572,2024-05-11,2024-05-11,当日,田谙-18850,田谙,消费者,抚顺,辽宁,中国,东北,办公用-系固-10001285,办公用品,系固件,"Stockwell 订书钉, 整包",30.24,1,0.4,3.92
164,CN-202023-3381572,2024-05-11,2024-05-11,当日,田谙-18850,田谙,消费者,抚顺,辽宁,中国,东北,办公用-纸张-10000746,办公用品,纸张,"Eaton 信纸, 优质",1054.2,5,0.0,442.4
165,CN-202023-3381572,2024-05-11,2024-05-11,当日,田谙-18850,田谙,消费者,抚顺,辽宁,中国,东北,办公用-器具-10000224,办公用品,器具,"Breville 咖啡研磨机, 银色",350.616,2,0.4,-181.384
166,CN-202023-3381572,2024-05-11,2024-05-11,当日,田谙-18850,田谙,消费者,抚顺,辽宁,中国,东北,办公用-收纳-10000871,办公用品,收纳具,"Eldon 盒, 工业",250.6,5,0.0,47.6
167,CN-202023-3381572,2024-05-11,2024-05-11,当日,田谙-18850,田谙,消费者,抚顺,辽宁,中国,东北,办公用-器具-10002081,办公用品,器具,"Hamilton Beach 炉灶, 白色",7566.72,5,0.4,-2270.38
168,CN-202023-3381572,2024-05-11,2024-05-11,当日,田谙-18850,田谙,消费者,抚顺,辽宁,中国,东北,技术-设备-10003561,技术,设备,"松下 收据打印机, 白色",1002.204,3,0.4,-651.756
169,CN-202023-3381572,2024-05-11,2024-05-11,当日,田谙-18850,田谙,消费者,抚顺,辽宁,中国,东北,技术-电话-10000045,技术,电话,"苹果 信号增强器, 混合尺寸",781.2,2,0.4,-39.2
170,CN-202023-3381572,2024-05-11,2024-05-11,当日,田谙-18850,田谙,消费者,抚顺,辽宁,中国,东北,家具-用具-10003781,家具,用具,"Eldon 分层置放架, 耐用",319.536,4,0.4,-53.424
171,CN-202023-3381572,2024-05-11,2024-05-11,当日,田谙-18850,田谙,消费者,抚顺,辽宁,中国,东北,家具-椅子-10002020,家具,椅子,"Novimex 沙滩椅, 红色",386.064,3,0.4,-0.336
172,CN-202023-3381572,2024-05-11,2024-05-11,当日,田谙-18850,田谙,消费者,抚顺,辽宁,中国,东北,办公用-装订-10002552,办公用品,装订机,"Wilson Jones 装订机, 回收",74.928,2,0.4,-5.152
175,CN-202023-5816959,2024-02-11,2024-02-16,标准级,陈丽-17605,陈丽雪,公司,德阳,四川,中国,西南,办公用-标签-10002697,办公用品,标签,"Smead 运输标签, 红色",53.34,1,0.0,23.38
176,CN-202023-5816959,2024-02-11,2024-02-16,标准级,陈丽-17605,陈丽雪,公司,德阳,四川,中国,西南,办公用-信封-10000396,办公用品,信封,"Ames 商业信封, 每套 50 个",204.96,3,0.0,24.36
177,CN-202023-5816959,2024-02-11,2024-02-16,标准级,陈丽-17605,陈丽雪,公司,德阳,四川,中国,西南,办公用-装订-10002580,办公用品,装订机,"Wilson Jones 订书机, 透明",1084.608,8,0.4,-289.632
179,CN-202023-3122639,2024-05-08,2024-05-11,一级,曾惠-14485,曾惠,公司,浯溪,湖南,中国,中南,技术-配件-10000680,技术,配件,"贝尔金 记忆卡, 耐用",1610.28,3,0.0,418.32
180,CN-202023-3122639,2024-05-08,2024-05-11,一级,曾惠-14485,曾惠,公司,浯溪,湖南,中国,中南,家具-桌子-10001653,家具,桌子,"Barricks 圆桌, 长方形",6987.12,4,0.25,-2236.08
183,US-202023-5448418,2024-09-11,2024-09-16,标准级,严诚-11395,严诚,公司,鞍山,辽宁,中国,东北,办公用-器具-10004796,办公用品,器具,"Cuisinart 咖啡研磨机, 白色",514.5,5,0.4,-51.8
184,US-202023-5448418,2024-09-11,2024-09-16,标准级,严诚-11395,严诚,公司,鞍山,辽宁,中国,东北,技术-电话-10003828,技术,电话,"摩托罗拉 充电器, 混合尺寸",5422.536,3,0.4,-2530.584
185,CN-202023-3022026,2024-06-19,2024-06-23,标准级,姚柏-19015,姚柏,消费者,深圳,广东,中国,中南,办公用-系固-10004057,办公用品,系固件,"OIC 夹子, 每包 12 个",268.8,3,0.0,104.58
200,US-202023-3405401,2024-05-13,2024-05-18,标准级,万刚-13195,万刚,公司,武汉,湖北,中国,中南,技术-配件-10001327,技术,配件,"Enermax 记忆卡, 实惠",1281.168,4,0.4,-256.592
205,CN-202023-1628412,2024-04-29,2024-05-01,二级,常盛-20305,常盛,消费者,上海,上海,中国,华东,办公用-装订-10000416,办公用品,装订机,"Acco 订书机, 耐用",490.84,2,0.0,132.44
206,CN-202023-2828219,2024-05-22,2024-05-26,标准级,周诚-11275,周诚,公司,集宁,内蒙古,中国,华北,办公用-纸张-10002428,办公用品,纸张,"施乐 信纸, 多色",1515.08,7,0.0,727.16
207,CN-202023-2828219,2024-05-22,2024-05-26,标准级,周诚-11275,周诚,公司,集宁,内蒙古,中国,华北,技术-电话-10003187,技术,电话,"诺基亚 充电器, 混合尺寸",8944.74,5,0.4,1043.14
233,CN-202023-4159546,2024-07-21,2024-07-23,一级,洪梦-18205,洪梦,公司,重庆,重庆,中国,西南,技术-配件-10000138,技术,配件,"贝尔金 鼠标, 可编程",1181.88,6,0.0,94.08
234,CN-202023-4159546,2024-07-21,2024-07-23,一级,洪梦-18205,洪梦,公司,重庆,重庆,中国,西南,办公用-装订-10000048,办公用品,装订机,"Acco 标签, 回收",83.44,2,0.0,10.64
235,CN-202023-4159546,2024-07-21,2024-07-23,一级,洪梦-18205,洪梦,公司,重庆,重庆,中国,西南,技术-电话-10002323,技术,电话,"诺基亚 充电器, 整包",14843.5,5,0.0,4897.9
241,US-202023-3189070,2024-08-05,2024-08-09,标准级,范彩-10615,范彩,公司,丹东,辽宁,中国,东北,办公用-器具-10004864,办公用品,器具,"Hoover 炉灶, 红色",3183.432,2,0.4,-1326.528
253,CN-202023-2577941,2024-10-05,2024-10-08,一级,唐安-10240,唐安,消费者,南昌,江西,中国,华东,技术-设备-10003739,技术,设备,"松下 打印机, 白色",3708.6,3,0.0,1483.44
254,CN-202023-2577941,2024-10-05,2024-10-08,一级,唐安-10240,唐安,消费者,南昌,江西,中国,华东,技术-配件-10001134,技术,配件,"Enermax 鼠标, 回收",355.6,2,0.0,7.0
269,US-202023-2998954,2024-03-25,2024-03-27,二级,赖芳-12715,赖芳茵,公司,扬州,江苏,中国,华东,家具-用具-10001374,家具,用具,"Deflect-O 闹钟, 优质",274.008,2,0.4,-109.872
272,CN-202023-1267778,2024-10-14,2024-10-18,标准级,邓康-15430,邓康,消费者,北京,北京,中国,华北,办公用-系固-10002642,办公用品,系固件,"Stockwell 夹子, 整包",175.84,2,0.0,15.68
273,CN-202023-1267778,2024-10-14,2024-10-18,标准级,邓康-15430,邓康,消费者,北京,北京,中国,华北,家具-书架-10002334,家具,书架,"宜家 古典书架, 金属",3837.96,2,0.0,268.52
274,CN-202023-4571372,2024-12-01,2024-12-07,标准级,钱幂-18070,钱幂,小型企业,上海,上海,中国,华东,家具-椅子-10003809,家具,椅子,"Office Star 摇椅, 红色",657.58,1,0.0,39.34
275,CN-202023-4571372,2024-12-01,2024-12-07,标准级,钱幂-18070,钱幂,小型企业,上海,上海,中国,华东,办公用-标签-10002541,办公用品,标签,"Harbour Creations 运输标签, 可调",131.04,3,0.0,18.06
282,CN-202023-1574908,2024-09-17,2024-09-19,一级,吕欢-14140,吕欢悦,小型企业,金华,浙江,中国,华东,办公用-器具-10001804,办公用品,器具,"Hamilton Beach 微波炉, 银色",1586.256,2,0.4,105.616
283,CN-202023-1574908,2024-09-17,2024-09-19,一级,吕欢-14140,吕欢悦,小型企业,金华,浙江,中国,华东,办公用-收纳-10003464,办公用品,收纳具,"Rogers 盘, 金属",567.0,2,0.0,243.6
284,CN-202023-1574908,2024-09-17,2024-09-19,一级,吕欢-14140,吕欢悦,小型企业,金华,浙江,中国,华东,家具-椅子-10002168,家具,椅子,"Hon 凳子, 黑色",451.416,1,0.4,-293.524
285,CN-202023-1574908,2024-09-17,2024-09-19,一级,吕欢-14140,吕欢悦,小型企业,金华,浙江,中国,华东,家具-椅子-10004390,家具,椅子,"SAFCO 扶手椅, 每套两件",2596.608,2,0.4,302.848
286,CN-202023-1574908,2024-09-17,2024-09-19,一级,吕欢-14140,吕欢悦,小型企业,金华,浙江,中国,华东,家具-书架-10000904,家具,书架,"宜家 书架, 传统",1716.12,5,0.4,-829.78
298,CN-202023-3361827,2024-09-15,2024-09-17,一级,付涛-21160,付涛,公司,榆林,陕西,中国,西北,办公用-收纳-10004131,办公用品,收纳具,"Rogers 文件夹, 金属",555.52,4,0.0,205.52
299,CN-202023-2693856,2024-09-08,2024-09-10,一级,涂辉-12655,涂辉,小型企业,宜春,江西,中国,华东,办公用-器具-10000912,办公用品,器具,"Hamilton Beach 冰箱, 黑色",6993.84,3,0.0,209.58
310,US-202023-1947265,2024-11-04,2024-11-10,标准级,俞毅-12520,俞毅,消费者,沈阳,辽宁,中国,东北,家具-椅子-10004563,家具,椅子,"Office Star 沙滩椅, 可调",162.204,1,0.4,-45.976
311,CN-202023-2883758,2024-03-27,2024-03-31,标准级,秦诚-11245,秦诚,公司,哈尔滨,黑龙江,中国,东北,技术-配件-10000783,技术,配件,"罗技 键盘, 回收",983.64,3,0.0,245.7
312,CN-202023-2883758,2024-03-27,2024-03-31,标准级,秦诚-11245,秦诚,公司,哈尔滨,黑龙江,中国,东北,办公用-装订-10002707,办公用品,装订机,"Ibico 标签, 耐用",145.74,3,0.0,28.98
313,CN-202023-2075002,2024-04-15,2024-04-19,二级,潘舟-11440,潘舟,消费者,黄山,安徽,中国,华东,家具-书架-10001901,家具,书架,"Sauder 搁架, 传统",2724.12,3,0.0,326.76
314,CN-202023-3184596,2024-12-01,2024-12-07,标准级,卢芳-12775,卢芳,消费者,邢台,河北,中国,华北,办公用-信封-10002118,办公用品,信封,"Kraft 局间信封, 红色",706.44,3,0.0,77.7
315,CN-202023-3184596,2024-12-01,2024-12-07,标准级,卢芳-12775,卢芳,消费者,邢台,河北,中国,华北,办公用-用品-10003397,办公用品,用品,"Acme 开信刀, 钢",967.26,7,0.0,105.84
316,CN-202023-3184596,2024-12-01,2024-12-07,标准级,卢芳-12775,卢芳,消费者,邢台,河北,中国,华北,办公用-标签-10004164,办公用品,标签,"Hon 文件夹标签, 可调",274.68,9,0.0,40.32
320,CN-202023-1501002,2024-07-31,2024-08-05,二级,李彩-10675,李彩,消费者,邯郸,河北,中国,华北,办公用-纸张-10004049,办公用品,纸张,"SanDisk 笔记本, 每包 12 个",633.92,4,0.0,151.76
321,CN-202023-1501002,2024-07-31,2024-08-05,二级,李彩-10675,李彩,消费者,邯郸,河北,中国,华北,办公用-收纳-10001617,办公用品,收纳具,"Tenex 锁柜, 金属",1896.72,2,0.0,948.36
322,CN-202023-1501002,2024-07-31,2024-08-05,二级,李彩-10675,李彩,消费者,邯郸,河北,中国,华北,家具-书架-10002251,家具,书架,"Sauder 书架, 传统",1370.32,2,0.0,465.64
323,CN-202023-1501002,2024-07-31,2024-08-05,二级,李彩-10675,李彩,消费者,邯郸,河北,中国,华北,办公用-装订-10002115,办公用品,装订机,"Acco 打孔机, 实惠",702.8,5,0.0,21.0
324,CN-202023-1501002,2024-07-31,2024-08-05,二级,李彩-10675,李彩,消费者,邯郸,河北,中国,华北,办公用-信封-10004907,办公用品,信封,"Ames 局间信封, 银色",1995.84,9,0.0,199.08
327,CN-202023-4833083,2024-05-25,2024-05-30,二级,巩荣-19735,巩荣,消费者,北京,北京,中国,华北,办公用-纸张-10004354,办公用品,纸张,"Enermax 笔记本, 多色",837.48,6,0.0,409.92
328,CN-202023-1108121,2024-01-20,2024-01-25,二级,孙斯-21010,孙斯云,消费者,宜昌,湖北,中国,中南,办公用-纸张-10003967,办公用品,纸张,"Green Bar 羊皮纸, 多色",337.68,4,0.0,16.8
329,CN-202023-3184596,2024-04-02,2024-04-08,标准级,徐丽-17395,徐丽丽,公司,白城,吉林,中国,东北,办公用-系固-10002857,办公用品,系固件,"Advantus 橡皮筋, 整包",696.78,9,0.0,229.32
348,US-202023-5835982,2024-11-19,2024-11-21,一级,袁德-12115,袁德,消费者,凤城,辽宁,中国,东北,家具-书架-10001860,家具,书架,"Safco 搁架, 传统",1652.616,3,0.4,-523.404
349,US-202023-5835982,2024-11-19,2024-11-21,一级,袁德-12115,袁德,消费者,凤城,辽宁,中国,东北,技术-设备-10001951,技术,设备,"StarTech 喷墨打印机, 多色",1689.912,2,0.4,-760.648
362,CN-202023-2102819,2024-10-14,2024-10-18,标准级,刘明-18295,刘明,公司,青州,山东,中国,华东,办公用-标签-10004577,办公用品,标签,"Novimex 可去除的标签, 耐用",239.4,5,0.0,30.8
367,CN-202023-4800042,2024-05-13,2024-05-18,二级,白忠-11515,白忠,消费者,南昌,江西,中国,华东,办公用-系固-10000958,办公用品,系固件,"Stockwell 回形针, 每包 12 个",60.34,1,0.0,2.38
368,US-202023-2513055,2024-10-08,2024-10-12,标准级,邢宁-18715,邢宁,公司,沈阳,辽宁,中国,东北,办公用-器具-10004829,办公用品,器具,"Breville 微波炉, 银色",5081.328,6,0.4,-2795.352
369,US-202023-2513055,2024-10-08,2024-10-12,标准级,邢宁-18715,邢宁,公司,沈阳,辽宁,中国,东北,办公用-装订-10001101,办公用品,装订机,"Avery 订书机, 耐用",1127.616,8,0.4,-75.264
370,US-202023-2513055,2024-10-08,2024-10-12,标准级,邢宁-18715,邢宁,公司,沈阳,辽宁,中国,东北,办公用-信封-10002782,办公用品,信封,"Kraft 搭扣信封, 每套 50 个",168.0,4,0.0,13.44
371,US-202023-2513055,2024-10-08,2024-10-12,标准级,邢宁-18715,邢宁,公司,沈阳,辽宁,中国,东北,办公用-信封-10001989,办公用品,信封,"Jiffy 外皮和封条, 回收",175.56,2,0.0,17.36
380,US-202023-5444149,2024-07-22,2024-07-26,标准级,曹丽-15940,曹丽,小型企业,杭州,浙江,中国,华东,办公用-系固-10004954,办公用品,系固件,"Stockwell 按钉, 混合尺寸",165.48,5,0.4,-24.92
388,CN-202023-3132230,2024-09-11,2024-09-15,标准级,封乐-17740,封乐,消费者,钦州,广西,中国,中南,家具-用具-10000470,家具,用具,"Advantus 框架, 优质",2048.48,4,0.0,675.92
389,CN-202023-3132230,2024-09-11,2024-09-15,标准级,封乐-17740,封乐,消费者,钦州,广西,中国,中南,办公用-收纳-10004393,办公用品,收纳具,"Rogers 文件车, 金属",8533.98,13,0.0,1108.38
390,CN-202023-3132230,2024-09-11,2024-09-15,标准级,封乐-17740,封乐,消费者,钦州,广西,中国,中南,办公用-装订-10003269,办公用品,装订机,"Wilson Jones 标签, 透明",55.16,2,0.0,5.88
391,CN-202023-1516102,2024-12-21,2024-12-22,一级,苏冬-12430,苏冬露,小型企业,铁力,黑龙江,中国,东北,办公用-收纳-10000198,办公用品,收纳具,"Rogers 盒, 工业",342.3,3,0.0,95.76
392,CN-202023-1516102,2024-12-21,2024-12-22,一级,苏冬-12430,苏冬露,小型企业,铁力,黑龙江,中国,东北,家具-椅子-10004774,家具,椅子,"SAFCO 摇椅, 可调",1282.4,2,0.0,487.2
400,CN-202023-2098822,2024-08-06,2024-08-11,二级,陈惠-14290,陈惠英,小型企业,佳木斯,黑龙江,中国,东北,办公用-美术-10000757,办公用品,美术,"Boston 记号笔, 混合尺寸",772.24,7,0.2,96.04
401,CN-202023-2098822,2024-08-06,2024-08-11,二级,陈惠-14290,陈惠英,小型企业,佳木斯,黑龙江,中国,东北,办公用-器具-10000663,办公用品,器具,"Hamilton Beach 微波炉, 白色",11787.3,9,0.0,2239.02
402,CN-202023-2098822,2024-08-06,2024-08-11,二级,陈惠-14290,陈惠英,小型企业,佳木斯,黑龙江,中国,东北,办公用-装订-10002575,办公用品,装订机,"Wilson Jones 打孔机, 耐用",412.86,3,0.0,189.84
416,CN-202023-3694355,2024-01-22,2024-01-28,标准级,洪光-13420,洪光,公司,西安,陕西,中国,西北,办公用-美术-10000664,办公用品,美术,"Boston 荧光笔, 混合尺寸",617.4,6,0.0,73.92
425,US-202023-4764837,2024-10-13,2024-10-17,标准级,万兰-15730,万兰,消费者,无锡,江苏,中国,华东,技术-配件-10002808,技术,配件,"罗技 路由器, 耐用",2079.252,3,0.4,-693.168
426,US-202023-4764837,2024-10-13,2024-10-17,标准级,万兰-15730,万兰,消费者,无锡,江苏,中国,华东,办公用-收纳-10000871,办公用品,收纳具,"Eldon 盒, 工业",200.48,4,0.0,38.08
427,US-202023-4764837,2024-10-13,2024-10-17,标准级,万兰-15730,万兰,消费者,无锡,江苏,中国,华东,技术-配件-10004228,技术,配件,"Enermax 键盘, 回收",455.112,2,0.4,-53.368
431,CN-202023-2805987,2024-06-13,2024-06-15,一级,柯丽-15880,柯丽,消费者,合川,重庆,中国,西南,技术-电话-10000698,技术,电话,"思科 充电器, 蓝色",15199.1,5,0.0,607.6
450,US-202023-1184235,2024-10-07,2024-10-12,标准级,李蔓-17995,李蔓楚,小型企业,成都,四川,中国,西南,技术-电话-10000433,技术,电话,"诺基亚 耳机, 蓝色",1228.248,6,0.4,-204.792
460,CN-202023-3585437,2024-02-17,2024-02-22,标准级,俞晒-19840,俞晒明,消费者,铜川,陕西,中国,西北,家具-用具-10004269,家具,用具,"Rubvermaid 灯泡, 优质",896.28,11,0.0,420.42
461,CN-202023-3585437,2024-02-17,2024-02-22,标准级,俞晒-19840,俞晒明,消费者,铜川,陕西,中国,西北,家具-椅子-10002544,家具,椅子,"SAFCO 凳子, 黑色",2317.14,3,0.0,370.44
464,US-202023-4420382,2024-11-17,2024-11-20,一级,贾伟-21415,贾伟,消费者,衢州,浙江,中国,华东,技术-电话-10002475,技术,电话,"诺基亚 办公室电话机, 全尺寸",185.976,1,0.4,-27.944
465,CN-202023-4719760,2024-10-17,2024-10-22,标准级,马莲-17035,马莲,公司,太原,山西,中国,华北,家具-用具-10001511,家具,用具,"Eldon 闹钟, 耐用",749.7,3,0.0,127.26
466,CN-202023-4719760,2024-10-17,2024-10-22,标准级,马莲-17035,马莲,公司,太原,山西,中国,华北,技术-设备-10003361,技术,设备,"松下 喷墨打印机, 多色",2912.84,2,0.0,436.8
467,CN-202023-5036114,2024-11-10,2024-11-16,标准级,冯巧-19450,冯巧,消费者,济南,山东,中国,华东,办公用-装订-10000292,办公用品,装订机,"Wilson Jones 装订机盖, 实惠",104.44,2,0.0,34.44
468,CN-202023-5036114,2024-11-10,2024-11-16,标准级,冯巧-19450,冯巧,消费者,济南,山东,中国,华东,家具-桌子-10002438,家具,桌子,"Hon 圆桌, 白色",4352.04,3,0.4,-72.66
469,CN-202023-5036114,2024-11-10,2024-11-16,标准级,冯巧-19450,冯巧,消费者,济南,山东,中国,华东,办公用-器具-10003466,办公用品,器具,"Cuisinart 烤面包机, 银色",1011.92,4,0.0,343.84
470,CN-202023-5036114,2024-11-10,2024-11-16,标准级,冯巧-19450,冯巧,消费者,济南,山东,中国,华东,家具-椅子-10003809,家具,椅子,"Office Star 摇椅, 红色",1972.74,3,0.0,118.02
471,CN-202023-5816959,2024-05-04,2024-05-09,标准级,邱刚-13120,邱刚,公司,邯郸,河北,中国,华北,办公用-装订-10003973,办公用品,装订机,"Ibico 装订机, 实惠",288.96,4,0.0,83.44
472,CN-202023-5816959,2024-05-04,2024-05-09,标准级,邱刚-13120,邱刚,公司,邯郸,河北,中国,华北,技术-复印-10000631,技术,复印机,"佳能 个人复印机, 数字化",1328.88,2,0.0,504.84
476,CN-202023-4936120,2024-09-09,2024-09-14,标准级,戴虎-14065,戴虎,消费者,深圳,广东,中国,中南,办公用-纸张-10002327,办公用品,纸张,"Enermax 信纸, 每包 12 个",478.24,2,0.0,100.24
477,CN-202023-4936120,2024-09-09,2024-09-14,标准级,戴虎-14065,戴虎,消费者,深圳,广东,中国,中南,办公用-系固-10002226,办公用品,系固件,"Advantus 图钉, 金属",319.9,5,0.0,82.6
478,CN-202023-4936120,2024-09-09,2024-09-14,标准级,戴虎-14065,戴虎,消费者,深圳,广东,中国,中南,办公用-信封-10003818,办公用品,信封,"Ames 局间信封, 回收",1229.76,6,0.0,405.72
479,CN-202023-4936120,2024-09-09,2024-09-14,标准级,戴虎-14065,戴虎,消费者,深圳,广东,中国,中南,技术-设备-10003033,技术,设备,"StarTech 喷墨打印机, 耐用",1408.82,1,0.0,507.08
483,CN-202023-3922494,2024-10-17,2024-10-21,标准级,徐丽-17395,徐丽丽,公司,唐家庄,河北,中国,华北,家具-书架-10002113,家具,书架,"Dania 书库, 金属",5066.04,3,0.0,2026.08
484,CN-202023-4150128,2024-12-29,2025-01-03,标准级,雷菊-15025,雷菊,消费者,坪山,广东,中国,中南,办公用-信封-10003132,办公用品,信封,"Jiffy 搭扣信封, 每套 50 个",79.52,2,0.0,21.28
485,CN-202023-4150128,2024-12-29,2025-01-03,标准级,雷菊-15025,雷菊,消费者,坪山,广东,中国,中南,办公用-装订-10003676,办公用品,装订机,"Ibico 订书机, 透明",712.32,3,0.0,327.6
486,CN-202023-1376899,2024-07-03,2024-07-10,标准级,程宁-18640,程宁,公司,临江,吉林,中国,东北,办公用-用品-10004353,办公用品,用品,"Elite 开信刀, 工业",269.92,2,0.0,118.72
487,CN-202023-1376899,2024-07-03,2024-07-10,标准级,程宁-18640,程宁,公司,临江,吉林,中国,东北,家具-椅子-10000210,家具,椅子,"Harbour Creations 扶手椅, 每套两件",17765.44,8,0.0,3374.56
504,CN-202023-3232918,2024-11-18,2024-11-18,当日,郝绅-19930,郝绅,消费者,重庆,重庆,中国,西南,家具-用具-10002886,家具,用具,"Eldon 闹钟, 一包多件",1056.16,4,0.0,285.04
505,CN-202023-3232918,2024-11-18,2024-11-18,当日,郝绅-19930,郝绅,消费者,重庆,重庆,中国,西南,家具-用具-10002407,家具,用具,"Rubvermaid 门挡, 优质",395.92,2,0.0,91.0
507,US-202023-2312244,2024-05-20,2024-05-25,标准级,潘凤-12940,潘凤,小型企业,泰州,江苏,中国,华东,办公用-美术-10001414,办公用品,美术,"Binney & Smith 记号笔, 蓝色",112.42,5,0.8,-388.08
510,CN-202023-1574908,2024-09-22,2024-09-26,标准级,邵黎-16420,邵黎明,公司,阿城,黑龙江,中国,东北,家具-用具-10003358,家具,用具,"Advantus 灯泡, 一包多件",281.82,3,0.0,56.28
521,US-202023-1346492,2024-08-28,2024-08-30,一级,葛彩-10660,葛彩,消费者,枣阳,湖北,中国,中南,技术-复印-10000795,技术,复印机,"夏普 无线传真机, 数字化",4977.84,5,0.4,-249.06
524,CN-202023-2979175,2024-06-25,2024-07-02,标准级,毛刚-13165,毛刚,消费者,濮阳,河南,中国,中南,办公用-信封-10004263,办公用品,信封,"Cameo 商业信封, 银色",270.9,3,0.0,40.32
526,US-202023-2477297,2024-11-13,2024-11-18,标准级,邢柏-18970,邢柏,小型企业,椒江,浙江,中国,华东,办公用-美术-10001467,办公用品,美术,"Boston 速写本, 蓝色",45.36,1,0.8,-170.1
531,US-202023-1715632,2024-05-08,2024-05-12,标准级,顾君-15220,顾君,公司,孝感,湖北,中国,中南,办公用-美术-10001002,办公用品,美术,"Sanford 铅笔刀, 整包",24.36,1,0.8,-67.06
532,US-202023-1715632,2024-05-08,2024-05-12,标准级,顾君-15220,顾君,公司,孝感,湖北,中国,中南,办公用-装订-10000292,办公用品,装订机,"Wilson Jones 装订机盖, 实惠",93.996,3,0.4,-11.004
533,CN-202023-2964244,2024-04-15,2024-04-20,标准级,孙壁-10465,孙壁,消费者,桦甸,吉林,中国,东北,家具-用具-10001578,家具,用具,"Deflect-O 闹钟, 一包多件",705.18,3,0.0,309.96
534,CN-202023-2964244,2024-04-15,2024-04-20,标准级,孙壁-10465,孙壁,消费者,桦甸,吉林,中国,东北,技术-电话-10001063,技术,电话,"苹果 智能手机, 全尺寸",1162.84,2,0.0,476.56
548,CN-202023-3706710,2024-09-16,2024-09-21,标准级,丁妮-18610,丁妮,公司,长沙,湖南,中国,中南,技术-配件-10003364,技术,配件,"SanDisk 键盘, 实惠",1901.2,5,0.0,284.9
549,CN-202023-3706710,2024-09-16,2024-09-21,标准级,丁妮-18610,丁妮,公司,长沙,湖南,中国,中南,办公用-器具-10002760,办公用品,器具,"Hoover 搅拌机, 红色",4988.06,11,0.0,2293.06
553,CN-202023-5592498,2024-06-26,2024-07-03,标准级,田丽-16495,田丽娜,公司,石家庄,河北,中国,华北,技术-复印-10001968,技术,复印机,"惠普 复印机, 红色",2257.64,2,0.0,45.08
566,CN-202023-3569535,2024-08-25,2024-08-27,二级,韦实-20275,韦实,消费者,焦作,河南,中国,中南,办公用-标签-10003939,办公用品,标签,"Harbour Creations 有色标签, 红色",118.72,2,0.0,11.76
567,CN-202023-3569535,2024-08-25,2024-08-27,二级,韦实-20275,韦实,消费者,焦作,河南,中国,中南,技术-复印-10002340,技术,复印机,"佳能 个人复印机, 每套两件",3996.72,6,0.0,1598.52
568,CN-202023-3569535,2024-08-25,2024-08-27,二级,韦实-20275,韦实,消费者,焦作,河南,中国,中南,技术-复印-10000604,技术,复印机,"夏普 传真复印机, 彩色",2380.56,3,0.0,737.94
569,CN-202023-3569535,2024-08-25,2024-08-27,二级,韦实-20275,韦实,消费者,焦作,河南,中国,中南,家具-椅子-10001358,家具,椅子,"SAFCO 凳子, 每套两件",2144.394,3,0.1,-71.526
570,CN-202023-2210906,2024-02-04,2024-02-08,标准级,邓保-10375,邓保,消费者,荔城,广东,中国,中南,技术-设备-10004713,技术,设备,"松下 计算器, 红色",442.68,2,0.0,110.6
571,CN-202023-2210906,2024-02-04,2024-02-08,标准级,邓保-10375,邓保,消费者,荔城,广东,中国,中南,技术-电话-10001777,技术,电话,"摩托罗拉 办公室电话机, 整包",1005.9,3,0.0,49.98
572,CN-202023-2210906,2024-02-04,2024-02-08,标准级,邓保-10375,邓保,消费者,荔城,广东,中国,中南,办公用-收纳-10003617,办公用品,收纳具,"Tenex 文件车, 单宽度",1878.24,3,0.0,319.2
573,CN-202023-3381572,2024-11-20,2024-11-26,标准级,孟刚-13180,孟刚,公司,盐城,江苏,中国,华东,办公用-信封-10000686,办公用品,信封,"GlobeWeis 局间信封, 每套 50 个",446.32,2,0.0,182.84
574,US-202023-3325239,2024-11-06,2024-11-08,二级,赵幂-18055,赵幂,消费者,嘉峪关,甘肃,中国,西北,办公用-用品-10000039,办公用品,用品,"Acme 尺子, 工业",205.296,4,0.4,-41.104
575,US-202023-3325239,2024-11-06,2024-11-08,二级,赵幂-18055,赵幂,消费者,嘉峪关,甘肃,中国,西北,技术-配件-10001642,技术,配件,"贝尔金 键盘, 回收",1601.124,7,0.4,106.624
576,US-202023-3325239,2024-11-06,2024-11-08,二级,赵幂-18055,赵幂,消费者,嘉峪关,甘肃,中国,西北,家具-桌子-10000860,家具,桌子,"Hon 咖啡桌, 组装",4146.968,7,0.6,-4354.532
577,US-202023-3325239,2024-11-06,2024-11-08,二级,赵幂-18055,赵幂,消费者,嘉峪关,甘肃,中国,西北,家具-椅子-10002303,家具,椅子,"Harbour Creations 椅垫, 红色",1411.2,7,0.4,-94.08
578,CN-202023-3904829,2024-11-11,2024-11-13,二级,曹灵-17590,曹灵,公司,成都,四川,中国,西南,办公用-纸张-10001321,办公用品,纸张,"Eaton 笔记本, 每包 12 个",716.8,5,0.0,7.0
589,US-202023-4339927,2024-04-11,2024-04-16,标准级,康丽-15850,康丽,消费者,兰州,甘肃,中国,西北,技术-电话-10001791,技术,电话,"摩托罗拉 智能手机, 全尺寸",733.992,2,0.4,-403.928
596,CN-202023-4195213,2024-06-21,2024-06-22,一级,陶盛-20395,陶盛,消费者,宜宾,四川,中国,西南,办公用-信封-10004263,办公用品,信封,"Cameo 商业信封, 银色",270.9,3,0.0,40.32
597,CN-202023-4195213,2024-06-21,2024-06-22,一级,陶盛-20395,陶盛,消费者,宜宾,四川,中国,西南,技术-配件-10003190,技术,配件,"SanDisk 记忆卡, 耐用",630.672,2,0.4,-420.448
598,CN-202023-4195213,2024-06-21,2024-06-22,一级,陶盛-20395,陶盛,消费者,宜宾,四川,中国,西南,办公用-标签-10002067,办公用品,标签,"Avery 运输标签, 红色",108.92,2,0.0,12.88
599,CN-202023-4195213,2024-06-21,2024-06-22,一级,陶盛-20395,陶盛,消费者,宜宾,四川,中国,西南,技术-电话-10004846,技术,电话,"摩托罗拉 音频基座, 蓝色",1456.308,3,0.4,193.788
600,CN-202023-5844177,2024-11-28,2024-12-02,标准级,钟松-20620,钟松,公司,北京,北京,中国,华北,办公用-系固-10001361,办公用品,系固件,"Accos 橡皮筋, 整包",467.04,6,0.0,55.44
601,CN-202023-5844177,2024-11-28,2024-12-02,标准级,钟松-20620,钟松,公司,北京,北京,中国,华北,办公用-装订-10002545,办公用品,装订机,"Wilson Jones 订书机, 实惠",456.96,2,0.0,196.28
602,US-202023-1594949,2024-06-25,2024-06-30,标准级,白忠-11515,白忠,消费者,鞍山,辽宁,中国,东北,办公用-器具-10000373,办公用品,器具,"Breville 冰箱, 银色",4368.672,3,0.4,-1383.648
603,US-202023-1594949,2024-06-25,2024-06-30,标准级,白忠-11515,白忠,消费者,鞍山,辽宁,中国,东北,家具-椅子-10002837,家具,椅子,"Office Star 折叠椅, 可调",1582.56,6,0.4,-686.28
606,CN-202023-1182921,2024-05-28,2024-05-30,二级,廖松-20725,廖松,消费者,潍坊,山东,中国,华东,办公用-收纳-10003204,办公用品,收纳具,"Tenex 盒, 单宽度",77.14,1,0.0,36.12
607,CN-202023-1182921,2024-05-28,2024-05-30,二级,廖松-20725,廖松,消费者,潍坊,山东,中国,华东,办公用-用品-10002717,办公用品,用品,"Fiskars 剪刀, 蓝色",540.4,5,0.0,64.4
608,CN-202023-1129627,2024-06-23,2024-06-27,标准级,罗琼-19615,罗琼,消费者,文登,山东,中国,华东,家具-椅子-10001595,家具,椅子,"Office Star 凳子, 红色",6493.76,8,0.0,2792.16
609,CN-202023-1129627,2024-06-23,2024-06-27,标准级,罗琼-19615,罗琼,消费者,文登,山东,中国,华东,办公用-装订-10001290,办公用品,装订机,"Ibico 装订机, 透明",348.6,5,0.0,62.3
610,CN-202023-1129627,2024-06-23,2024-06-27,标准级,罗琼-19615,罗琼,消费者,文登,山东,中国,华东,技术-配件-10001709,技术,配件,"Enermax 记忆卡, 回收",2094.4,4,0.0,795.76
611,CN-202023-1129627,2024-06-23,2024-06-27,标准级,罗琼-19615,罗琼,消费者,文登,山东,中国,华东,办公用-纸张-10001279,办公用品,纸张,"Green Bar 羊皮纸, 每包 12 个",291.48,3,0.0,133.98
642,CN-202023-5468349,2024-06-13,2024-06-16,二级,戴壁-10480,戴壁,消费者,三亚,海南,中国,中南,技术-电话-10002787,技术,电话,"苹果 办公室电话机, 全尺寸",1863.96,6,0.0,577.08
643,CN-202023-5468349,2024-06-13,2024-06-16,二级,戴壁-10480,戴壁,消费者,三亚,海南,中国,中南,技术-设备-10004735,技术,设备,"StarTech 计算器, 耐用",1309.28,7,0.0,196.0
646,US-202023-1070056,2024-03-26,2024-03-26,当日,麦实-20230,麦实,公司,张家港,江苏,中国,华东,办公用-装订-10004840,办公用品,装订机,"Cardinal 孔加固材料, 透明",120.96,9,0.4,-59.22
647,US-202023-1070056,2024-03-26,2024-03-26,当日,麦实-20230,麦实,公司,张家港,江苏,中国,华东,家具-椅子-10000210,家具,椅子,"Harbour Creations 扶手椅, 每套两件",6662.04,5,0.4,-2332.26
648,US-202023-1070056,2024-03-26,2024-03-26,当日,麦实-20230,麦实,公司,张家港,江苏,中国,华东,办公用-用品-10001088,办公用品,用品,"Fiskars 美工刀, 钢",488.88,5,0.4,7.98
649,CN-202023-2211607,2024-10-13,2024-10-15,一级,徐虎-14020,徐虎,消费者,南平,福建,中国,华东,办公用-收纳-10000984,办公用品,收纳具,"Eldon 文件夹, 工业",162.96,2,0.0,64.96
650,CN-202023-2211607,2024-10-13,2024-10-15,一级,徐虎-14020,徐虎,消费者,南平,福建,中国,华东,办公用-收纳-10002706,办公用品,收纳具,"Eldon 盘, 金属",439.04,2,0.0,197.4
667,CN-202023-2328434,2024-06-20,2024-06-23,一级,钟宣-20860,钟宣,公司,桦南,黑龙江,中国,东北,办公用-器具-10003836,办公用品,器具,"Hoover 微波炉, 黑色",7188.3,5,0.0,933.8
668,CN-202023-2328434,2024-06-20,2024-06-23,一级,钟宣-20860,钟宣,公司,桦南,黑龙江,中国,东北,办公用-标签-10002581,办公用品,标签,"Avery 可去除的标签, 可调",161.28,4,0.0,72.24
670,CN-202023-4433229,2024-09-18,2024-09-20,二级,秦黎-16300,秦黎明,公司,阿城,黑龙江,中国,东北,技术-配件-10000405,技术,配件,"SanDisk 路由器, 实惠",1196.3,1,0.0,59.78
671,CN-202023-4433229,2024-09-18,2024-09-20,二级,秦黎-16300,秦黎明,公司,阿城,黑龙江,中国,东北,技术-电话-10000045,技术,电话,"苹果 信号增强器, 混合尺寸",1302.0,2,0.0,481.6
680,CN-202023-3108642,2024-11-10,2024-11-16,标准级,贾柏-18910,贾柏,小型企业,塘沽,天津,中国,华北,办公用-收纳-10003289,办公用品,收纳具,"Tenex 搁板, 单宽度",510.44,2,0.0,127.4
681,CN-202023-3108642,2024-11-10,2024-11-16,标准级,贾柏-18910,贾柏,小型企业,塘沽,天津,中国,华北,技术-复印-10000334,技术,复印机,"Hewlett 无线传真机, 数字化",8862.7,5,0.0,1506.4
687,CN-202023-3281446,2024-12-24,2024-12-28,标准级,曹欢-14200,曹欢悦,小型企业,上海,上海,中国,华东,办公用-装订-10003861,办公用品,装订机,"Avery 打孔机, 实惠",260.12,2,0.0,12.88
688,CN-202023-3281446,2024-12-24,2024-12-28,标准级,曹欢-14200,曹欢悦,小型企业,上海,上海,中国,华东,办公用-装订-10000548,办公用品,装订机,"Avery 孔加固材料, 实惠",61.74,3,0.0,28.14
694,US-202023-1231498,2024-09-21,2024-09-26,标准级,曹伟-21580,曹伟,消费者,高邮,江苏,中国,华东,技术-电话-10002447,技术,电话,"苹果 信号增强器, 整包",3828.72,10,0.4,-1085.28
695,US-202023-1231498,2024-09-21,2024-09-26,标准级,曹伟-21580,曹伟,消费者,高邮,江苏,中国,华东,办公用-装订-10000285,办公用品,装订机,"Acco 孔加固材料, 透明",154.224,9,0.4,11.844
702,US-202023-4217149,2024-05-19,2024-05-24,标准级,王辉-12670,王辉,消费者,青岛,山东,中国,华东,家具-桌子-10004043,家具,桌子,"Barricks 培训桌, 长方形",3537.744,4,0.4,-294.896
704,US-202023-3769666,2024-05-14,2024-05-16,一级,黄岱-11860,黄岱,消费者,兰州,甘肃,中国,西北,办公用-美术-10001691,办公用品,美术,"Sanford 钢笔, 混合尺寸",26.656,2,0.8,-81.424
705,CN-202023-3367931,2024-07-01,2024-07-03,二级,万莞-13330,万莞颖,消费者,北京,北京,中国,华北,办公用-美术-10003462,办公用品,美术,"Sanford 荧光笔, 混合尺寸",353.36,4,0.0,70.56
708,US-202023-1184235,2024-12-15,2024-12-19,标准级,邱栋-12265,邱栋,消费者,惠州,广东,中国,中南,办公用-标签-10002900,办公用品,标签,"Novimex 合法证物标签, 白色",244.3,5,0.0,82.6
709,CN-202023-1511005,2024-06-10,2024-06-12,二级,梁安-10195,梁安,公司,门头沟,北京,中国,华北,技术-复印-10001796,技术,复印机,"佳能 传真机, 数字化",4452.42,3,0.0,1246.56
710,CN-202023-1511005,2024-06-10,2024-06-12,二级,梁安-10195,梁安,公司,门头沟,北京,中国,华北,办公用-用品-10003154,办公用品,用品,"Acme 剪刀, 蓝色",356.16,3,0.0,39.06
711,CN-202023-1511005,2024-06-10,2024-06-12,二级,梁安-10195,梁安,公司,门头沟,北京,中国,华北,办公用-装订-10003846,办公用品,装订机,"Cardinal 装订机, 耐用",214.62,3,0.0,53.34
712,CN-202023-1511005,2024-06-10,2024-06-12,二级,梁安-10195,梁安,公司,门头沟,北京,中国,华北,办公用-美术-10002415,办公用品,美术,"Boston 画布, 混合尺寸",1590.96,6,0.0,493.08
713,CN-202023-1511005,2024-06-10,2024-06-12,二级,梁安-10195,梁安,公司,门头沟,北京,中国,华北,办公用-信封-10000504,办公用品,信封,"Cameo 邮寄品, 回收",1034.88,6,0.0,165.48
718,CN-202023-3807036,2024-02-19,2024-02-23,标准级,彭博-10555,彭博,公司,扶余,黑龙江,中国,东北,技术-电话-10002670,技术,电话,"思科 音频基座, 蓝色",849.66,1,0.0,390.74
719,CN-202023-3807036,2024-02-19,2024-02-23,标准级,彭博-10555,彭博,公司,扶余,黑龙江,中国,东北,技术-设备-10000066,技术,设备,"松下 喷墨打印机, 耐用",2913.96,2,0.0,116.48
720,CN-202023-3807036,2024-02-19,2024-02-23,标准级,彭博-10555,彭博,公司,扶余,黑龙江,中国,东北,家具-书架-10000196,家具,书架,"Sauder 柜, 白色",5527.2,7,0.0,2320.64
729,CN-202023-5497693,2024-11-23,2024-11-26,一级,龚松-20710,龚松,小型企业,榆林,陕西,中国,西北,家具-椅子-10002913,家具,椅子,"Office Star 椅垫, 每套两件",1588.3,5,0.0,508.2
731,CN-202023-2190451,2024-01-21,2024-01-25,标准级,邱秋-11575,邱秋,公司,运城,山西,中国,华北,办公用-收纳-10000480,办公用品,收纳具,"Tenex 锁柜, 蓝色",6668.9,7,0.0,3333.96
732,CN-202023-2190451,2024-01-21,2024-01-25,标准级,邱秋-11575,邱秋,公司,运城,山西,中国,华北,家具-椅子-10000270,家具,椅子,"Novimex 凳子, 黑色",2268.42,3,0.0,430.92
733,CN-202023-2190451,2024-01-21,2024-01-25,标准级,邱秋-11575,邱秋,公司,运城,山西,中国,华北,办公用-美术-10001717,办公用品,美术,"Boston 钢笔, 混合尺寸",406.0,5,0.0,125.3
740,US-202023-3210061,2024-02-05,2024-02-10,标准级,黄丽-15820,黄丽,消费者,义乌,浙江,中国,华东,技术-电话-10000751,技术,电话,"三星 信号增强器, 混合尺寸",780.864,2,0.4,-299.376
741,CN-202023-4839636,2024-06-15,2024-06-17,一级,顾丹-11965,顾丹,公司,常德,湖南,中国,中南,办公用-信封-10000372,办公用品,信封,"Jiffy 邮寄品, 银色",1292.62,7,0.0,38.22
742,CN-202023-4839636,2024-06-15,2024-06-17,一级,顾丹-11965,顾丹,公司,常德,湖南,中国,中南,技术-复印-10001050,技术,复印机,"Brother 传真机, 彩色",2986.48,2,0.0,1254.12
743,CN-202023-4839636,2024-06-15,2024-06-17,一级,顾丹-11965,顾丹,公司,常德,湖南,中国,中南,家具-书架-10003505,家具,书架,"Sauder 书架, 白色",5575.36,8,0.0,1505.28
744,CN-202023-4839636,2024-06-15,2024-06-17,一级,顾丹-11965,顾丹,公司,常德,湖南,中国,中南,家具-书架-10004286,家具,书架,"Dania 墙角架, 黑色",2303.84,4,0.0,414.4
745,CN-202023-4839636,2024-06-15,2024-06-17,一级,顾丹-11965,顾丹,公司,常德,湖南,中国,中南,办公用-系固-10000296,办公用品,系固件,"Stockwell 按钉, 每包 12 个",450.8,7,0.0,215.6
746,CN-202023-4839636,2024-06-15,2024-06-17,一级,顾丹-11965,顾丹,公司,常德,湖南,中国,中南,办公用-美术-10000463,办公用品,美术,"Binney & Smith 钢笔, 蓝色",133.728,3,0.2,16.548
747,CN-202023-4839636,2024-06-15,2024-06-17,一级,顾丹-11965,顾丹,公司,常德,湖南,中国,中南,技术-设备-10004885,技术,设备,"StarTech 计算器, 多色",745.92,4,0.0,253.12
748,US-202023-2199283,2024-08-05,2024-08-12,标准级,宋良-17170,宋良,公司,海城,辽宁,中国,东北,办公用-用品-10002305,办公用品,用品,"Elite 美工刀, 蓝色",195.384,2,0.4,-91.336
749,CN-202023-5094467,2024-06-18,2024-06-22,标准级,廖保-10330,廖保,消费者,集宁,内蒙古,中国,华北,办公用-信封-10004523,办公用品,信封,"Cameo 马尼拉纸信封, 回收",240.8,2,0.0,43.12
754,CN-202023-4545298,2024-12-26,2024-12-31,标准级,罗嫒-10060,罗嫒,小型企业,嘉兴,浙江,中国,华东,办公用-标签-10002989,办公用品,标签,"Hon 运输标签, 白色",106.12,2,0.0,12.6
755,CN-202023-4545298,2024-12-26,2024-12-31,标准级,罗嫒-10060,罗嫒,小型企业,嘉兴,浙江,中国,华东,办公用-器具-10003221,办公用品,器具,"Breville 微波炉, 红色",4223.94,5,0.4,-2464.56
756,CN-202023-4545298,2024-12-26,2024-12-31,标准级,罗嫒-10060,罗嫒,小型企业,嘉兴,浙江,中国,华东,办公用-器具-10003676,办公用品,器具,"Hoover 烤面包机, 红色",1170.96,5,0.4,-351.54
757,CN-202023-4545298,2024-12-26,2024-12-31,标准级,罗嫒-10060,罗嫒,小型企业,嘉兴,浙江,中国,华东,办公用-装订-10001147,办公用品,装订机,"Avery 标签, 回收",18.732,1,0.4,2.492
764,CN-202023-1820925,2024-05-11,2024-05-16,二级,孟伟-21535,孟伟,小型企业,张家口,河北,中国,华北,办公用-美术-10000263,办公用品,美术,"Boston 荧光笔, 整包",267.96,3,0.0,2.52
765,CN-202023-1820925,2024-05-11,2024-05-16,二级,孟伟-21535,孟伟,小型企业,张家口,河北,中国,华北,办公用-标签-10003929,办公用品,标签,"Harbour Creations 合法证物标签, 白色",204.4,4,0.0,3.92
766,CN-202023-2883758,2024-09-18,2024-09-20,二级,徐谙-18880,徐谙,消费者,石嘴山,宁夏,中国,西北,技术-配件-10003356,技术,配件,"Memorex 鼠标, 实惠",394.38,3,0.0,153.72
767,CN-202023-4682811,2024-12-29,2025-01-03,二级,龙娜-18535,龙娜,公司,哈尔滨,黑龙江,中国,东北,办公用-信封-10000396,办公用品,信封,"Ames 商业信封, 每套 50 个",341.6,5,0.0,40.6
768,CN-202023-4682811,2024-12-29,2025-01-03,二级,龙娜-18535,龙娜,公司,哈尔滨,黑龙江,中国,东北,办公用-标签-10004066,办公用品,标签,"Avery 可去除的标签, 红色",98.56,2,0.0,29.4
769,CN-202023-4682811,2024-12-29,2025-01-03,二级,龙娜-18535,龙娜,公司,哈尔滨,黑龙江,中国,东北,家具-椅子-10001207,家具,椅子,"Office Star 扶手椅, 可调",15350.72,7,0.0,7214.76
770,CN-202023-3865865,2024-08-16,2024-08-22,标准级,林青-19600,林青,消费者,郑州,河南,中国,中南,办公用-用品-10000553,办公用品,用品,"Kleencut 美工刀, 蓝色",323.4,2,0.0,158.2
771,CN-202023-5743460,2024-08-03,2024-08-05,二级,康青-19585,康青,消费者,济宁,山东,中国,华东,办公用-收纳-10002355,办公用品,收纳具,"Rogers 文件车, 蓝色",3964.8,6,0.0,39.48
773,CN-202023-2274876,2024-10-30,2024-11-06,标准级,涂辉-12655,涂辉,小型企业,宣州,安徽,中国,华东,办公用-美术-10002911,办公用品,美术,"Stanley 荧光笔, 金属",357.504,6,0.2,39.984
774,CN-202023-2274876,2024-10-30,2024-11-06,标准级,涂辉-12655,涂辉,小型企业,宣州,安徽,中国,华东,办公用-系固-10004262,办公用品,系固件,"Advantus 回形针, 混合尺寸",372.4,7,0.0,77.42
785,CN-202023-2121767,2024-03-10,2024-03-15,标准级,常盛-20305,常盛,消费者,太原,山西,中国,华北,办公用-信封-10000469,办公用品,信封,"Kraft 邮寄品, 红色",1729.98,9,0.0,622.44
788,CN-202023-1574908,2024-02-14,2024-02-18,标准级,陶虢-13585,陶虢,公司,昌平,北京,中国,华北,办公用-器具-10004864,办公用品,器具,"Hoover 炉灶, 红色",13264.3,5,0.0,1989.4
789,US-202023-2352370,2024-12-21,2024-12-26,标准级,叶实-20290,叶实,公司,新乡,河南,中国,中南,办公用-器具-10003069,办公用品,器具,"KitchenAid 咖啡研磨机, 银色",1661.8,5,0.0,232.4
790,CN-202023-3289723,2024-11-23,2024-11-23,当日,赵芳-12730,赵芳,消费者,莱州,山东,中国,华东,办公用-纸张-10002524,办公用品,纸张,"施乐 羊皮纸, 回收",307.3,5,0.0,24.5
791,CN-202023-3064620,2024-12-07,2024-12-12,标准级,贾柏-18910,贾柏,小型企业,张家口,河北,中国,华北,办公用-收纳-10000938,办公用品,收纳具,"Rogers 文件夹, 工业",727.3,5,0.0,79.8
798,CN-202023-2051602,2024-06-30,2024-07-05,标准级,殷宣-20920,殷宣,消费者,上海,上海,中国,华东,办公用-标签-10000058,办公用品,标签,"Novimex 运输标签, 白色",153.72,3,0.0,72.24
799,CN-202023-2051602,2024-06-30,2024-07-05,标准级,殷宣-20920,殷宣,消费者,上海,上海,中国,华东,办公用-标签-10002245,办公用品,标签,"Smead 可去除的标签, 白色",98.0,2,0.0,20.44
815,US-202023-3504524,2024-08-31,2024-09-02,二级,韦实-20275,韦实,消费者,乌海,内蒙古,中国,华北,家具-椅子-10004126,家具,椅子,"Novimex 折叠椅, 黑色",2457.84,11,0.4,-1393.7
816,US-202023-3504524,2024-08-31,2024-09-02,二级,韦实-20275,韦实,消费者,乌海,内蒙古,中国,华北,家具-椅子-10000676,家具,椅子,"SAFCO 椅垫, 可调",1046.808,6,0.4,104.328
817,US-202023-3504524,2024-08-31,2024-09-02,二级,韦实-20275,韦实,消费者,乌海,内蒙古,中国,华北,家具-书架-10004714,家具,书架,"Sauder 柜, 传统",466.704,1,0.4,-178.976
818,US-202023-3504524,2024-08-31,2024-09-02,二级,韦实-20275,韦实,消费者,乌海,内蒙古,中国,华北,家具-椅子-10002368,家具,椅子,"Office Star 扶手椅, 红色",3926.412,3,0.4,-327.348
819,CN-202023-5956912,2024-02-06,2024-02-12,标准级,施奇-11410,施奇,消费者,上海,上海,中国,华东,办公用-装订-10000833,办公用品,装订机,"Acco 装订机, 耐用",466.2,6,0.0,134.4
821,CN-202023-1261828,2024-08-24,2024-08-27,一级,程安-10105,程安,消费者,曲靖,云南,中国,西南,办公用-器具-10001757,办公用品,器具,"KitchenAid 炉灶, 黑色",7974.12,3,0.0,3109.68
822,CN-202023-1261828,2024-08-24,2024-08-27,一级,程安-10105,程安,消费者,曲靖,云南,中国,西南,家具-椅子-10003177,家具,椅子,"Harbour Creations 椅垫, 每套两件",1039.5,3,0.0,301.14
823,CN-202023-1261828,2024-08-24,2024-08-27,一级,程安-10105,程安,消费者,曲靖,云南,中国,西南,办公用-信封-10003644,办公用品,信封,"Kraft 外皮和封条, 回收",360.08,4,0.0,100.8
824,US-202023-3988119,2024-11-11,2024-11-14,二级,苏晒-19825,苏晒明,消费者,黄石,湖北,中国,中南,办公用-美术-10000396,办公用品,美术,"Stanley 钢笔, 混合尺寸",74.088,6,0.8,-234.192
825,US-202023-3988119,2024-11-11,2024-11-14,二级,苏晒-19825,苏晒明,消费者,黄石,湖北,中国,中南,家具-书架-10002612,家具,书架,"Bush 墙角架, 金属",1382.64,4,0.4,-414.96
826,US-202023-3988119,2024-11-11,2024-11-14,二级,苏晒-19825,苏晒明,消费者,黄石,湖北,中国,中南,技术-复印-10001968,技术,复印机,"惠普 复印机, 红色",8804.796,13,0.4,-5576.844
833,CN-202023-2166981,2024-12-04,2024-12-04,当日,陈晨-11095,陈晨,公司,桂林,广西,中国,中南,办公用-器具-10004576,办公用品,器具,"Hamilton Beach 炉灶, 银色",15206.52,6,0.0,5778.36
835,CN-202023-1135813,2024-06-09,2024-06-12,一级,宋忠-11530,宋忠,小型企业,新石,湖北,中国,中南,办公用-信封-10004523,办公用品,信封,"Cameo 马尼拉纸信封, 回收",1204.0,10,0.0,215.6
836,CN-202023-1135813,2024-06-09,2024-06-12,一级,宋忠-11530,宋忠,小型企业,新石,湖北,中国,中南,办公用-用品-10004482,办公用品,用品,"Kleencut 尺子, 锯齿状",28.728,1,0.4,4.788
837,CN-202023-5146329,2024-02-03,2024-02-08,标准级,廖乐-17770,廖乐,消费者,合肥,安徽,中国,华东,办公用-用品-10000039,办公用品,用品,"Acme 尺子, 工业",342.16,4,0.0,95.76
839,CN-202023-4230867,2024-10-22,2024-10-26,标准级,肖崆-15520,肖崆,消费者,忻州,山西,中国,华北,办公用-标签-10001132,办公用品,标签,"Smead 有色标签, 耐用",188.16,3,0.0,76.86
850,CN-202023-5445015,2024-10-28,2024-11-01,二级,付涛-21160,付涛,公司,咸水沽,天津,中国,华北,技术-设备-10003635,技术,设备,"StarTech 打印机, 耐用",5980.1,5,0.0,478.1
851,CN-202023-3360468,2024-06-03,2024-06-03,当日,叶实-20290,叶实,公司,潍坊,山东,中国,华东,办公用-标签-10002697,办公用品,标签,"Smead 运输标签, 红色",106.68,2,0.0,46.76
852,CN-202023-2501800,2024-08-31,2024-09-02,一级,陈立-16705,陈立,小型企业,上海,上海,中国,华东,办公用-装订-10003079,办公用品,装订机,"Acco 标签, 实惠",120.12,3,0.0,55.02
853,CN-202023-3284718,2024-08-11,2024-08-13,一级,余嫒-10075,余嫒,公司,永川,重庆,中国,西南,办公用-系固-10002980,办公用品,系固件,"Accos 夹子, 整包",180.88,2,0.0,16.24
854,CN-202023-3284718,2024-08-11,2024-08-13,一级,余嫒-10075,余嫒,公司,永川,重庆,中国,西南,办公用-标签-10000647,办公用品,标签,"Novimex 运输标签, 耐用",53.06,1,0.0,23.8
855,CN-202023-3284718,2024-08-11,2024-08-13,一级,余嫒-10075,余嫒,公司,永川,重庆,中国,西南,家具-用具-10001798,家具,用具,"Deflect-O 灯泡, 优质",493.08,6,0.0,157.08
856,CN-202023-4927110,2024-08-15,2024-08-16,一级,曾岱-11890,曾岱,消费者,辽源,吉林,中国,东北,办公用-系固-10000353,办公用品,系固件,"Stockwell 按钉, 金属",329.0,5,0.0,151.2
857,CN-202023-4927110,2024-08-15,2024-08-16,一级,曾岱-11890,曾岱,消费者,辽源,吉林,中国,东北,办公用-美术-10001814,办公用品,美术,"BIC 画布, 金属",820.736,4,0.2,92.176
858,CN-202023-4927110,2024-08-15,2024-08-16,一级,曾岱-11890,曾岱,消费者,辽源,吉林,中国,东北,家具-椅子-10004534,家具,椅子,"Office Star 扶手椅, 黑色",4340.0,2,0.0,0.0
859,CN-202023-4927110,2024-08-15,2024-08-16,一级,曾岱-11890,曾岱,消费者,辽源,吉林,中国,东北,办公用-纸张-10004284,办公用品,纸张,"Green Bar 信纸, 每包 12 个",490.28,2,0.0,235.2
860,CN-202023-4927110,2024-08-15,2024-08-16,一级,曾岱-11890,曾岱,消费者,辽源,吉林,中国,东北,技术-复印-10001364,技术,复印机,"夏普 传真复印机, 数字化",3925.6,5,0.0,117.6
861,CN-202023-4927110,2024-08-15,2024-08-16,一级,曾岱-11890,曾岱,消费者,辽源,吉林,中国,东北,技术-电话-10001542,技术,电话,"思科 办公室电话机, 混合尺寸",1943.9,5,0.0,77.7
869,CN-202023-1964482,2024-12-19,2024-12-23,标准级,何惠-14395,何惠,公司,宁波,浙江,中国,华东,技术-配件-10000911,技术,配件,"Memorex 路由器, 回收",1366.512,2,0.4,204.792
870,CN-202023-1964482,2024-12-19,2024-12-23,标准级,何惠-14395,何惠,公司,宁波,浙江,中国,华东,技术-配件-10001134,技术,配件,"Enermax 鼠标, 回收",320.04,3,0.4,-202.86
871,CN-202023-1964482,2024-12-19,2024-12-23,标准级,何惠-14395,何惠,公司,宁波,浙江,中国,华东,技术-电话-10004837,技术,电话,"思科 耳机, 整包",495.768,2,0.4,-99.232
872,CN-202023-1964482,2024-12-19,2024-12-23,标准级,何惠-14395,何惠,公司,宁波,浙江,中国,华东,办公用-系固-10004461,办公用品,系固件,"OIC 图钉, 混合尺寸",64.512,2,0.4,-15.288
875,CN-202023-5834341,2024-04-28,2024-05-03,二级,葛彩-10660,葛彩,消费者,济南,山东,中国,华东,办公用-器具-10003292,办公用品,器具,"KitchenAid 微波炉, 白色",15834.28,11,0.0,4590.74
876,CN-202023-5834341,2024-04-28,2024-05-03,二级,葛彩-10660,葛彩,消费者,济南,山东,中国,华东,办公用-纸张-10004274,办公用品,纸张,"Eaton 备忘录便条, 每包 12 个",667.52,8,0.0,185.92
877,US-202023-1925348,2024-05-12,2024-05-18,标准级,彭伟-21550,彭伟,小型企业,襄樊,湖北,中国,中南,家具-椅子-10000908,家具,椅子,"Office Star 凳子, 每套两件",1479.996,3,0.4,-789.684
878,CN-202023-3805086,2024-07-16,2024-07-21,标准级,秦梦-18145,秦梦,消费者,临沂,山东,中国,华东,办公用-收纳-10003671,办公用品,收纳具,"Tenex 盘, 蓝色",1517.88,6,0.0,743.4
880,CN-202023-2267443,2024-06-01,2024-06-04,一级,殷菊-15085,殷菊,消费者,宿州,安徽,中国,华东,家具-书架-10004280,家具,书架,"Sauder 古典书架, 黑色",4081.84,2,0.0,1305.92
881,CN-202023-2267443,2024-06-01,2024-06-04,一级,殷菊-15085,殷菊,消费者,宿州,安徽,中国,华东,技术-配件-10003380,技术,配件,"SanDisk 键区, 耐用",777.84,3,0.0,264.18
887,CN-202023-2274876,2024-02-13,2024-02-19,标准级,楚聪-11635,楚聪,消费者,广州,广东,中国,中南,办公用-纸张-10002173,办公用品,纸张,"Green Bar 笔记本, 多色",873.6,6,0.0,322.56
900,CN-202023-5378913,2024-09-29,2024-10-03,标准级,吕欢-14155,吕欢悦,消费者,铁力,黑龙江,中国,东北,办公用-纸张-10003592,办公用品,纸张,"SanDisk 羊皮纸, 回收",387.8,5,0.0,58.1
901,CN-202023-4121606,2024-12-29,2024-12-31,一级,薛君-15205,薛君,消费者,铁力,黑龙江,中国,东北,技术-配件-10001327,技术,配件,"Enermax 记忆卡, 实惠",1601.46,3,0.0,448.14
911,CN-202023-1891447,2024-02-14,2024-02-21,标准级,黄磊-16015,黄磊,消费者,合肥,安徽,中国,华东,技术-电话-10004349,技术,电话,"诺基亚 充电器, 蓝色",2968.28,1,0.0,1424.64
912,CN-202023-1891447,2024-02-14,2024-02-21,标准级,黄磊-16015,黄磊,消费者,合肥,安徽,中国,华东,办公用-美术-10000664,办公用品,美术,"Boston 荧光笔, 混合尺寸",164.64,2,0.2,-16.52
913,CN-202023-1891447,2024-02-14,2024-02-21,标准级,黄磊-16015,黄磊,消费者,合肥,安徽,中国,华东,办公用-信封-10001476,办公用品,信封,"Kraft 外皮和封条, 红色",224.28,2,0.0,56.0
914,CN-202023-1891447,2024-02-14,2024-02-21,标准级,黄磊-16015,黄磊,消费者,合肥,安徽,中国,华东,家具-用具-10001348,家具,用具,"Advantus 相框, 一包多件",495.04,2,0.0,78.96
917,CN-202023-4992845,2024-05-05,2024-05-10,标准级,倪爽-20545,倪爽,公司,明水,山东,中国,华东,办公用-收纳-10001253,办公用品,收纳具,"Eldon 锁柜, 金属",8273.16,9,0.0,661.5
918,CN-202023-5687295,2024-08-07,2024-08-12,标准级,洪强-19345,洪强,公司,岳阳,湖南,中国,中南,办公用-用品-10002903,办公用品,用品,"Elite 大剪刀, 锯齿状",611.94,3,0.0,213.78
919,CN-202023-5687295,2024-08-07,2024-08-12,标准级,洪强-19345,洪强,公司,岳阳,湖南,中国,中南,办公用-系固-10002483,办公用品,系固件,"Stockwell 回形针, 混合尺寸",370.44,7,0.0,150.92
920,CN-202023-1752478,2024-02-27,2024-03-03,二级,俞毅-12520,俞毅,消费者,都匀,贵州,中国,西南,办公用-收纳-10000379,办公用品,收纳具,"Smead 锁柜, 工业",2784.6,3,0.0,640.08
921,CN-202023-1752478,2024-02-27,2024-03-03,二级,俞毅-12520,俞毅,消费者,都匀,贵州,中国,西南,家具-用具-10004382,家具,用具,"Eldon 相框, 一包多件",542.92,2,0.0,222.32
932,CN-202023-4075862,2024-06-23,2024-06-27,二级,贺恒-13630,贺恒,消费者,青岛,山东,中国,华东,办公用-器具-10001247,办公用品,器具,"Hamilton Beach 搅拌机, 银色",335.02,1,0.0,97.02
933,CN-202023-4075862,2024-06-23,2024-06-27,二级,贺恒-13630,贺恒,消费者,青岛,山东,中国,华东,技术-复印-10004759,技术,复印机,"夏普 复印机, 数字化",1115.52,1,0.0,66.92
934,CN-202023-4075862,2024-06-23,2024-06-27,二级,贺恒-13630,贺恒,消费者,青岛,山东,中国,华东,家具-椅子-10000329,家具,椅子,"Novimex 扶手椅, 红色",2137.1,1,0.0,598.36
935,CN-202023-4075862,2024-06-23,2024-06-27,二级,贺恒-13630,贺恒,消费者,青岛,山东,中国,华东,家具-用具-10000140,家具,用具,"Advantus 相框, 黑色",1236.2,5,0.0,407.4
936,CN-202023-3415334,2024-05-11,2024-05-12,一级,邓黎-16465,邓黎明,消费者,重庆,重庆,中国,西南,技术-复印-10001365,技术,复印机,"夏普 传真复印机, 每套两件",1258.88,2,0.2,94.36
941,CN-202023-2548759,2024-09-14,2024-09-19,二级,施平-19180,施平,小型企业,成都,四川,中国,西南,办公用-装订-10004074,办公用品,装订机,"Ibico 装订机盖, 耐用",127.26,3,0.4,21.0
944,US-202023-4375818,2024-01-13,2024-01-18,标准级,何安-10135,何安,小型企业,泰州,江苏,中国,华东,技术-电话-10000983,技术,电话,"三星 信号增强器, 整包",765.408,2,0.4,-484.792
945,US-202023-5339863,2024-10-06,2024-10-08,二级,程安-10105,程安,消费者,阆中,四川,中国,西南,技术-电话-10000199,技术,电话,"三星 智能手机, 混合尺寸",1765.26,5,0.4,-677.04
949,CN-202023-3560054,2024-08-25,2024-08-27,二级,邵绅-19990,邵绅,消费者,郑州,河南,中国,中南,技术-设备-10000899,技术,设备,"StarTech 收据打印机, 多色",1548.12,3,0.0,727.44
950,CN-202023-3560054,2024-08-25,2024-08-27,二级,邵绅-19990,邵绅,消费者,郑州,河南,中国,中南,技术-复印-10002555,技术,复印机,"惠普 无线传真机, 数字化",8396.5,5,0.0,587.3
951,CN-202023-3560054,2024-08-25,2024-08-27,二级,邵绅-19990,邵绅,消费者,郑州,河南,中国,中南,办公用-装订-10002921,办公用品,装订机,"Wilson Jones 打孔机, 透明",256.2,2,0.0,53.76
952,CN-202023-3560054,2024-08-25,2024-08-27,二级,邵绅-19990,邵绅,消费者,郑州,河南,中国,中南,办公用-器具-10001372,办公用品,器具,"Cuisinart 炉灶, 黑色",5018.72,2,0.0,551.88
954,CN-202023-5592498,2024-08-31,2024-09-05,标准级,冯婷-21040,冯婷,小型企业,小围寨,贵州,中国,西南,技术-配件-10002092,技术,配件,"Memorex 记忆卡, 耐用",1912.96,4,0.0,592.48
958,CN-202023-3240329,2024-04-24,2024-04-26,一级,袁保-10405,袁保,公司,厦门,福建,中国,华东,家具-用具-10004193,家具,用具,"Rubvermaid 分层置放架, 耐用",620.76,6,0.0,273.0
959,CN-202023-3240329,2024-04-24,2024-04-26,一级,袁保-10405,袁保,公司,厦门,福建,中国,华东,技术-设备-10001533,技术,设备,"松下 电话, 白色",2331.0,6,0.0,162.96
977,CN-202023-3693425,2024-06-04,2024-06-08,标准级,吕君-15250,吕君,消费者,上海,上海,中国,华东,办公用-信封-10001868,办公用品,信封,"Jiffy 商业信封, 红色",182.0,2,0.0,89.04
978,CN-202023-3693425,2024-06-04,2024-06-08,标准级,吕君-15250,吕君,消费者,上海,上海,中国,华东,办公用-美术-10000831,办公用品,美术,"Binney & Smith 钢笔, 金属",184.8,3,0.0,9.24
982,CN-202023-3231478,2024-07-07,2024-07-11,标准级,佘凤-12970,佘凤,公司,寿光,山东,中国,华东,办公用-器具-10004554,办公用品,器具,"Hoover 炉灶, 黑色",5300.4,2,0.0,1484.0
985,CN-202023-2699733,2024-10-17,2024-10-21,标准级,楚宣-20845,楚宣,消费者,深圳,广东,中国,中南,家具-用具-10001150,家具,用具,"Tenex 闹钟, 耐用",441.28,2,0.0,96.88
986,CN-202023-2699733,2024-10-17,2024-10-21,标准级,楚宣-20845,楚宣,消费者,深圳,广东,中国,中南,办公用-用品-10002207,办公用品,用品,"Elite 美工刀, 钢",800.1,5,0.0,224.0
987,CN-202023-2699733,2024-10-17,2024-10-21,标准级,楚宣-20845,楚宣,消费者,深圳,广东,中国,中南,办公用-美术-10002408,办公用品,美术,"Stanley 铅笔刀, 整包",561.12,6,0.2,84.0
988,CN-202023-2699733,2024-10-17,2024-10-21,标准级,楚宣-20845,楚宣,消费者,深圳,广东,中国,中南,家具-书架-10000929,家具,书架,"Dania 搁架, 黑色",3186.4,4,0.0,1465.52
998,CN-202023-3226363,2024-03-16,2024-03-22,标准级,宋良-17170,宋良,公司,仙桃,湖北,中国,中南,办公用-用品-10000026,办公用品,用品,"Fiskars 开信刀, 工业",248.22,3,0.4,12.18
999,CN-202023-1512811,2024-10-08,2024-10-13,标准级,葛彩-10660,葛彩,消费者,肇庆,广东,中国,中南,办公用-收纳-10003525,办公用品,收纳具,"Eldon 盒, 金属",130.62,3,0.0,46.62
1000,CN-202023-1512811,2024-10-08,2024-10-13,标准级,葛彩-10660,葛彩,消费者,肇庆,广东,中国,中南,办公用-器具-10003382,办公用品,器具,"Breville 烤面包机, 银色",722.96,2,0.0,144.48
1007,US-202023-5490018,2024-07-29,2024-07-31,二级,陶昌-11065,陶昌,消费者,成都,四川,中国,西南,家具-椅子-10002544,家具,椅子,"SAFCO 凳子, 黑色",926.856,2,0.4,-370.944
1008,US-202023-5490018,2024-07-29,2024-07-31,二级,陶昌-11065,陶昌,消费者,成都,四川,中国,西南,技术-配件-10003601,技术,配件,"贝尔金 闪存驱动器, 可编程",851.424,7,0.4,-312.816
1009,US-202023-5490018,2024-07-29,2024-07-31,二级,陶昌-11065,陶昌,消费者,成都,四川,中国,西南,办公用-用品-10000056,办公用品,用品,"Elite 开信刀, 钢",598.08,8,0.4,89.6
1024,CN-202023-5779998,2024-09-18,2024-09-22,二级,陶聪-11725,陶聪,消费者,平顶山,河南,中国,中南,家具-书架-10003110,家具,书架,"Bush 柜, 传统",4014.36,6,0.0,0.0
1025,CN-202023-2121055,2024-08-28,2024-09-01,标准级,肖壁-10435,肖壁,小型企业,兖州,山东,中国,华东,办公用-美术-10003943,办公用品,美术,"BIC 铅笔刀, 混合尺寸",600.88,4,0.0,132.16
1026,CN-202023-2121055,2024-08-28,2024-09-01,标准级,肖壁-10435,肖壁,小型企业,兖州,山东,中国,华东,技术-复印-10000050,技术,复印机,"Brother 复印机, 彩色",3692.22,3,0.0,110.46
1027,CN-202023-2121055,2024-08-28,2024-09-01,标准级,肖壁-10435,肖壁,小型企业,兖州,山东,中国,华东,办公用-标签-10004733,办公用品,标签,"Avery 有色标签, 白色",124.04,2,0.0,61.88
1028,CN-202023-2121055,2024-08-28,2024-09-01,标准级,肖壁-10435,肖壁,小型企业,兖州,山东,中国,华东,家具-书架-10004528,家具,书架,"Bush 书库, 白色",3423.84,2,0.0,958.44
1029,CN-202023-4497736,2024-11-02,2024-11-09,标准级,柳明-18310,柳明,小型企业,南昌,江西,中国,华东,办公用-标签-10002420,办公用品,标签,"Hon 圆形标签, 白色",341.88,11,0.0,12.32
1030,CN-202023-4497736,2024-11-02,2024-11-09,标准级,柳明-18310,柳明,小型企业,南昌,江西,中国,华东,办公用-纸张-10003833,办公用品,纸张,"Enermax 计划信息表, 多色",446.32,4,0.0,66.64
1031,CN-202023-4497736,2024-11-02,2024-11-09,标准级,柳明-18310,柳明,小型企业,南昌,江西,中国,华东,办公用-装订-10001062,办公用品,装订机,"Acco 订书机, 回收",240.1,1,0.0,55.16
1034,CN-202023-5497693,2024-11-03,2024-11-08,标准级,王霖-17545,王霖,小型企业,怀化,湖南,中国,中南,技术-电话-10002447,技术,电话,"苹果 信号增强器, 整包",1276.24,2,0.0,293.44
1035,CN-202023-5497693,2024-11-03,2024-11-08,标准级,王霖-17545,王霖,小型企业,怀化,湖南,中国,中南,家具-书架-10004836,家具,书架,"Safco 书架, 传统",1390.48,2,0.0,597.8
1036,CN-202023-5497693,2024-11-03,2024-11-08,标准级,王霖-17545,王霖,小型企业,怀化,湖南,中国,中南,办公用-美术-10000708,办公用品,美术,"Stanley 记号笔, 混合尺寸",663.264,7,0.2,115.444
1037,US-202023-5376503,2024-06-08,2024-06-09,一级,丁娇-14695,丁娇,公司,扬州,江苏,中国,华东,家具-用具-10004607,家具,用具,"Deflect-O 框架, 一包多件",1541.4,5,0.4,-591.5
1038,US-202023-5376503,2024-06-08,2024-06-09,一级,丁娇-14695,丁娇,公司,扬州,江苏,中国,华东,家具-椅子-10000519,家具,椅子,"SAFCO 扶手椅, 黑色",2570.4,2,0.4,-556.92
1039,US-202023-5376503,2024-06-08,2024-06-09,一级,丁娇-14695,丁娇,公司,扬州,江苏,中国,华东,技术-设备-10004381,技术,设备,"松下 电话, 多色",1187.76,5,0.4,-791.84
1040,CN-202023-5598912,2024-09-14,2024-09-20,标准级,殷珑-17905,殷珑,公司,洛阳,福建,中国,华东,办公用-纸张-10004049,办公用品,纸张,"SanDisk 笔记本, 每包 12 个",316.96,2,0.0,75.88
1041,CN-202023-4597424,2024-01-01,2024-01-05,标准级,黄娜-18505,黄娜,消费者,大同,山西,中国,华北,办公用-标签-10002763,办公用品,标签,"Novimex 圆形标签, 白色",87.78,3,0.0,13.02
1044,CN-202023-2595550,2024-07-09,2024-07-14,标准级,雷菊-15025,雷菊,消费者,长清,山东,中国,华东,技术-复印-10000154,技术,复印机,"Hewlett 个人复印机, 红色",1994.58,3,0.0,278.88
1045,CN-202023-2595550,2024-07-09,2024-07-14,标准级,雷菊-15025,雷菊,消费者,长清,山东,中国,华东,办公用-装订-10000287,办公用品,装订机,"Wilson Jones 孔加固材料, 实惠",42.28,2,0.0,10.08
1046,CN-202023-2595550,2024-07-09,2024-07-14,标准级,雷菊-15025,雷菊,消费者,长清,山东,中国,华东,办公用-装订-10002360,办公用品,装订机,"Ibico 装订机盖, 实惠",318.5,5,0.0,60.2
1047,US-202023-3983836,2024-07-20,2024-07-22,二级,丁妮-18610,丁妮,公司,肃州,甘肃,中国,西北,办公用-装订-10001828,办公用品,装订机,"Wilson Jones 装订机, 实惠",109.368,3,0.4,-33.012
1048,CN-202023-4902997,2024-01-17,2024-01-24,标准级,孔辉-12610,孔辉,公司,大连,辽宁,中国,东北,技术-设备-10000548,技术,设备,"柯尼卡 收据打印机, 耐用",685.272,2,0.4,45.472
1049,CN-202023-4902997,2024-01-17,2024-01-24,标准级,孔辉-12610,孔辉,公司,大连,辽宁,中国,东北,家具-椅子-10004870,家具,椅子,"Harbour Creations 凳子, 黑色",1492.596,3,0.4,-447.804
1050,CN-202023-4902997,2024-01-17,2024-01-24,标准级,孔辉-12610,孔辉,公司,大连,辽宁,中国,东北,技术-复印-10001943,技术,复印机,"佳能 传真机, 红色",2659.356,3,0.4,-44.604
1057,CN-202023-5266113,2024-06-03,2024-06-03,当日,彭虹-13870,彭虹,消费者,汉沽,天津,中国,华北,办公用-美术-10002408,办公用品,美术,"Stanley 铅笔刀, 整包",233.8,2,0.0,74.76
1058,CN-202023-3562924,2024-09-22,2024-09-28,标准级,薛君-15205,薛君,消费者,太原,山西,中国,华北,办公用-纸张-10001677,办公用品,纸张,"Green Bar 备忘录便条, 多色",599.76,7,0.0,71.54
1075,CN-202023-2633315,2024-05-28,2024-06-03,标准级,殷昌-11080,殷昌,消费者,焦作,河南,中国,中南,办公用-美术-10003822,办公用品,美术,"BIC 钢笔, 蓝色",106.624,2,0.2,33.264
1076,CN-202023-2633315,2024-05-28,2024-06-03,标准级,殷昌-11080,殷昌,消费者,焦作,河南,中国,中南,办公用-标签-10000748,办公用品,标签,"Harbour Creations 可去除的标签, 可调",192.5,5,0.0,21.0
1077,CN-202023-2633315,2024-05-28,2024-06-03,标准级,殷昌-11080,殷昌,消费者,焦作,河南,中国,中南,家具-椅子-10000670,家具,椅子,"Office Star 凳子, 可调",2223.018,3,0.1,419.538
1078,CN-202023-2633315,2024-05-28,2024-06-03,标准级,殷昌-11080,殷昌,消费者,焦作,河南,中国,中南,办公用-系固-10003295,办公用品,系固件,"OIC 订书钉, 整包",105.84,2,0.0,28.56
1079,CN-202023-2609031,2024-04-07,2024-04-11,标准级,曾锦-14935,曾锦,公司,启东,江苏,中国,华东,办公用-信封-10001674,办公用品,信封,"Jiffy 外皮和封条, 红色",219.8,2,0.0,54.88
1080,CN-202023-4070986,2024-03-05,2024-03-10,标准级,秦刚-13075,秦刚,公司,仪征,江苏,中国,华东,办公用-收纳-10004690,办公用品,收纳具,"Fellowes 盘, 工业",2430.54,9,0.0,1068.48
1081,CN-202023-4070986,2024-03-05,2024-03-10,标准级,秦刚-13075,秦刚,公司,仪征,江苏,中国,华东,办公用-纸张-10000328,办公用品,纸张,"Green Bar 备忘录便条, 每包 12 个",295.26,3,0.0,11.76
1082,CN-202023-5579550,2024-06-03,2024-06-03,当日,佘虢-13555,佘虢,公司,江门,广东,中国,中南,办公用-装订-10002546,办公用品,装订机,"Acco 装订机, 回收",289.52,4,0.0,129.92
1083,CN-202023-5579550,2024-06-03,2024-06-03,当日,佘虢-13555,佘虢,公司,江门,广东,中国,中南,家具-桌子-10001392,家具,桌子,"Hon 会议桌, 白色",12931.38,4,0.25,-0.14
1084,CN-202023-5579550,2024-06-03,2024-06-03,当日,佘虢-13555,佘虢,公司,江门,广东,中国,中南,技术-配件-10001045,技术,配件,"SanDisk 记忆卡, 可编程",2657.9,5,0.0,982.8
1098,CN-202023-5591469,2024-06-27,2024-07-02,标准级,付霖-17515,付霖,公司,鹤岗,黑龙江,中国,东北,家具-书架-10002197,家具,书架,"宜家 搁架, 金属",3962.0,5,0.0,435.4
1099,CN-202023-5591469,2024-06-27,2024-07-02,标准级,付霖-17515,付霖,公司,鹤岗,黑龙江,中国,东北,办公用-装订-10004132,办公用品,装订机,"Cardinal 孔加固材料, 实惠",124.6,5,0.0,16.1
1111,CN-202023-2923559,2024-01-15,2024-01-17,一级,罗君-15235,罗君,消费者,天津,天津,中国,华北,家具-书架-10001035,家具,书架,"Bush 柜, 金属",666.54,1,0.0,166.6
1112,CN-202023-5909028,2024-09-04,2024-09-04,当日,巩德-12070,巩德,小型企业,鞍山,辽宁,中国,东北,家具-用具-10000751,家具,用具,"Deflect-O 门挡, 耐用",344.232,3,0.4,28.392
1113,CN-202023-4282122,2024-07-01,2024-07-02,一级,宋立-16840,宋立,消费者,梅州,广东,中国,中南,家具-椅子-10003795,家具,椅子,"Harbour Creations 沙滩椅, 红色",1035.216,4,0.1,275.856
1114,CN-202023-4282122,2024-07-01,2024-07-02,一级,宋立-16840,宋立,消费者,梅州,广东,中国,中南,办公用-纸张-10003326,办公用品,纸张,"Green Bar 令, 多色",290.92,2,0.0,145.32
1115,CN-202023-1455994,2024-09-19,2024-09-20,一级,许根-13240,许根基,小型企业,百色,广西,中国,中南,办公用-用品-10000855,办公用品,用品,"Fiskars 剪刀, 钢",210.56,2,0.0,25.2
1133,CN-202023-3883671,2024-11-06,2024-11-08,二级,施菊-15040,施菊,消费者,北京,北京,中国,华北,办公用-纸张-10001285,办公用品,纸张,"Eaton 计划信息表, 多色",513.1,5,0.0,128.1
1134,CN-202023-3883671,2024-11-06,2024-11-08,二级,施菊-15040,施菊,消费者,北京,北京,中国,华北,技术-配件-10004920,技术,配件,"SanDisk 键区, 可编程",795.9,3,0.0,206.64
1135,CN-202023-2779535,2024-10-09,2024-10-13,标准级,钱婵-10780,钱婵娟,公司,包头,内蒙古,中国,华北,办公用-收纳-10004747,办公用品,收纳具,"Eldon 文件夹, 单宽度",238.14,3,0.0,76.02
1136,CN-202023-2779535,2024-10-09,2024-10-13,标准级,钱婵-10780,钱婵娟,公司,包头,内蒙古,中国,华北,办公用-标签-10000539,办公用品,标签,"Hon 文件夹标签, 耐用",84.28,2,0.0,26.04
1137,CN-202023-2779535,2024-10-09,2024-10-13,标准级,钱婵-10780,钱婵娟,公司,包头,内蒙古,中国,华北,办公用-标签-10002844,办公用品,标签,"Smead 圆形标签, 可调",67.2,3,0.0,14.7
1138,CN-202023-3095328,2024-08-13,2024-08-18,标准级,万兰-15730,万兰,消费者,长春,吉林,中国,东北,办公用-器具-10000088,办公用品,器具,"Breville 搅拌机, 红色",2947.84,7,0.0,294.0
1152,CN-202023-2720607,2024-05-27,2024-06-02,标准级,严诚-11395,严诚,公司,蚌埠,安徽,中国,华东,技术-复印-10001796,技术,复印机,"佳能 传真机, 数字化",2968.28,2,0.0,831.04
1157,CN-202023-4162714,2024-10-13,2024-10-16,二级,宋忠-11530,宋忠,小型企业,汕头,广东,中国,中南,办公用-标签-10000026,办公用品,标签,"Smead 可去除的标签, 红色",96.32,2,0.0,22.96
1158,CN-202023-4162714,2024-10-13,2024-10-16,二级,宋忠-11530,宋忠,小型企业,汕头,广东,中国,中南,家具-书架-10004000,家具,书架,"Sauder 墙角架, 金属",3424.4,5,0.0,33.6
1159,CN-202023-4162714,2024-10-13,2024-10-16,二级,宋忠-11530,宋忠,小型企业,汕头,广东,中国,中南,技术-电话-10002053,技术,电话,"思科 耳机, 全尺寸",418.74,1,0.0,150.64
1164,US-202023-1069751,2024-04-24,2024-04-30,标准级,周康-15340,周康,消费者,自贡,四川,中国,西南,办公用-器具-10002966,办公用品,器具,"Cuisinart 冰箱, 红色",4167.072,3,0.4,-0.168
1165,US-202023-1069751,2024-04-24,2024-04-30,标准级,周康-15340,周康,消费者,自贡,四川,中国,西南,办公用-纸张-10001302,办公用品,纸张,"Eaton 笔记本, 优质",248.08,2,0.0,76.72
1168,CN-202023-5058012,2024-05-13,2024-05-17,标准级,康丽-15865,康丽,消费者,重庆,重庆,中国,西南,办公用-标签-10002839,办公用品,标签,"Novimex 合法证物标签, 耐用",253.4,5,0.0,50.4
1172,CN-202023-5450028,2024-09-29,2024-10-05,标准级,柳明-18310,柳明,小型企业,烟台,山东,中国,华东,技术-设备-10001433,技术,设备,"爱普生 计算器, 多色",1516.06,7,0.0,272.44
1173,CN-202023-2831197,2024-02-03,2024-02-06,二级,封乐-17740,封乐,消费者,北海,广西,中国,中南,家具-椅子-10002686,家具,椅子,"Novimex 沙滩椅, 黑色",365.652,2,0.1,56.812
1175,CN-202023-2210906,2024-04-15,2024-04-19,标准级,许根-13240,许根基,小型企业,塘沽,天津,中国,华北,办公用-信封-10000928,办公用品,信封,"Jiffy 商业信封, 每套 50 个",223.44,3,0.0,93.66
1176,US-202023-5171199,2024-11-26,2024-11-30,标准级,梁安-10195,梁安,公司,抚顺,辽宁,中国,东北,办公用-系固-10000944,办公用品,系固件,"Stockwell 夹子, 整包",107.688,2,0.4,-12.712
1177,US-202023-5171199,2024-11-26,2024-11-30,标准级,梁安-10195,梁安,公司,抚顺,辽宁,中国,东北,家具-椅子-10000270,家具,椅子,"Novimex 凳子, 黑色",2268.42,5,0.4,-794.08
1178,US-202023-5033587,2024-08-13,2024-08-18,标准级,沈聪-11710,沈聪,消费者,成都,四川,中国,西南,技术-配件-10003190,技术,配件,"SanDisk 记忆卡, 耐用",630.672,2,0.4,-420.448
1185,CN-202023-5398212,2024-04-13,2024-04-16,一级,楚伟-21445,楚伟,公司,宝山,黑龙江,中国,东北,技术-复印-10000725,技术,复印机,"夏普 复印机, 每套两件",3351.6,3,0.0,33.18
1187,CN-202023-2779535,2024-06-25,2024-06-29,标准级,曾康-15445,曾康,消费者,武汉,湖北,中国,中南,办公用-用品-10003489,办公用品,用品,"Stiletto 剪刀, 钢",64.428,1,0.4,-26.852
1189,CN-202023-4015472,2024-10-31,2024-11-05,二级,付丽-15790,付丽,消费者,信阳,河南,中国,中南,技术-复印-10000037,技术,复印机,"佳能 墨水, 每套两件",4120.2,6,0.0,1482.6
1190,CN-202023-4015472,2024-10-31,2024-11-05,二级,付丽-15790,付丽,消费者,信阳,河南,中国,中南,办公用-标签-10001500,办公用品,标签,"Smead 圆形标签, 红色",188.16,6,0.0,91.56
1195,CN-202023-3223872,2024-10-09,2024-10-13,标准级,许绅-19960,许绅,消费者,惠州,广东,中国,中南,办公用-收纳-10004334,办公用品,收纳具,"Rogers 锁柜, 蓝色",2962.68,3,0.0,1095.78
1196,CN-202023-3223872,2024-10-09,2024-10-13,标准级,许绅-19960,许绅,消费者,惠州,广东,中国,中南,办公用-收纳-10000306,办公用品,收纳具,"Smead 文件夹, 单宽度",408.8,5,0.0,147.0
1197,CN-202023-1815663,2024-09-15,2024-09-15,当日,薛荷-13705,薛荷,公司,河坡,广东,中国,中南,办公用-用品-10002441,办公用品,用品,"Fiskars 尺子, 蓝色",269.36,4,0.0,15.68
1198,CN-202023-1815663,2024-09-15,2024-09-15,当日,薛荷-13705,薛荷,公司,河坡,广东,中国,中南,技术-设备-10002994,技术,设备,"柯尼卡 收据打印机, 多色",1711.5,3,0.0,136.92
1199,CN-202023-3585437,2024-08-13,2024-08-15,一级,徐菊-15070,徐菊,消费者,内江,四川,中国,西南,办公用-装订-10004840,办公用品,装订机,"Cardinal 孔加固材料, 透明",26.88,2,0.4,-13.16
1200,CN-202023-3585437,2024-08-13,2024-08-15,一级,徐菊-15070,徐菊,消费者,内江,四川,中国,西南,家具-椅子-10001132,家具,椅子,"Hon 椅垫, 黑色",297.36,2,0.4,-119.0
1201,CN-202023-3478143,2024-02-15,2024-02-20,标准级,田江-14635,田江丽,公司,明水,黑龙江,中国,东北,办公用-系固-10000353,办公用品,系固件,"Stockwell 按钉, 金属",131.6,2,0.0,60.48
1202,US-202023-4246507,2024-04-27,2024-04-27,当日,夏柏-18955,夏柏,小型企业,呼和浩特,内蒙古,中国,华北,办公用-美术-10004772,办公用品,美术,"Stanley 钢笔, 金属",31.668,3,0.8,-117.432
1210,CN-202023-1151037,2024-07-06,2024-07-12,标准级,徐婵-11005,徐婵,小型企业,林口,黑龙江,中国,东北,家具-用具-10001014,家具,用具,"Deflect-O 相框, 黑色",484.4,2,0.0,19.32
1211,CN-202023-1151037,2024-07-06,2024-07-12,标准级,徐婵-11005,徐婵,小型企业,林口,黑龙江,中国,东北,技术-配件-10004728,技术,配件,"Enermax 记忆卡, 可编程",4867.38,9,0.0,923.58
1231,CN-202023-3436770,2024-03-02,2024-03-08,标准级,佟丽-16525,佟丽娜,消费者,株洲,湖南,中国,中南,办公用-信封-10003694,办公用品,信封,"Cameo 邮寄品, 银色",189.28,1,0.0,20.72
1248,CN-202023-3597477,2024-05-19,2024-05-23,标准级,郝婷-21055,郝婷,消费者,长治,山西,中国,华北,家具-书架-10003197,家具,书架,"Safco 书库, 白色",10984.68,6,0.0,3075.24
1256,CN-202023-3184596,2024-07-15,2024-07-20,标准级,余嫒-10075,余嫒,公司,赤峰,内蒙古,中国,华北,办公用-器具-10001087,办公用品,器具,"Hamilton Beach 烤面包机, 黑色",159.432,1,0.4,-42.588
1259,CN-202023-2577941,2024-02-22,2024-02-28,标准级,袁丽-16210,袁丽华,公司,襄樊,湖北,中国,中南,技术-复印-10002130,技术,复印机,"Brother 个人复印机, 每套两件",1600.368,4,0.4,-853.552
1260,CN-202023-2577941,2024-02-22,2024-02-28,标准级,袁丽-16210,袁丽华,公司,襄樊,湖北,中国,中南,办公用-系固-10002857,办公用品,系固件,"Advantus 橡皮筋, 整包",325.164,7,0.4,-38.416
1261,CN-202023-2577941,2024-02-22,2024-02-28,标准级,袁丽-16210,袁丽华,公司,襄樊,湖北,中国,中南,办公用-收纳-10003525,办公用品,收纳具,"Eldon 盒, 金属",348.32,8,0.0,124.32
1262,CN-202023-2577941,2024-02-22,2024-02-28,标准级,袁丽-16210,袁丽华,公司,襄樊,湖北,中国,中南,办公用-信封-10000222,办公用品,信封,"Ames 商业信封, 回收",376.32,6,0.0,21.84
1263,CN-202023-2577941,2024-02-22,2024-02-28,标准级,袁丽-16210,袁丽华,公司,襄樊,湖北,中国,中南,办公用-信封-10004375,办公用品,信封,"Cameo 商业信封, 每套 50 个",474.6,6,0.0,227.64
1264,US-202023-4084381,2024-12-30,2024-12-30,当日,王丹-12010,王丹,消费者,海拉尔,内蒙古,中国,华北,技术-配件-10002236,技术,配件,"贝尔金 路由器, 可编程",2914.8,4,0.4,-146.16
1265,US-202023-4084381,2024-12-30,2024-12-30,当日,王丹-12010,王丹,消费者,海拉尔,内蒙古,中国,华北,办公用-收纳-10004673,办公用品,收纳具,"Smead 盒, 蓝色",251.3,5,0.0,4.9
1268,CN-202023-1510100,2024-01-02,2024-01-02,当日,程安-10105,程安,消费者,九台,吉林,中国,东北,办公用-信封-10000372,办公用品,信封,"Jiffy 邮寄品, 银色",369.32,2,0.0,10.92
1269,CN-202023-1510100,2024-01-02,2024-01-02,当日,程安-10105,程安,消费者,九台,吉林,中国,东北,办公用-用品-10003489,办公用品,用品,"Stiletto 剪刀, 钢",751.66,7,0.0,112.7
1270,CN-202023-1510100,2024-01-02,2024-01-02,当日,程安-10105,程安,消费者,九台,吉林,中国,东北,办公用-装订-10001828,办公用品,装订机,"Wilson Jones 装订机, 实惠",182.28,3,0.0,39.9
1273,CN-202023-1017090,2024-06-13,2024-06-18,标准级,曾辉-12640,曾辉,消费者,南昌,江西,中国,华东,办公用-收纳-10002059,办公用品,收纳具,"Tenex 搁板, 工业",771.96,3,0.0,200.34
1274,CN-202023-1017090,2024-06-13,2024-06-18,标准级,曾辉-12640,曾辉,消费者,南昌,江西,中国,华东,技术-配件-10003034,技术,配件,"Memorex 闪存驱动器, 回收",761.88,6,0.0,236.04
1275,US-202023-5339863,2024-10-20,2024-10-26,标准级,唐宁-18745,唐宁,公司,西宁,青海,中国,西北,办公用-信封-10003279,办公用品,信封,"Kraft 邮寄品, 每套 50 个",527.1,3,0.0,47.04
1279,US-202023-4595101,2024-03-13,2024-03-18,标准级,殷珑-17905,殷珑,公司,招远,山东,中国,华东,家具-书架-10004880,家具,书架,"宜家 书库, 白色",5122.74,3,0.0,1434.3
1280,US-202023-4595101,2024-03-13,2024-03-18,标准级,殷珑-17905,殷珑,公司,招远,山东,中国,华东,家具-用具-10003358,家具,用具,"Advantus 灯泡, 一包多件",469.7,5,0.0,93.8
1281,US-202023-4595101,2024-03-13,2024-03-18,标准级,殷珑-17905,殷珑,公司,招远,山东,中国,华东,办公用-纸张-10004033,办公用品,纸张,"Eaton 信纸, 多色",1521.94,7,0.0,166.6
1286,CN-202023-4820840,2024-10-13,2024-10-17,标准级,严恒-13660,严恒,消费者,肇庆,广东,中国,中南,技术-设备-10002515,技术,设备,"柯尼卡 收据打印机, 白色",1126.16,2,0.0,168.84
1287,CN-202023-5223739,2024-10-20,2024-10-22,二级,孟刚-13180,孟刚,公司,海口,海南,中国,中南,家具-书架-10004714,家具,书架,"Sauder 柜, 传统",1555.68,2,0.0,264.32
1288,CN-202023-5223739,2024-10-20,2024-10-22,二级,孟刚-13180,孟刚,公司,海口,海南,中国,中南,办公用-信封-10004589,办公用品,信封,"GlobeWeis 商业信封, 回收",150.64,2,0.0,45.08
1293,CN-202023-1119011,2024-09-11,2024-09-15,标准级,薛梦-18190,薛梦,消费者,上海,上海,中国,华东,技术-电话-10002221,技术,电话,"苹果 音频基座, 全尺寸",3924.2,5,0.0,1491.0
1294,CN-202023-1119011,2024-09-11,2024-09-15,标准级,薛梦-18190,薛梦,消费者,上海,上海,中国,华东,办公用-装订-10002118,办公用品,装订机,"Avery 打孔机, 透明",382.62,3,0.0,137.34
1295,CN-202023-1119011,2024-09-11,2024-09-15,标准级,薛梦-18190,薛梦,消费者,上海,上海,中国,华东,办公用-标签-10001500,办公用品,标签,"Smead 圆形标签, 红色",94.08,3,0.0,45.78
1296,CN-202023-1119011,2024-09-11,2024-09-15,标准级,薛梦-18190,薛梦,消费者,上海,上海,中国,华东,技术-设备-10000073,技术,设备,"爱普生 计算器, 白色",627.48,3,0.0,225.54
1297,CN-202023-1119011,2024-09-11,2024-09-15,标准级,薛梦-18190,薛梦,消费者,上海,上海,中国,华东,办公用-系固-10004120,办公用品,系固件,"OIC 橡皮筋, 金属",240.66,3,0.0,43.26
1298,CN-202023-5510381,2024-01-03,2024-01-08,标准级,吕婵-10840,吕婵娟,消费者,晋江,海南,中国,中南,办公用-用品-10004471,办公用品,用品,"Kleencut 大剪刀, 钢",2154.6,10,0.0,968.8
1306,US-202023-2776676,2024-05-27,2024-06-01,标准级,俞丹-12025,俞丹,消费者,沈阳,辽宁,中国,东北,办公用-器具-10000222,办公用品,器具,"KitchenAid 微波炉, 银色",6967.968,8,0.4,-1045.632
1307,US-202023-2776676,2024-05-27,2024-06-01,标准级,俞丹-12025,俞丹,消费者,沈阳,辽宁,中国,东北,家具-椅子-10002837,家具,椅子,"Office Star 折叠椅, 可调",2373.84,9,0.4,-1029.42
1308,US-202023-2776676,2024-05-27,2024-06-01,标准级,俞丹-12025,俞丹,消费者,沈阳,辽宁,中国,东北,办公用-系固-10003116,办公用品,系固件,"OIC 订书钉, 每包 12 个",90.468,3,0.4,-4.872
1309,US-202023-2776676,2024-05-27,2024-06-01,标准级,俞丹-12025,俞丹,消费者,沈阳,辽宁,中国,东北,办公用-器具-10003859,办公用品,器具,"Cuisinart 冰箱, 白色",1383.816,1,0.4,-691.964
1326,CN-202023-4318875,2024-05-06,2024-05-11,标准级,邓珊-19915,邓珊,消费者,福州,福建,中国,华东,技术-复印-10000050,技术,复印机,"Brother 复印机, 彩色",2461.48,2,0.0,73.64
1327,CN-202023-4318875,2024-05-06,2024-05-11,标准级,邓珊-19915,邓珊,消费者,福州,福建,中国,华东,办公用-装订-10004560,办公用品,装订机,"Wilson Jones 装订机盖, 耐用",177.66,3,0.0,67.2
1329,CN-202023-5278891,2024-06-18,2024-06-23,标准级,郝婷-21055,郝婷,消费者,汕尾,广东,中国,中南,技术-配件-10000680,技术,配件,"贝尔金 记忆卡, 耐用",2683.8,5,0.0,697.2
1331,CN-202023-2664017,2024-05-30,2024-06-01,一级,罗霖-17530,罗霖,消费者,洛阳,广东,中国,中南,办公用-装订-10003676,办公用品,装订机,"Ibico 订书机, 透明",712.32,3,0.0,327.6
1332,CN-202023-2664017,2024-05-30,2024-06-01,一级,罗霖-17530,罗霖,消费者,洛阳,广东,中国,中南,办公用-标签-10004648,办公用品,标签,"Novimex 圆形标签, 红色",85.26,3,0.0,38.22
1333,CN-202023-2664017,2024-05-30,2024-06-01,一级,罗霖-17530,罗霖,消费者,洛阳,广东,中国,中南,办公用-系固-10000068,办公用品,系固件,"Stockwell 夹子, 混合尺寸",456.12,6,0.0,204.96
1335,CN-202023-3095328,2024-03-11,2024-03-17,标准级,樊彩-10630,樊彩,小型企业,上海,上海,中国,华东,办公用-收纳-10002861,办公用品,收纳具,"Smead 搁板, 金属",672.0,3,0.0,33.6
1346,CN-202023-4292548,2024-11-03,2024-11-06,二级,何惠-14395,何惠,公司,阿克苏,新疆,中国,西北,办公用-装订-10004255,办公用品,装订机,"Acco 打孔机, 回收",1137.92,8,0.0,432.32
1347,CN-202023-1860599,2024-12-10,2024-12-16,标准级,卢壁-10450,卢壁,消费者,海林,黑龙江,中国,东北,技术-设备-10002388,技术,设备,"柯尼卡 计算器, 白色",467.04,2,0.0,172.76
1348,CN-202023-1860599,2024-12-10,2024-12-16,标准级,卢壁-10450,卢壁,消费者,海林,黑龙江,中国,东北,办公用-器具-10002837,办公用品,器具,"Cuisinart 微波炉, 白色",3872.4,3,0.0,387.24
1349,CN-202023-1860599,2024-12-10,2024-12-16,标准级,卢壁-10450,卢壁,消费者,海林,黑龙江,中国,东北,办公用-美术-10000948,办公用品,美术,"Boston 速写本, 整包",1277.136,7,0.2,127.596
1359,CN-202023-3734004,2024-04-30,2024-05-03,一级,余晨-11230,余晨,消费者,衡阳,湖南,中国,中南,办公用-收纳-10004292,办公用品,收纳具,"Rogers 文件车, 工业",1989.12,3,0.0,556.92
1360,CN-202023-3734004,2024-04-30,2024-05-03,一级,余晨-11230,余晨,消费者,衡阳,湖南,中国,中南,办公用-器具-10003122,办公用品,器具,"Breville 炉灶, 红色",13102.6,5,0.0,4061.4
1361,CN-202023-3734004,2024-04-30,2024-05-03,一级,余晨-11230,余晨,消费者,衡阳,湖南,中国,中南,技术-复印-10000859,技术,复印机,"Hewlett 复印机, 数字化",2457.56,2,0.0,417.76
1362,CN-202023-3734004,2024-04-30,2024-05-03,一级,余晨-11230,余晨,消费者,衡阳,湖南,中国,中南,办公用-用品-10002305,办公用品,用品,"Elite 美工刀, 蓝色",651.28,4,0.0,77.84
1363,US-202023-4240650,2024-10-26,2024-10-30,标准级,邹丽-17680,邹丽雪,小型企业,成都,四川,中国,西南,家具-椅子-10002415,家具,椅子,"Novimex 摇椅, 红色",368.004,1,0.4,-61.376
1364,US-202023-4240650,2024-10-26,2024-10-30,标准级,邹丽-17680,邹丽雪,小型企业,成都,四川,中国,西南,技术-设备-10003039,技术,设备,"爱普生 收据打印机, 耐用",328.02,1,0.4,-65.66
1383,CN-202023-2303851,2024-06-02,2024-06-06,标准级,钱珊-19855,钱珊,公司,烟台,山东,中国,华东,办公用-收纳-10001478,办公用品,收纳具,"Fellowes 锁柜, 工业",1939.56,2,0.0,930.72
1384,CN-202023-3569535,2024-08-21,2024-08-25,二级,郝立-16570,郝立勤,消费者,宜春,江西,中国,华东,办公用-纸张-10002894,办公用品,纸张,"施乐 令, 优质",737.52,6,0.0,73.08
1386,CN-202023-3438839,2024-04-23,2024-04-27,标准级,洪康-15370,洪康,消费者,泰州,江苏,中国,华东,办公用-纸张-10000328,办公用品,纸张,"Green Bar 备忘录便条, 每包 12 个",492.1,5,0.0,19.6
1387,CN-202023-3438839,2024-04-23,2024-04-27,标准级,洪康-15370,洪康,消费者,泰州,江苏,中国,华东,办公用-美术-10000310,办公用品,美术,"Binney & Smith 画布, 蓝色",431.424,9,0.8,-1381.716
1393,CN-202023-4178476,2024-05-29,2024-05-31,二级,李蔓-17995,李蔓楚,小型企业,泉州,福建,中国,华东,家具-用具-10001567,家具,用具,"Rubvermaid 相框, 黑色",724.5,3,0.0,50.4
1394,CN-202023-4178476,2024-05-29,2024-05-31,二级,李蔓-17995,李蔓楚,小型企业,泉州,福建,中国,华东,家具-用具-10003236,家具,用具,"Rubvermaid 框架, 一包多件",3078.6,6,0.0,1538.88
1398,CN-202023-3127854,2024-11-24,2024-11-30,标准级,邓立-16900,邓立,消费者,济宁,山东,中国,华东,办公用-纸张-10004087,办公用品,纸张,"Eaton 计划信息表, 回收",1051.82,11,0.0,93.94
1407,US-202023-3455141,2024-11-19,2024-11-21,二级,黄磊-16000,黄磊,消费者,武汉,湖北,中国,中南,技术-复印-10001124,技术,复印机,"夏普 个人复印机, 每套两件",3024.0,9,0.4,-1814.4
1418,CN-202023-3969050,2024-12-15,2024-12-20,标准级,韩莞-13255,韩莞颖,小型企业,渭南,陕西,中国,西北,办公用-器具-10000501,办公用品,器具,"Hamilton Beach 炉灶, 红色",17716.44,7,0.0,0.0
1419,CN-202023-3969050,2024-12-15,2024-12-20,标准级,韩莞-13255,韩莞颖,小型企业,渭南,陕西,中国,西北,办公用-收纳-10002018,办公用品,收纳具,"Eldon 搁板, 工业",1825.6,8,0.0,565.6
1425,CN-202023-2386979,2024-10-20,2024-10-26,标准级,龙婷-21115,龙婷,公司,铜仁,贵州,中国,西南,技术-电话-10002053,技术,电话,"思科 耳机, 全尺寸",837.48,2,0.0,301.28
1428,CN-202023-3930358,2024-12-30,2025-01-04,标准级,佘凤-12970,佘凤,公司,常德,湖南,中国,中南,办公用-器具-10000702,办公用品,器具,"Hoover 咖啡研磨机, 红色",963.06,3,0.0,57.54
1434,CN-202023-2306215,2024-08-21,2024-08-23,一级,韦立-16915,韦立,消费者,沈阳,辽宁,中国,东北,办公用-收纳-10004393,办公用品,收纳具,"Rogers 文件车, 金属",1312.92,2,0.0,170.52
1435,CN-202023-2306215,2024-08-21,2024-08-23,一级,韦立-16915,韦立,消费者,沈阳,辽宁,中国,东北,家具-椅子-10000329,家具,椅子,"Novimex 扶手椅, 红色",3846.78,3,0.4,-769.44
1436,CN-202023-2306215,2024-08-21,2024-08-23,一级,韦立-16915,韦立,消费者,沈阳,辽宁,中国,东北,家具-桌子-10004719,家具,桌子,"Bevis 圆桌, 黑色",1934.576,2,0.6,-967.344
1437,CN-202023-2306215,2024-08-21,2024-08-23,一级,韦立-16915,韦立,消费者,沈阳,辽宁,中国,东北,办公用-纸张-10003781,办公用品,纸张,"Green Bar 备忘录便条, 优质",237.3,3,0.0,101.64
1438,CN-202023-1778069,2024-12-28,2025-01-01,标准级,贺绅-19945,贺绅,消费者,韶关,广东,中国,中南,技术-配件-10000166,技术,配件,"SanDisk 闪存驱动器, 耐用",927.5,5,0.0,454.3
1439,CN-202023-2595550,2024-08-04,2024-08-07,一级,涂德-12235,涂德伟,消费者,景德镇,江西,中国,华东,家具-桌子-10001449,家具,桌子,"Hon 咖啡桌, 长方形",1755.432,2,0.4,29.232
1440,CN-202023-5956361,2024-06-25,2024-06-30,标准级,贺兰-15685,贺兰,公司,兰州,甘肃,中国,西北,办公用-信封-10002073,办公用品,信封,"Kraft 局间信封, 银色",690.48,3,0.0,151.62
1441,CN-202023-5956361,2024-06-25,2024-06-30,标准级,贺兰-15685,贺兰,公司,兰州,甘肃,中国,西北,技术-电话-10000045,技术,电话,"苹果 信号增强器, 混合尺寸",1562.4,4,0.4,-78.4
1442,CN-202023-4433229,2024-05-11,2024-05-15,标准级,柯娜-18520,柯娜,消费者,乐山,四川,中国,西南,办公用-系固-10004142,办公用品,系固件,"Accos 按钉, 整包",121.968,3,0.4,-40.992
1443,US-202023-1047687,2024-10-27,2024-11-01,标准级,程欢-14110,程欢悦,消费者,绍兴,浙江,中国,华东,办公用-用品-10003316,办公用品,用品,"Stiletto 修剪器, 工业",621.18,5,0.4,-93.52
1444,US-202023-1047687,2024-10-27,2024-11-01,标准级,程欢-14110,程欢悦,消费者,绍兴,浙江,中国,华东,办公用-信封-10004630,办公用品,信封,"Ames 马尼拉纸信封, 回收",328.86,3,0.0,32.76
1452,CN-202023-5838362,2024-10-08,2024-10-08,当日,韦绅-20005,韦绅,消费者,广州,广东,中国,中南,技术-配件-10004550,技术,配件,"Memorex 路由器, 可编程",10403.82,9,0.0,1559.88
1470,CN-202023-2281857,2024-04-03,2024-04-07,二级,谢君-15190,谢君,消费者,济宁,山东,中国,华东,办公用-信封-10004832,办公用品,信封,"GlobeWeis 搭扣信封, 红色",188.16,3,0.0,63.84
1472,CN-202023-1637441,2024-10-01,2024-10-06,标准级,常君-15145,常君,公司,深圳,广东,中国,中南,办公用-用品-10003039,办公用品,用品,"Acme 开信刀, 锯齿状",376.74,3,0.0,161.7
1476,CN-202023-1891447,2024-12-26,2024-12-28,二级,邵兰-15715,邵兰,消费者,龙口,山东,中国,华东,办公用-信封-10004907,办公用品,信封,"Ames 局间信封, 银色",443.52,2,0.0,44.24
1477,CN-202023-1891447,2024-12-26,2024-12-28,二级,邵兰-15715,邵兰,消费者,龙口,山东,中国,华东,家具-书架-10000557,家具,书架,"Sauder 搁架, 金属",1811.04,2,0.0,253.4
1480,CN-202023-5950580,2024-07-15,2024-07-19,标准级,孙荷-13750,孙荷,公司,太原,山西,中国,华北,家具-书架-10002113,家具,书架,"Dania 书库, 金属",8443.4,5,0.0,3376.8
1481,CN-202023-5591469,2024-10-02,2024-10-06,标准级,薛柏-18985,薛柏,小型企业,娄底,湖南,中国,中南,办公用-用品-10004475,办公用品,用品,"Kleencut 剪刀, 蓝色",104.02,1,0.0,37.38
1482,CN-202023-4986506,2024-11-12,2024-11-16,标准级,宋立-16840,宋立,消费者,厦门,福建,中国,华东,家具-椅子-10001287,家具,椅子,"Hon 摇椅, 黑色",2991.1,5,0.0,358.4
1491,CN-202023-5679752,2024-06-29,2024-07-01,二级,吕灵-17575,吕灵,消费者,集宁,内蒙古,中国,华北,办公用-收纳-10004374,办公用品,收纳具,"Smead 文件车, 工业",3007.2,5,0.0,571.2
1492,CN-202023-5679752,2024-06-29,2024-07-01,二级,吕灵-17575,吕灵,消费者,集宁,内蒙古,中国,华北,办公用-装订-10000048,办公用品,装订机,"Acco 标签, 回收",50.064,2,0.4,-22.736
1493,CN-202023-5679752,2024-06-29,2024-07-01,二级,吕灵-17575,吕灵,消费者,集宁,内蒙古,中国,华北,技术-复印-10001141,技术,复印机,"Brother 传真复印机, 每套两件",2144.688,4,0.4,-536.592
1505,CN-202023-2829745,2024-11-05,2024-11-11,标准级,潘琼-19630,潘琼,公司,青岛,山东,中国,华东,技术-电话-10003796,技术,电话,"思科 办公室电话机, 蓝色",1126.44,3,0.0,134.82
1506,CN-202023-2829745,2024-11-05,2024-11-11,标准级,潘琼-19630,潘琼,公司,青岛,山东,中国,华东,技术-电话-10000698,技术,电话,"思科 充电器, 蓝色",6079.64,2,0.0,243.04
1509,CN-202023-2373769,2024-05-15,2024-05-21,标准级,葛彩-10660,葛彩,消费者,胶南,山东,中国,华东,办公用-信封-10000318,办公用品,信封,"GlobeWeis 邮寄品, 每套 50 个",719.6,4,0.0,49.84
1510,CN-202023-2373769,2024-05-15,2024-05-21,标准级,葛彩-10660,葛彩,消费者,胶南,山东,中国,华东,办公用-信封-10002033,办公用品,信封,"Ames 外皮和封条, 红色",311.22,3,0.0,133.56
1511,CN-202023-2373769,2024-05-15,2024-05-21,标准级,葛彩-10660,葛彩,消费者,胶南,山东,中国,华东,办公用-信封-10004013,办公用品,信封,"GlobeWeis 外皮和封条, 每套 50 个",199.64,2,0.0,11.76
1515,CN-202023-4497736,2024-11-24,2024-11-28,标准级,朱丽-17335,朱丽丽,小型企业,七台河,黑龙江,中国,东北,技术-电话-10002053,技术,电话,"思科 耳机, 全尺寸",3768.66,9,0.0,1355.76
1516,US-202023-1925348,2024-05-09,2024-05-14,二级,廖立-16795,廖立,小型企业,揭阳,广东,中国,中南,技术-配件-10000065,技术,配件,"Memorex 闪存驱动器, 耐用",414.54,3,0.0,32.76
1517,CN-202023-2918417,2024-07-03,2024-07-07,标准级,邱荷-13690,邱荷,消费者,潍坊,山东,中国,华东,办公用-纸张-10004837,办公用品,纸张,"SanDisk 笔记本, 优质",278.32,2,0.0,41.72
1518,CN-202023-3873167,2024-04-10,2024-04-12,一级,贾嫒-10030,贾嫒,公司,哈尔滨,黑龙江,中国,东北,办公用-系固-10002262,办公用品,系固件,"Stockwell 图钉, 每包 12 个",120.96,2,0.0,59.08
1519,US-202023-4961841,2024-08-13,2024-08-17,标准级,胡晨-11170,胡晨,小型企业,杭州,浙江,中国,华东,家具-书架-10002576,家具,书架,"Sauder 古典书架, 传统",3662.316,3,0.4,-915.684
1520,CN-202023-3636322,2024-05-18,2024-05-23,标准级,戴立-16885,戴立,消费者,重庆,重庆,中国,西南,办公用-信封-10004487,办公用品,信封,"Kraft 邮寄品, 银色",373.8,2,0.0,82.04
1521,CN-202023-3636322,2024-05-18,2024-05-23,标准级,戴立-16885,戴立,消费者,重庆,重庆,中国,西南,办公用-装订-10002118,办公用品,装订机,"Avery 打孔机, 透明",382.62,3,0.0,137.34
1522,CN-202023-3636322,2024-05-18,2024-05-23,标准级,戴立-16885,戴立,消费者,重庆,重庆,中国,西南,办公用-装订-10001828,办公用品,装订机,"Wilson Jones 装订机, 实惠",182.28,3,0.0,39.9
1523,CN-202023-3636322,2024-05-18,2024-05-23,标准级,戴立-16885,戴立,消费者,重庆,重庆,中国,西南,办公用-标签-10000859,办公用品,标签,"Hon 合法证物标签, 白色",253.4,5,0.0,7.0
1524,CN-202023-3636322,2024-05-18,2024-05-23,标准级,戴立-16885,戴立,消费者,重庆,重庆,中国,西南,家具-椅子-10001581,家具,椅子,"SAFCO 沙滩椅, 红色",692.16,3,0.0,338.94
1546,CN-202023-5105254,2024-05-20,2024-05-26,标准级,肖崆-15520,肖崆,消费者,即墨,山东,中国,华东,家具-椅子-10001701,家具,椅子,"Office Star 折叠椅, 每套两件",2192.4,5,0.0,328.3
1547,CN-202023-5105254,2024-05-20,2024-05-26,标准级,肖崆-15520,肖崆,消费者,即墨,山东,中国,华东,技术-复印-10002340,技术,复印机,"佳能 个人复印机, 每套两件",666.12,1,0.0,266.42
1548,CN-202023-5774848,2024-05-05,2024-05-06,一级,贾君-15160,贾君,消费者,成都,四川,中国,西南,办公用-标签-10001184,办公用品,标签,"Harbour Creations 文件夹标签, 可调",247.52,8,0.0,33.6
1549,CN-202023-5774848,2024-05-05,2024-05-06,一级,贾君-15160,贾君,消费者,成都,四川,中国,西南,办公用-纸张-10002399,办公用品,纸张,"Green Bar 备忘录便条, 回收",78.68,1,0.0,0.0
1550,CN-202023-3550359,2024-06-17,2024-06-23,标准级,韩虎-14005,韩虎,小型企业,三亚,海南,中国,中南,家具-椅子-10002778,家具,椅子,"Office Star 沙滩椅, 每套两件",726.894,3,0.1,32.214
1551,CN-202023-3550359,2024-06-17,2024-06-23,标准级,韩虎-14005,韩虎,小型企业,三亚,海南,中国,中南,技术-电话-10000497,技术,电话,"苹果 耳机, 全尺寸",1391.6,4,0.0,13.44
1552,CN-202023-3550359,2024-06-17,2024-06-23,标准级,韩虎-14005,韩虎,小型企业,三亚,海南,中国,中南,家具-用具-10001106,家具,用具,"Advantus 门挡, 优质",611.1,3,0.0,79.38
1553,CN-202023-3813285,2024-10-01,2024-10-02,一级,贺鹏-19045,贺鹏,小型企业,深圳,广东,中国,中南,办公用-收纳-10002847,办公用品,收纳具,"Tenex 文件车, 金属",621.6,1,0.0,198.8
1556,CN-202023-1243146,2024-02-12,2024-02-14,二级,余晨-11230,余晨,消费者,临沂,山东,中国,华东,家具-书架-10001766,家具,书架,"Bush 书库, 黑色",3412.92,2,0.0,1433.32
1557,CN-202023-1243146,2024-02-12,2024-02-14,二级,余晨-11230,余晨,消费者,临沂,山东,中国,华东,技术-电话-10004636,技术,电话,"摩托罗拉 音频基座, 全尺寸",4075.4,5,0.0,1304.1
1559,CN-202023-3722391,2024-11-20,2024-11-20,当日,贾丹-11920,贾丹,消费者,北京,北京,中国,华北,办公用-用品-10003797,办公用品,用品,"Acme 尺子, 蓝色",467.88,6,0.0,88.2
1586,CN-202023-1398198,2024-11-20,2024-11-24,标准级,巩廉-17275,巩廉,消费者,临朐,山东,中国,华东,办公用-标签-10000619,办公用品,标签,"Avery 可去除的标签, 耐用",51.94,1,0.0,3.5
1587,CN-202023-1398198,2024-11-20,2024-11-24,标准级,巩廉-17275,巩廉,消费者,临朐,山东,中国,华东,家具-用具-10002267,家具,用具,"Advantus 分层置放架, 优质",466.48,4,0.0,228.48
1592,CN-202023-2116724,2024-12-29,2024-12-31,二级,白婵-10975,白婵,公司,定陶,山东,中国,华东,办公用-器具-10000254,办公用品,器具,"KitchenAid 咖啡研磨机, 白色",960.54,3,0.0,172.62
1593,CN-202023-2116724,2024-12-29,2024-12-31,二级,白婵-10975,白婵,公司,定陶,山东,中国,华东,办公用-用品-10001088,办公用品,用品,"Fiskars 美工刀, 钢",488.88,3,0.0,200.34
1594,CN-202023-2116724,2024-12-29,2024-12-31,二级,白婵-10975,白婵,公司,定陶,山东,中国,华东,办公用-装订-10000765,办公用品,装订机,"Wilson Jones 孔加固材料, 回收",159.74,7,0.0,2.94
1602,CN-202023-5909028,2024-08-28,2024-09-01,标准级,孙雯-21805,孙雯,公司,厦门,福建,中国,华东,办公用-用品-10003697,办公用品,用品,"Acme 尺子, 钢",375.9,5,0.0,25.9
1603,CN-202023-5909028,2024-08-28,2024-09-01,标准级,孙雯-21805,孙雯,公司,厦门,福建,中国,华东,技术-设备-10003033,技术,设备,"StarTech 喷墨打印机, 耐用",4226.46,3,0.0,1521.24
1604,CN-202023-3188485,2024-12-18,2024-12-23,标准级,钟立-16720,钟立,消费者,成都,四川,中国,西南,办公用-纸张-10001282,办公用品,纸张,"Enermax 笔记本, 每包 12 个",761.6,5,0.0,197.4
1605,CN-202023-3188485,2024-12-18,2024-12-23,标准级,钟立-16720,钟立,消费者,成都,四川,中国,西南,技术-复印-10003723,技术,复印机,"Hewlett 个人复印机, 数字化",1611.792,4,0.4,268.352
1606,CN-202023-3188485,2024-12-18,2024-12-23,标准级,钟立-16720,钟立,消费者,成都,四川,中国,西南,技术-复印-10000191,技术,复印机,"佳能 无线传真机, 数字化",3177.72,3,0.4,-1748.04
1630,CN-202023-5468349,2024-05-27,2024-05-31,标准级,马晨-11185,马晨,公司,济南,山东,中国,华东,技术-配件-10004919,技术,配件,"Enermax 路由器, 可编程",3637.62,3,0.0,1091.16
1631,CN-202023-5468349,2024-05-27,2024-05-31,标准级,马晨-11185,马晨,公司,济南,山东,中国,华东,家具-书架-10001540,家具,书架,"Dania 古典书架, 白色",3857.28,2,0.0,848.4
1636,CN-202023-1399108,2024-09-17,2024-09-21,标准级,刘明-18295,刘明,公司,上海,上海,中国,华东,办公用-美术-10002566,办公用品,美术,"Stanley 荧光笔, 混合尺寸",83.44,1,0.0,9.94
1644,CN-202023-5027699,2024-11-30,2024-12-04,标准级,徐伟-21625,徐伟,消费者,韶关,广东,中国,中南,办公用-用品-10004456,办公用品,用品,"Fiskars 大剪刀, 锯齿状",827.68,4,0.0,338.8
1645,US-202023-3405401,2024-10-26,2024-10-31,标准级,丁娇-14695,丁娇,公司,无锡,江苏,中国,华东,办公用-装订-10003400,办公用品,装订机,"Acco 打孔机, 耐用",796.824,9,0.4,-319.536
1660,CN-202023-5486414,2024-10-03,2024-10-07,标准级,苏晒-19825,苏晒明,消费者,洛阳,福建,中国,华东,办公用-信封-10004134,办公用品,信封,"Ames 搭扣信封, 红色",150.36,3,0.0,39.06
1666,US-202023-3690158,2024-02-06,2024-02-10,二级,冯青-19570,冯青,消费者,沈阳,辽宁,中国,东北,办公用-器具-10004675,办公用品,器具,"Hoover 炉灶, 白色",3173.016,2,0.4,-2115.344
1667,CN-202023-4141331,2024-10-16,2024-10-22,标准级,林康-15400,林康,公司,文登,山东,中国,华东,办公用-收纳-10001942,办公用品,收纳具,"Fellowes 文件车, 金属",3818.64,6,0.0,1756.44
1668,CN-202023-4141331,2024-10-16,2024-10-22,标准级,林康-15400,林康,公司,文登,山东,中国,华东,家具-用具-10003847,家具,用具,"Deflect-O 框架, 黑色",2567.6,5,0.0,590.1
1669,CN-202023-4141331,2024-10-16,2024-10-22,标准级,林康-15400,林康,公司,文登,山东,中国,华东,家具-用具-10002675,家具,用具,"Eldon 相框, 耐用",257.32,1,0.0,46.2
1670,CN-202023-4680664,2024-11-04,2024-11-09,标准级,陈嫒-10015,陈嫒,消费者,兰州,甘肃,中国,西北,办公用-标签-10001981,办公用品,标签,"Avery 圆形标签, 红色",64.96,2,0.0,12.88
1671,US-202023-5320363,2024-10-01,2024-10-03,二级,田江-14635,田江丽,公司,鞍山,辽宁,中国,东北,办公用-装订-10000333,办公用品,装订机,"Cardinal 订书机, 回收",421.092,3,0.4,-105.588
1677,CN-202023-5623341,2024-12-22,2024-12-22,当日,倪爽-20545,倪爽,公司,莆田,福建,中国,华东,技术-复印-10004447,技术,复印机,"佳能 复印机, 每套两件",2446.64,2,0.0,660.52
1678,CN-202023-5623341,2024-12-22,2024-12-22,当日,倪爽-20545,倪爽,公司,莆田,福建,中国,华东,办公用-用品-10000998,办公用品,用品,"Kleencut 大剪刀, 锯齿状",202.86,1,0.0,10.08
1679,CN-202023-5623341,2024-12-22,2024-12-22,当日,倪爽-20545,倪爽,公司,莆田,福建,中国,华东,家具-椅子-10003177,家具,椅子,"Harbour Creations 椅垫, 每套两件",1039.5,3,0.0,301.14
1680,CN-202023-5623341,2024-12-22,2024-12-22,当日,倪爽-20545,倪爽,公司,莆田,福建,中国,华东,技术-设备-10003033,技术,设备,"StarTech 喷墨打印机, 耐用",11270.56,8,0.0,4056.64
1683,CN-202023-3545086,2024-09-16,2024-09-18,一级,冯青-19570,冯青,消费者,龙口,山东,中国,华东,办公用-系固-10001972,办公用品,系固件,"OIC 按钉, 金属",140.28,2,0.0,39.2
1684,CN-202023-2166981,2024-12-02,2024-12-06,标准级,蒋雯-21670,蒋雯,消费者,平顶山,河南,中国,中南,技术-配件-10003034,技术,配件,"Memorex 闪存驱动器, 回收",380.94,3,0.0,118.02
1685,US-202023-2631326,2024-07-15,2024-07-20,标准级,马盛-20365,马盛,消费者,集宁,内蒙古,中国,华北,技术-电话-10002696,技术,电话,"思科 充电器, 混合尺寸",5495.616,3,0.4,-2748.144
1686,CN-202023-5247158,2024-05-01,2024-05-03,二级,巩嫒-10045,巩嫒,公司,广州,广东,中国,中南,办公用-标签-10000895,办公用品,标签,"Harbour Creations 有色标签, 可调",201.6,4,0.0,30.24
1687,CN-202023-5247158,2024-05-01,2024-05-03,二级,巩嫒-10045,巩嫒,公司,广州,广东,中国,中南,办公用-收纳-10000375,办公用品,收纳具,"Smead 搁板, 单宽度",456.96,2,0.0,136.92
1688,CN-202023-5247158,2024-05-01,2024-05-03,二级,巩嫒-10045,巩嫒,公司,广州,广东,中国,中南,办公用-信封-10000814,办公用品,信封,"Cameo 商业信封, 红色",382.48,4,0.0,164.08
1690,CN-202023-1340062,2024-06-08,2024-06-12,二级,俞毅-12520,俞毅,消费者,怀化,湖南,中国,中南,家具-用具-10001106,家具,用具,"Advantus 门挡, 优质",611.1,3,0.0,79.38
1691,CN-202023-1118715,2024-07-22,2024-07-28,标准级,杨晨-11215,杨晨,小型企业,安阳,河南,中国,中南,技术-设备-10002270,技术,设备,"爱普生 喷墨打印机, 红色",12825.54,9,0.0,4745.16
1692,CN-202023-1118715,2024-07-22,2024-07-28,标准级,杨晨-11215,杨晨,小型企业,安阳,河南,中国,中南,办公用-系固-10003379,办公用品,系固件,"Advantus 夹子, 混合尺寸",234.36,3,0.0,25.62
1693,CN-202023-1118715,2024-07-22,2024-07-28,标准级,杨晨-11215,杨晨,小型企业,安阳,河南,中国,中南,办公用-系固-10000296,办公用品,系固件,"Stockwell 按钉, 每包 12 个",386.4,6,0.0,184.8
1694,CN-202023-1118715,2024-07-22,2024-07-28,标准级,杨晨-11215,杨晨,小型企业,安阳,河南,中国,中南,办公用-装订-10003947,办公用品,装订机,"Cardinal 孔加固材料, 耐用",127.68,4,0.0,2.24
1695,CN-202023-1118715,2024-07-22,2024-07-28,标准级,杨晨-11215,杨晨,小型企业,安阳,河南,中国,中南,技术-配件-10002665,技术,配件,"SanDisk 记忆卡, 回收",514.36,1,0.0,241.64
1696,CN-202023-1166865,2024-05-05,2024-05-09,二级,熊晨-11155,熊晨,消费者,开封,河南,中国,中南,办公用-系固-10000678,办公用品,系固件,"Accos 按钉, 金属",136.64,2,0.0,47.6
1697,CN-202023-2171205,2024-11-12,2024-11-16,标准级,谢君-15190,谢君,消费者,济南,山东,中国,华东,办公用-美术-10004988,办公用品,美术,"Stanley 铅笔刀, 混合尺寸",130.48,1,0.0,14.28
1699,CN-202023-1830721,2024-09-18,2024-09-24,标准级,肖壁-10435,肖壁,小型企业,南昌,江西,中国,华东,家具-椅子-10003910,家具,椅子,"SAFCO 凳子, 可调",1590.68,2,0.0,413.56
1700,CN-202023-1830721,2024-09-18,2024-09-24,标准级,肖壁-10435,肖壁,小型企业,南昌,江西,中国,华东,办公用-美术-10002057,办公用品,美术,"Binney & Smith 画布, 整包",1204.7,5,0.0,240.8
1701,US-202023-3455141,2024-10-25,2024-10-26,一级,黄岱-11860,黄岱,消费者,辉南,吉林,中国,东北,家具-椅子-10000128,家具,椅子,"Novimex 沙滩椅, 可调",1130.5,5,0.0,22.4
1702,CN-202023-1246652,2024-09-15,2024-09-22,标准级,廖珊-19870,廖珊,小型企业,来宾,广西,中国,中南,办公用-标签-10001292,办公用品,标签,"Smead 文件夹标签, 白色",165.76,4,0.0,17.92
1703,CN-202023-1246652,2024-09-15,2024-09-22,标准级,廖珊-19870,廖珊,小型企业,来宾,广西,中国,中南,技术-电话-10000751,技术,电话,"三星 信号增强器, 混合尺寸",1952.16,3,0.0,331.8
1704,US-202023-4752200,2024-01-03,2024-01-05,一级,麦虢-13510,麦虢,公司,钟祥,湖北,中国,中南,办公用-用品-10002305,办公用品,用品,"Elite 美工刀, 蓝色",586.152,6,0.4,-274.008
1705,US-202023-4752200,2024-01-03,2024-01-05,一级,麦虢-13510,麦虢,公司,钟祥,湖北,中国,中南,办公用-系固-10000647,办公用品,系固件,"OIC 订书钉, 金属",32.088,1,0.4,-17.752
1709,CN-202023-4795502,2024-01-05,2024-01-07,一级,刘明-18295,刘明,公司,惠州,广东,中国,中南,办公用-标签-10004408,办公用品,标签,"Smead 文件夹标签, 红色",365.4,9,0.0,42.84
1710,CN-202023-4795502,2024-01-05,2024-01-07,一级,刘明-18295,刘明,公司,惠州,广东,中国,中南,办公用-系固-10000833,办公用品,系固件,"Accos 橡皮筋, 每包 12 个",150.36,2,0.0,23.8
1711,CN-202023-3562924,2024-07-02,2024-07-05,一级,范雯-21685,范雯,小型企业,武汉,湖北,中国,中南,技术-设备-10002736,技术,设备,"StarTech 卡片打印机, 耐用",916.272,2,0.4,91.392
1712,CN-202023-5552260,2024-05-08,2024-05-13,标准级,施菊-15040,施菊,消费者,平顶山,河南,中国,中南,技术-设备-10002958,技术,设备,"柯尼卡 喷墨打印机, 耐用",19022.64,13,0.0,9129.12
1717,US-202023-2204927,2024-05-07,2024-05-11,标准级,邱升-20080,邱升,消费者,武汉,湖北,中国,中南,家具-椅子-10002013,家具,椅子,"Harbour Creations 凳子, 红色",1513.008,3,0.4,-504.672
1718,US-202023-2204927,2024-05-07,2024-05-11,标准级,邱升-20080,邱升,消费者,武汉,湖北,中国,中南,家具-椅子-10002532,家具,椅子,"Hon 椅垫, 可调",324.912,2,0.4,54.152
1719,CN-202023-3097655,2024-10-07,2024-10-10,二级,朱丽-17335,朱丽丽,小型企业,哈尔滨,黑龙江,中国,东北,办公用-美术-10001717,办公用品,美术,"Boston 钢笔, 混合尺寸",129.92,2,0.2,17.64
1722,CN-202023-3279950,2024-03-06,2024-03-13,标准级,郝升-20095,郝升,消费者,汉沽,天津,中国,华北,办公用-信封-10003153,办公用品,信封,"Ames 商业信封, 银色",159.04,2,0.0,31.64
1723,CN-202023-1815663,2024-05-28,2024-06-01,标准级,万冬-12460,万冬露,消费者,锡林浩特,内蒙古,中国,华北,办公用-收纳-10000938,办公用品,收纳具,"Rogers 文件夹, 工业",1018.22,7,0.0,111.72
1734,CN-202023-5639395,2024-08-30,2024-09-03,标准级,毛刚-13165,毛刚,消费者,天津,天津,中国,华北,办公用-信封-10001674,办公用品,信封,"Jiffy 外皮和封条, 红色",219.8,2,0.0,54.88
1735,CN-202023-5639395,2024-08-30,2024-09-03,标准级,毛刚-13165,毛刚,消费者,天津,天津,中国,华北,技术-配件-10004481,技术,配件,"Enermax 记忆卡, 耐用",1604.4,3,0.0,737.94
1736,CN-202023-3530738,2024-04-29,2024-05-04,二级,沈虢-13570,沈虢,消费者,烟台,山东,中国,华东,办公用-标签-10003582,办公用品,标签,"Smead 运输标签, 白色",162.54,3,0.0,2.94
1740,US-202023-3171627,2024-07-07,2024-07-11,标准级,潘健-14575,潘健,消费者,郑州,河南,中国,中南,家具-椅子-10003377,家具,椅子,"SAFCO 折叠椅, 黑色",699.552,2,0.1,-31.248
1741,CN-202023-2594036,2024-08-31,2024-09-06,标准级,洪黎-16345,洪黎明,消费者,大庆,黑龙江,中国,东北,家具-用具-10000331,家具,用具,"Advantus 门挡, 一包多件",420.84,2,0.0,168.28
1742,CN-202023-2594036,2024-08-31,2024-09-06,标准级,洪黎-16345,洪黎明,消费者,大庆,黑龙江,中国,东北,办公用-标签-10001238,办公用品,标签,"Avery 合法证物标签, 耐用",273.7,5,0.0,79.1
1744,CN-202023-5739201,2024-09-30,2024-10-05,标准级,严珑-17890,严珑,小型企业,萍乡,江西,中国,华东,家具-书架-10003501,家具,书架,"宜家 搁架, 白色",2420.04,3,0.0,1210.02
1749,US-202023-3455141,2024-08-03,2024-08-03,当日,罗霖-17530,罗霖,消费者,沧州,河北,中国,华北,办公用-纸张-10003326,办公用品,纸张,"Green Bar 令, 多色",436.38,3,0.0,217.98
1750,US-202023-3455141,2024-08-03,2024-08-03,当日,罗霖-17530,罗霖,消费者,沧州,河北,中国,华北,办公用-信封-10000284,办公用品,信封,"Kraft 搭扣信封, 回收",218.4,6,0.0,89.04
1761,CN-202023-1964482,2024-03-28,2024-04-02,标准级,田江-14635,田江丽,公司,富拉尔基区,黑龙江,中国,东北,家具-桌子-10001094,家具,桌子,"Lesro 培训桌, 长方形",6526.065,7,0.25,-1479.555
1762,CN-202023-1964482,2024-03-28,2024-04-02,标准级,田江-14635,田江丽,公司,富拉尔基区,黑龙江,中国,东北,技术-配件-10001709,技术,配件,"Enermax 记忆卡, 回收",3141.6,6,0.0,1193.64
1765,CN-202023-4794169,2024-10-14,2024-10-18,标准级,严聪-11740,严聪,消费者,湛江,广东,中国,中南,家具-椅子-10004416,家具,椅子,"Novimex 折叠椅, 每套两件",709.632,2,0.1,220.752
1766,CN-202023-4794169,2024-10-14,2024-10-18,标准级,严聪-11740,严聪,消费者,湛江,广东,中国,中南,技术-复印-10002130,技术,复印机,"Brother 个人复印机, 每套两件",2000.46,3,0.0,160.02
1767,CN-202023-4794169,2024-10-14,2024-10-18,标准级,严聪-11740,严聪,消费者,湛江,广东,中国,中南,办公用-用品-10004471,办公用品,用品,"Kleencut 大剪刀, 钢",1077.3,5,0.0,484.4
1769,CN-202023-3230180,2024-06-13,2024-06-15,二级,许根-13240,许根基,小型企业,鞍山,辽宁,中国,东北,办公用-用品-10002536,办公用品,用品,"Fiskars 美工刀, 锯齿状",270.648,3,0.4,-4.872
1770,CN-202023-3230180,2024-06-13,2024-06-15,二级,许根-13240,许根基,小型企业,鞍山,辽宁,中国,东北,技术-电话-10000751,技术,电话,"三星 信号增强器, 混合尺寸",780.864,2,0.4,-299.376
1772,CN-202023-5386632,2024-08-12,2024-08-19,标准级,袁丽-16555,袁丽娜,公司,重庆,重庆,中国,西南,办公用-装订-10004336,办公用品,装订机,"Acco 装订机盖, 实惠",310.8,5,0.0,58.8
1774,CN-202023-5360498,2024-12-11,2024-12-15,标准级,钱涛-21145,钱涛,公司,大连,辽宁,中国,东北,办公用-收纳-10001403,办公用品,收纳具,"Eldon 文件夹, 蓝色",158.48,2,0.0,52.08
1776,US-202023-2881872,2024-09-17,2024-09-23,标准级,周诚-11290,周诚,消费者,西丰,辽宁,中国,东北,家具-书架-10000581,家具,书架,"Dania 墙角架, 金属",1020.852,3,0.4,-612.528
1777,US-202023-2881872,2024-09-17,2024-09-23,标准级,周诚-11290,周诚,消费者,西丰,辽宁,中国,东北,办公用-纸张-10002493,办公用品,纸张,"Enermax 备忘录便条, 优质",146.16,2,0.0,29.12
1778,US-202023-2881872,2024-09-17,2024-09-23,标准级,周诚-11290,周诚,消费者,西丰,辽宁,中国,东北,家具-桌子-10000558,家具,桌子,"Bevis 培训桌, 组装",1884.12,3,0.6,-1460.34
1794,CN-202023-5844938,2024-02-28,2024-03-02,一级,王辉-12670,王辉,消费者,常德,湖南,中国,中南,办公用-美术-10001897,办公用品,美术,"Boston 速写本, 混合尺寸",193.312,1,0.2,28.952
1795,CN-202023-5844938,2024-02-28,2024-03-02,一级,王辉-12670,王辉,消费者,常德,湖南,中国,中南,办公用-器具-10002468,办公用品,器具,"Cuisinart 烤面包机, 白色",722.4,3,0.0,122.64
1796,CN-202023-5844938,2024-02-28,2024-03-02,一级,王辉-12670,王辉,消费者,常德,湖南,中国,中南,家具-书架-10000557,家具,书架,"Sauder 搁架, 金属",6338.64,7,0.0,886.9
1797,CN-202023-5844938,2024-02-28,2024-03-02,一级,王辉-12670,王辉,消费者,常德,湖南,中国,中南,技术-复印-10003823,技术,复印机,"惠普 墨水, 彩色",1821.96,3,0.0,801.36
1798,CN-202023-5844938,2024-02-28,2024-03-02,一级,王辉-12670,王辉,消费者,常德,湖南,中国,中南,办公用-收纳-10002840,办公用品,收纳具,"Fellowes 盒, 金属",525.0,6,0.0,73.08
1799,CN-202023-5844938,2024-02-28,2024-03-02,一级,王辉-12670,王辉,消费者,常德,湖南,中国,中南,家具-椅子-10003910,家具,椅子,"SAFCO 凳子, 可调",1431.612,2,0.1,254.492
1800,US-202023-3021319,2024-08-08,2024-08-14,标准级,孟伟-21535,孟伟,小型企业,肃州,甘肃,中国,西北,家具-椅子-10004040,家具,椅子,"Harbour Creations 折叠椅, 黑色",1603.728,6,0.4,-695.352
1801,US-202023-3021319,2024-08-08,2024-08-14,标准级,孟伟-21535,孟伟,小型企业,肃州,甘肃,中国,西北,办公用-用品-10004429,办公用品,用品,"Stiletto 修剪器, 锯齿状",331.38,3,0.4,-188.16
1802,US-202023-3021319,2024-08-08,2024-08-14,标准级,孟伟-21535,孟伟,小型企业,肃州,甘肃,中国,西北,技术-复印-10004983,技术,复印机,"Brother 复印机, 每套两件",2203.236,3,0.4,-37.044
1808,CN-202023-4092734,2024-12-24,2024-12-28,标准级,袁梅-18130,袁梅,公司,蒲庙,广西,中国,中南,办公用-系固-10003933,办公用品,系固件,"OIC 图钉, 每包 12 个",126.0,2,0.0,35.28
1809,US-202023-1564715,2024-10-12,2024-10-16,标准级,徐菊-15070,徐菊,消费者,武汉,湖北,中国,中南,技术-复印-10004761,技术,复印机,"Brother 复印机, 红色",5105.604,7,0.4,-255.976
1810,US-202023-1564715,2024-10-12,2024-10-16,标准级,徐菊-15070,徐菊,消费者,武汉,湖北,中国,中南,技术-配件-10004328,技术,配件,"Memorex 闪存驱动器, 实惠",246.96,3,0.4,-94.92
1823,CN-202023-5943918,2024-11-24,2024-12-01,标准级,彭博-10555,彭博,公司,梨树,吉林,中国,东北,技术-配件-10000078,技术,配件,"罗技 键盘, 耐用",678.16,2,0.0,148.96
1824,CN-202023-4795502,2024-10-28,2024-11-02,标准级,柯婷-21100,柯婷,消费者,吉林市,吉林,中国,东北,办公用-系固-10004461,办公用品,系固件,"OIC 图钉, 混合尺寸",161.28,3,0.0,41.58
1825,CN-202023-4795502,2024-10-28,2024-11-02,标准级,柯婷-21100,柯婷,消费者,吉林市,吉林,中国,东北,家具-用具-10000234,家具,用具,"Tenex 灯泡, 优质",737.1,9,0.0,109.62
1826,CN-202023-4795502,2024-10-28,2024-11-02,标准级,柯婷-21100,柯婷,消费者,吉林市,吉林,中国,东北,家具-用具-10002471,家具,用具,"Tenex 分层置放架, 黑色",353.22,3,0.0,73.92
1827,CN-202023-4795502,2024-10-28,2024-11-02,标准级,柯婷-21100,柯婷,消费者,吉林市,吉林,中国,东北,家具-书架-10003237,家具,书架,"宜家 书架, 白色",1167.6,2,0.0,23.24
1829,CN-202023-3815654,2024-09-18,2024-09-21,一级,孔松-20695,孔松,公司,湘潭,湖南,中国,中南,办公用-信封-10004257,办公用品,信封,"Jiffy 局间信封, 每套 50 个",1083.6,5,0.0,313.6
1834,US-202023-1435617,2024-06-24,2024-06-26,二级,卢壁-10450,卢壁,消费者,盐城,江苏,中国,华东,家具-书架-10000621,家具,书架,"Bush 书库, 金属",3055.752,3,0.4,-1629.768
1835,US-202023-1435617,2024-06-24,2024-06-26,二级,卢壁-10450,卢壁,消费者,盐城,江苏,中国,华东,办公用-系固-10004197,办公用品,系固件,"OIC 回形针, 每包 12 个",77.616,2,0.4,-33.824
1836,CN-202023-4015472,2024-12-07,2024-12-11,标准级,付荣-19690,付荣,消费者,徐州,江苏,中国,华东,技术-复印-10001364,技术,复印机,"夏普 传真复印机, 数字化",942.144,2,0.4,-581.056
1844,CN-202023-5106829,2024-08-01,2024-08-07,标准级,徐虎-14020,徐虎,消费者,漳州,福建,中国,华东,家具-书架-10002724,家具,书架,"Sauder 墙角架, 白色",3495.8,5,0.0,908.6
1845,CN-202023-5106829,2024-08-01,2024-08-07,标准级,徐虎-14020,徐虎,消费者,漳州,福建,中国,华东,办公用-系固-10000409,办公用品,系固件,"OIC 按钉, 整包",139.16,2,0.0,5.32
1853,CN-202023-2554132,2024-08-31,2024-09-05,标准级,马惠-14335,马惠英,公司,北京,北京,中国,华北,办公用-器具-10003268,办公用品,器具,"Hamilton Beach 搅拌机, 红色",994.56,3,0.0,208.74
1854,CN-202023-2554132,2024-08-31,2024-09-05,标准级,马惠-14335,马惠英,公司,北京,北京,中国,华北,办公用-收纳-10003289,办公用品,收纳具,"Tenex 搁板, 单宽度",765.66,3,0.0,191.1
1855,CN-202023-2554132,2024-08-31,2024-09-05,标准级,马惠-14335,马惠英,公司,北京,北京,中国,华北,办公用-美术-10000831,办公用品,美术,"Binney & Smith 钢笔, 金属",431.2,7,0.0,21.56
1857,CN-202023-3781425,2024-02-03,2024-02-08,二级,薛光-13405,薛光,消费者,南宁,广西,中国,中南,办公用-标签-10004202,办公用品,标签,"Hon 可去除的标签, 可调",152.32,4,0.0,70.0
1858,CN-202023-4360038,2024-07-03,2024-07-06,二级,封乐-17740,封乐,消费者,即墨,山东,中国,华东,家具-椅子-10002473,家具,椅子,"SAFCO 摇椅, 黑色",1236.48,2,0.0,222.32
1861,US-202023-5897280,2024-11-26,2024-11-28,二级,邓惠-14470,邓惠,消费者,沈阳,辽宁,中国,东北,办公用-美术-10004287,办公用品,美术,"BIC 记号笔, 蓝色",49.336,2,0.8,-160.384
1862,US-202023-5897280,2024-11-26,2024-11-28,二级,邓惠-14470,邓惠,消费者,沈阳,辽宁,中国,东北,办公用-标签-10003583,办公用品,标签,"Hon 圆形标签, 红色",211.68,7,0.0,75.46
1863,US-202023-5897280,2024-11-26,2024-11-28,二级,邓惠-14470,邓惠,消费者,沈阳,辽宁,中国,东北,技术-复印-10001701,技术,复印机,"Brother 墨水, 数字化",411.432,1,0.4,34.272
1866,CN-202023-5803513,2024-12-16,2024-12-20,二级,周柏-18925,周柏,小型企业,大同,山西,中国,华北,办公用-系固-10002914,办公用品,系固件,"Accos 订书钉, 金属",103.32,2,0.0,38.08
1867,CN-202023-5803513,2024-12-16,2024-12-20,二级,周柏-18925,周柏,小型企业,大同,山西,中国,华北,家具-椅子-10000168,家具,椅子,"Novimex 椅垫, 每套两件",1367.1,5,0.0,574.0
1870,US-202023-3436186,2024-02-09,2024-02-14,标准级,贺晨-11125,贺晨,小型企业,温州,浙江,中国,华东,家具-桌子-10000760,家具,桌子,"Lesro 电脑桌, 黑色",3198.272,4,0.6,-2638.608
1871,US-202023-3436186,2024-02-09,2024-02-14,标准级,贺晨-11125,贺晨,小型企业,温州,浙江,中国,华东,技术-配件-10002428,技术,配件,"罗技 闪存驱动器, 回收",79.296,1,0.4,-45.024
1873,CN-202023-4318875,2024-06-16,2024-06-21,标准级,周康-15340,周康,消费者,哈尔滨,黑龙江,中国,东北,办公用-标签-10000389,办公用品,标签,"Smead 合法证物标签, 白色",155.4,3,0.0,9.24
1876,CN-202023-5443541,2024-07-14,2024-07-14,当日,白斯-20995,白斯云,消费者,莘县,山东,中国,华东,办公用-装订-10000648,办公用品,装订机,"Cardinal 装订机盖, 实惠",392.0,7,0.0,172.48
1877,US-202023-4386495,2024-04-25,2024-05-01,标准级,黄磊-16000,黄磊,消费者,武汉,湖北,中国,中南,办公用-美术-10003716,办公用品,美术,"BIC 铅笔刀, 整包",163.968,6,0.8,-279.552
1903,CN-202023-2375545,2024-12-28,2025-01-01,二级,曹鹏-19090,曹鹏,消费者,太原,山西,中国,华北,办公用-收纳-10000198,办公用品,收纳具,"Rogers 盒, 工业",570.5,5,0.0,159.6
1904,CN-202023-4815290,2024-08-10,2024-08-14,标准级,薛强-19330,薛强,消费者,济宁,山东,中国,华东,办公用-纸张-10003981,办公用品,纸张,"Green Bar 羊皮纸, 优质",77.84,1,0.0,12.32
1907,CN-202023-3668469,2024-05-13,2024-05-16,二级,宋栋-12310,宋栋,公司,常州,江苏,中国,华东,办公用-收纳-10004593,办公用品,收纳具,"Smead 文件车, 单宽度",2397.36,4,0.0,790.72
1908,CN-202023-3668469,2024-05-13,2024-05-16,二级,宋栋-12310,宋栋,公司,常州,江苏,中国,华东,办公用-系固-10000944,办公用品,系固件,"Stockwell 夹子, 整包",376.908,7,0.4,-44.492
1909,CN-202023-3668469,2024-05-13,2024-05-16,二级,宋栋-12310,宋栋,公司,常州,江苏,中国,华东,办公用-收纳-10002440,办公用品,收纳具,"Tenex 文件车, 蓝色",6885.34,11,0.0,549.78
1912,CN-202023-3555396,2024-12-29,2025-01-02,标准级,麦虹-13855,麦虹,公司,咸阳,陕西,中国,西北,家具-用具-10004872,家具,用具,"Advantus 框架, 一包多件",518.84,1,0.0,228.2
1913,CN-202023-3555396,2024-12-29,2025-01-02,标准级,麦虹-13855,麦虹,公司,咸阳,陕西,中国,西北,家具-用具-10002267,家具,用具,"Rubvermaid 相框, 优质",470.12,2,0.0,164.36
1914,CN-202023-3555396,2024-12-29,2025-01-02,标准级,麦虹-13855,麦虹,公司,咸阳,陕西,中国,西北,办公用-系固-10000988,办公用品,系固件,"Stockwell 夹子, 每包 12 个",255.78,3,0.0,91.98
1915,CN-202023-2136895,2024-07-18,2024-07-24,标准级,涂德-12235,涂德伟,消费者,汕头,广东,中国,中南,技术-复印-10000302,技术,复印机,"Hewlett 个人复印机, 每套两件",3366.3,5,0.0,1480.5
1918,CN-202023-4195213,2024-05-12,2024-05-12,当日,涂珑-17875,涂珑,小型企业,来宾,广西,中国,中南,技术-配件-10000680,技术,配件,"贝尔金 记忆卡, 耐用",536.76,1,0.0,139.44
1919,CN-202023-4195213,2024-05-12,2024-05-12,当日,涂珑-17875,涂珑,小型企业,来宾,广西,中国,中南,技术-复印-10000216,技术,复印机,"Brother 传真复印机, 彩色",1800.68,2,0.0,684.04
1920,CN-202023-2396269,2024-08-10,2024-08-14,标准级,涂伟-21640,涂伟,消费者,九江,江西,中国,华东,办公用-美术-10002634,办公用品,美术,"BIC 钢笔, 整包",339.5,5,0.0,30.1
1921,CN-202023-2396269,2024-08-10,2024-08-14,标准级,涂伟-21640,涂伟,消费者,九江,江西,中国,华东,技术-配件-10004728,技术,配件,"Enermax 记忆卡, 可编程",1622.46,3,0.0,307.86
1922,CN-202023-2396269,2024-08-10,2024-08-14,标准级,涂伟-21640,涂伟,消费者,九江,江西,中国,华东,技术-配件-10002006,技术,配件,"Memorex 鼠标, 回收",242.48,2,0.0,43.4
1923,CN-202023-2396269,2024-08-10,2024-08-14,标准级,涂伟-21640,涂伟,消费者,九江,江西,中国,华东,办公用-标签-10003929,办公用品,标签,"Harbour Creations 合法证物标签, 白色",102.2,2,0.0,1.96
1925,US-202023-3325239,2024-05-21,2024-05-25,二级,葛欢-14215,葛欢,公司,深圳,广东,中国,中南,家具-用具-10000952,家具,用具,"Eldon 门挡, 黑色",468.16,2,0.0,135.52
1935,US-202023-2647402,2024-07-01,2024-07-04,二级,林谙-18790,林谙,小型企业,湖州,浙江,中国,华东,办公用-装订-10001547,办公用品,装订机,"Ibico 孔加固材料, 回收",61.74,3,0.4,-6.3
1938,CN-202023-3258425,2024-10-10,2024-10-15,二级,李彩-10675,李彩,消费者,邢台,河北,中国,华北,家具-桌子-10003906,家具,桌子,"Hon 会议桌, 黑色",6450.36,2,0.25,0.0
1939,CN-202023-5398212,2024-09-25,2024-09-29,标准级,田丹-11995,田丹,消费者,肇源,黑龙江,中国,东北,技术-设备-10000073,技术,设备,"爱普生 计算器, 白色",1464.12,7,0.0,526.26
1940,CN-202023-5398212,2024-09-25,2024-09-29,标准级,田丹-11995,田丹,消费者,肇源,黑龙江,中国,东北,办公用-标签-10004462,办公用品,标签,"Hon 合法证物标签, 可调",163.52,4,0.0,48.72
1949,CN-202023-3409532,2024-03-26,2024-03-30,标准级,邵娜-18565,邵娜,小型企业,滕州,山东,中国,华东,办公用-信封-10004013,办公用品,信封,"GlobeWeis 外皮和封条, 每套 50 个",99.82,1,0.0,5.88
1950,CN-202023-3409532,2024-03-26,2024-03-30,标准级,邵娜-18565,邵娜,小型企业,滕州,山东,中国,华东,家具-书架-10000835,家具,书架,"Dania 搁架, 金属",6302.24,8,0.0,756.0
1951,CN-202023-3409532,2024-03-26,2024-03-30,标准级,邵娜-18565,邵娜,小型企业,滕州,山东,中国,华东,办公用-标签-10001201,办公用品,标签,"Avery 合法证物标签, 红色",416.64,8,0.0,44.8
1952,CN-202023-3409532,2024-03-26,2024-03-30,标准级,邵娜-18565,邵娜,小型企业,滕州,山东,中国,华东,家具-椅子-10001534,家具,椅子,"Hon 扶手椅, 红色",10666.6,5,0.0,4692.8
1953,CN-202023-3409532,2024-03-26,2024-03-30,标准级,邵娜-18565,邵娜,小型企业,滕州,山东,中国,华东,办公用-系固-10004244,办公用品,系固件,"Advantus 橡皮筋, 混合尺寸",327.6,5,0.0,2.8
1955,CN-202023-4075862,2024-06-13,2024-06-19,标准级,巩光-13435,巩光,消费者,合肥,安徽,中国,华东,办公用-器具-10000913,办公用品,器具,"Hoover 咖啡研磨机, 银色",649.04,2,0.0,71.12
1956,CN-202023-4075862,2024-06-13,2024-06-19,标准级,巩光-13435,巩光,消费者,合肥,安徽,中国,华东,技术-配件-10001341,技术,配件,"Memorex 记忆卡, 回收",3269.28,7,0.0,1274.98
1958,US-202023-3420308,2024-04-03,2024-04-07,标准级,葛欢-14215,葛欢,公司,绍兴,浙江,中国,华东,办公用-用品-10000039,办公用品,用品,"Acme 尺子, 工业",461.916,9,0.4,-92.484
1962,CN-202023-5058012,2024-10-16,2024-10-16,当日,田妮-18595,田妮,小型企业,定州,河北,中国,华北,办公用-收纳-10002355,办公用品,收纳具,"Rogers 文件车, 蓝色",5947.2,9,0.0,59.22
1963,CN-202023-5058012,2024-10-16,2024-10-16,当日,田妮-18595,田妮,小型企业,定州,河北,中国,华北,办公用-用品-10000039,办公用品,用品,"Acme 尺子, 工业",171.08,2,0.0,47.88
1967,CN-202023-5816959,2024-11-25,2024-11-27,二级,苏涛-21220,苏涛,消费者,荆门,湖北,中国,中南,技术-电话-10001542,技术,电话,"思科 办公室电话机, 混合尺寸",699.804,3,0.4,-419.916
1968,CN-202023-5816959,2024-11-25,2024-11-27,二级,苏涛-21220,苏涛,消费者,荆门,湖北,中国,中南,办公用-系固-10002481,办公用品,系固件,"Accos 橡皮筋, 金属",94.08,2,0.4,-36.12
1969,CN-202023-5816959,2024-11-25,2024-11-27,二级,苏涛-21220,苏涛,消费者,荆门,湖北,中国,中南,技术-电话-10000762,技术,电话,"摩托罗拉 充电器, 全尺寸",3606.288,2,0.4,-2043.832
1970,CN-202023-5816959,2024-11-25,2024-11-27,二级,苏涛-21220,苏涛,消费者,荆门,湖北,中国,中南,办公用-装订-10000048,办公用品,装订机,"Acco 标签, 回收",25.032,1,0.4,-11.368
1971,CN-202023-5816959,2024-11-25,2024-11-27,二级,苏涛-21220,苏涛,消费者,荆门,湖北,中国,中南,办公用-纸张-10001757,办公用品,纸张,"SanDisk 计划信息表, 回收",442.96,4,0.0,159.04
1972,CN-202023-5816959,2024-11-25,2024-11-27,二级,苏涛-21220,苏涛,消费者,荆门,湖北,中国,中南,办公用-装订-10000548,办公用品,装订机,"Avery 孔加固材料, 实惠",37.044,3,0.4,3.444
1973,CN-202023-5816959,2024-11-25,2024-11-27,二级,苏涛-21220,苏涛,消费者,荆门,湖北,中国,中南,技术-设备-10002164,技术,设备,"松下 打印机, 耐用",7465.08,10,0.4,-3484.32
1974,CN-202023-2503468,2024-10-23,2024-10-28,二级,武明-18385,武明媚,消费者,北京,北京,中国,华北,办公用-器具-10004391,办公用品,器具,"Hamilton Beach 烤面包机, 白色",1558.2,6,0.0,560.28
1975,CN-202023-2503468,2024-10-23,2024-10-28,二级,武明-18385,武明媚,消费者,北京,北京,中国,华北,办公用-器具-10000912,办公用品,器具,"Hamilton Beach 冰箱, 黑色",30306.64,13,0.0,908.18
1976,CN-202023-2503468,2024-10-23,2024-10-28,二级,武明-18385,武明媚,消费者,北京,北京,中国,华北,办公用-标签-10001294,办公用品,标签,"Harbour Creations 有色标签, 耐用",124.04,2,0.0,35.84
1980,CN-202023-4647823,2024-10-19,2024-10-22,一级,陈锦-14830,陈锦,公司,武汉,湖北,中国,中南,办公用-纸张-10001321,办公用品,纸张,"Eaton 笔记本, 每包 12 个",430.08,3,0.0,4.2
1986,CN-202023-4497736,2024-08-22,2024-08-25,一级,孔辉-12610,孔辉,公司,襄樊,湖北,中国,中南,办公用-标签-10000480,办公用品,标签,"Smead 有色标签, 可调",51.1,1,0.0,21.42
1987,CN-202023-2875530,2024-03-21,2024-03-27,标准级,邹妮-18625,邹妮,公司,塘坪,广东,中国,中南,办公用-装订-10003061,办公用品,装订机,"Wilson Jones 订书机, 回收",1841.28,8,0.0,109.76
1988,CN-202023-2875530,2024-03-21,2024-03-27,标准级,邹妮-18625,邹妮,公司,塘坪,广东,中国,中南,家具-用具-10001014,家具,用具,"Deflect-O 相框, 黑色",242.2,1,0.0,9.66
1989,CN-202023-2875530,2024-03-21,2024-03-27,标准级,邹妮-18625,邹妮,公司,塘坪,广东,中国,中南,技术-设备-10001994,技术,设备,"冲电器 计算器, 耐用",1467.48,6,0.0,43.68
1990,CN-202023-2875530,2024-03-21,2024-03-27,标准级,邹妮-18625,邹妮,公司,塘坪,广东,中国,中南,办公用-美术-10001683,办公用品,美术,"Boston 画布, 蓝色",200.256,1,0.2,-17.584
1996,CN-202023-2662386,2024-09-04,2024-09-08,标准级,巩达-11770,巩达侠,消费者,合肥,安徽,中国,华东,技术-复印-10004787,技术,复印机,"佳能 墨水, 红色",4069.8,6,0.0,1586.76
1997,CN-202023-2662386,2024-09-04,2024-09-08,标准级,巩达-11770,巩达侠,消费者,合肥,安徽,中国,华东,家具-书架-10000720,家具,书架,"Bush 柜, 白色",3404.1,5,0.0,987.0
1998,CN-202023-2662386,2024-09-04,2024-09-08,标准级,巩达-11770,巩达侠,消费者,合肥,安徽,中国,华东,办公用-装订-10000548,办公用品,装订机,"Avery 孔加固材料, 实惠",102.9,5,0.0,46.9
1999,CN-202023-2662386,2024-09-04,2024-09-08,标准级,巩达-11770,巩达侠,消费者,合肥,安徽,中国,华东,技术-复印-10004788,技术,复印机,"Brother 个人复印机, 数字化",1995.42,3,0.0,638.4
2000,CN-202023-2662386,2024-09-04,2024-09-08,标准级,巩达-11770,巩达侠,消费者,合肥,安徽,中国,华东,技术-复印-10003306,技术,复印机,"Hewlett 传真复印机, 每套两件",2700.18,3,0.0,539.7
2020,CN-202023-5468349,2024-09-08,2024-09-14,标准级,潘荷-13735,潘荷,小型企业,西安,陕西,中国,西北,技术-复印-10000099,技术,复印机,"Brother 个人复印机, 红色",1975.26,3,0.0,394.8
2035,CN-202023-2210906,2024-06-04,2024-06-11,标准级,涂辉-12655,涂辉,小型企业,通辽,内蒙古,中国,华北,技术-复印-10000956,技术,复印机,"Hewlett 墨水, 每套两件",1665.216,4,0.4,-111.104
2036,CN-202023-2210906,2024-06-04,2024-06-11,标准级,涂辉-12655,涂辉,小型企业,通辽,内蒙古,中国,华北,家具-用具-10001511,家具,用具,"Eldon 闹钟, 耐用",449.82,3,0.4,-172.62
2037,CN-202023-2210906,2024-06-04,2024-06-11,标准级,涂辉-12655,涂辉,小型企业,通辽,内蒙古,中国,华北,办公用-信封-10004944,办公用品,信封,"Cameo 外皮和封条, 回收",92.4,1,0.0,26.74
2038,CN-202023-2210906,2024-06-04,2024-06-11,标准级,涂辉-12655,涂辉,小型企业,通辽,内蒙古,中国,华北,办公用-纸张-10004087,办公用品,纸张,"Eaton 计划信息表, 回收",286.86,3,0.0,25.62
2042,CN-202023-5510381,2024-05-25,2024-05-29,标准级,陈娟-15100,陈娟,消费者,蔡甸,湖北,中国,中南,办公用-器具-10001602,办公用品,器具,"Hoover 微波炉, 银色",1732.584,2,0.4,-808.696
2043,CN-202023-1510100,2024-05-26,2024-05-30,标准级,巩辉-12595,巩辉,消费者,沈阳,辽宁,中国,东北,办公用-收纳-10003808,办公用品,收纳具,"Fellowes 盘, 蓝色",3481.66,13,0.0,798.98
2044,CN-202023-1313540,2024-08-03,2024-08-07,标准级,韩凤-12820,韩凤,小型企业,吴川,广东,中国,中南,办公用-收纳-10001690,办公用品,收纳具,"Eldon 搁板, 蓝色",1807.68,8,0.0,216.16
2054,CN-202023-2588842,2024-11-17,2024-11-21,标准级,邹妮-18625,邹妮,公司,鹤岗,黑龙江,中国,东北,办公用-装订-10003487,办公用品,装订机,"Avery 装订机盖, 回收",480.06,9,0.0,90.72
2055,US-202023-4171126,2024-05-12,2024-05-16,标准级,施良-17155,施良,消费者,沈阳,辽宁,中国,东北,办公用-系固-10000554,办公用品,系固件,"Stockwell 橡皮筋, 每包 12 个",89.376,2,0.4,-53.704
2056,US-202023-4171126,2024-05-12,2024-05-16,标准级,施良-17155,施良,消费者,沈阳,辽宁,中国,东北,技术-设备-10003030,技术,设备,"松下 电话, 红色",688.716,3,0.4,-57.624
2057,US-202023-4171126,2024-05-12,2024-05-16,标准级,施良-17155,施良,消费者,沈阳,辽宁,中国,东北,办公用-装订-10004585,办公用品,装订机,"Ibico 打孔机, 回收",172.536,2,0.4,-63.504
2064,CN-202023-2511714,2024-12-18,2024-12-22,标准级,谭珊-19900,谭珊,消费者,西安,陕西,中国,西北,家具-用具-10000751,家具,用具,"Deflect-O 门挡, 耐用",1147.44,6,0.0,515.76
2065,CN-202023-2511714,2024-12-18,2024-12-22,标准级,谭珊-19900,谭珊,消费者,西安,陕西,中国,西北,办公用-装订-10002021,办公用品,装订机,"Wilson Jones 装订机, 透明",174.72,3,0.0,78.54
2066,CN-202023-3815654,2024-12-26,2024-12-30,二级,邢伟-21505,邢伟,消费者,寒亭,山东,中国,华东,办公用-装订-10003175,办公用品,装订机,"Avery 装订机, 实惠",120.4,2,0.0,56.56
2069,CN-202023-5950580,2024-02-11,2024-02-13,二级,陶德-12220,陶德伟,消费者,苏州,江苏,中国,华东,办公用-纸张-10001321,办公用品,纸张,"Eaton 笔记本, 每包 12 个",1146.88,8,0.0,11.2
2070,CN-202023-5950580,2024-02-11,2024-02-13,二级,陶德-12220,陶德伟,消费者,苏州,江苏,中国,华东,办公用-美术-10003381,办公用品,美术,"Binney & Smith 速写本, 整包",130.452,3,0.8,-463.428
2071,CN-202023-3902607,2024-07-21,2024-07-25,标准级,范彩-10615,范彩,公司,天津,天津,中国,华北,办公用-美术-10001993,办公用品,美术,"BIC 画布, 整包",251.86,1,0.0,7.42
2072,CN-202023-3902607,2024-07-21,2024-07-25,标准级,范彩-10615,范彩,公司,天津,天津,中国,华北,家具-书架-10004730,家具,书架,"Sauder 书架, 金属",2730.56,4,0.0,627.76
2075,US-202023-3378788,2024-06-05,2024-06-07,一级,佘宁-18730,佘宁,消费者,苏州,江苏,中国,华东,办公用-装订-10000833,办公用品,装订机,"Acco 装订机, 耐用",326.34,7,0.4,-60.76
2076,US-202023-5822232,2024-05-20,2024-05-23,二级,周柏-18925,周柏,小型企业,成都,四川,中国,西南,技术-复印-10001365,技术,复印机,"夏普 传真复印机, 每套两件",4248.72,9,0.4,-991.62
2077,US-202023-5822232,2024-05-20,2024-05-23,二级,周柏-18925,周柏,小型企业,成都,四川,中国,西南,办公用-装订-10000994,办公用品,装订机,"Avery 装订机, 耐用",80.64,2,0.4,-8.12
2078,US-202023-5822232,2024-05-20,2024-05-23,二级,周柏-18925,周柏,小型企业,成都,四川,中国,西南,办公用-装订-10002016,办公用品,装订机,"Acco 装订机盖, 耐用",124.488,3,0.4,-54.012
2079,US-202023-5822232,2024-05-20,2024-05-23,二级,周柏-18925,周柏,小型企业,成都,四川,中国,西南,办公用-美术-10001455,办公用品,美术,"Sanford 速写本, 金属",174.496,4,0.8,-611.184
2081,US-202023-4944475,2024-05-13,2024-05-18,二级,许辉-12565,许辉,消费者,丹东,辽宁,中国,东北,家具-用具-10001348,家具,用具,"Advantus 相框, 一包多件",742.56,5,0.4,-297.64
2083,CN-202023-3172853,2024-12-24,2024-12-26,一级,廖立-16795,廖立,小型企业,北京,北京,中国,华北,办公用-装订-10002836,办公用品,装订机,"Avery 订书机, 回收",688.8,3,0.0,61.74
2084,CN-202023-4936120,2024-10-13,2024-10-17,标准级,葛欢-14215,葛欢,公司,文登,山东,中国,华东,家具-用具-10002471,家具,用具,"Tenex 分层置放架, 黑色",235.48,2,0.0,49.28
2093,CN-202023-3230180,2024-06-26,2024-07-01,标准级,李黎-16375,李黎明,小型企业,许昌,河南,中国,中南,办公用-纸张-10000328,办公用品,纸张,"SanDisk 计划信息表, 每包 12 个",391.44,3,0.0,19.32
2094,CN-202023-3230180,2024-06-26,2024-07-01,标准级,李黎-16375,李黎明,小型企业,许昌,河南,中国,中南,家具-用具-10004193,家具,用具,"Rubvermaid 分层置放架, 耐用",206.92,2,0.0,91.0
2095,CN-202023-3230180,2024-06-26,2024-07-01,标准级,李黎-16375,李黎明,小型企业,许昌,河南,中国,中南,办公用-装订-10002223,办公用品,装订机,"Avery 装订机, 回收",123.76,2,0.0,0.0
2102,CN-202023-5022660,2024-06-08,2024-06-12,标准级,孟刚-13180,孟刚,公司,安庆,安徽,中国,华东,办公用-信封-10004354,办公用品,信封,"Ames 外皮和封条, 每套 50 个",348.88,4,0.0,52.08
2103,CN-202023-5022660,2024-06-08,2024-06-12,标准级,孟刚-13180,孟刚,公司,安庆,安徽,中国,华东,技术-配件-10004519,技术,配件,"罗技 鼠标, 实惠",819.84,6,0.0,237.72
2104,CN-202023-5022660,2024-06-08,2024-06-12,标准级,孟刚-13180,孟刚,公司,安庆,安徽,中国,华东,家具-椅子-10000671,家具,椅子,"Hon 折叠椅, 黑色",737.24,2,0.0,36.68
2107,US-202023-2162302,2024-06-12,2024-06-14,二级,巩虢-13495,巩虢,公司,潼川,四川,中国,西南,家具-桌子-10002829,家具,桌子,"Chromcraft 会议桌, 长方形",3248.896,2,0.6,-1462.104
2108,US-202023-2162302,2024-06-12,2024-06-14,二级,巩虢-13495,巩虢,公司,潼川,四川,中国,西南,办公用-系固-10001262,办公用品,系固件,"Stockwell 回形针, 每包 12 个",111.888,3,0.4,-24.612
2109,US-202023-2162302,2024-06-12,2024-06-14,二级,巩虢-13495,巩虢,公司,潼川,四川,中国,西南,办公用-纸张-10002647,办公用品,纸张,"SanDisk 羊皮纸, 多色",422.8,5,0.0,46.2
2126,CN-202023-3230180,2024-05-01,2024-05-06,标准级,麦实-20230,麦实,公司,上虞,浙江,中国,华东,技术-配件-10004611,技术,配件,"Memorex 键盘, 可编程",407.904,2,0.4,-197.176
2127,CN-202023-3230180,2024-05-01,2024-05-06,标准级,麦实-20230,麦实,公司,上虞,浙江,中国,华东,技术-复印-10004064,技术,复印机,"佳能 传真复印机, 每套两件",4821.768,9,0.4,-2893.212
2133,CN-202023-4676940,2024-06-13,2024-06-17,标准级,曹欢-14200,曹欢悦,小型企业,北京,北京,中国,华北,办公用-标签-10002765,办公用品,标签,"Novimex 可去除的标签, 可调",36.26,1,0.0,0.98
2134,CN-202023-4676940,2024-06-13,2024-06-17,标准级,曹欢-14200,曹欢悦,小型企业,北京,北京,中国,华北,办公用-标签-10003597,办公用品,标签,"Smead 文件夹标签, 可调",63.28,2,0.0,29.68
2135,CN-202023-4676940,2024-06-13,2024-06-17,标准级,曹欢-14200,曹欢悦,小型企业,北京,北京,中国,华北,办公用-系固-10004197,办公用品,系固件,"OIC 回形针, 每包 12 个",194.04,3,0.0,26.88
2136,CN-202023-4676940,2024-06-13,2024-06-17,标准级,曹欢-14200,曹欢悦,小型企业,北京,北京,中国,华北,办公用-美术-10002159,办公用品,美术,"BIC 钢笔, 金属",290.08,4,0.0,138.88
2137,CN-202023-4676940,2024-06-13,2024-06-17,标准级,曹欢-14200,曹欢悦,小型企业,北京,北京,中国,华北,技术-设备-10002438,技术,设备,"StarTech 打印机, 多色",3586.38,3,0.0,1075.62
2138,CN-202023-4676940,2024-06-13,2024-06-17,标准级,曹欢-14200,曹欢悦,小型企业,北京,北京,中国,华北,办公用-信封-10003279,办公用品,信封,"Kraft 邮寄品, 每套 50 个",878.5,5,0.0,78.4
2139,CN-202023-4676940,2024-06-13,2024-06-17,标准级,曹欢-14200,曹欢悦,小型企业,北京,北京,中国,华北,技术-复印-10004145,技术,复印机,"Hewlett 无线传真机, 红色",3531.64,2,0.0,776.72
2144,CN-202023-2448028,2024-12-01,2024-12-08,标准级,卢伟-21520,卢伟,消费者,良乡,北京,中国,华北,办公用-收纳-10004913,办公用品,收纳具,"Eldon 文件车, 金属",1777.44,3,0.0,693.0
2145,CN-202023-2448028,2024-12-01,2024-12-08,标准级,卢伟-21520,卢伟,消费者,良乡,北京,中国,华北,办公用-标签-10002900,办公用品,标签,"Novimex 合法证物标签, 白色",146.58,3,0.0,49.56
2151,CN-202023-2575295,2024-05-30,2024-06-02,一级,彭娜-18550,彭娜,消费者,秦皇岛,河北,中国,华北,办公用-装订-10001158,办公用品,装订机,"Avery 装订机盖, 实惠",258.3,5,0.0,15.4
2152,CN-202023-2575295,2024-05-30,2024-06-02,一级,彭娜-18550,彭娜,消费者,秦皇岛,河北,中国,华北,家具-书架-10002881,家具,书架,"Safco 书架, 白色",3535.0,5,0.0,1449.0
2154,US-202023-5235171,2024-08-21,2024-08-25,标准级,李康-15385,李康,消费者,宁波,浙江,中国,华东,技术-电话-10000462,技术,电话,"思科 音频基座, 混合尺寸",1553.328,3,0.4,-802.872
2155,US-202023-5235171,2024-08-21,2024-08-25,标准级,李康-15385,李康,消费者,宁波,浙江,中国,华东,办公用-信封-10000491,办公用品,信封,"Jiffy 搭扣信封, 回收",68.32,2,0.0,7.28
2172,US-202023-1969167,2024-07-07,2024-07-12,标准级,楚宣-20845,楚宣,消费者,丰镇,内蒙古,中国,华北,办公用-器具-10001263,办公用品,器具,"Breville 冰箱, 红色",2908.248,2,0.4,-194.152
2173,US-202023-1969167,2024-07-07,2024-07-12,标准级,楚宣-20845,楚宣,消费者,丰镇,内蒙古,中国,华北,办公用-装订-10001394,办公用品,装订机,"Avery 订书机, 实惠",547.008,4,0.4,-164.192
2182,CN-202023-1391849,2024-08-20,2024-08-25,标准级,何安-10135,何安,小型企业,信阳,河南,中国,中南,办公用-装订-10003079,办公用品,装订机,"Acco 标签, 实惠",120.12,3,0.0,55.02
2187,CN-202023-5907567,2024-01-08,2024-01-12,标准级,邹涛-21265,邹涛,公司,鹤岗,黑龙江,中国,东北,办公用-美术-10000800,办公用品,美术,"Boston 记号笔, 金属",928.368,9,0.2,184.968
2194,CN-202023-5821791,2024-06-19,2024-06-20,一级,戴立-16885,戴立,消费者,韶关,广东,中国,中南,办公用-用品-10000026,办公用品,用品,"Fiskars 开信刀, 工业",137.9,1,0.0,59.22
2195,CN-202023-5821791,2024-06-19,2024-06-20,一级,戴立-16885,戴立,消费者,韶关,广东,中国,中南,办公用-装订-10001901,办公用品,装订机,"Cardinal 标签, 实惠",67.76,2,0.0,17.36
2199,CN-202023-4195213,2024-08-17,2024-08-19,二级,葛蔓-17980,葛蔓楚,公司,沈阳,辽宁,中国,东北,办公用-信封-10004134,办公用品,信封,"Ames 搭扣信封, 红色",150.36,3,0.0,39.06
2200,CN-202023-4195213,2024-08-17,2024-08-19,二级,葛蔓-17980,葛蔓楚,公司,沈阳,辽宁,中国,东北,家具-椅子-10003329,家具,椅子,"SAFCO 椅垫, 每套两件",1564.164,9,0.4,-678.636
2203,CN-202023-4902997,2024-06-10,2024-06-11,一级,夏惠-14320,夏惠英,消费者,玉林,广西,中国,中南,办公用-器具-10000427,办公用品,器具,"Hoover 咖啡研磨机, 黑色",955.08,3,0.0,276.78
2204,CN-202023-3350819,2024-03-03,2024-03-05,一级,秦君-15175,秦君,小型企业,云阳,河南,中国,中南,技术-电话-10004871,技术,电话,"三星 充电器, 蓝色",14843.5,5,0.0,2374.4
2205,CN-202023-3350819,2024-03-03,2024-03-05,一级,秦君-15175,秦君,小型企业,云阳,河南,中国,中南,家具-书架-10003676,家具,书架,"Dania 墙角架, 传统",1708.98,3,0.0,290.22
2206,CN-202023-3350819,2024-03-03,2024-03-05,一级,秦君-15175,秦君,小型企业,云阳,河南,中国,中南,办公用-纸张-10002363,办公用品,纸张,"施乐 笔记本, 优质",246.12,2,0.0,58.8
2222,CN-202023-4927110,2024-11-06,2024-11-11,标准级,何安-10135,何安,小型企业,梅州,广东,中国,中南,办公用-系固-10003826,办公用品,系固件,"Accos 回形针, 整包",131.04,2,0.0,48.44
2223,US-202023-5835982,2024-10-23,2024-10-27,标准级,梁梦-18220,梁梦,消费者,滕州,山东,中国,华东,家具-书架-10003505,家具,书架,"Sauder 书架, 白色",1393.84,2,0.0,376.32
2224,CN-202023-1246652,2024-03-27,2024-03-31,标准级,牛惠-14410,牛惠,小型企业,杭州,浙江,中国,华东,技术-复印-10002364,技术,复印机,"Hewlett 复印机, 每套两件",2214.828,3,0.4,258.048
2225,CN-202023-1246652,2024-03-27,2024-03-31,标准级,牛惠-14410,牛惠,小型企业,杭州,浙江,中国,华东,技术-复印-10002555,技术,复印机,"惠普 无线传真机, 数字化",8060.64,8,0.4,-4434.08
2226,CN-202023-1246652,2024-03-27,2024-03-31,标准级,牛惠-14410,牛惠,小型企业,杭州,浙江,中国,华东,办公用-信封-10001165,办公用品,信封,"Ames 局间信封, 每套 50 个",421.12,2,0.0,37.8
2236,CN-202023-1973789,2024-05-04,2024-05-10,标准级,楚宣-20845,楚宣,消费者,深圳,广东,中国,中南,办公用-器具-10000022,办公用品,器具,"Hoover 冰箱, 白色",9788.8,4,0.0,4894.4
2240,CN-202023-4433229,2024-07-10,2024-07-14,标准级,邱秋-11575,邱秋,公司,沈阳,辽宁,中国,东北,技术-配件-10000839,技术,配件,"罗技 路由器, 回收",1372.728,2,0.4,-297.472
2241,CN-202023-4433229,2024-07-10,2024-07-14,标准级,邱秋-11575,邱秋,公司,沈阳,辽宁,中国,东北,家具-书架-10002113,家具,书架,"Dania 书库, 金属",5066.04,5,0.4,-0.56
2242,CN-202023-4433229,2024-07-10,2024-07-14,标准级,邱秋-11575,邱秋,公司,沈阳,辽宁,中国,东北,技术-配件-10002783,技术,配件,"SanDisk 路由器, 回收",3558.24,5,0.4,-830.76
2245,CN-202023-3805086,2024-03-12,2024-03-18,标准级,谭立-16855,谭立,公司,北京,北京,中国,华北,办公用-信封-10002784,办公用品,信封,"Kraft 搭扣信封, 红色",234.08,4,0.0,100.24
2246,CN-202023-5504068,2024-05-27,2024-06-02,标准级,万冬-12460,万冬露,消费者,广州,广东,中国,中南,技术-复印-10001701,技术,复印机,"Brother 墨水, 数字化",4114.32,6,0.0,1851.36
2249,CN-202023-2990089,2024-07-10,2024-07-14,标准级,万莞-13330,万莞颖,消费者,桂林,广西,中国,中南,办公用-美术-10004953,办公用品,美术,"BIC 速写本, 蓝色",363.328,2,0.2,27.048
2250,CN-202023-2990089,2024-07-10,2024-07-14,标准级,万莞-13330,万莞颖,消费者,桂林,广西,中国,中南,办公用-器具-10001757,办公用品,器具,"KitchenAid 炉灶, 黑色",5316.08,2,0.0,2073.12
2251,CN-202023-2990089,2024-07-10,2024-07-14,标准级,万莞-13330,万莞颖,消费者,桂林,广西,中国,中南,家具-用具-10000059,家具,用具,"Tenex 门挡, 优质",991.9,5,0.0,247.8
2252,CN-202023-2607133,2024-10-02,2024-10-06,二级,黄涛-21190,黄涛,小型企业,天津,天津,中国,华北,办公用-收纳-10003617,办公用品,收纳具,"Tenex 文件车, 单宽度",1252.16,2,0.0,212.8
2265,CN-202023-4590873,2024-11-26,2024-12-03,标准级,罗昌-11050,罗昌,公司,安庆,安徽,中国,华东,家具-椅子-10002343,家具,椅子,"Office Star 沙滩椅, 红色",1293.6,5,0.0,323.4
2275,US-202023-1184235,2024-10-09,2024-10-14,标准级,郝绅-19930,郝绅,消费者,秦皇岛,河北,中国,华北,办公用-标签-10000389,办公用品,标签,"Smead 合法证物标签, 白色",207.2,4,0.0,12.32
2276,US-202023-1184235,2024-10-09,2024-10-14,标准级,郝绅-19930,郝绅,消费者,秦皇岛,河北,中国,华北,家具-桌子-10000696,家具,桌子,"Barricks 会议桌, 长方形",18997.65,6,0.25,-507.15
2277,US-202023-1184235,2024-10-09,2024-10-14,标准级,郝绅-19930,郝绅,消费者,秦皇岛,河北,中国,华北,办公用-装订-10004255,办公用品,装订机,"Acco 打孔机, 回收",426.72,3,0.0,162.12
2279,CN-202023-2252147,2024-04-01,2024-04-06,标准级,邱丽-17620,邱丽雪,公司,齐齐哈尔,黑龙江,中国,东北,办公用-装订-10001062,办公用品,装订机,"Acco 订书机, 回收",240.1,1,0.0,55.16
2282,CN-202023-4853457,2024-12-04,2024-12-11,标准级,邓惠-14470,邓惠,消费者,巢湖,安徽,中国,华东,办公用-器具-10002119,办公用品,器具,"KitchenAid 搅拌机, 红色",2767.8,6,0.0,1079.4
2283,CN-202023-4853457,2024-12-04,2024-12-11,标准级,邓惠-14470,邓惠,消费者,巢湖,安徽,中国,华东,技术-电话-10000045,技术,电话,"苹果 信号增强器, 混合尺寸",1953.0,3,0.0,722.4
2284,CN-202023-4853457,2024-12-04,2024-12-11,标准级,邓惠-14470,邓惠,消费者,巢湖,安徽,中国,华东,办公用-美术-10003822,办公用品,美术,"BIC 钢笔, 蓝色",373.184,7,0.2,116.424
2285,CN-202023-4853457,2024-12-04,2024-12-11,标准级,邓惠-14470,邓惠,消费者,巢湖,安徽,中国,华东,办公用-用品-10000998,办公用品,用品,"Kleencut 大剪刀, 锯齿状",608.58,3,0.0,30.24
2286,CN-202023-4853457,2024-12-04,2024-12-11,标准级,邓惠-14470,邓惠,消费者,巢湖,安徽,中国,华东,家具-用具-10002981,家具,用具,"Deflect-O 门挡, 黑色",1230.6,6,0.0,98.28
2287,CN-202023-4853457,2024-12-04,2024-12-11,标准级,邓惠-14470,邓惠,消费者,巢湖,安徽,中国,华东,办公用-用品-10004429,办公用品,用品,"Stiletto 修剪器, 锯齿状",368.2,2,0.0,21.84
2288,CN-202023-4853457,2024-12-04,2024-12-11,标准级,邓惠-14470,邓惠,消费者,巢湖,安徽,中国,华东,家具-书架-10003197,家具,书架,"Safco 书库, 白色",5492.34,3,0.0,1537.62
2289,CN-202023-4853457,2024-12-04,2024-12-11,标准级,邓惠-14470,邓惠,消费者,巢湖,安徽,中国,华东,家具-椅子-10001581,家具,椅子,"SAFCO 沙滩椅, 红色",922.88,4,0.0,451.92
2290,CN-202023-4853457,2024-12-04,2024-12-11,标准级,邓惠-14470,邓惠,消费者,巢湖,安徽,中国,华东,办公用-信封-10004866,办公用品,信封,"Kraft 马尼拉纸信封, 红色",1121.12,8,0.0,56.0
2291,CN-202023-4853457,2024-12-04,2024-12-11,标准级,邓惠-14470,邓惠,消费者,巢湖,安徽,中国,华东,技术-设备-10003013,技术,设备,"松下 喷墨打印机, 红色",5772.48,4,0.0,2251.2
2293,CN-202023-1154983,2024-11-17,2024-11-22,标准级,黄丽-15835,黄丽,消费者,莱阳,山东,中国,华东,家具-书架-10001586,家具,书架,"Dania 墙角架, 白色",581.42,1,0.0,180.18
2303,CN-202023-1119011,2024-09-21,2024-09-23,一级,牛黎-16390,牛黎明,公司,吉林市,吉林,中国,东北,办公用-信封-10003060,办公用品,信封,"Kraft 邮寄品, 回收",510.3,3,0.0,178.5
2304,CN-202023-3834707,2024-03-31,2024-04-05,标准级,熊晨-11155,熊晨,消费者,天津,天津,中国,华北,家具-用具-10003670,家具,用具,"Rubvermaid 门挡, 一包多件",614.04,3,0.0,226.8
2305,CN-202023-3834707,2024-03-31,2024-04-05,标准级,熊晨-11155,熊晨,消费者,天津,天津,中国,华北,技术-复印-10001618,技术,复印机,"Brother 无线传真机, 彩色",5323.5,3,0.0,2555.28
2306,CN-202023-3834707,2024-03-31,2024-04-05,标准级,熊晨-11155,熊晨,消费者,天津,天津,中国,华北,办公用-收纳-10001047,办公用品,收纳具,"Smead 锁柜, 蓝色",925.96,1,0.0,425.88
2307,CN-202023-3834707,2024-03-31,2024-04-05,标准级,熊晨-11155,熊晨,消费者,天津,天津,中国,华北,办公用-纸张-10002523,办公用品,纸张,"Enermax 计划信息表, 回收",104.58,1,0.0,44.94
2312,CN-202023-2375545,2024-09-09,2024-09-13,标准级,邓秋-11590,邓秋,公司,湘乡,湖南,中国,中南,家具-椅子-10002286,家具,椅子,"SAFCO 椅垫, 红色",502.488,2,0.1,61.208
2320,CN-202023-4839636,2024-09-26,2024-09-30,二级,李丽-17365,李丽丽,消费者,滁州,安徽,中国,华东,家具-椅子-10001055,家具,椅子,"Hon 沙滩椅, 每套两件",1106.0,5,0.0,242.9
2321,CN-202023-4839636,2024-09-26,2024-09-30,二级,李丽-17365,李丽丽,消费者,滁州,安徽,中国,华东,办公用-纸张-10004354,办公用品,纸张,"Enermax 笔记本, 多色",558.32,4,0.0,273.28
2323,CN-202023-2353754,2024-12-01,2024-12-06,标准级,彭欢-14230,彭欢,公司,和田,新疆,中国,西北,办公用-装订-10000366,办公用品,装订机,"Avery 孔加固材料, 回收",44.52,2,0.0,6.44
2324,CN-202023-2353754,2024-12-01,2024-12-06,标准级,彭欢-14230,彭欢,公司,和田,新疆,中国,西北,家具-用具-10000645,家具,用具,"Deflect-O 相框, 耐用",913.36,4,0.0,246.4
2325,CN-202023-2353754,2024-12-01,2024-12-06,标准级,彭欢-14230,彭欢,公司,和田,新疆,中国,西北,技术-设备-10000548,技术,设备,"柯尼卡 收据打印机, 耐用",2855.3,5,0.0,1255.8
2326,CN-202023-2353754,2024-12-01,2024-12-06,标准级,彭欢-14230,彭欢,公司,和田,新疆,中国,西北,技术-复印-10002364,技术,复印机,"Hewlett 复印机, 每套两件",1230.46,1,0.0,578.2
2331,CN-202023-3566090,2024-08-19,2024-08-19,当日,徐岱-11875,徐岱,公司,富拉尔基区,黑龙江,中国,东北,办公用-纸张-10004731,办公用品,纸张,"Enermax 羊皮纸, 每包 12 个",364.56,4,0.0,138.32
2332,CN-202023-3566090,2024-08-19,2024-08-19,当日,徐岱-11875,徐岱,公司,富拉尔基区,黑龙江,中国,东北,家具-椅子-10002343,家具,椅子,"Office Star 沙滩椅, 红色",1293.6,5,0.0,323.4
2333,CN-202023-3566090,2024-08-19,2024-08-19,当日,徐岱-11875,徐岱,公司,富拉尔基区,黑龙江,中国,东北,办公用-美术-10002569,办公用品,美术,"Stanley 画布, 金属",946.96,5,0.2,260.26
2334,CN-202023-3566090,2024-08-19,2024-08-19,当日,徐岱-11875,徐岱,公司,富拉尔基区,黑龙江,中国,东北,办公用-用品-10003240,办公用品,用品,"Kleencut 尺子, 蓝色",442.96,7,0.0,74.48
2335,CN-202023-1246652,2024-06-25,2024-07-01,标准级,钟立-16720,钟立,消费者,常州,江苏,中国,华东,技术-电话-10000751,技术,电话,"三星 信号增强器, 混合尺寸",1561.728,4,0.4,-598.752
2336,CN-202023-1246652,2024-06-25,2024-07-01,标准级,钟立-16720,钟立,消费者,常州,江苏,中国,华东,技术-配件-10000976,技术,配件,"SanDisk 鼠标, 耐用",647.136,6,0.4,32.256
2344,CN-202023-2052338,2024-12-09,2024-12-12,一级,潘丽-16240,潘丽美,公司,义马,河南,中国,中南,办公用-装订-10003764,办公用品,装订机,"Acco 装订机盖, 回收",127.68,2,0.0,62.44
2345,CN-202023-2052338,2024-12-09,2024-12-12,一级,潘丽-16240,潘丽美,公司,义马,河南,中国,中南,办公用-信封-10004848,办公用品,信封,"Cameo 搭扣信封, 回收",116.34,3,0.0,0.84
2355,US-202023-3924364,2024-12-30,2025-01-04,标准级,韦绅-20005,韦绅,消费者,凤城,辽宁,中国,东北,技术-配件-10000783,技术,配件,"罗技 键盘, 回收",393.456,2,0.4,-98.504
2356,US-202023-3924364,2024-12-30,2025-01-04,标准级,韦绅-20005,韦绅,消费者,凤城,辽宁,中国,东北,办公用-用品-10002100,办公用品,用品,"Fiskars 修剪器, 工业",491.904,4,0.4,-287.056
2357,US-202023-3924364,2024-12-30,2025-01-04,标准级,韦绅-20005,韦绅,消费者,凤城,辽宁,中国,东北,办公用-用品-10003917,办公用品,用品,"Elite 剪刀, 锯齿状",107.688,2,0.4,-26.992
2358,CN-202023-2098822,2024-09-08,2024-09-11,一级,邱升-20080,邱升,消费者,浯溪,湖南,中国,中南,办公用-美术-10001165,办公用品,美术,"Sanford 铅笔刀, 混合尺寸",216.608,2,0.2,-37.912
2359,CN-202023-2098822,2024-09-08,2024-09-11,一级,邱升-20080,邱升,消费者,浯溪,湖南,中国,中南,办公用-装订-10001901,办公用品,装订机,"Acco 孔加固材料, 回收",98.28,3,0.0,1.68
2360,CN-202023-2062805,2024-02-04,2024-02-06,一级,葛彩-10660,葛彩,消费者,邯郸,河北,中国,华北,家具-桌子-10000761,家具,桌子,"Barricks 培训桌, 组装",2238.39,2,0.25,29.75
2361,CN-202023-2062805,2024-02-04,2024-02-06,一级,葛彩-10660,葛彩,消费者,邯郸,河北,中国,华北,办公用-收纳-10000103,办公用品,收纳具,"Tenex 文件夹, 蓝色",325.08,3,0.0,68.04
2362,CN-202023-2062805,2024-02-04,2024-02-06,一级,葛彩-10660,葛彩,消费者,邯郸,河北,中国,华北,技术-配件-10002207,技术,配件,"Enermax 键区, 实惠",1070.16,4,0.0,21.28
2363,CN-202023-2062805,2024-02-04,2024-02-06,一级,葛彩-10660,葛彩,消费者,邯郸,河北,中国,华北,技术-电话-10002235,技术,电话,"诺基亚 音频基座, 混合尺寸",1582.84,2,0.0,680.4
2364,CN-202023-5386927,2024-05-11,2024-05-16,二级,洪毅-12490,洪毅,公司,阳江,广东,中国,中南,家具-书架-10001519,家具,书架,"Safco 柜, 白色",3998.4,5,0.0,399.7
2365,CN-202023-5386927,2024-05-11,2024-05-16,二级,洪毅-12490,洪毅,公司,阳江,广东,中国,中南,办公用-系固-10002020,办公用品,系固件,"Advantus 橡皮筋, 金属",233.94,3,0.0,6.72
2366,CN-202023-5386927,2024-05-11,2024-05-16,二级,洪毅-12490,洪毅,公司,阳江,广东,中国,中南,办公用-装订-10002870,办公用品,装订机,"Ibico 标签, 回收",86.52,2,0.0,22.4
2368,CN-202023-5586841,2024-12-02,2024-12-08,标准级,彭虹-13870,彭虹,消费者,北京,北京,中国,华北,办公用-装订-10001898,办公用品,装订机,"Wilson Jones 孔加固材料, 透明",148.96,8,0.0,59.36
2370,CN-202023-4427946,2024-09-14,2024-09-18,二级,陶莞-13300,陶莞颖,公司,天津,天津,中国,华北,办公用-美术-10004476,办公用品,美术,"BIC 速写本, 混合尺寸",483.84,2,0.0,96.6
2371,CN-202023-5569894,2024-12-16,2024-12-21,标准级,贾丹-11920,贾丹,消费者,敦化,吉林,中国,东北,家具-桌子-10001778,家具,桌子,"Lesro 会议桌, 白色",3009.195,1,0.25,120.295
2372,CN-202023-4985754,2024-09-30,2024-10-04,标准级,郝立-16570,郝立勤,消费者,合肥,安徽,中国,华东,办公用-美术-10003735,办公用品,美术,"Binney & Smith 速写本, 蓝色",1210.496,7,0.2,438.256
2393,CN-202023-5264054,2024-10-26,2024-11-02,标准级,邓康-15430,邓康,消费者,梨树,吉林,中国,东北,办公用-标签-10003382,办公用品,标签,"Novimex 文件夹标签, 耐用",40.32,1,0.0,5.18
2404,CN-202023-5334809,2024-04-23,2024-04-29,标准级,廖珊-19870,廖珊,小型企业,天津,天津,中国,华北,技术-复印-10000302,技术,复印机,"Hewlett 个人复印机, 每套两件",1346.52,2,0.0,592.2
2412,CN-202023-1151037,2024-12-21,2024-12-24,一级,常宣-20800,常宣,消费者,南宁,广西,中国,中南,办公用-器具-10002567,办公用品,器具,"Hoover 烤面包机, 黑色",1550.64,4,0.0,744.24
2413,CN-202023-1151037,2024-12-21,2024-12-24,一级,常宣-20800,常宣,消费者,南宁,广西,中国,中南,办公用-信封-10004840,办公用品,信封,"GlobeWeis 搭扣信封, 银色",114.8,2,0.0,44.52
2414,CN-202023-2468928,2024-03-28,2024-03-31,一级,吕兰-15700,吕兰,消费者,安阳,河南,中国,中南,办公用-收纳-10000198,办公用品,收纳具,"Rogers 盒, 工业",684.6,6,0.0,191.52
2415,CN-202023-4644475,2024-12-05,2024-12-12,标准级,陶虢-13585,陶虢,公司,鸡西,黑龙江,中国,东北,技术-复印-10004968,技术,复印机,"惠普 墨水, 每套两件",1801.8,3,0.0,53.76
2416,CN-202023-4644475,2024-12-05,2024-12-12,标准级,陶虢-13585,陶虢,公司,鸡西,黑龙江,中国,东北,家具-书架-10003676,家具,书架,"Dania 墙角架, 传统",2848.3,5,0.0,483.7
2417,US-202023-2204927,2024-07-17,2024-07-22,标准级,王丹-12010,王丹,消费者,天津,天津,中国,华北,办公用-纸张-10000328,办公用品,纸张,"SanDisk 计划信息表, 每包 12 个",260.96,2,0.0,12.88
2418,US-202023-2204927,2024-07-17,2024-07-22,标准级,王丹-12010,王丹,消费者,天津,天津,中国,华北,技术-配件-10001091,技术,配件,"Memorex 记忆卡, 实惠",477.26,1,0.0,9.52
2420,US-202023-3266914,2024-06-09,2024-06-12,一级,涂安-10285,涂安,公司,沈阳,辽宁,中国,东北,办公用-用品-10000855,办公用品,用品,"Fiskars 剪刀, 钢",126.336,2,0.4,-59.024
2421,US-202023-3266914,2024-06-09,2024-06-12,一级,涂安-10285,涂安,公司,沈阳,辽宁,中国,东北,办公用-器具-10004864,办公用品,器具,"Hoover 炉灶, 红色",1591.716,1,0.4,-663.264
2422,US-202023-3266914,2024-06-09,2024-06-12,一级,涂安-10285,涂安,公司,沈阳,辽宁,中国,东北,办公用-用品-10000347,办公用品,用品,"Stiletto 尺子, 锯齿状",129.696,4,0.4,-54.544
2423,US-202023-3266914,2024-06-09,2024-06-12,一级,涂安-10285,涂安,公司,沈阳,辽宁,中国,东北,办公用-纸张-10003968,办公用品,纸张,"SanDisk 备忘录便条, 优质",475.44,6,0.0,23.52
2428,US-202023-3139690,2024-08-28,2024-09-01,二级,武明-18385,武明媚,消费者,抚顺,辽宁,中国,东北,家具-用具-10000812,家具,用具,"Advantus 分层置放架, 耐用",196.56,3,0.4,-29.82
2429,US-202023-3139690,2024-08-28,2024-09-01,二级,武明-18385,武明媚,消费者,抚顺,辽宁,中国,东北,办公用-信封-10004866,办公用品,信封,"Kraft 马尼拉纸信封, 红色",700.7,5,0.0,35.0
2430,US-202023-3139690,2024-08-28,2024-09-01,二级,武明-18385,武明媚,消费者,抚顺,辽宁,中国,东北,技术-电话-10002447,技术,电话,"苹果 信号增强器, 整包",765.744,2,0.4,-217.056
2435,CN-202023-2203847,2024-08-21,2024-08-23,一级,毛丽-16225,毛丽美,公司,云浮,广东,中国,中南,办公用-器具-10002760,办公用品,器具,"Hoover 搅拌机, 红色",2267.3,5,0.0,1042.3
2436,CN-202023-2203847,2024-08-21,2024-08-23,一级,毛丽-16225,毛丽美,公司,云浮,广东,中国,中南,技术-复印-10002340,技术,复印机,"佳能 个人复印机, 每套两件",1998.36,3,0.0,799.26
2437,CN-202023-2203847,2024-08-21,2024-08-23,一级,毛丽-16225,毛丽美,公司,云浮,广东,中国,中南,家具-椅子-10003329,家具,椅子,"SAFCO 椅垫, 每套两件",2085.552,8,0.1,91.952
2438,US-202023-5315398,2024-03-06,2024-03-13,标准级,田淑-20470,田淑芳,消费者,通辽,内蒙古,中国,华北,家具-椅子-10000578,家具,椅子,"SAFCO 扶手椅, 可调",2597.952,2,0.4,-389.928
2439,CN-202023-3241949,2024-07-23,2024-07-27,二级,牛黎-16390,牛黎明,公司,阿城,黑龙江,中国,东北,办公用-信封-10004487,办公用品,信封,"Kraft 邮寄品, 银色",373.8,2,0.0,82.04
2440,CN-202023-3241949,2024-07-23,2024-07-27,二级,牛黎-16390,牛黎明,公司,阿城,黑龙江,中国,东北,办公用-收纳-10003525,办公用品,收纳具,"Eldon 盒, 金属",304.78,7,0.0,108.78
2441,CN-202023-3241949,2024-07-23,2024-07-27,二级,牛黎-16390,牛黎明,公司,阿城,黑龙江,中国,东北,办公用-装订-10003764,办公用品,装订机,"Acco 装订机盖, 回收",191.52,3,0.0,93.66
2450,CN-202023-3064620,2024-08-11,2024-08-16,标准级,佟丽-16525,佟丽娜,消费者,抚顺,辽宁,中国,东北,办公用-纸张-10002298,办公用品,纸张,"施乐 计划信息表, 优质",475.3,5,0.0,151.9
2451,US-202023-3429663,2024-04-28,2024-05-02,标准级,陶昌-11065,陶昌,消费者,上虞,浙江,中国,华东,办公用-美术-10001897,办公用品,美术,"Boston 速写本, 混合尺寸",144.984,3,0.8,-348.096
2455,CN-202023-1187433,2024-05-18,2024-05-22,标准级,邱秋-11575,邱秋,公司,蒲庙,广西,中国,中南,办公用-纸张-10003176,办公用品,纸张,"SanDisk 计划信息表, 优质",111.16,1,0.0,25.48
2465,CN-202023-3438839,2024-09-23,2024-09-24,一级,贺晨-11125,贺晨,小型企业,秦皇岛,河北,中国,华北,家具-椅子-10000670,家具,椅子,"Office Star 凳子, 可调",3293.36,4,0.0,888.72
2466,CN-202023-3438839,2024-09-23,2024-09-24,一级,贺晨-11125,贺晨,小型企业,秦皇岛,河北,中国,华北,家具-书架-10001133,家具,书架,"Sauder 书库, 白色",5462.1,3,0.0,709.8
2473,CN-202023-4757396,2024-08-18,2024-08-21,一级,万刚-13195,万刚,公司,重庆,重庆,中国,西南,家具-椅子-10001055,家具,椅子,"Hon 沙滩椅, 每套两件",884.8,4,0.0,194.32
2479,CN-202023-2102819,2024-05-20,2024-05-25,标准级,徐虹-13840,徐虹,公司,宿州,安徽,中国,华东,家具-书架-10004771,家具,书架,"宜家 搁架, 传统",1589.84,2,0.0,572.32
2480,CN-202023-2102819,2024-05-20,2024-05-25,标准级,徐虹-13840,徐虹,公司,宿州,安徽,中国,华东,技术-电话-10000938,技术,电话,"苹果 耳机, 混合尺寸",1065.54,3,0.0,244.86
2482,CN-202023-4173980,2024-10-05,2024-10-07,二级,邹丽-17680,邹丽雪,小型企业,青岛,山东,中国,华东,家具-椅子-10000979,家具,椅子,"Hon 凳子, 可调",2325.96,3,0.0,720.72
2484,CN-202023-3746616,2024-10-02,2024-10-08,标准级,邱荷-13690,邱荷,消费者,黄山,安徽,中国,华东,办公用-系固-10002340,办公用品,系固件,"OIC 按钉, 每包 12 个",401.52,6,0.0,7.56
2485,CN-202023-3746616,2024-10-02,2024-10-08,标准级,邱荷-13690,邱荷,消费者,黄山,安徽,中国,华东,办公用-用品-10003154,办公用品,用品,"Acme 剪刀, 蓝色",593.6,5,0.0,65.1
2490,CN-202023-2883758,2024-08-20,2024-08-24,标准级,施平-19180,施平,小型企业,洛阳,河南,中国,中南,办公用-器具-10003859,办公用品,器具,"Cuisinart 冰箱, 白色",9225.44,4,0.0,922.32
2491,US-202023-5180154,2024-05-08,2024-05-12,标准级,邓珊-19915,邓珊,消费者,营口,辽宁,中国,东北,技术-复印-10000956,技术,复印机,"Hewlett 墨水, 每套两件",832.608,2,0.4,-55.552
2492,US-202023-5180154,2024-05-08,2024-05-12,标准级,邓珊-19915,邓珊,消费者,营口,辽宁,中国,东北,办公用-收纳-10002355,办公用品,收纳具,"Rogers 文件车, 蓝色",1982.4,3,0.0,19.74
2493,CN-202023-2875530,2024-12-09,2024-12-14,标准级,巩凤-12880,巩凤,公司,双城,黑龙江,中国,东北,技术-配件-10002404,技术,配件,"贝尔金 键盘, 耐用",784.84,2,0.0,109.76
2504,CN-202023-5834341,2024-09-25,2024-10-02,标准级,邵黎-16405,邵黎明,小型企业,吉林市,吉林,中国,东北,办公用-收纳-10004132,办公用品,收纳具,"Rogers 盘, 工业",870.24,3,0.0,382.62
2509,CN-202023-5360498,2024-04-20,2024-04-22,一级,贾丹-11920,贾丹,消费者,大同,安徽,中国,华东,家具-椅子-10004961,家具,椅子,"Office Star 椅垫, 可调",1593.9,5,0.0,749.0
2510,CN-202023-5360498,2024-04-20,2024-04-22,一级,贾丹-11920,贾丹,消费者,大同,安徽,中国,华东,办公用-器具-10000850,办公用品,器具,"KitchenAid 炉灶, 白色",18564.14,7,0.0,3340.82
2511,CN-202023-1154983,2024-02-05,2024-02-08,一级,潘舟-11440,潘舟,消费者,定陶,山东,中国,华东,办公用-美术-10001431,办公用品,美术,"Sanford 钢笔, 蓝色",51.8,1,0.0,1.54
2512,CN-202023-1154983,2024-02-05,2024-02-08,一级,潘舟-11440,潘舟,消费者,定陶,山东,中国,华东,办公用-系固-10001925,办公用品,系固件,"Accos 回形针, 金属",594.72,9,0.0,105.84
2513,CN-202023-2062805,2024-09-17,2024-09-18,一级,赵幂-18055,赵幂,消费者,青岛,山东,中国,华东,家具-用具-10001511,家具,用具,"Eldon 闹钟, 耐用",499.8,2,0.0,84.84
2518,CN-202023-3867173,2024-02-10,2024-02-14,二级,赵强-19315,赵强,消费者,青岛,山东,中国,华东,办公用-标签-10004317,办公用品,标签,"Novimex 圆形标签, 耐用",124.32,4,0.0,45.92
2519,CN-202023-3867173,2024-02-10,2024-02-14,二级,赵强-19315,赵强,消费者,青岛,山东,中国,华东,办公用-用品-10001059,办公用品,用品,"Acme 大剪刀, 锯齿状",1087.8,5,0.0,424.2
2520,CN-202023-3867173,2024-02-10,2024-02-14,二级,赵强-19315,赵强,消费者,青岛,山东,中国,华东,办公用-装订-10002049,办公用品,装订机,"Ibico 装订机盖, 透明",183.54,3,0.0,31.08
2521,CN-202023-1246652,2024-06-17,2024-06-21,标准级,洪康-15370,洪康,消费者,南宁,广西,中国,中南,办公用-收纳-10004384,办公用品,收纳具,"Smead 锁柜, 金属",2764.86,3,0.0,1299.48
2522,CN-202023-1246652,2024-06-17,2024-06-21,标准级,洪康-15370,洪康,消费者,南宁,广西,中国,中南,家具-用具-10004607,家具,用具,"Deflect-O 框架, 一包多件",1027.6,2,0.0,174.44
2523,CN-202023-1246652,2024-06-17,2024-06-21,标准级,洪康-15370,洪康,消费者,南宁,广西,中国,中南,家具-用具-10004872,家具,用具,"Advantus 框架, 一包多件",3113.04,6,0.0,1369.2
2524,CN-202023-1246652,2024-06-17,2024-06-21,标准级,洪康-15370,洪康,消费者,南宁,广西,中国,中南,办公用-装订-10003400,办公用品,装订机,"Acco 打孔机, 耐用",885.36,6,0.0,141.12
2525,CN-202023-3122639,2024-11-11,2024-11-15,二级,刘婵-10945,刘婵,消费者,廊坊,河北,中国,华北,家具-用具-10000234,家具,用具,"Tenex 灯泡, 优质",491.4,6,0.0,73.08
2528,US-202023-5414820,2024-05-07,2024-05-13,标准级,佘莲-17050,佘莲,消费者,耒阳,湖南,中国,中南,家具-椅子-10000128,家具,椅子,"Novimex 沙滩椅, 可调",406.98,2,0.1,-36.26
2529,CN-202023-2606671,2024-10-17,2024-10-21,标准级,孙荷-13750,孙荷,公司,沈阳,辽宁,中国,东北,家具-用具-10004193,家具,用具,"Rubvermaid 分层置放架, 耐用",62.076,1,0.4,4.116
2530,CN-202023-2606671,2024-10-17,2024-10-21,标准级,孙荷-13750,孙荷,公司,沈阳,辽宁,中国,东北,办公用-收纳-10000379,办公用品,收纳具,"Smead 锁柜, 工业",1856.4,2,0.0,426.72
2531,CN-202023-2606671,2024-10-17,2024-10-21,标准级,孙荷-13750,孙荷,公司,沈阳,辽宁,中国,东北,技术-配件-10003567,技术,配件,"罗技 鼠标, 回收",227.556,3,0.4,-26.964
2544,CN-202023-1197917,2024-04-04,2024-04-07,一级,邱丽-17620,邱丽雪,公司,衡阳,湖南,中国,中南,技术-配件-10003980,技术,配件,"SanDisk 路由器, 耐用",3591.84,3,0.0,933.66
2545,CN-202023-1197917,2024-04-04,2024-04-07,一级,邱丽-17620,邱丽雪,公司,衡阳,湖南,中国,中南,办公用-器具-10000912,办公用品,器具,"Hamilton Beach 冰箱, 黑色",4662.56,2,0.0,139.72
2556,CN-202023-3108642,2024-11-07,2024-11-11,标准级,谢君-15190,谢君,消费者,永川,重庆,中国,西南,家具-书架-10000253,家具,书架,"宜家 书库, 传统",3391.64,2,0.0,1424.36
2557,CN-202023-3108642,2024-11-07,2024-11-11,标准级,谢君-15190,谢君,消费者,永川,重庆,中国,西南,办公用-装订-10002474,办公用品,装订机,"Wilson Jones 打孔机, 回收",396.9,3,0.0,146.58
2558,CN-202023-5037027,2024-03-08,2024-03-12,二级,徐蔓-17965,徐蔓楚,公司,哈尔滨,黑龙江,中国,东北,家具-用具-10000513,家具,用具,"Eldon 灯泡, 耐用",311.22,3,0.0,65.1
2559,CN-202023-5037027,2024-03-08,2024-03-12,二级,徐蔓-17965,徐蔓楚,公司,哈尔滨,黑龙江,中国,东北,办公用-用品-10003316,办公用品,用品,"Stiletto 修剪器, 工业",621.18,3,0.0,192.36
2567,US-202023-3174894,2024-06-03,2024-06-10,标准级,柯强-19360,柯强,消费者,苏州,江苏,中国,华东,家具-用具-10000812,家具,用具,"Advantus 分层置放架, 耐用",327.6,5,0.4,-49.7
2568,US-202023-3174894,2024-06-03,2024-06-10,标准级,柯强-19360,柯强,消费者,苏州,江苏,中国,华东,办公用-标签-10001520,办公用品,标签,"Hon 可去除的标签, 白色",191.52,4,0.0,7.28
2578,CN-202023-2588842,2024-09-04,2024-09-07,一级,许根-13240,许根基,小型企业,宁波,浙江,中国,华东,办公用-信封-10004257,办公用品,信封,"Jiffy 局间信封, 每套 50 个",433.44,2,0.0,125.44
2579,CN-202023-3534471,2024-06-20,2024-06-24,二级,徐伟-21625,徐伟,消费者,太原,山西,中国,华北,办公用-器具-10001071,办公用品,器具,"KitchenAid 烤面包机, 红色",3185.28,8,0.0,445.76
2580,CN-202023-3534471,2024-06-20,2024-06-24,二级,徐伟-21625,徐伟,消费者,太原,山西,中国,华北,办公用-装订-10003504,办公用品,装订机,"Ibico 装订机, 耐用",158.48,2,0.0,55.44
2581,CN-202023-4985754,2024-08-25,2024-08-27,一级,谢斯-20950,谢斯云,公司,海口,海南,中国,西南,办公用-系固-10002980,办公用品,系固件,"Accos 夹子, 整包",271.32,3,0.0,24.36
2582,CN-202023-4985754,2024-08-25,2024-08-27,一级,谢斯-20950,谢斯云,公司,海口,海南,中国,西南,办公用-标签-10004932,办公用品,标签,"Novimex 运输标签, 红色",100.8,2,0.0,42.28
2583,CN-202023-4985754,2024-08-25,2024-08-27,一级,谢斯-20950,谢斯云,公司,海口,海南,中国,西南,技术-配件-10000246,技术,配件,"贝尔金 记忆卡, 可编程",1085.56,2,0.0,369.04
2586,US-202023-3382200,2024-03-10,2024-03-12,一级,袁松-20785,袁松,消费者,沈阳,辽宁,中国,东北,技术-电话-10000581,技术,电话,"苹果 充电器, 蓝色",5344.164,3,0.4,-1692.516
2597,CN-202023-4173980,2024-11-28,2024-12-03,标准级,范娜-18445,范娜,小型企业,沈阳,辽宁,中国,东北,技术-复印-10004447,技术,复印机,"佳能 复印机, 每套两件",1467.984,2,0.4,-318.136
2598,CN-202023-4173980,2024-11-28,2024-12-03,标准级,范娜-18445,范娜,小型企业,沈阳,辽宁,中国,东北,技术-复印-10000795,技术,复印机,"夏普 无线传真机, 数字化",5973.408,6,0.4,-298.872
2600,CN-202023-5940390,2024-05-25,2024-05-31,标准级,程根-13210,程根基,消费者,武汉,湖北,中国,中南,办公用-纸张-10002857,办公用品,纸张,"SanDisk 令, 多色",1019.2,7,0.0,438.06
2601,CN-202023-5940390,2024-05-25,2024-05-31,标准级,程根-13210,程根基,消费者,武汉,湖北,中国,中南,家具-书架-10001491,家具,书架,"Bush 古典书架, 金属",3461.976,3,0.4,-2077.404
2604,CN-202023-5956361,2024-09-08,2024-09-13,标准级,邓姝-20500,邓姝,消费者,天津,天津,中国,华北,家具-用具-10003663,家具,用具,"Eldon 框架, 一包多件",1628.34,3,0.0,569.52
2605,CN-202023-5956361,2024-09-08,2024-09-13,标准级,邓姝-20500,邓姝,消费者,天津,天津,中国,华北,家具-桌子-10002272,家具,桌子,"Barricks 培训桌, 黑色",6684.3,6,0.25,-1960.98
2606,CN-202023-5956361,2024-09-08,2024-09-13,标准级,邓姝-20500,邓姝,消费者,天津,天津,中国,华北,办公用-装订-10002552,办公用品,装订机,"Wilson Jones 装订机, 回收",312.2,5,0.0,112.0
2607,CN-202023-5956361,2024-09-08,2024-09-13,标准级,邓姝-20500,邓姝,消费者,天津,天津,中国,华北,技术-设备-10002738,技术,设备,"爱普生 电话, 耐用",2648.94,7,0.0,1297.52
2608,CN-202023-5956361,2024-09-08,2024-09-13,标准级,邓姝-20500,邓姝,消费者,天津,天津,中国,华北,办公用-美术-10000997,办公用品,美术,"Boston 钢笔, 整包",202.86,3,0.0,99.12
2609,CN-202023-5956361,2024-09-08,2024-09-13,标准级,邓姝-20500,邓姝,消费者,天津,天津,中国,华北,办公用-美术-10001978,办公用品,美术,"Stanley 铅笔刀, 蓝色",809.48,7,0.0,250.88
2610,CN-202023-5956361,2024-09-08,2024-09-13,标准级,邓姝-20500,邓姝,消费者,天津,天津,中国,华北,家具-椅子-10001581,家具,椅子,"SAFCO 沙滩椅, 红色",1845.76,8,0.0,903.84
2611,CN-202023-2547654,2024-06-26,2024-06-26,当日,郝婷-21055,郝婷,消费者,淮北,安徽,中国,华东,办公用-系固-10004197,办公用品,系固件,"OIC 回形针, 每包 12 个",129.36,2,0.0,17.92
2621,CN-202023-5088117,2024-10-12,2024-10-17,标准级,葛欢-14215,葛欢,公司,唐山,河北,中国,华北,办公用-收纳-10003273,办公用品,收纳具,"Tenex 盒, 工业",158.48,2,0.0,49.0
2623,CN-202023-3434056,2024-05-05,2024-05-12,标准级,白立-16660,白立荣,消费者,齐齐哈尔,黑龙江,中国,东北,办公用-系固-10001658,办公用品,系固件,"Stockwell 回形针, 整包",378.0,6,0.0,78.96
2624,US-202023-3216455,2024-08-04,2024-08-08,标准级,韦立-16915,韦立,消费者,沈阳,辽宁,中国,东北,办公用-美术-10000997,办公用品,美术,"Boston 钢笔, 整包",94.668,7,0.8,-147.392
2630,CN-202023-1711156,2024-10-01,2024-10-07,标准级,施强-19390,施强,消费者,天津,天津,中国,华北,办公用-收纳-10003671,办公用品,收纳具,"Tenex 盘, 蓝色",252.98,1,0.0,123.9
2637,CN-202023-2989159,2024-11-30,2024-12-03,二级,常光-13345,常光,公司,安顺,贵州,中国,西南,办公用-信封-10004832,办公用品,信封,"Kraft 商业信封, 银色",351.68,4,0.0,143.92
2638,CN-202023-2989159,2024-11-30,2024-12-03,二级,常光-13345,常光,公司,安顺,贵州,中国,西南,家具-椅子-10002303,家具,椅子,"Harbour Creations 椅垫, 红色",1680.0,5,0.0,604.8
2645,CN-202023-5763224,2024-12-15,2024-12-18,二级,孔关-15610,孔关茵,公司,天津,天津,中国,华北,家具-书架-10002353,家具,书架,"Bush 书库, 传统",5100.48,3,0.0,2346.12
2646,CN-202023-5763224,2024-12-15,2024-12-18,二级,孔关-15610,孔关茵,公司,天津,天津,中国,华北,办公用-收纳-10001749,办公用品,收纳具,"Rogers 锁柜, 工业",2969.4,3,0.0,1039.08
2647,US-202023-5645996,2024-12-22,2024-12-26,标准级,冯丽-17350,冯丽丽,消费者,辽阳,辽宁,中国,东北,办公用-装订-10003487,办公用品,装订机,"Avery 装订机盖, 回收",64.008,2,0.4,-22.512
2648,US-202023-5645996,2024-12-22,2024-12-26,标准级,冯丽-17350,冯丽丽,消费者,辽阳,辽宁,中国,东北,家具-用具-10000470,家具,用具,"Advantus 框架, 优质",921.816,3,0.4,-107.604
2650,CN-202023-5568854,2024-02-03,2024-02-06,一级,佟丽-16525,佟丽娜,消费者,临沂,山东,中国,华东,办公用-用品-10003934,办公用品,用品,"Elite 开信刀, 锯齿状",224.0,2,0.0,73.92
2651,CN-202023-5568854,2024-02-03,2024-02-06,一级,佟丽-16525,佟丽娜,消费者,临沂,山东,中国,华东,技术-电话-10001957,技术,电话,"摩托罗拉 智能手机, 整包",1818.18,3,0.0,472.5
2664,CN-202023-4439307,2024-08-20,2024-08-26,标准级,许凤-12835,许凤,公司,石河子,新疆,中国,西北,技术-设备-10004713,技术,设备,"松下 计算器, 红色",664.02,3,0.0,165.9
2672,US-202023-5591357,2024-06-05,2024-06-07,一级,巩德-12070,巩德,小型企业,襄樊,湖北,中国,中南,家具-椅子-10001676,家具,椅子,"Hon 沙滩椅, 可调",800.352,6,0.4,-294.168
2677,CN-202023-2544332,2024-11-03,2024-11-08,标准级,邱廉-17200,邱廉,公司,廉洲,广东,中国,中南,办公用-用品-10000245,办公用品,用品,"Fiskars 大剪刀, 钢",1536.64,7,0.0,291.06
2698,CN-202023-1119011,2024-05-26,2024-05-30,标准级,孙荷-13750,孙荷,公司,上海,上海,中国,华东,办公用-装订-10001165,办公用品,装订机,"Cardinal 打孔机, 回收",544.32,4,0.0,108.64
2699,CN-202023-4836537,2024-08-05,2024-08-10,二级,刘斯-20965,刘斯云,公司,衡阳,湖南,中国,中南,技术-电话-10002323,技术,电话,"诺基亚 充电器, 整包",11874.8,4,0.0,3918.32
2700,CN-202023-4836537,2024-08-05,2024-08-10,二级,刘斯-20965,刘斯云,公司,衡阳,湖南,中国,中南,办公用-标签-10000058,办公用品,标签,"Novimex 运输标签, 白色",153.72,3,0.0,72.24
2701,CN-202023-4836537,2024-08-05,2024-08-10,二级,刘斯-20965,刘斯云,公司,衡阳,湖南,中国,中南,办公用-标签-10004164,办公用品,标签,"Hon 文件夹标签, 可调",122.08,4,0.0,17.92
2702,CN-202023-4836537,2024-08-05,2024-08-10,二级,刘斯-20965,刘斯云,公司,衡阳,湖南,中国,中南,办公用-用品-10004475,办公用品,用品,"Kleencut 剪刀, 蓝色",104.02,1,0.0,37.38
2703,CN-202023-4836537,2024-08-05,2024-08-10,二级,刘斯-20965,刘斯云,公司,衡阳,湖南,中国,中南,办公用-收纳-10003525,办公用品,收纳具,"Eldon 盒, 金属",87.08,2,0.0,31.08
2704,CN-202023-4836537,2024-08-05,2024-08-10,二级,刘斯-20965,刘斯云,公司,衡阳,湖南,中国,中南,办公用-收纳-10003461,办公用品,收纳具,"Tenex 文件夹, 工业",221.2,2,0.0,0.0
2705,CN-202023-4836537,2024-08-05,2024-08-10,二级,刘斯-20965,刘斯云,公司,衡阳,湖南,中国,中南,办公用-器具-10001087,办公用品,器具,"Hamilton Beach 烤面包机, 黑色",797.16,3,0.0,191.1
2706,CN-202023-4836537,2024-08-05,2024-08-10,二级,刘斯-20965,刘斯云,公司,衡阳,湖南,中国,中南,家具-椅子-10004186,家具,椅子,"Novimex 凳子, 可调",2804.76,4,0.1,1090.6
2707,CN-202023-4836537,2024-08-05,2024-08-10,二级,刘斯-20965,刘斯云,公司,衡阳,湖南,中国,中南,办公用-标签-10001866,办公用品,标签,"Novimex 运输标签, 可调",41.44,1,0.0,4.9
2708,CN-202023-5909028,2024-02-05,2024-02-11,标准级,徐关-15655,徐关茵,公司,吉林市,吉林,中国,东北,办公用-美术-10004410,办公用品,美术,"Boston 画布, 整包",603.792,3,0.2,-90.888
2709,US-202023-1184235,2024-10-30,2024-11-03,标准级,佟虹-13885,佟虹,小型企业,洛阳,福建,中国,华东,办公用-装订-10000622,办公用品,装订机,"Cardinal 打孔机, 实惠",268.8,2,0.0,24.08
2715,CN-202023-2766233,2024-09-18,2024-09-22,标准级,邢毅-12475,邢毅,消费者,合肥,安徽,中国,华东,办公用-装订-10000762,办公用品,装订机,"Ibico 装订机盖, 回收",130.76,2,0.0,23.52
2719,US-202023-5315398,2024-11-28,2024-12-02,标准级,陈健-14545,陈健,公司,昭通,云南,中国,西南,办公用-纸张-10004372,办公用品,纸张,"Eaton 备忘录便条, 优质",192.36,3,0.0,63.42
2720,US-202023-5315398,2024-11-28,2024-12-02,标准级,陈健-14545,陈健,公司,昭通,云南,中国,西南,办公用-纸张-10004483,办公用品,纸张,"施乐 羊皮纸, 每包 12 个",243.6,3,0.0,58.38
2721,US-202023-5315398,2024-11-28,2024-12-02,标准级,陈健-14545,陈健,公司,昭通,云南,中国,西南,办公用-用品-10000222,办公用品,用品,"Kleencut 开信刀, 蓝色",252.56,2,0.0,20.16
2722,US-202023-5315398,2024-11-28,2024-12-02,标准级,陈健-14545,陈健,公司,昭通,云南,中国,西南,家具-用具-10004563,家具,用具,"Rubvermaid 相框, 耐用",1138.2,5,0.0,124.6
2723,US-202023-5315398,2024-11-28,2024-12-02,标准级,陈健-14545,陈健,公司,昭通,云南,中国,西南,办公用-美术-10000574,办公用品,美术,"Sanford 记号笔, 金属",343.14,3,0.0,164.64
2724,US-202023-5315398,2024-11-28,2024-12-02,标准级,陈健-14545,陈健,公司,昭通,云南,中国,西南,技术-复印-10004460,技术,复印机,"惠普 传真复印机, 每套两件",2581.824,4,0.2,-484.176
2735,US-202023-1525230,2024-11-03,2024-11-08,标准级,廖宣-20905,廖宣,消费者,黄石,湖北,中国,中南,家具-用具-10002425,家具,用具,"Advantus 闹钟, 优质",140.028,1,0.4,-21.112
2736,CN-202023-2938026,2024-03-10,2024-03-15,标准级,潘健-14575,潘健,消费者,南阳,河南,中国,中南,办公用-装订-10001158,办公用品,装订机,"Avery 装订机盖, 实惠",309.96,6,0.0,18.48
2737,CN-202023-2938026,2024-03-10,2024-03-15,标准级,潘健-14575,潘健,消费者,南阳,河南,中国,中南,家具-用具-10003358,家具,用具,"Advantus 灯泡, 一包多件",375.76,4,0.0,75.04
2738,CN-202023-2938026,2024-03-10,2024-03-15,标准级,潘健-14575,潘健,消费者,南阳,河南,中国,中南,技术-电话-10001440,技术,电话,"摩托罗拉 智能手机, 混合尺寸",1856.82,3,0.0,816.9
2739,CN-202023-4461870,2024-11-18,2024-11-24,标准级,武欢-14260,武欢,小型企业,北京,北京,中国,华北,办公用-信封-10004088,办公用品,信封,"GlobeWeis 商业信封, 银色",184.24,2,0.0,40.32
2740,CN-202023-4461870,2024-11-18,2024-11-24,标准级,武欢-14260,武欢,小型企业,北京,北京,中国,华北,办公用-用品-10003209,办公用品,用品,"Acme 大剪刀, 工业",481.04,2,0.0,67.2
2741,CN-202023-4461870,2024-11-18,2024-11-24,标准级,武欢-14260,武欢,小型企业,北京,北京,中国,华北,技术-复印-10004286,技术,复印机,"Hewlett 墨水, 彩色",4903.92,7,0.0,588.0
2742,CN-202023-4461870,2024-11-18,2024-11-24,标准级,武欢-14260,武欢,小型企业,北京,北京,中国,华北,办公用-美术-10000396,办公用品,美术,"Stanley 钢笔, 混合尺寸",185.22,3,0.0,31.08
2743,CN-202023-4461870,2024-11-18,2024-11-24,标准级,武欢-14260,武欢,小型企业,北京,北京,中国,华北,办公用-纸张-10000715,办公用品,纸张,"Eaton 羊皮纸, 多色",347.2,5,0.0,62.3
2744,CN-202023-4461870,2024-11-18,2024-11-24,标准级,武欢-14260,武欢,小型企业,北京,北京,中国,华北,办公用-收纳-10001942,办公用品,收纳具,"Fellowes 文件车, 金属",1272.88,2,0.0,585.48
2749,CN-202023-2633315,2024-10-16,2024-10-20,标准级,郝惠-14380,郝惠,消费者,咸宁,湖北,中国,中南,办公用-用品-10003489,办公用品,用品,"Stiletto 剪刀, 钢",64.428,1,0.4,-26.852
2758,CN-202023-4963271,2024-04-28,2024-05-02,标准级,姚彩-10765,姚彩,小型企业,平南,广西,中国,中南,技术-复印-10001968,技术,复印机,"惠普 复印机, 红色",4515.28,4,0.0,90.16
2762,US-202023-3700485,2024-11-03,2024-11-09,标准级,涂强-19405,涂强,消费者,兰州,甘肃,中国,西北,技术-电话-10000810,技术,电话,"摩托罗拉 充电器, 整包",8998.92,5,0.4,-3150.28
2763,US-202023-3700485,2024-11-03,2024-11-09,标准级,涂强-19405,涂强,消费者,兰州,甘肃,中国,西北,办公用-器具-10003836,办公用品,器具,"Hoover 微波炉, 黑色",1725.192,2,0.4,-776.608
2772,CN-202023-5007229,2024-05-15,2024-05-19,标准级,吕兰-15700,吕兰,消费者,湛江,广东,中国,中南,办公用-收纳-10003906,办公用品,收纳具,"Fellowes 文件车, 蓝色",4485.46,7,0.0,89.18
2782,US-202023-3139690,2024-05-07,2024-05-10,一级,殷崆-15565,殷崆,消费者,临沂,山东,中国,华东,办公用-系固-10002707,办公用品,系固件,"Advantus 按钉, 金属",135.8,2,0.0,42.0
2783,US-202023-3139690,2024-05-07,2024-05-10,一级,殷崆-15565,殷崆,消费者,临沂,山东,中国,华东,办公用-系固-10000591,办公用品,系固件,"Stockwell 图钉, 整包",189.42,3,0.0,35.7
2784,US-202023-3139690,2024-05-07,2024-05-10,一级,殷崆-15565,殷崆,消费者,临沂,山东,中国,华东,办公用-美术-10003419,办公用品,美术,"Stanley 记号笔, 整包",524.3,5,0.0,67.9
2785,CN-202023-5948224,2024-02-27,2024-02-28,二级,刘斯-20965,刘斯云,公司,银川,宁夏,中国,西北,办公用-用品-10003746,办公用品,用品,"Kleencut 开信刀, 工业",535.36,4,0.0,187.04
2786,CN-202023-5948224,2024-02-27,2024-02-28,二级,刘斯-20965,刘斯云,公司,银川,宁夏,中国,西北,办公用-系固-10004142,办公用品,系固件,"Accos 按钉, 整包",271.04,4,0.0,53.76
2787,CN-202023-5948224,2024-02-27,2024-02-28,二级,刘斯-20965,刘斯云,公司,银川,宁夏,中国,西北,办公用-装订-10002471,办公用品,装订机,"Acco 订书机, 实惠",1430.52,6,0.0,442.68
2788,CN-202023-5948224,2024-02-27,2024-02-28,二级,刘斯-20965,刘斯云,公司,银川,宁夏,中国,西北,办公用-用品-10003316,办公用品,用品,"Stiletto 修剪器, 工业",414.12,2,0.0,128.24
2789,CN-202023-5948224,2024-02-27,2024-02-28,二级,刘斯-20965,刘斯云,公司,银川,宁夏,中国,西北,办公用-标签-10003944,办公用品,标签,"Harbour Creations 圆形标签, 白色",94.5,3,0.0,10.08
2790,CN-202023-5948224,2024-02-27,2024-02-28,二级,刘斯-20965,刘斯云,公司,银川,宁夏,中国,西北,办公用-器具-10000253,办公用品,器具,"Hoover 搅拌机, 黑色",1352.4,3,0.0,486.78
2791,CN-202023-1166331,2024-05-08,2024-05-12,标准级,曹丽-15940,曹丽,小型企业,德州,山东,中国,华东,家具-书架-10004286,家具,书架,"Dania 墙角架, 黑色",4031.72,7,0.0,725.2
2792,CN-202023-1166331,2024-05-08,2024-05-12,标准级,曹丽-15940,曹丽,小型企业,德州,山东,中国,华东,办公用-信封-10004944,办公用品,信封,"Cameo 外皮和封条, 回收",462.0,5,0.0,133.7
2793,CN-202023-1166331,2024-05-08,2024-05-12,标准级,曹丽-15940,曹丽,小型企业,德州,山东,中国,华东,技术-复印-10003250,技术,复印机,"Hewlett 墨水, 红色",2741.76,4,0.0,1123.92
2794,CN-202023-1166331,2024-05-08,2024-05-12,标准级,曹丽-15940,曹丽,小型企业,德州,山东,中国,华东,办公用-纸张-10002346,办公用品,纸张,"Eaton 信纸, 回收",210.42,1,0.0,103.04
2802,CN-202023-2102819,2024-10-02,2024-10-08,标准级,徐芬-12805,徐芬,公司,徐州,江苏,中国,华东,办公用-信封-10001882,办公用品,信封,"Ames 邮寄品, 红色",735.28,4,0.0,315.84
2803,CN-202023-2102819,2024-10-02,2024-10-08,标准级,徐芬-12805,徐芬,公司,徐州,江苏,中国,华东,家具-椅子-10002636,家具,椅子,"Hon 椅垫, 每套两件",485.352,3,0.4,-40.488
2804,CN-202023-2102819,2024-10-02,2024-10-08,标准级,徐芬-12805,徐芬,公司,徐州,江苏,中国,华东,家具-书架-10002576,家具,书架,"Sauder 古典书架, 传统",7324.632,6,0.4,-1831.368
2805,CN-202023-2102819,2024-10-02,2024-10-08,标准级,徐芬-12805,徐芬,公司,徐州,江苏,中国,华东,办公用-纸张-10002524,办公用品,纸张,"施乐 羊皮纸, 回收",122.92,2,0.0,9.8
2815,US-202023-4373153,2024-07-22,2024-07-24,一级,施立-16690,施立伟,公司,杭州,浙江,中国,华东,家具-椅子-10001337,家具,椅子,"Harbour Creations 凳子, 可调",1022.616,2,0.4,-68.264
2816,US-202023-4373153,2024-07-22,2024-07-24,一级,施立-16690,施立伟,公司,杭州,浙江,中国,华东,办公用-信封-10000020,办公用品,信封,"Ames 搭扣信封, 每套 50 个",67.2,2,0.0,29.4
2819,CN-202023-3028018,2024-02-28,2024-03-03,一级,邱升-20080,邱升,消费者,海林,黑龙江,中国,东北,办公用-用品-10003797,办公用品,用品,"Acme 尺子, 蓝色",389.9,5,0.0,73.5
2821,CN-202023-2852208,2024-01-06,2024-01-07,一级,贺宁-18700,贺宁,消费者,秦皇岛,河北,中国,华北,办公用-装订-10002814,办公用品,装订机,"Cardinal 打孔机, 透明",1714.44,13,0.0,531.44
2822,CN-202023-2852208,2024-01-06,2024-01-07,一级,贺宁-18700,贺宁,消费者,秦皇岛,河北,中国,华北,家具-用具-10000883,家具,用具,"Rubvermaid 框架, 耐用",1496.88,3,0.0,44.52
2823,CN-202023-2852208,2024-01-06,2024-01-07,一级,贺宁-18700,贺宁,消费者,秦皇岛,河北,中国,华北,办公用-用品-10000855,办公用品,用品,"Fiskars 剪刀, 钢",315.84,3,0.0,37.8
2824,CN-202023-2852208,2024-01-06,2024-01-07,一级,贺宁-18700,贺宁,消费者,秦皇岛,河北,中国,华北,办公用-器具-10004278,办公用品,器具,"Hamilton Beach 搅拌机, 白色",2259.88,7,0.0,768.32
2826,CN-202023-3798503,2024-07-20,2024-07-22,二级,严聪-11740,严聪,消费者,兖州,山东,中国,华东,办公用-美术-10003689,办公用品,美术,"BIC 荧光笔, 蓝色",176.68,2,0.0,33.32
2827,CN-202023-3798503,2024-07-20,2024-07-22,二级,严聪-11740,严聪,消费者,兖州,山东,中国,华东,办公用-美术-10003409,办公用品,美术,"Binney & Smith 记号笔, 整包",568.4,5,0.0,142.1
2834,CN-202023-1399108,2024-11-11,2024-11-13,二级,常松-20575,常松,消费者,朝阳,辽宁,中国,东北,技术-复印-10003823,技术,复印机,"惠普 墨水, 彩色",1821.96,3,0.0,801.36
2837,CN-202023-1374105,2024-02-21,2024-02-28,标准级,武杰-14815,武杰,小型企业,阳江,广东,中国,中南,家具-用具-10004315,家具,用具,"Tenex 框架, 一包多件",2054.08,4,0.0,1006.32
2839,CN-202023-5510381,2024-04-01,2024-04-05,二级,肖保-10315,肖保,消费者,阿克苏,新疆,中国,西北,办公用-器具-10001372,办公用品,器具,"Cuisinart 炉灶, 黑色",7528.08,3,0.0,827.82
2841,US-202023-1564715,2024-11-03,2024-11-04,一级,梁安-10195,梁安,公司,周口,河南,中国,中南,家具-椅子-10002861,家具,椅子,"Hon 沙滩椅, 黑色",717.696,4,0.1,-64.064
2842,US-202023-1564715,2024-11-03,2024-11-04,一级,梁安-10195,梁安,公司,周口,河南,中国,中南,办公用-纸张-10003534,办公用品,纸张,"Green Bar 笔记本, 每包 12 个",158.34,1,0.0,17.36
2848,CN-202023-1455994,2024-11-12,2024-11-14,一级,郝惠-14380,郝惠,消费者,九江,江西,中国,华东,办公用-标签-10002137,办公用品,标签,"Harbour Creations 运输标签, 白色",106.96,2,0.0,11.76
2849,CN-202023-1455994,2024-11-12,2024-11-14,一级,郝惠-14380,郝惠,消费者,九江,江西,中国,华东,家具-书架-10004171,家具,书架,"Bush 搁架, 白色",7299.18,9,0.0,2115.54
2862,CN-202023-3781425,2024-07-03,2024-07-09,标准级,顾黎-16360,顾黎明,消费者,重庆,重庆,中国,西南,办公用-装订-10002546,办公用品,装订机,"Acco 装订机, 回收",289.52,4,0.0,129.92
2863,CN-202023-3781425,2024-07-03,2024-07-09,标准级,顾黎-16360,顾黎明,消费者,重庆,重庆,中国,西南,技术-配件-10001617,技术,配件,"Memorex 鼠标, 耐用",662.2,5,0.0,151.9
2864,CN-202023-3064620,2024-11-23,2024-11-29,标准级,麦实-20230,麦实,公司,冷水江,湖南,中国,中南,家具-书架-10003672,家具,书架,"Safco 书库, 传统",16371.18,9,0.0,3273.48
2865,CN-202023-3064620,2024-11-23,2024-11-29,标准级,麦实-20230,麦实,公司,冷水江,湖南,中国,中南,技术-电话-10002649,技术,电话,"诺基亚 耳机, 全尺寸",4166.4,12,0.0,1041.6
2867,CN-202023-5488732,2024-06-17,2024-06-19,二级,顾升-20125,顾升,小型企业,青岛,山东,中国,华东,家具-椅子-10000989,家具,椅子,"Office Star 摇椅, 每套两件",2672.32,4,0.0,80.08
2868,CN-202023-5488732,2024-06-17,2024-06-19,二级,顾升-20125,顾升,小型企业,青岛,山东,中国,华东,办公用-器具-10000088,办公用品,器具,"Breville 搅拌机, 红色",842.24,2,0.0,84.0
2870,CN-202023-1752478,2024-09-26,2024-09-28,一级,戴立-16885,戴立,消费者,长春,吉林,中国,东北,技术-设备-10003259,技术,设备,"StarTech 喷墨打印机, 白色",8405.04,6,0.0,2016.84
2871,CN-202023-1752478,2024-09-26,2024-09-28,一级,戴立-16885,戴立,消费者,长春,吉林,中国,东北,家具-椅子-10002161,家具,椅子,"Harbour Creations 摇椅, 每套两件",1393.84,2,0.0,501.76
2872,CN-202023-5844938,2024-06-23,2024-06-27,标准级,何晨-11140,何晨,消费者,应城,湖北,中国,中南,技术-复印-10000491,技术,复印机,"惠普 传真机, 彩色",2531.592,3,0.4,41.832
2876,CN-202023-2213009,2024-02-06,2024-02-10,标准级,马莲-17035,马莲,公司,上海,上海,中国,华东,办公用-标签-10000918,办公用品,标签,"Hon 圆形标签, 耐用",131.6,4,0.0,21.84
2877,CN-202023-2213009,2024-02-06,2024-02-10,标准级,马莲-17035,马莲,公司,上海,上海,中国,华东,技术-电话-10001992,技术,电话,"三星 充电器, 全尺寸",2974.72,1,0.0,594.86
2884,CN-202023-3490090,2024-05-11,2024-05-18,标准级,钱伟-21430,钱伟,公司,唐山,河北,中国,华北,办公用-用品-10000818,办公用品,用品,"Elite 剪刀, 钢",614.04,6,0.0,48.72
2885,CN-202023-3490090,2024-05-11,2024-05-18,标准级,钱伟-21430,钱伟,公司,唐山,河北,中国,华北,办公用-用品-10002100,办公用品,用品,"Fiskars 修剪器, 工业",819.84,4,0.0,40.88
2886,CN-202023-3490090,2024-05-11,2024-05-18,标准级,钱伟-21430,钱伟,公司,唐山,河北,中国,华北,办公用-纸张-10002250,办公用品,纸张,"Green Bar 信纸, 回收",450.8,2,0.0,144.2
2887,CN-202023-2313079,2024-08-30,2024-09-04,二级,徐婵-11005,徐婵,小型企业,岳阳,湖南,中国,中南,技术-复印-10000859,技术,复印机,"Hewlett 复印机, 数字化",1228.78,1,0.0,208.88
2888,CN-202023-2313079,2024-08-30,2024-09-04,二级,徐婵-11005,徐婵,小型企业,岳阳,湖南,中国,中南,技术-电话-10000762,技术,电话,"摩托罗拉 充电器, 全尺寸",18031.44,6,0.0,1081.08
2889,CN-202023-2313079,2024-08-30,2024-09-04,二级,徐婵-11005,徐婵,小型企业,岳阳,湖南,中国,中南,办公用-器具-10000736,办公用品,器具,"KitchenAid 冰箱, 红色",14782.32,6,0.0,3547.32
2890,CN-202023-2313079,2024-08-30,2024-09-04,二级,徐婵-11005,徐婵,小型企业,岳阳,湖南,中国,中南,家具-椅子-10001207,家具,椅子,"Office Star 扶手椅, 可调",19736.64,10,0.1,8113.84
2898,CN-202023-2051602,2024-10-12,2024-10-15,一级,林磊-16045,林磊,小型企业,平度,山东,中国,华东,办公用-器具-10000468,办公用品,器具,"Cuisinart 微波炉, 红色",3898.44,3,0.0,818.58
2915,CN-202023-2642546,2024-04-28,2024-05-03,标准级,殷凤-13030,殷凤,小型企业,辉南,吉林,中国,东北,办公用-装订-10001715,办公用品,装订机,"Avery 订书机, 透明",1352.4,6,0.0,526.68
2916,CN-202023-2642546,2024-04-28,2024-05-03,标准级,殷凤-13030,殷凤,小型企业,辉南,吉林,中国,东北,办公用-信封-10001579,办公用品,信封,"Jiffy 外皮和封条, 每套 50 个",186.76,2,0.0,82.04
2917,CN-202023-3291123,2024-06-18,2024-06-20,二级,常崆-15505,常崆,消费者,郑州,河南,中国,中南,办公用-装订-10000225,办公用品,装订机,"Cardinal 装订机盖, 透明",160.44,3,0.0,54.18
2929,CN-202023-1313540,2024-08-24,2024-08-30,标准级,任梅-18115,任梅,小型企业,满洲里,内蒙古,中国,华北,办公用-装订-10002116,办公用品,装订机,"Ibico 孔加固材料, 透明",90.3,5,0.4,-39.2
2931,CN-202023-1753680,2024-06-09,2024-06-13,标准级,薛婷-21070,薛婷,消费者,青岛,山东,中国,华东,技术-配件-10002929,技术,配件,"Memorex 路由器, 耐用",6899.76,6,0.0,2828.28
2932,CN-202023-1753680,2024-06-09,2024-06-13,标准级,薛婷-21070,薛婷,消费者,青岛,山东,中国,华东,办公用-装订-10002993,办公用品,装订机,"Acco 打孔机, 透明",276.08,2,0.0,63.28
2933,CN-202023-1753680,2024-06-09,2024-06-13,标准级,薛婷-21070,薛婷,消费者,青岛,山东,中国,华东,办公用-收纳-10004477,办公用品,收纳具,"Tenex 文件夹, 金属",104.02,1,0.0,9.24
2934,CN-202023-1753680,2024-06-09,2024-06-13,标准级,薛婷-21070,薛婷,消费者,青岛,山东,中国,华东,办公用-美术-10004476,办公用品,美术,"BIC 速写本, 混合尺寸",483.84,2,0.0,96.6
2935,CN-202023-3551529,2024-09-29,2024-10-05,标准级,严强-19435,严强,消费者,蔡甸,湖北,中国,中南,办公用-标签-10003755,办公用品,标签,"Novimex 可去除的标签, 白色",276.36,6,0.0,115.92
2936,CN-202023-3551529,2024-09-29,2024-10-05,标准级,严强-19435,严强,消费者,蔡甸,湖北,中国,中南,办公用-系固-10003826,办公用品,系固件,"Accos 回形针, 整包",39.312,1,0.4,-1.988
2942,CN-202023-5434393,2024-05-19,2024-05-26,标准级,武廷-21310,武廷,消费者,磐石,吉林,中国,东北,办公用-收纳-10000735,办公用品,收纳具,"Fellowes 文件夹, 单宽度",863.38,7,0.0,301.84
2958,CN-202023-2491194,2024-11-09,2024-11-16,标准级,杨诚-11380,杨诚,公司,东营,山东,中国,华东,办公用-用品-10004060,办公用品,用品,"Acme 开信刀, 工业",742.7,5,0.0,88.9
2959,CN-202023-2491194,2024-11-09,2024-11-16,标准级,杨诚-11380,杨诚,公司,东营,山东,中国,华东,办公用-器具-10004796,办公用品,器具,"Cuisinart 咖啡研磨机, 白色",343.0,2,0.0,116.48
2960,CN-202023-2491194,2024-11-09,2024-11-16,标准级,杨诚-11380,杨诚,公司,东营,山东,中国,华东,办公用-信封-10001487,办公用品,信封,"GlobeWeis 外皮和封条, 银色",222.04,2,0.0,110.88
2961,CN-202023-3529472,2024-12-26,2024-12-31,标准级,陈安-10090,陈安,消费者,武汉,湖北,中国,中南,办公用-纸张-10003494,办公用品,纸张,"Enermax 羊皮纸, 多色",392.0,5,0.0,148.4
2966,CN-202023-5838362,2024-12-10,2024-12-12,二级,孔辉-12610,孔辉,公司,襄樊,湖北,中国,中南,家具-用具-10000059,家具,用具,"Tenex 门挡, 优质",238.056,2,0.4,-59.584
2967,CN-202023-5838362,2024-12-10,2024-12-12,二级,孔辉-12610,孔辉,公司,襄樊,湖北,中国,中南,技术-配件-10002428,技术,配件,"罗技 闪存驱动器, 回收",237.888,3,0.4,-135.072
2968,CN-202023-5838362,2024-12-10,2024-12-12,二级,孔辉-12610,孔辉,公司,襄樊,湖北,中国,中南,办公用-标签-10001238,办公用品,标签,"Avery 合法证物标签, 耐用",383.18,7,0.0,110.74
2969,CN-202023-5838362,2024-12-10,2024-12-12,二级,孔辉-12610,孔辉,公司,襄樊,湖北,中国,中南,办公用-标签-10002581,办公用品,标签,"Avery 可去除的标签, 可调",80.64,2,0.0,36.12
2971,CN-202023-5869494,2024-03-11,2024-03-17,标准级,范晒-19780,范晒明,消费者,徐州,江苏,中国,华东,办公用-纸张-10003597,办公用品,纸张,"施乐 令, 多色",647.5,5,0.0,25.9
2972,CN-202023-5869494,2024-03-11,2024-03-17,标准级,范晒-19780,范晒明,消费者,徐州,江苏,中国,华东,家具-用具-10004872,家具,用具,"Advantus 框架, 一包多件",1556.52,5,0.4,103.32
2973,CN-202023-5869494,2024-03-11,2024-03-17,标准级,范晒-19780,范晒明,消费者,徐州,江苏,中国,华东,技术-配件-10000513,技术,配件,"贝尔金 键区, 实惠",323.4,2,0.4,-102.48
2974,CN-202023-5869494,2024-03-11,2024-03-17,标准级,范晒-19780,范晒明,消费者,徐州,江苏,中国,华东,技术-设备-10002867,技术,设备,"爱普生 收据打印机, 红色",1918.224,6,0.4,-607.656
2978,CN-202023-5926511,2024-01-15,2024-01-18,一级,袁梅-18130,袁梅,公司,唐河,河南,中国,中南,办公用-标签-10000983,办公用品,标签,"Smead 合法证物标签, 耐用",107.24,2,0.0,6.16
2988,CN-202023-3904829,2024-08-03,2024-08-06,二级,何惠-14395,何惠,公司,二道江,吉林,中国,东北,技术-配件-10000315,技术,配件,"罗技 记忆卡, 实惠",1447.32,3,0.0,622.02
2989,CN-202023-3904829,2024-08-03,2024-08-06,二级,何惠-14395,何惠,公司,二道江,吉林,中国,东北,技术-电话-10003598,技术,电话,"摩托罗拉 办公室电话机, 蓝色",3013.92,9,0.0,0.0
2990,CN-202023-5404138,2024-08-08,2024-08-12,标准级,顾磊-16030,顾磊,消费者,南昌,江西,中国,华东,技术-设备-10000806,技术,设备,"爱普生 卡片打印机, 多色",793.1,1,0.0,222.04
2993,CN-202023-4195213,2024-09-04,2024-09-08,标准级,刘明-18295,刘明,公司,上海,上海,中国,华东,办公用-标签-10004327,办公用品,标签,"Novimex 文件夹标签, 可调",200.9,7,0.0,90.16
2994,CN-202023-4195213,2024-09-04,2024-09-08,标准级,刘明-18295,刘明,公司,上海,上海,中国,华东,办公用-信封-10003060,办公用品,信封,"Kraft 邮寄品, 回收",850.5,5,0.0,297.5
2995,CN-202023-4195213,2024-09-04,2024-09-08,标准级,刘明-18295,刘明,公司,上海,上海,中国,华东,家具-书架-10003619,家具,书架,"Sauder 书库, 传统",3617.88,2,0.0,1555.68
3009,CN-202023-3374395,2024-09-15,2024-09-19,标准级,何根-13225,何根基,公司,阿城,黑龙江,中国,东北,家具-椅子-10002209,家具,椅子,"Office Star 扶手椅, 每套两件",4383.68,2,0.0,613.48
3010,CN-202023-3374395,2024-09-15,2024-09-19,标准级,何根-13225,何根基,公司,阿城,黑龙江,中国,东北,技术-复印-10004166,技术,复印机,"惠普 传真复印机, 红色",1596.84,2,0.0,462.84
3011,CN-202023-3374395,2024-09-15,2024-09-19,标准级,何根-13225,何根基,公司,阿城,黑龙江,中国,东北,办公用-收纳-10001749,办公用品,收纳具,"Rogers 锁柜, 工业",4949.0,5,0.0,1731.8
3013,US-202023-1761745,2024-04-30,2024-05-04,标准级,姚凤-13015,姚凤,消费者,武汉,湖北,中国,中南,家具-用具-10004087,家具,用具,"Eldon 门挡, 耐用",528.528,4,0.4,-70.672
3030,CN-202023-2923559,2024-06-08,2024-06-12,标准级,叶柏-19030,叶柏,公司,高邮,江苏,中国,华东,办公用-信封-10003687,办公用品,信封,"Cameo 局间信封, 红色",1665.02,7,0.0,182.28
3032,CN-202023-5869494,2024-02-14,2024-02-18,标准级,付芳-12700,付芳茵,小型企业,临沂,山东,中国,华东,家具-用具-10001101,家具,用具,"Tenex 框架, 黑色",513.24,1,0.0,76.86
3037,US-202023-5315398,2024-10-09,2024-10-14,标准级,黄芳-12760,黄芳,公司,湖州,浙江,中国,华东,办公用-系固-10003933,办公用品,系固件,"OIC 图钉, 每包 12 个",189.0,5,0.4,-37.8
3038,CN-202023-4230867,2024-12-12,2024-12-16,标准级,楚聪-11635,楚聪,消费者,郑州,河南,中国,中南,技术-复印-10001701,技术,复印机,"Brother 墨水, 数字化",4800.04,7,0.0,2159.92
3039,US-202023-2045726,2024-10-21,2024-10-26,标准级,丁婵-10990,丁婵,公司,鄂州,湖北,中国,中南,家具-椅子-10002078,家具,椅子,"Office Star 凳子, 黑色",1920.912,4,0.4,-1248.688
3042,CN-202023-1321997,2024-02-03,2024-02-04,当日,潘丽-16240,潘丽美,公司,郑州,河南,中国,中南,办公用-收纳-10000375,办公用品,收纳具,"Smead 搁板, 单宽度",456.96,2,0.0,136.92
3043,CN-202023-1321997,2024-02-03,2024-02-04,当日,潘丽-16240,潘丽美,公司,郑州,河南,中国,中南,办公用-系固-10002825,办公用品,系固件,"Advantus 订书钉, 整包",202.72,4,0.0,46.48
3048,CN-202023-5544334,2024-02-20,2024-02-23,一级,俞毅-12520,俞毅,消费者,西安,陕西,中国,西北,办公用-纸张-10000328,办公用品,纸张,"Green Bar 备忘录便条, 每包 12 个",688.94,7,0.0,27.44
3049,CN-202023-5544334,2024-02-20,2024-02-23,一级,俞毅-12520,俞毅,消费者,西安,陕西,中国,西北,办公用-收纳-10002059,办公用品,收纳具,"Tenex 搁板, 工业",1286.6,5,0.0,333.9
3050,CN-202023-5544334,2024-02-20,2024-02-23,一级,俞毅-12520,俞毅,消费者,西安,陕西,中国,西北,办公用-系固-10003118,办公用品,系固件,"Accos 图钉, 混合尺寸",363.58,7,0.0,94.08
3051,CN-202023-3529472,2024-09-18,2024-09-21,二级,孙壁-10465,孙壁,消费者,仙桃,湖北,中国,中南,技术-电话-10004933,技术,电话,"思科 办公室电话机, 全尺寸",1144.5,5,0.4,-763.0
3054,CN-202023-2018203,2024-08-18,2024-08-20,二级,林德-12175,林德伟,公司,重庆,重庆,中国,西南,家具-用具-10002252,家具,用具,"Deflect-O 框架, 优质",3042.48,6,0.0,1459.92
3058,CN-202023-2375545,2024-05-26,2024-05-26,当日,宋立-16840,宋立,消费者,保定,河北,中国,华北,办公用-标签-10001294,办公用品,标签,"Harbour Creations 有色标签, 耐用",186.06,3,0.0,53.76
3059,CN-202023-2375545,2024-05-26,2024-05-26,当日,宋立-16840,宋立,消费者,保定,河北,中国,华北,技术-电话-10002318,技术,电话,"摩托罗拉 音频基座, 混合尺寸",11513.04,14,0.0,3798.48
3060,CN-202023-2375545,2024-05-26,2024-05-26,当日,宋立-16840,宋立,消费者,保定,河北,中国,华北,家具-书架-10002456,家具,书架,"Safco 书架, 金属",4849.04,7,0.0,1793.4
3061,US-202023-2261317,2024-12-26,2024-12-30,标准级,黎雯-21745,黎雯,公司,成都,四川,中国,西南,技术-配件-10001067,技术,配件,"罗技 闪存驱动器, 实惠",170.856,2,0.4,-102.704
3062,CN-202023-2330839,2024-07-20,2024-07-26,标准级,罗嫒-10060,罗嫒,小型企业,舒兰,吉林,中国,东北,技术-电话-10001357,技术,电话,"摩托罗拉 办公室电话机, 混合尺寸",696.36,2,0.0,111.16
3063,CN-202023-2330839,2024-07-20,2024-07-26,标准级,罗嫒-10060,罗嫒,小型企业,舒兰,吉林,中国,东北,办公用-信封-10002118,办公用品,信封,"Kraft 局间信封, 红色",706.44,3,0.0,77.7
3064,CN-202023-5568854,2024-04-07,2024-04-10,一级,巩晒-19795,巩晒明,小型企业,宿州,安徽,中国,华东,办公用-信封-10003026,办公用品,信封,"Cameo 搭扣信封, 银色",222.32,4,0.0,81.76
3065,CN-202023-5568854,2024-04-07,2024-04-10,一级,巩晒-19795,巩晒明,小型企业,宿州,安徽,中国,华东,办公用-标签-10004405,办公用品,标签,"Avery 文件夹标签, 白色",127.68,3,0.0,2.52
3066,CN-202023-5568854,2024-04-07,2024-04-10,一级,巩晒-19795,巩晒明,小型企业,宿州,安徽,中国,华东,办公用-用品-10004820,办公用品,用品,"Fiskars 尺子, 锯齿状",675.22,13,0.0,222.04
3067,CN-202023-5568854,2024-04-07,2024-04-10,一级,巩晒-19795,巩晒明,小型企业,宿州,安徽,中国,华东,家具-书架-10004733,家具,书架,"宜家 古典书架, 白色",5799.78,3,0.0,1623.72
3077,CN-202023-4161431,2024-12-10,2024-12-12,二级,施丽-17380,施丽丽,公司,珠海,广东,中国,中南,家具-椅子-10000123,家具,椅子,"Hon 扶手椅, 黑色",3819.564,2,0.1,551.684
3078,CN-202023-4161431,2024-12-10,2024-12-12,二级,施丽-17380,施丽丽,公司,珠海,广东,中国,中南,办公用-器具-10004864,办公用品,器具,"Hoover 炉灶, 红色",5305.72,2,0.0,795.76
3079,CN-202023-4364300,2024-06-25,2024-07-01,标准级,谢丽-17635,谢丽雪,公司,舒兰,吉林,中国,东北,家具-书架-10004927,家具,书架,"Bush 书架, 金属",2869.3,5,0.0,1290.8
3080,CN-202023-1118715,2024-08-28,2024-09-02,标准级,贾彩-10600,贾彩,公司,惠州,广东,中国,中南,家具-用具-10003545,家具,用具,"Tenex 相框, 优质",1177.4,5,0.0,470.4
3084,US-202023-3772912,2024-12-21,2024-12-25,标准级,黄丽-15820,黄丽,消费者,富阳,浙江,中国,华东,家具-用具-10004944,家具,用具,"Eldon 相框, 黑色",325.416,2,0.4,-87.024
3085,US-202023-3772912,2024-12-21,2024-12-25,标准级,黄丽-15820,黄丽,消费者,富阳,浙江,中国,华东,办公用-用品-10001427,办公用品,用品,"Elite 大剪刀, 蓝色",658.14,5,0.4,-33.46
3086,CN-202023-2571041,2024-06-13,2024-06-18,标准级,冯莲-16945,冯莲,公司,北京,北京,中国,华北,办公用-器具-10001247,办公用品,器具,"Hamilton Beach 搅拌机, 银色",2345.14,7,0.0,679.14
3093,US-202023-4764837,2024-02-28,2024-03-06,标准级,何芯-13945,何芯,消费者,皇岗,广东,中国,中南,办公用-收纳-10003204,办公用品,收纳具,"Tenex 盒, 单宽度",231.42,3,0.0,108.36
3094,CN-202023-4461870,2024-09-10,2024-09-17,标准级,吕关-15640,吕关茵,小型企业,枣阳,湖北,中国,中南,办公用-信封-10000469,办公用品,信封,"Kraft 邮寄品, 红色",192.22,1,0.0,69.16
3095,CN-202023-4461870,2024-09-10,2024-09-17,标准级,吕关-15640,吕关茵,小型企业,枣阳,湖北,中国,中南,办公用-信封-10002389,办公用品,信封,"Kraft 外皮和封条, 每套 50 个",573.72,6,0.0,0.0
3104,US-202023-4769676,2024-08-26,2024-08-30,标准级,黄岱-11860,黄岱,消费者,大连,辽宁,中国,东北,家具-椅子-10000900,家具,椅子,"Hon 折叠椅, 每套两件",702.828,3,0.4,-117.432
3107,CN-202023-4326007,2024-07-27,2024-08-01,标准级,贺虹-13810,贺虹,公司,亳州,安徽,中国,华东,办公用-装订-10000020,办公用品,装订机,"Cardinal 装订机, 透明",372.12,6,0.0,185.64
3110,CN-202023-4075015,2024-11-30,2024-12-03,二级,韦君-15310,韦君,公司,洛阳,福建,中国,华东,办公用-信封-10001224,办公用品,信封,"Jiffy 局间信封, 红色",699.72,3,0.0,41.58
3116,CN-202023-2161331,2024-10-05,2024-10-09,标准级,袁德-12130,袁德,消费者,天津,天津,中国,华北,办公用-标签-10002018,办公用品,标签,"Novimex 合法证物标签, 可调",78.12,2,0.0,16.24
3117,CN-202023-2161331,2024-10-05,2024-10-09,标准级,袁德-12130,袁德,消费者,天津,天津,中国,华北,技术-配件-10000783,技术,配件,"罗技 键盘, 回收",655.76,2,0.0,163.8
3118,CN-202023-2161331,2024-10-05,2024-10-09,标准级,袁德-12130,袁德,消费者,天津,天津,中国,华北,办公用-美术-10002057,办公用品,美术,"Binney & Smith 画布, 整包",1204.7,5,0.0,240.8
3119,US-202023-3351164,2024-06-10,2024-06-14,标准级,柯娜-18520,柯娜,消费者,武汉,湖北,中国,中南,办公用-装订-10003973,办公用品,装订机,"Ibico 装订机, 实惠",216.72,5,0.4,-40.18
3120,US-202023-3351164,2024-06-10,2024-06-14,标准级,柯娜-18520,柯娜,消费者,武汉,湖北,中国,中南,办公用-用品-10001427,办公用品,用品,"Elite 大剪刀, 蓝色",263.256,2,0.4,-13.384
3121,CN-202023-5631342,2024-07-03,2024-07-07,标准级,殷崆-15565,殷崆,消费者,海口,海南,中国,西南,办公用-信封-10001487,办公用品,信封,"GlobeWeis 外皮和封条, 银色",888.16,8,0.0,443.52
3122,CN-202023-5631342,2024-07-03,2024-07-07,标准级,殷崆-15565,殷崆,消费者,海口,海南,中国,西南,家具-书架-10001491,家具,书架,"Bush 古典书架, 金属",11539.92,6,0.0,461.16
3123,CN-202023-5631342,2024-07-03,2024-07-07,标准级,殷崆-15565,殷崆,消费者,海口,海南,中国,西南,办公用-美术-10002271,办公用品,美术,"Binney & Smith 荧光笔, 金属",333.2,4,0.0,6.16
3124,CN-202023-5631342,2024-07-03,2024-07-07,标准级,殷崆-15565,殷崆,消费者,海口,海南,中国,西南,办公用-收纳-10004393,办公用品,收纳具,"Rogers 文件车, 金属",1969.38,3,0.0,255.78
3138,CN-202023-4309040,2024-05-20,2024-05-27,标准级,麦虢-13510,麦虢,公司,洪江,湖南,中国,中南,技术-电话-10001136,技术,电话,"思科 耳机, 混合尺寸",1704.08,4,0.0,238.56
3139,CN-202023-4309040,2024-05-20,2024-05-27,标准级,麦虢-13510,麦虢,公司,洪江,湖南,中国,中南,家具-书架-10004224,家具,书架,"Dania 书库, 白色",3405.92,2,0.0,1123.92
3140,CN-202023-4309040,2024-05-20,2024-05-27,标准级,麦虢-13510,麦虢,公司,洪江,湖南,中国,中南,办公用-用品-10003822,办公用品,用品,"Acme 开信刀, 蓝色",281.96,2,0.0,47.88
3141,CN-202023-4309040,2024-05-20,2024-05-27,标准级,麦虢-13510,麦虢,公司,洪江,湖南,中国,中南,办公用-系固-10004283,办公用品,系固件,"OIC 橡皮筋, 每包 12 个",154.0,2,0.0,56.84
3142,CN-202023-4309040,2024-05-20,2024-05-27,标准级,麦虢-13510,麦虢,公司,洪江,湖南,中国,中南,办公用-系固-10001531,办公用品,系固件,"OIC 橡皮筋, 整包",79.66,1,0.0,13.44
3143,US-202023-5199872,2024-01-30,2024-02-02,二级,葛欢-14215,葛欢,公司,营口,辽宁,中国,东北,技术-电话-10000462,技术,电话,"思科 音频基座, 混合尺寸",1035.552,2,0.4,-535.248
3144,US-202023-5199872,2024-01-30,2024-02-02,二级,葛欢-14215,葛欢,公司,营口,辽宁,中国,东北,办公用-标签-10002774,办公用品,标签,"Harbour Creations 圆形标签, 耐用",99.96,3,0.0,2.94
3147,US-202023-1435617,2024-08-20,2024-08-20,当日,黄康-15355,黄康,消费者,汕头,广东,中国,中南,办公用-装订-10004167,办公用品,装订机,"Ibico 孔加固材料, 实惠",97.86,3,0.0,0.84
3148,US-202023-1435617,2024-08-20,2024-08-20,当日,黄康-15355,黄康,消费者,汕头,广东,中国,中南,办公用-装订-10001062,办公用品,装订机,"Acco 订书机, 回收",720.3,3,0.0,165.48
3149,US-202023-1435617,2024-08-20,2024-08-20,当日,黄康-15355,黄康,消费者,汕头,广东,中国,中南,家具-椅子-10002919,家具,椅子,"Harbour Creations 沙滩椅, 可调",807.786,3,0.1,71.526
3158,US-202023-5180154,2024-12-29,2025-01-02,标准级,谭琼-19660,谭琼,小型企业,武汉,湖北,中国,中南,办公用-收纳-10002846,办公用品,收纳具,"Rogers 搁板, 工业",876.54,3,0.0,17.22
3167,CN-202023-4757147,2024-12-23,2024-12-23,当日,秦蔓-17920,秦蔓楚,消费者,西安,陕西,中国,西北,办公用-信封-10003644,办公用品,信封,"Kraft 外皮和封条, 回收",270.06,3,0.0,75.6
3168,CN-202023-4757147,2024-12-23,2024-12-23,当日,秦蔓-17920,秦蔓楚,消费者,西安,陕西,中国,西北,家具-用具-10002095,家具,用具,"Advantus 灯泡, 黑色",280.98,3,0.0,84.0
3169,CN-202023-4757147,2024-12-23,2024-12-23,当日,秦蔓-17920,秦蔓楚,消费者,西安,陕西,中国,西北,办公用-系固-10004283,办公用品,系固件,"OIC 橡皮筋, 每包 12 个",231.0,3,0.0,85.26
3174,CN-202023-4480622,2024-11-16,2024-11-23,标准级,倪幂-18085,倪幂,消费者,南岔,黑龙江,中国,东北,办公用-收纳-10001112,办公用品,收纳具,"Fellowes 盒, 工业",188.16,2,0.0,45.08
3175,US-202023-1638210,2024-03-05,2024-03-10,标准级,钟立-16720,钟立,消费者,武汉,湖北,中国,中南,家具-椅子-10001132,家具,椅子,"Hon 椅垫, 黑色",297.36,2,0.4,-119.0
3176,US-202023-1638210,2024-03-05,2024-03-10,标准级,钟立-16720,钟立,消费者,武汉,湖北,中国,中南,技术-复印-10000386,技术,复印机,"惠普 无线传真机, 红色",5017.74,5,0.4,-585.76
3177,US-202023-1638210,2024-03-05,2024-03-10,标准级,钟立-16720,钟立,消费者,武汉,湖北,中国,中南,办公用-系固-10002707,办公用品,系固件,"Advantus 按钉, 金属",40.74,1,0.4,-6.16
3178,US-202023-1638210,2024-03-05,2024-03-10,标准级,钟立-16720,钟立,消费者,武汉,湖北,中国,中南,家具-用具-10001318,家具,用具,"Tenex 相框, 耐用",136.836,1,0.4,-63.924
3185,US-202023-4339927,2024-12-15,2024-12-17,一级,秦淑-20440,秦淑芳,公司,龙泉,云南,中国,西南,家具-椅子-10004390,家具,椅子,"SAFCO 扶手椅, 每套两件",19474.56,9,0.0,9152.64
3186,US-202023-4339927,2024-12-15,2024-12-17,一级,秦淑-20440,秦淑芳,公司,龙泉,云南,中国,西南,办公用-收纳-10000793,办公用品,收纳具,"Smead 锁柜, 单宽度",4630.5,5,0.0,370.3
3187,US-202023-4339927,2024-12-15,2024-12-17,一级,秦淑-20440,秦淑芳,公司,龙泉,云南,中国,西南,办公用-纸张-10003210,办公用品,纸张,"Enermax 计划信息表, 每包 12 个",124.32,1,0.0,33.46
3188,US-202023-4339927,2024-12-15,2024-12-17,一级,秦淑-20440,秦淑芳,公司,龙泉,云南,中国,西南,办公用-信封-10003544,办公用品,信封,"Cameo 马尼拉纸信封, 每套 50 个",378.0,3,0.0,151.2
3189,US-202023-4339927,2024-12-15,2024-12-17,一级,秦淑-20440,秦淑芳,公司,龙泉,云南,中国,西南,办公用-标签-10001969,办公用品,标签,"Harbour Creations 圆形标签, 红色",61.32,2,0.0,24.92
3192,CN-202023-5844938,2024-07-28,2024-08-01,标准级,邢盛-20335,邢盛,消费者,天津,天津,中国,华北,家具-用具-10000239,家具,用具,"Tenex 分层置放架, 耐用",415.52,4,0.0,74.48
3199,CN-202023-4015472,2024-10-13,2024-10-15,二级,赵幂-18055,赵幂,消费者,镇江,江苏,中国,华东,办公用-美术-10004144,办公用品,美术,"Binney & Smith 速写本, 金属",88.816,2,0.8,-328.664
3200,CN-202023-4015472,2024-10-13,2024-10-15,二级,赵幂-18055,赵幂,消费者,镇江,江苏,中国,华东,技术-配件-10004714,技术,配件,"罗技 键区, 实惠",1167.264,9,0.4,-194.796
3201,CN-202023-4015472,2024-10-13,2024-10-15,二级,赵幂-18055,赵幂,消费者,镇江,江苏,中国,华东,办公用-用品-10003696,办公用品,用品,"Elite 尺子, 蓝色",38.64,1,0.4,-13.58
3202,CN-202023-4015472,2024-10-13,2024-10-15,二级,赵幂-18055,赵幂,消费者,镇江,江苏,中国,华东,家具-书架-10000942,家具,书架,"Dania 柜, 黑色",799.68,2,0.4,-199.92
3212,CN-202023-3197896,2024-10-12,2024-10-14,一级,秦乐-17710,秦乐,消费者,北京,北京,中国,华北,技术-复印-10004933,技术,复印机,"夏普 墨水, 每套两件",1161.16,2,0.0,69.44
3229,CN-202023-1340062,2024-08-17,2024-08-23,标准级,贾君-15160,贾君,消费者,图们,吉林,中国,东北,办公用-信封-10002782,办公用品,信封,"Kraft 搭扣信封, 每套 50 个",126.0,3,0.0,10.08
3230,CN-202023-1340062,2024-08-17,2024-08-23,标准级,贾君-15160,贾君,消费者,图们,吉林,中国,东北,家具-用具-10003876,家具,用具,"Deflect-O 相框, 一包多件",484.96,2,0.0,38.64
3238,US-202023-5747151,2024-08-24,2024-08-28,标准级,谭临-17455,谭临耀,消费者,鞍山,辽宁,中国,东北,家具-椅子-10004559,家具,椅子,"SAFCO 折叠椅, 可调",2222.64,9,0.4,-740.88
3239,US-202023-5747151,2024-08-24,2024-08-28,标准级,谭临-17455,谭临耀,消费者,鞍山,辽宁,中国,东北,家具-桌子-10003757,家具,桌子,"Chromcraft 木桌, 组装",7227.584,8,0.6,-3433.696
3240,US-202023-5747151,2024-08-24,2024-08-28,标准级,谭临-17455,谭临耀,消费者,鞍山,辽宁,中国,东北,办公用-美术-10001893,办公用品,美术,"Binney & Smith 速写本, 混合尺寸",92.4,2,0.8,-198.8
3246,CN-202023-3490468,2024-09-23,2024-09-25,一级,葛欢-14215,葛欢,公司,上海,上海,中国,华东,技术-复印-10002061,技术,复印机,"Hewlett 无线传真机, 彩色",1780.94,1,0.0,641.06
3249,CN-202023-5223739,2024-05-18,2024-05-22,二级,徐菊-15070,徐菊,消费者,双鸭山,黑龙江,中国,东北,办公用-装订-10000219,办公用品,装订机,"Ibico 装订机, 回收",221.76,3,0.0,70.56
3250,CN-202023-5223739,2024-05-18,2024-05-22,二级,徐菊-15070,徐菊,消费者,双鸭山,黑龙江,中国,东北,办公用-标签-10003755,办公用品,标签,"Novimex 可去除的标签, 白色",138.18,3,0.0,57.96
3251,CN-202023-2964244,2024-11-06,2024-11-10,二级,肖崆-15520,肖崆,消费者,枝城,浙江,中国,华东,办公用-器具-10000589,办公用品,器具,"Breville 炉灶, 白色",15671.04,10,0.4,-6791.96
3252,CN-202023-2964244,2024-11-06,2024-11-10,二级,肖崆-15520,肖崆,消费者,枝城,浙江,中国,华东,家具-椅子-10004126,家具,椅子,"Novimex 折叠椅, 黑色",670.32,3,0.4,-380.1
3253,CN-202023-2964244,2024-11-06,2024-11-10,二级,肖崆-15520,肖崆,消费者,枝城,浙江,中国,华东,办公用-信封-10002389,办公用品,信封,"Kraft 外皮和封条, 每套 50 个",191.24,2,0.0,0.0
3254,CN-202023-2964244,2024-11-06,2024-11-10,二级,肖崆-15520,肖崆,消费者,枝城,浙江,中国,华东,办公用-用品-10002354,办公用品,用品,"Stiletto 美工刀, 工业",315.756,3,0.4,-37.044
3256,US-202023-1091379,2024-08-05,2024-08-11,标准级,黄盛-20350,黄盛,小型企业,景德镇,江西,中国,华东,家具-桌子-10003906,家具,桌子,"Hon 会议桌, 黑色",18061.008,7,0.4,-4515.252
3257,US-202023-1091379,2024-08-05,2024-08-11,标准级,黄盛-20350,黄盛,小型企业,景德镇,江西,中国,华东,办公用-装订-10001547,办公用品,装订机,"Ibico 孔加固材料, 回收",68.6,2,0.0,23.24
3258,US-202023-1091379,2024-08-05,2024-08-11,标准级,黄盛-20350,黄盛,小型企业,景德镇,江西,中国,华东,办公用-系固-10003670,办公用品,系固件,"Advantus 按钉, 混合尺寸",166.32,3,0.0,74.76
3259,US-202023-1091379,2024-08-05,2024-08-11,标准级,黄盛-20350,黄盛,小型企业,景德镇,江西,中国,华东,技术-配件-10003355,技术,配件,"Enermax 闪存驱动器, 耐用",778.96,4,0.0,155.68
3260,US-202023-1091379,2024-08-05,2024-08-11,标准级,黄盛-20350,黄盛,小型企业,景德镇,江西,中国,华东,办公用-用品-10004475,办公用品,用品,"Kleencut 剪刀, 蓝色",312.06,3,0.0,112.14
3261,US-202023-1091379,2024-08-05,2024-08-11,标准级,黄盛-20350,黄盛,小型企业,景德镇,江西,中国,华东,办公用-装订-10001192,办公用品,装订机,"Avery 标签, 透明",54.04,2,0.0,19.88
3262,US-202023-1091379,2024-08-05,2024-08-11,标准级,黄盛-20350,黄盛,小型企业,景德镇,江西,中国,华东,办公用-收纳-10002430,办公用品,收纳具,"Rogers 文件车, 单宽度",1321.88,2,0.0,528.64
3279,CN-202023-1512811,2024-05-14,2024-05-18,标准级,付立-16750,付立,消费者,延吉,吉林,中国,东北,办公用-收纳-10002508,办公用品,收纳具,"Fellowes 锁柜, 单宽度",1935.36,2,0.0,754.6
3289,US-202023-1300278,2024-08-05,2024-08-08,一级,邵黎-16405,邵黎明,小型企业,大连,辽宁,中国,东北,办公用-系固-10002504,办公用品,系固件,"Stockwell 订书钉, 混合尺寸",115.5,5,0.4,-77.0
3307,CN-202023-3555396,2024-10-07,2024-10-10,二级,葛毅-12505,葛毅,消费者,哈尔滨,黑龙江,中国,东北,技术-配件-10002107,技术,配件,"贝尔金 闪存驱动器, 实惠",1174.32,6,0.0,152.04
3318,CN-202023-5896840,2024-11-19,2024-11-24,标准级,殷丽-17695,殷丽雪,消费者,石家庄,河北,中国,华北,家具-书架-10004006,家具,书架,"Sauder 柜, 黑色",1568.28,2,0.0,297.92
3319,CN-202023-5896840,2024-11-19,2024-11-24,标准级,殷丽-17695,殷丽雪,消费者,石家庄,河北,中国,华北,办公用-纸张-10001282,办公用品,纸张,"Enermax 笔记本, 每包 12 个",456.96,3,0.0,118.44
3320,US-202023-4889288,2024-02-10,2024-02-14,标准级,周诚-11290,周诚,消费者,宁波,浙江,中国,华东,办公用-装订-10002471,办公用品,装订机,"Acco 订书机, 实惠",572.208,4,0.4,-86.352
3321,CN-202023-4650370,2024-03-19,2024-03-24,标准级,施莲-17065,施莲,消费者,平顶山,河南,中国,中南,办公用-标签-10004705,办公用品,标签,"Harbour Creations 合法证物标签, 可调",289.1,7,0.0,1.96
3330,CN-202023-5308381,2024-07-17,2024-07-21,标准级,叶琪-19225,叶琪,消费者,济南,山东,中国,华东,技术-电话-10004578,技术,电话,"思科 智能手机, 蓝色",3877.44,6,0.0,775.32
3331,CN-202023-2554132,2024-10-24,2024-10-29,标准级,邵杰-14770,邵杰,小型企业,太原,山西,中国,华北,技术-电话-10001542,技术,电话,"思科 办公室电话机, 混合尺寸",777.56,2,0.0,31.08
3332,CN-202023-2554132,2024-10-24,2024-10-29,标准级,邵杰-14770,邵杰,小型企业,太原,山西,中国,华北,家具-椅子-10004186,家具,椅子,"Novimex 凳子, 可调",2337.3,3,0.0,1051.68
3333,CN-202023-2554132,2024-10-24,2024-10-29,标准级,邵杰-14770,邵杰,小型企业,太原,山西,中国,华北,办公用-系固-10004381,办公用品,系固件,"Accos 图钉, 金属",322.0,5,0.0,12.6
3334,CN-202023-2554132,2024-10-24,2024-10-29,标准级,邵杰-14770,邵杰,小型企业,太原,山西,中国,华北,办公用-器具-10000251,办公用品,器具,"KitchenAid 搅拌机, 白色",1357.86,3,0.0,244.02
3335,CN-202023-2554132,2024-10-24,2024-10-29,标准级,邵杰-14770,邵杰,小型企业,太原,山西,中国,华北,办公用-标签-10001271,办公用品,标签,"Smead 有色标签, 白色",60.9,1,0.0,29.12
3336,CN-202023-2752724,2024-09-15,2024-09-20,二级,顾升-20125,顾升,小型企业,宁阳,山东,中国,华东,家具-用具-10003114,家具,用具,"Advantus 闹钟, 一包多件",1680.7,7,0.0,588.0
3346,CN-202023-5667067,2024-02-04,2024-02-09,标准级,薛博-10510,薛博,消费者,沈阳,辽宁,中国,东北,办公用-收纳-10002706,办公用品,收纳具,"Eldon 盘, 金属",1536.64,7,0.0,690.9
3349,CN-202023-2033462,2024-03-16,2024-03-20,标准级,徐谙-18895,徐谙,消费者,富阳,浙江,中国,华东,办公用-纸张-10002817,办公用品,纸张,"Eaton 笔记本, 回收",618.1,5,0.0,30.8
3351,CN-202023-2841000,2024-10-09,2024-10-11,二级,雷木-18415,雷木兰,消费者,北京,北京,中国,华北,办公用-装订-10001158,办公用品,装订机,"Avery 装订机盖, 实惠",154.98,3,0.0,9.24
3352,CN-202023-2841000,2024-10-09,2024-10-11,二级,雷木-18415,雷木兰,消费者,北京,北京,中国,华北,家具-椅子-10003795,家具,椅子,"Harbour Creations 沙滩椅, 红色",575.12,2,0.0,195.44
3353,CN-202023-2841000,2024-10-09,2024-10-11,二级,雷木-18415,雷木兰,消费者,北京,北京,中国,华北,家具-椅子-10003410,家具,椅子,"Hon 沙滩椅, 红色",1896.3,9,0.0,94.5
3354,CN-202023-2841000,2024-10-09,2024-10-11,二级,雷木-18415,雷木兰,消费者,北京,北京,中国,华北,办公用-美术-10003303,办公用品,美术,"Stanley 荧光笔, 整包",209.58,3,0.0,10.08
3355,CN-202023-3898543,2024-04-23,2024-04-27,标准级,邱升-20080,邱升,消费者,东营,山东,中国,华东,办公用-信封-10000866,办公用品,信封,"Jiffy 外皮和封条, 银色",522.9,5,0.0,245.7
3356,CN-202023-3898543,2024-04-23,2024-04-27,标准级,邱升-20080,邱升,消费者,东营,山东,中国,华东,家具-书架-10002304,家具,书架,"Safco 墙角架, 传统",2092.44,3,0.0,1004.22
3357,US-202023-2312244,2024-08-05,2024-08-10,二级,曹鹏-19090,曹鹏,消费者,锡林浩特,内蒙古,中国,华北,办公用-美术-10002785,办公用品,美术,"Binney & Smith 钢笔, 混合尺寸",42.336,3,0.8,-80.724
3358,US-202023-2312244,2024-08-05,2024-08-10,二级,曹鹏-19090,曹鹏,消费者,锡林浩特,内蒙古,中国,华北,办公用-器具-10003069,办公用品,器具,"KitchenAid 咖啡研磨机, 银色",1196.496,6,0.4,-518.784
3363,US-202023-5180154,2024-11-27,2024-11-29,一级,夏芯-13960,夏芯,消费者,温州,浙江,中国,华东,办公用-装订-10003676,办公用品,装订机,"Ibico 订书机, 透明",569.856,4,0.4,56.896
3364,US-202023-5180154,2024-11-27,2024-11-29,一级,夏芯-13960,夏芯,消费者,温州,浙江,中国,华东,办公用-用品-10002903,办公用品,用品,"Elite 大剪刀, 锯齿状",856.716,7,0.4,-72.324
3365,US-202023-5180154,2024-11-27,2024-11-29,一级,夏芯-13960,夏芯,消费者,温州,浙江,中国,华东,技术-配件-10002013,技术,配件,"SanDisk 闪存驱动器, 实惠",332.136,3,0.4,-5.544
3366,US-202023-5180154,2024-11-27,2024-11-29,一级,夏芯-13960,夏芯,消费者,温州,浙江,中国,华东,家具-用具-10003545,家具,用具,"Tenex 相框, 优质",423.864,3,0.4,-0.336
3367,US-202023-5180154,2024-11-27,2024-11-29,一级,夏芯-13960,夏芯,消费者,温州,浙江,中国,华东,家具-桌子-10001198,家具,桌子,"Chromcraft 电脑桌, 组装",830.48,1,0.6,-436.1
3368,US-202023-5180154,2024-11-27,2024-11-29,一级,夏芯-13960,夏芯,消费者,温州,浙江,中国,华东,技术-配件-10000196,技术,配件,"罗技 闪存驱动器, 可编程",268.884,3,0.4,-89.796
3369,US-202023-5180154,2024-11-27,2024-11-29,一级,夏芯-13960,夏芯,消费者,温州,浙江,中国,华东,办公用-信封-10004832,办公用品,信封,"Kraft 商业信封, 银色",263.76,3,0.0,107.94
3370,US-202023-1346492,2024-06-17,2024-06-20,二级,潘惠-14425,潘惠,消费者,鹿城,安徽,中国,华东,办公用-装订-10000622,办公用品,装订机,"Cardinal 打孔机, 实惠",403.2,3,0.0,36.12
3371,US-202023-1346492,2024-06-17,2024-06-20,二级,潘惠-14425,潘惠,消费者,鹿城,安徽,中国,华东,办公用-系固-10004525,办公用品,系固件,"Stockwell 橡皮筋, 混合尺寸",443.94,7,0.0,212.66
3372,US-202023-1346492,2024-06-17,2024-06-20,二级,潘惠-14425,潘惠,消费者,鹿城,安徽,中国,华东,技术-复印-10000732,技术,复印机,"Hewlett 个人复印机, 彩色",2039.94,3,0.0,346.5
3373,US-202023-1346492,2024-06-17,2024-06-20,二级,潘惠-14425,潘惠,消费者,鹿城,安徽,中国,华东,技术-电话-10002221,技术,电话,"苹果 音频基座, 全尺寸",2354.52,3,0.0,894.6
3374,US-202023-1346492,2024-06-17,2024-06-20,二级,潘惠-14425,潘惠,消费者,鹿城,安徽,中国,华东,家具-用具-10000331,家具,用具,"Advantus 门挡, 一包多件",631.26,3,0.0,252.42
3375,US-202023-1346492,2024-06-17,2024-06-20,二级,潘惠-14425,潘惠,消费者,鹿城,安徽,中国,华东,家具-书架-10000631,家具,书架,"Dania 古典书架, 金属",11486.16,6,0.0,1263.36
3376,US-202023-1346492,2024-06-17,2024-06-20,二级,潘惠-14425,潘惠,消费者,鹿城,安徽,中国,华东,办公用-用品-10002091,办公用品,用品,"Fiskars 美工刀, 工业",866.6,5,0.0,103.6
3377,CN-202023-4242366,2024-01-20,2024-01-24,标准级,熊荣-19720,熊荣,消费者,大连,辽宁,中国,东北,办公用-收纳-10004673,办公用品,收纳具,"Smead 盒, 蓝色",100.52,2,0.0,1.96
3378,CN-202023-4242366,2024-01-20,2024-01-24,标准级,熊荣-19720,熊荣,消费者,大连,辽宁,中国,东北,办公用-信封-10003644,办公用品,信封,"Kraft 外皮和封条, 回收",90.02,1,0.0,25.2
3379,CN-202023-4242366,2024-01-20,2024-01-24,标准级,熊荣-19720,熊荣,消费者,大连,辽宁,中国,东北,办公用-信封-10003687,办公用品,信封,"Cameo 局间信封, 红色",475.72,2,0.0,52.08
3380,CN-202023-4242366,2024-01-20,2024-01-24,标准级,熊荣-19720,熊荣,消费者,大连,辽宁,中国,东北,家具-书架-10001013,家具,书架,"Dania 搁架, 白色",962.472,2,0.4,-160.608
3382,CN-202023-5844938,2024-10-19,2024-10-23,标准级,牛黎-16390,牛黎明,公司,洛阳,福建,中国,华东,技术-电话-10003828,技术,电话,"摩托罗拉 充电器, 混合尺寸",27112.68,9,0.0,3253.32
3383,CN-202023-4190541,2024-01-14,2024-01-18,标准级,邢柏-18970,邢柏,小型企业,乐城,广东,中国,中南,办公用-纸张-10004665,办公用品,纸张,"Green Bar 羊皮纸, 回收",541.94,7,0.0,253.82
3385,CN-202023-2063413,2024-09-15,2024-09-17,一级,毛丽-16225,毛丽美,公司,北京,北京,中国,华北,办公用-收纳-10003383,办公用品,收纳具,"Eldon 盘, 蓝色",671.58,3,0.0,53.34
3391,CN-202023-2418676,2024-07-21,2024-07-25,标准级,楚娟-15115,楚娟,消费者,长沙,湖南,中国,中南,办公用-美术-10002569,办公用品,美术,"Stanley 画布, 金属",568.176,3,0.2,156.156
3395,CN-202023-2306215,2024-01-11,2024-01-11,当日,涂安-10285,涂安,公司,湛江,广东,中国,中南,办公用-收纳-10004035,办公用品,收纳具,"Rogers 盘, 蓝色",3166.24,11,0.0,1107.26
3397,CN-202023-3883671,2024-12-07,2024-12-07,当日,吕丽-15895,吕丽,公司,武汉,湖北,中国,中南,办公用-信封-10004013,办公用品,信封,"GlobeWeis 外皮和封条, 每套 50 个",299.46,3,0.0,17.64
3398,US-202023-2505404,2024-12-26,2024-12-31,标准级,贾柏-18910,贾柏,小型企业,常州,江苏,中国,华东,技术-电话-10002745,技术,电话,"苹果 智能手机, 蓝色",1035.72,3,0.4,-172.62
3399,US-202023-2505404,2024-12-26,2024-12-31,标准级,贾柏-18910,贾柏,小型企业,常州,江苏,中国,华东,家具-书架-10004191,家具,书架,"Dania 柜, 金属",1183.644,3,0.4,-552.636
3400,US-202023-2505404,2024-12-26,2024-12-31,标准级,贾柏-18910,贾柏,小型企业,常州,江苏,中国,华东,办公用-装订-10003079,办公用品,装订机,"Acco 标签, 实惠",168.168,7,0.4,16.268
3401,US-202023-2505404,2024-12-26,2024-12-31,标准级,贾柏-18910,贾柏,小型企业,常州,江苏,中国,华东,办公用-纸张-10000506,办公用品,纸张,"Enermax 羊皮纸, 优质",287.28,4,0.0,103.04
3406,CN-202023-3074981,2024-12-18,2024-12-25,标准级,曹冬-12445,曹冬露,消费者,朝阳,辽宁,中国,东北,技术-设备-10004709,技术,设备,"冲电器 喷墨打印机, 耐用",5865.44,4,0.0,938.0
3407,US-202023-2697955,2024-10-02,2024-10-07,标准级,陈丽-17605,陈丽雪,公司,大连,辽宁,中国,东北,办公用-系固-10003093,办公用品,系固件,"OIC 图钉, 整包",118.188,3,0.4,-37.632
3408,US-202023-2697955,2024-10-02,2024-10-07,标准级,陈丽-17605,陈丽雪,公司,大连,辽宁,中国,东北,办公用-装订-10001062,办公用品,装订机,"Acco 订书机, 回收",288.12,2,0.4,-81.76
3412,CN-202023-1361457,2024-05-12,2024-05-16,标准级,袁德-12115,袁德,消费者,任丘,河北,中国,华北,办公用-装订-10004167,办公用品,装订机,"Ibico 孔加固材料, 实惠",163.1,5,0.0,1.4
3413,CN-202023-4015472,2024-08-27,2024-09-01,标准级,常宣-20800,常宣,消费者,沙市,湖北,中国,中南,办公用-装订-10002545,办公用品,装订机,"Wilson Jones 订书机, 实惠",137.088,1,0.4,6.748
3419,CN-202023-2919347,2024-07-21,2024-07-22,当日,田磊-16120,田磊,小型企业,胶南,山东,中国,华东,办公用-美术-10004988,办公用品,美术,"Stanley 铅笔刀, 混合尺寸",391.44,3,0.0,42.84
3420,CN-202023-2919347,2024-07-21,2024-07-22,当日,田磊-16120,田磊,小型企业,胶南,山东,中国,华东,技术-电话-10000762,技术,电话,"摩托罗拉 充电器, 全尺寸",27047.16,9,0.0,1621.62
3421,CN-202023-2919347,2024-07-21,2024-07-22,当日,田磊-16120,田磊,小型企业,胶南,山东,中国,华东,办公用-系固-10004946,办公用品,系固件,"OIC 橡皮筋, 混合尺寸",406.56,6,0.0,93.24
3422,CN-202023-2919347,2024-07-21,2024-07-22,当日,田磊-16120,田磊,小型企业,胶南,山东,中国,华东,办公用-用品-10004001,办公用品,用品,"Fiskars 大剪刀, 蓝色",889.28,4,0.0,79.52
3432,CN-202023-4225447,2024-10-28,2024-11-01,标准级,彭博-10555,彭博,公司,咸阳,陕西,中国,西北,办公用-用品-10003039,办公用品,用品,"Acme 开信刀, 锯齿状",627.9,5,0.0,269.5
3433,CN-202023-4225447,2024-10-28,2024-11-01,标准级,彭博-10555,彭博,公司,咸阳,陕西,中国,西北,办公用-装订-10002471,办公用品,装订机,"Acco 订书机, 实惠",715.26,3,0.0,221.34
3434,CN-202023-5278891,2024-11-23,2024-11-30,标准级,林磊-16045,林磊,小型企业,抚顺,辽宁,中国,东北,办公用-收纳-10001403,办公用品,收纳具,"Eldon 文件夹, 蓝色",396.2,5,0.0,130.2
3435,CN-202023-2938026,2024-06-20,2024-06-23,二级,贺平-19105,贺平,消费者,阳泉,山西,中国,华北,办公用-用品-10004578,办公用品,用品,"Stiletto 开信刀, 工业",700.0,5,0.0,63.0
3436,CN-202023-4927110,2024-07-20,2024-07-26,标准级,孙雯-21805,孙雯,公司,丹东,辽宁,中国,东北,办公用-纸张-10002896,办公用品,纸张,"Enermax 令, 优质",265.72,2,0.0,10.36
3437,CN-202023-4927110,2024-07-20,2024-07-26,标准级,孙雯-21805,孙雯,公司,丹东,辽宁,中国,东北,办公用-装订-10003079,办公用品,装订机,"Acco 标签, 实惠",96.096,4,0.4,9.296
3447,CN-202023-4178476,2024-08-03,2024-08-08,标准级,邓保-10375,邓保,消费者,义乌,浙江,中国,华东,家具-桌子-10004811,家具,桌子,"Barricks 咖啡桌, 长方形",3907.848,7,0.6,-2345.532
3448,CN-202023-4178476,2024-08-03,2024-08-08,标准级,邓保-10375,邓保,消费者,义乌,浙江,中国,华东,办公用-信封-10002675,办公用品,信封,"Ames 邮寄品, 银色",357.0,2,0.0,149.8
3449,US-202023-3769666,2024-08-28,2024-09-02,标准级,邢盛-20335,邢盛,消费者,景德镇,江西,中国,华东,办公用-标签-10004705,办公用品,标签,"Harbour Creations 合法证物标签, 可调",165.2,4,0.0,1.12
3450,US-202023-3769666,2024-08-28,2024-09-02,标准级,邢盛-20335,邢盛,消费者,景德镇,江西,中国,华东,家具-椅子-10004559,家具,椅子,"SAFCO 折叠椅, 可调",1646.4,4,0.0,329.28
3454,CN-202023-2292031,2024-06-03,2024-06-05,一级,潘惠-14425,潘惠,消费者,吉林市,吉林,中国,东北,办公用-纸张-10000864,办公用品,纸张,"SanDisk 备忘录便条, 多色",171.64,2,0.0,53.2
3461,CN-202023-4178476,2024-01-11,2024-01-15,标准级,倪爽-20545,倪爽,公司,南昌,江西,中国,华东,办公用-标签-10000258,办公用品,标签,"Harbour Creations 文件夹标签, 红色",199.5,5,0.0,49.7
3462,CN-202023-4178476,2024-01-11,2024-01-15,标准级,倪爽-20545,倪爽,公司,南昌,江西,中国,华东,办公用-信封-10001318,办公用品,信封,"GlobeWeis 搭扣信封, 回收",40.6,1,0.0,6.02
3464,US-202023-4861225,2024-10-22,2024-10-28,标准级,韦松-20770,韦松,公司,武汉,湖北,中国,中南,办公用-器具-10003452,办公用品,器具,"KitchenAid 搅拌机, 黑色",825.552,3,0.4,-0.168
3465,US-202023-4861225,2024-10-22,2024-10-28,标准级,韦松-20770,韦松,公司,武汉,湖北,中国,中南,技术-配件-10004228,技术,配件,"Enermax 键盘, 回收",1592.892,7,0.4,-186.788
3468,CN-202023-5869494,2024-11-09,2024-11-13,标准级,杨诚-11380,杨诚,公司,浦阳,浙江,中国,华东,家具-用具-10001977,家具,用具,"Eldon 框架, 优质",2251.452,7,0.4,224.812
3474,CN-202023-2448028,2024-12-10,2024-12-14,标准级,马凤-12925,马凤,消费者,浯溪,湖南,中国,中南,办公用-收纳-10004384,办公用品,收纳具,"Smead 锁柜, 金属",4608.1,5,0.0,2165.8
3475,CN-202023-2448028,2024-12-10,2024-12-14,标准级,马凤-12925,马凤,消费者,浯溪,湖南,中国,中南,办公用-标签-10004762,办公用品,标签,"Hon 运输标签, 耐用",54.88,1,0.0,26.88
3476,CN-202023-2448028,2024-12-10,2024-12-14,标准级,马凤-12925,马凤,消费者,浯溪,湖南,中国,中南,家具-用具-10003844,家具,用具,"Rubvermaid 灯泡, 黑色",703.36,8,0.0,105.28
3477,CN-202023-4092793,2024-05-28,2024-05-30,一级,彭娜-18550,彭娜,消费者,潍坊,山东,中国,华东,家具-椅子-10002837,家具,椅子,"Office Star 折叠椅, 可调",3077.2,7,0.0,430.22
3478,CN-202023-4092793,2024-05-28,2024-05-30,一级,彭娜-18550,彭娜,消费者,潍坊,山东,中国,华东,家具-书架-10004286,家具,书架,"Dania 墙角架, 黑色",1727.88,3,0.0,310.8
3479,CN-202023-4092793,2024-05-28,2024-05-30,一级,彭娜-18550,彭娜,消费者,潍坊,山东,中国,华东,技术-设备-10004664,技术,设备,"柯尼卡 计算器, 多色",481.88,2,0.0,4.76
3481,CN-202023-2779535,2024-04-08,2024-04-14,标准级,巩关-15595,巩关茵,公司,东宁,黑龙江,中国,东北,家具-用具-10003114,家具,用具,"Advantus 闹钟, 一包多件",720.3,3,0.0,252.0
3482,CN-202023-2779535,2024-04-08,2024-04-14,标准级,巩关-15595,巩关茵,公司,东宁,黑龙江,中国,东北,家具-书架-10000111,家具,书架,"Bush 书架, 传统",576.38,1,0.0,265.02
3484,CN-202023-3981825,2024-04-09,2024-04-10,一级,康丽-15865,康丽,消费者,遵义,贵州,中国,西南,办公用-器具-10000176,办公用品,器具,"Breville 烤面包机, 黑色",1421.28,4,0.0,312.48
3485,CN-202023-3981825,2024-04-09,2024-04-10,一级,康丽-15865,康丽,消费者,遵义,贵州,中国,西南,办公用-信封-10002247,办公用品,信封,"Cameo 搭扣信封, 每套 50 个",88.76,2,0.0,36.12
3487,US-202023-1525230,2024-03-09,2024-03-09,当日,谢斯-20950,谢斯云,公司,岳阳,湖南,中国,中南,办公用-装订-10002021,办公用品,装订机,"Wilson Jones 装订机, 透明",174.72,3,0.0,78.54
3488,US-202023-1525230,2024-03-09,2024-03-09,当日,谢斯-20950,谢斯云,公司,岳阳,湖南,中国,中南,办公用-系固-10001531,办公用品,系固件,"OIC 橡皮筋, 整包",159.32,2,0.0,26.88
3493,US-202023-4764837,2024-08-10,2024-08-16,标准级,邵黎-16420,邵黎明,公司,北京,北京,中国,华北,办公用-用品-10003385,办公用品,用品,"Elite 剪刀, 工业",338.1,3,0.0,67.62
3494,US-202023-4764837,2024-08-10,2024-08-16,标准级,邵黎-16420,邵黎明,公司,北京,北京,中国,华北,技术-复印-10000801,技术,复印机,"Hewlett 传真机, 每套两件",8957.76,6,0.0,357.84
3495,US-202023-4764837,2024-08-10,2024-08-16,标准级,邵黎-16420,邵黎明,公司,北京,北京,中国,华北,办公用-收纳-10002847,办公用品,收纳具,"Tenex 文件车, 金属",1864.8,3,0.0,596.4
3497,CN-202023-2578637,2024-07-11,2024-07-16,标准级,常明-18340,常明媚,消费者,天津,天津,中国,华北,办公用-收纳-10000379,办公用品,收纳具,"Smead 锁柜, 工业",2784.6,3,0.0,640.08
3498,CN-202023-2872339,2024-05-26,2024-06-01,标准级,龙谦-19300,龙谦,消费者,泰兴,江苏,中国,华东,技术-设备-10004535,技术,设备,"冲电器 卡片打印机, 白色",4878.72,10,0.4,243.32
3499,CN-202023-2872339,2024-05-26,2024-06-01,标准级,龙谦-19300,龙谦,消费者,泰兴,江苏,中国,华东,技术-电话-10002053,技术,电话,"思科 耳机, 全尺寸",753.732,3,0.4,-50.568
3500,CN-202023-2872339,2024-05-26,2024-06-01,标准级,龙谦-19300,龙谦,消费者,泰兴,江苏,中国,华东,办公用-纸张-10003597,办公用品,纸张,"施乐 令, 多色",129.5,1,0.0,5.18
3501,CN-202023-2872339,2024-05-26,2024-06-01,标准级,龙谦-19300,龙谦,消费者,泰兴,江苏,中国,华东,技术-电话-10002929,技术,电话,"三星 耳机, 蓝色",614.88,3,0.4,-307.44
3502,CN-202023-2872339,2024-05-26,2024-06-01,标准级,龙谦-19300,龙谦,消费者,泰兴,江苏,中国,华东,办公用-器具-10003268,办公用品,器具,"Hamilton Beach 搅拌机, 红色",1392.384,7,0.4,-441.196
3503,CN-202023-2577941,2024-06-04,2024-06-08,标准级,夏平-19120,夏平,消费者,大同,安徽,中国,华东,办公用-用品-10004606,办公用品,用品,"Elite 尺子, 锯齿状",196.0,4,0.0,56.56
3504,CN-202023-3188485,2024-11-27,2024-12-01,标准级,薛磊-15985,薛磊,消费者,丹东,辽宁,中国,东北,家具-书架-10004733,家具,书架,"宜家 古典书架, 白色",4639.824,4,0.4,-928.256
3505,CN-202023-3188485,2024-11-27,2024-12-01,标准级,薛磊-15985,薛磊,消费者,丹东,辽宁,中国,东北,办公用-系固-10002226,办公用品,系固件,"Advantus 图钉, 金属",191.94,5,0.4,-45.36
3506,US-202023-3139690,2024-08-17,2024-08-23,标准级,田丽-16270,田丽美,消费者,潍坊,山东,中国,华东,办公用-装订-10001901,办公用品,装订机,"Acco 孔加固材料, 回收",229.32,7,0.0,3.92
3507,US-202023-3139690,2024-08-17,2024-08-23,标准级,田丽-16270,田丽美,消费者,潍坊,山东,中国,华东,办公用-美术-10003716,办公用品,美术,"BIC 铅笔刀, 整包",683.2,5,0.0,313.6
3508,US-202023-3139690,2024-08-17,2024-08-23,标准级,田丽-16270,田丽美,消费者,潍坊,山东,中国,华东,办公用-标签-10001271,办公用品,标签,"Smead 有色标签, 白色",243.6,4,0.0,116.48
3509,CN-202023-3232413,2024-05-29,2024-06-03,标准级,肖岱-11845,肖岱,公司,鄂州,湖北,中国,中南,办公用-装订-10001901,办公用品,装订机,"Acco 孔加固材料, 回收",58.968,3,0.4,-37.632
3510,CN-202023-3232413,2024-05-29,2024-06-03,标准级,肖岱-11845,肖岱,公司,鄂州,湖北,中国,中南,家具-椅子-10001397,家具,椅子,"Novimex 摇椅, 可调",1124.928,3,0.4,-581.532
3511,US-202023-1172542,2024-04-06,2024-04-10,标准级,楚聪-11635,楚聪,消费者,营口,辽宁,中国,东北,技术-设备-10000073,技术,设备,"爱普生 计算器, 白色",376.488,3,0.4,-25.452
3520,US-202023-1184235,2024-12-03,2024-12-06,二级,万虹-13900,万虹,消费者,阿克苏,新疆,中国,西北,办公用-器具-10003582,办公用品,器具,"KitchenAid 冰箱, 黑色",4922.12,2,0.0,836.64
3521,CN-202023-4266965,2024-07-16,2024-07-17,一级,范谙-18760,范谙,消费者,湛江,广东,中国,中南,家具-椅子-10003924,家具,椅子,"Novimex 扶手椅, 可调",5801.544,3,0.1,1740.144
3522,CN-202023-5088117,2024-09-29,2024-10-03,标准级,黄磊-16000,黄磊,消费者,肃州,甘肃,中国,西北,家具-用具-10001387,家具,用具,"Tenex 灯泡, 耐用",44.688,1,0.4,7.448
3524,CN-202023-1887568,2024-11-30,2024-12-01,一级,麦德-12085,麦德,公司,深圳,广东,中国,中南,技术-电话-10002069,技术,电话,"苹果 音频基座, 混合尺寸",9505.44,12,0.0,1520.4
3525,CN-202023-1887568,2024-11-30,2024-12-01,一级,麦德-12085,麦德,公司,深圳,广东,中国,中南,办公用-装订-10003764,办公用品,装订机,"Acco 装订机盖, 回收",446.88,7,0.0,218.54
3526,US-202023-4741910,2024-12-02,2024-12-06,标准级,邱栋-12265,邱栋,消费者,昌图,辽宁,中国,东北,办公用-器具-10004848,办公用品,器具,"KitchenAid 烤面包机, 白色",701.064,3,0.4,-444.276
3529,CN-202023-2062805,2024-03-09,2024-03-11,一级,刘立-16810,刘立,消费者,桂林,广西,中国,中南,办公用-纸张-10003968,办公用品,纸张,"SanDisk 备忘录便条, 优质",237.72,3,0.0,11.76
3530,CN-202023-2062805,2024-03-09,2024-03-11,一级,刘立-16810,刘立,消费者,桂林,广西,中国,中南,技术-电话-10003674,技术,电话,"三星 耳机, 全尺寸",1390.48,4,0.0,444.64
3531,CN-202023-2062805,2024-03-09,2024-03-11,一级,刘立-16810,刘立,消费者,桂林,广西,中国,中南,办公用-收纳-10004768,办公用品,收纳具,"Tenex 搁板, 金属",752.22,3,0.0,300.72
3532,CN-202023-2062805,2024-03-09,2024-03-11,一级,刘立-16810,刘立,消费者,桂林,广西,中国,中南,办公用-美术-10002760,办公用品,美术,"Binney & Smith 荧光笔, 混合尺寸",147.616,2,0.2,3.416
3533,CN-202023-2062805,2024-03-09,2024-03-11,一级,刘立-16810,刘立,消费者,桂林,广西,中国,中南,办公用-系固-10002716,办公用品,系固件,"Stockwell 夹子, 金属",180.6,2,0.0,8.96
3534,CN-202023-2062805,2024-03-09,2024-03-11,一级,刘立-16810,刘立,消费者,桂林,广西,中国,中南,办公用-装订-10000850,办公用品,装订机,"Wilson Jones 装订机盖, 回收",377.3,7,0.0,67.62
3535,CN-202023-2062805,2024-03-09,2024-03-11,一级,刘立-16810,刘立,消费者,桂林,广西,中国,中南,技术-复印-10000413,技术,复印机,"Hewlett 传真复印机, 红色",1783.32,2,0.0,178.08
3536,CN-202023-2062805,2024-03-09,2024-03-11,一级,刘立-16810,刘立,消费者,桂林,广西,中国,中南,办公用-用品-10004613,办公用品,用品,"Elite 美工刀, 工业",340.76,2,0.0,88.48
3537,CN-202023-2062805,2024-03-09,2024-03-11,一级,刘立-16810,刘立,消费者,桂林,广西,中国,中南,技术-配件-10000078,技术,配件,"罗技 键盘, 耐用",1695.4,5,0.0,372.4
3549,CN-202023-1608087,2024-11-14,2024-11-21,标准级,曹冬-12445,曹冬露,消费者,辽阳,辽宁,中国,东北,办公用-标签-10004317,办公用品,标签,"Novimex 圆形标签, 耐用",93.24,3,0.0,34.44
3550,CN-202023-1608087,2024-11-14,2024-11-21,标准级,曹冬-12445,曹冬露,消费者,辽阳,辽宁,中国,东北,办公用-器具-10000589,办公用品,器具,"Breville 炉灶, 白色",6268.416,4,0.4,-2716.784
3551,CN-202023-1608087,2024-11-14,2024-11-21,标准级,曹冬-12445,曹冬露,消费者,辽阳,辽宁,中国,东北,技术-电话-10001791,技术,电话,"摩托罗拉 智能手机, 全尺寸",366.996,1,0.4,-201.964
3552,CN-202023-1608087,2024-11-14,2024-11-21,标准级,曹冬-12445,曹冬露,消费者,辽阳,辽宁,中国,东北,办公用-信封-10003240,办公用品,信封,"Kraft 局间信封, 回收",213.36,1,0.0,59.64
3556,CN-202023-4713954,2024-12-03,2024-12-07,标准级,秦诚-11245,秦诚,公司,鹤岗,黑龙江,中国,东北,办公用-信封-10003126,办公用品,信封,"Ames 邮寄品, 回收",323.4,2,0.0,42.0
3558,CN-202023-3670764,2024-08-18,2024-08-22,标准级,邵兰-15715,邵兰,消费者,九江,江西,中国,华东,技术-电话-10001017,技术,电话,"三星 办公室电话机, 混合尺寸",952.98,3,0.0,104.58
3561,US-202023-5463213,2024-03-28,2024-03-31,一级,吴磊-16165,吴磊,公司,抚顺,辽宁,中国,东北,办公用-系固-10002224,办公用品,系固件,"Advantus 图钉, 每包 12 个",145.824,4,0.4,-29.456
3562,US-202023-5463213,2024-03-28,2024-03-31,一级,吴磊-16165,吴磊,公司,抚顺,辽宁,中国,东北,办公用-装订-10000622,办公用品,装订机,"Cardinal 打孔机, 实惠",161.28,2,0.4,-83.44
3563,US-202023-5463213,2024-03-28,2024-03-31,一级,吴磊-16165,吴磊,公司,抚顺,辽宁,中国,东北,办公用-装订-10002575,办公用品,装订机,"Wilson Jones 打孔机, 耐用",495.432,6,0.4,49.392
3564,US-202023-5463213,2024-03-28,2024-03-31,一级,吴磊-16165,吴磊,公司,抚顺,辽宁,中国,东北,办公用-装订-10002115,办公用品,装订机,"Acco 打孔机, 实惠",253.008,3,0.4,-156.072
3566,US-202023-1357144,2024-09-16,2024-09-19,一级,姚秋-11605,姚秋,消费者,朝阳,辽宁,中国,东北,家具-用具-10001578,家具,用具,"Deflect-O 闹钟, 一包多件",423.108,3,0.4,27.888
3569,CN-202023-1424056,2024-11-05,2024-11-09,标准级,邢谦-19270,邢谦,公司,即墨,山东,中国,华东,办公用-用品-10003562,办公用品,用品,"Fiskars 剪刀, 锯齿状",463.4,5,0.0,41.3
3570,CN-202023-1424056,2024-11-05,2024-11-09,标准级,邢谦-19270,邢谦,公司,即墨,山东,中国,华东,技术-设备-10003411,技术,设备,"柯尼卡 电话, 耐用",402.78,1,0.0,144.9
3571,CN-202023-1424056,2024-11-05,2024-11-09,标准级,邢谦-19270,邢谦,公司,即墨,山东,中国,华东,办公用-标签-10002776,办公用品,标签,"Novimex 圆形标签, 可调",38.92,2,0.0,17.36
3572,CN-202023-2828982,2024-06-15,2024-06-19,标准级,俞晒-19840,俞晒明,消费者,汕头,广东,中国,中南,办公用-用品-10002903,办公用品,用品,"Elite 大剪刀, 锯齿状",815.92,4,0.0,285.04
3575,CN-202023-4258082,2024-08-05,2024-08-05,当日,肖岱-11845,肖岱,公司,秦皇岛,河北,中国,华北,技术-配件-10000246,技术,配件,"贝尔金 记忆卡, 可编程",2713.9,5,0.0,922.6
3576,CN-202023-4258082,2024-08-05,2024-08-05,当日,肖岱-11845,肖岱,公司,秦皇岛,河北,中国,华北,办公用-装订-10003441,办公用品,装订机,"Avery 标签, 耐用",73.08,2,0.0,13.72
3577,CN-202023-4258082,2024-08-05,2024-08-05,当日,肖岱-11845,肖岱,公司,秦皇岛,河北,中国,华北,办公用-装订-10003764,办公用品,装订机,"Acco 装订机盖, 回收",127.68,2,0.0,62.44
3578,CN-202023-5684742,2024-01-02,2024-01-06,二级,苏磊-16090,苏磊,消费者,巢湖,安徽,中国,华东,办公用-系固-10000944,办公用品,系固件,"Stockwell 夹子, 整包",807.66,9,0.0,265.86
3586,CN-202023-5623341,2024-12-04,2024-12-08,标准级,许安-10165,许安,消费者,娄底,湖南,中国,中南,办公用-收纳-10003711,办公用品,收纳具,"Smead 文件夹, 金属",463.68,6,0.0,226.8
3587,CN-202023-5623341,2024-12-04,2024-12-08,标准级,许安-10165,许安,消费者,娄底,湖南,中国,中南,办公用-装订-10002545,办公用品,装订机,"Wilson Jones 订书机, 实惠",456.96,2,0.0,196.28
3589,CN-202023-1255631,2024-06-04,2024-06-09,标准级,袁丽-16285,袁丽美,小型企业,太原,山西,中国,华北,办公用-收纳-10004384,办公用品,收纳具,"Smead 锁柜, 金属",5529.72,6,0.0,2598.96
3590,US-202023-3174894,2024-06-20,2024-06-25,标准级,薛梦-18190,薛梦,消费者,新乡,河南,中国,中南,技术-电话-10001777,技术,电话,"摩托罗拉 办公室电话机, 整包",1676.5,5,0.0,83.3
3591,US-202023-5693708,2024-08-03,2024-08-08,标准级,吕欢-14155,吕欢悦,消费者,鹤岗,黑龙江,中国,东北,办公用-美术-10001817,办公用品,美术,"Stanley 荧光笔, 蓝色",164.64,3,0.2,-18.9
3600,CN-202023-1900344,2024-10-15,2024-10-19,标准级,康丽-15865,康丽,消费者,滴道,黑龙江,中国,东北,办公用-装订-10000765,办公用品,装订机,"Wilson Jones 孔加固材料, 回收",136.92,6,0.0,2.52
3601,CN-202023-1900344,2024-10-15,2024-10-19,标准级,康丽-15865,康丽,消费者,滴道,黑龙江,中国,东北,办公用-用品-10004652,办公用品,用品,"Stiletto 开信刀, 钢",518.56,4,0.0,25.76
3603,CN-202023-1966627,2024-05-19,2024-05-23,标准级,吕婵-10840,吕婵娟,消费者,邢台,河北,中国,华北,技术-设备-10002796,技术,设备,"StarTech 喷墨打印机, 红色",11159.68,8,0.0,2120.16
3605,CN-202023-1787632,2024-12-19,2024-12-21,一级,巩嫒-10045,巩嫒,公司,重庆,重庆,中国,西南,家具-椅子-10001807,家具,椅子,"SAFCO 折叠椅, 每套两件",1231.44,3,0.0,184.38
3606,CN-202023-1787632,2024-12-19,2024-12-21,一级,巩嫒-10045,巩嫒,公司,重庆,重庆,中国,西南,办公用-系固-10002483,办公用品,系固件,"Stockwell 回形针, 混合尺寸",211.68,4,0.0,86.24
3619,CN-202023-3478143,2024-10-15,2024-10-21,标准级,谭忠-11560,谭忠,小型企业,长春,吉林,中国,东北,技术-配件-10001341,技术,配件,"Memorex 记忆卡, 回收",3269.28,7,0.0,1274.98
3620,CN-202023-3478143,2024-10-15,2024-10-21,标准级,谭忠-11560,谭忠,小型企业,长春,吉林,中国,东北,办公用-系固-10004011,办公用品,系固件,"Advantus 按钉, 每包 12 个",323.4,5,0.0,25.2
3634,US-202023-5353587,2024-05-18,2024-05-23,标准级,蔡晨-11200,蔡晨,消费者,沈阳,辽宁,中国,东北,办公用-用品-10003186,办公用品,用品,"Acme 修剪器, 工业",388.08,3,0.4,-71.4
3635,US-202023-5353587,2024-05-18,2024-05-23,标准级,蔡晨-11200,蔡晨,消费者,沈阳,辽宁,中国,东北,家具-书架-10002309,家具,书架,"宜家 墙角架, 黑色",696.696,2,0.4,-336.784
3636,US-202023-5353587,2024-05-18,2024-05-23,标准级,蔡晨-11200,蔡晨,消费者,沈阳,辽宁,中国,东北,办公用-信封-10002707,办公用品,信封,"Cameo 局间信封, 每套 50 个",664.02,3,0.0,252.0
3637,US-202023-5353587,2024-05-18,2024-05-23,标准级,蔡晨-11200,蔡晨,消费者,沈阳,辽宁,中国,东北,技术-配件-10001881,技术,配件,"Enermax 鼠标, 可编程",819.084,7,0.4,-464.716
3645,CN-202023-1246652,2024-05-23,2024-05-25,一级,陈忠-11470,陈忠,公司,北京,北京,中国,华北,办公用-标签-10002420,办公用品,标签,"Hon 圆形标签, 白色",62.16,2,0.0,2.24
3649,CN-202023-3832812,2024-05-08,2024-05-14,标准级,田江-14635,田江丽,公司,洛阳,河南,中国,中南,办公用-收纳-10000480,办公用品,收纳具,"Tenex 锁柜, 蓝色",5716.2,6,0.0,2857.68
3650,CN-202023-3832812,2024-05-08,2024-05-14,标准级,田江-14635,田江丽,公司,洛阳,河南,中国,中南,办公用-装订-10001828,办公用品,装订机,"Wilson Jones 装订机, 实惠",182.28,3,0.0,39.9
3651,CN-202023-2548759,2024-03-24,2024-03-28,标准级,顾黎-16360,顾黎明,消费者,景德镇,江西,中国,华东,办公用-收纳-10004248,办公用品,收纳具,"Fellowes 搁板, 工业",816.48,3,0.0,375.48
3652,CN-202023-2548759,2024-03-24,2024-03-28,标准级,顾黎-16360,顾黎明,消费者,景德镇,江西,中国,华东,家具-椅子-10000210,家具,椅子,"Harbour Creations 扶手椅, 每套两件",11103.4,5,0.0,2109.1
3653,CN-202023-2548759,2024-03-24,2024-03-28,标准级,顾黎-16360,顾黎明,消费者,景德镇,江西,中国,华东,办公用-纸张-10000864,办公用品,纸张,"SanDisk 备忘录便条, 多色",257.46,3,0.0,79.8
3654,CN-202023-4318875,2024-03-31,2024-04-04,标准级,邱廉-17200,邱廉,公司,泰来,黑龙江,中国,东北,技术-设备-10000408,技术,设备,"松下 卡片打印机, 多色",2433.48,3,0.0,583.8
3655,CN-202023-4318875,2024-03-31,2024-04-04,标准级,邱廉-17200,邱廉,公司,泰来,黑龙江,中国,东北,办公用-美术-10002471,办公用品,美术,"Boston 记号笔, 蓝色",295.344,3,0.2,55.104
3656,CN-202023-4318875,2024-03-31,2024-04-04,标准级,邱廉-17200,邱廉,公司,泰来,黑龙江,中国,东北,家具-用具-10002645,家具,用具,"Advantus 灯泡, 耐用",239.4,3,0.0,0.0
3657,CN-202023-4318875,2024-03-31,2024-04-04,标准级,邱廉-17200,邱廉,公司,泰来,黑龙江,中国,东北,家具-用具-10004104,家具,用具,"Tenex 相框, 黑色",725.76,3,0.0,159.6
3658,CN-202023-4318875,2024-03-31,2024-04-04,标准级,邱廉-17200,邱廉,公司,泰来,黑龙江,中国,东北,办公用-用品-10002431,办公用品,用品,"Kleencut 剪刀, 锯齿状",354.48,4,0.0,109.76
3663,CN-202023-3497234,2024-07-10,2024-07-15,标准级,陶莞-13300,陶莞颖,公司,依兰,黑龙江,中国,东北,办公用-纸张-10002317,办公用品,纸张,"SanDisk 备忘录便条, 回收",236.46,3,0.0,65.94
3664,CN-202023-2805987,2024-04-10,2024-04-16,标准级,施黎-16435,施黎明,消费者,信宜,广东,中国,中南,办公用-器具-10002468,办公用品,器具,"Cuisinart 烤面包机, 白色",963.2,4,0.0,163.52
3665,CN-202023-2805987,2024-04-10,2024-04-16,标准级,施黎-16435,施黎明,消费者,信宜,广东,中国,中南,办公用-用品-10004820,办公用品,用品,"Fiskars 尺子, 锯齿状",259.7,5,0.0,85.4
3666,CN-202023-2805987,2024-04-10,2024-04-16,标准级,施黎-16435,施黎明,消费者,信宜,广东,中国,中南,技术-配件-10002783,技术,配件,"SanDisk 路由器, 回收",2372.16,2,0.0,616.56
3667,CN-202023-2805987,2024-04-10,2024-04-16,标准级,施黎-16435,施黎明,消费者,信宜,广东,中国,中南,家具-用具-10002407,家具,用具,"Rubvermaid 门挡, 优质",395.92,2,0.0,91.0
3668,CN-202023-2805987,2024-04-10,2024-04-16,标准级,施黎-16435,施黎明,消费者,信宜,广东,中国,中南,办公用-美术-10000960,办公用品,美术,"Binney & Smith 铅笔刀, 混合尺寸",780.08,7,0.2,0.0
3675,CN-202023-5480180,2024-04-08,2024-04-12,标准级,邓姝-20500,邓姝,消费者,石家庄,河北,中国,华北,家具-用具-10000812,家具,用具,"Advantus 分层置放架, 耐用",218.4,2,0.0,67.48
3676,CN-202023-5480180,2024-04-08,2024-04-12,标准级,邓姝-20500,邓姝,消费者,石家庄,河北,中国,华北,办公用-信封-10004354,办公用品,信封,"Ames 外皮和封条, 每套 50 个",261.66,3,0.0,39.06
3677,CN-202023-5480180,2024-04-08,2024-04-12,标准级,邓姝-20500,邓姝,消费者,石家庄,河北,中国,华北,技术-设备-10002746,技术,设备,"松下 收据打印机, 耐用",564.76,1,0.0,197.54
3680,CN-202023-5569894,2024-07-07,2024-07-12,标准级,陶巧-19495,陶巧,消费者,成都,四川,中国,西南,技术-配件-10000498,技术,配件,"贝尔金 鼠标, 实惠",227.976,2,0.4,-49.504
3691,US-202023-1297686,2024-09-11,2024-09-15,标准级,巩嫒-10045,巩嫒,公司,仙桃,湖北,中国,中南,办公用-装订-10002538,办公用品,装订机,"Acco 装订机, 透明",40.908,1,0.4,-27.272
3694,CN-202023-1398732,2024-04-21,2024-04-25,标准级,佟虹-13885,佟虹,小型企业,镇江,江苏,中国,华东,办公用-标签-10004025,办公用品,标签,"Harbour Creations 合法证物标签, 红色",150.78,3,0.0,47.88
3695,CN-202023-3640405,2024-10-17,2024-10-22,标准级,田丹-11995,田丹,消费者,南昌,江西,中国,华东,办公用-用品-10003489,办公用品,用品,"Stiletto 剪刀, 钢",214.76,2,0.0,32.2
3696,CN-202023-3640405,2024-10-17,2024-10-22,标准级,田丹-11995,田丹,消费者,南昌,江西,中国,华东,家具-椅子-10002286,家具,椅子,"SAFCO 椅垫, 红色",837.48,3,0.0,175.56
3697,CN-202023-3640405,2024-10-17,2024-10-22,标准级,田丹-11995,田丹,消费者,南昌,江西,中国,华东,办公用-信封-10004866,办公用品,信封,"Kraft 马尼拉纸信封, 红色",420.42,3,0.0,21.0
3706,CN-202023-5834341,2024-08-25,2024-08-31,标准级,万冬-12460,万冬露,消费者,上海,上海,中国,华东,家具-椅子-10002386,家具,椅子,"Office Star 摇椅, 可调",2007.6,3,0.0,863.1
3711,CN-202023-4800042,2024-09-07,2024-09-11,标准级,葛欢-14215,葛欢,公司,天津,天津,中国,华北,家具-用具-10003670,家具,用具,"Rubvermaid 门挡, 一包多件",204.68,1,0.0,75.6
3712,CN-202023-4800042,2024-09-07,2024-09-11,标准级,葛欢-14215,葛欢,公司,天津,天津,中国,华北,办公用-美术-10003198,办公用品,美术,"Sanford 铅笔刀, 蓝色",241.08,2,0.0,43.12
3731,CN-202023-2313079,2024-01-29,2024-01-29,当日,任婵-10810,任婵娟,公司,张家港,江苏,中国,华东,办公用-器具-10003382,办公用品,器具,"Breville 烤面包机, 银色",433.776,2,0.4,-144.704
3739,CN-202023-1573785,2024-05-26,2024-05-28,二级,顾升-20125,顾升,小型企业,长沙,湖南,中国,中南,办公用-纸张-10000587,办公用品,纸张,"Green Bar 计划信息表, 优质",444.08,4,0.0,8.4
3740,CN-202023-1573785,2024-05-26,2024-05-28,二级,顾升-20125,顾升,小型企业,长沙,湖南,中国,中南,办公用-纸张-10002588,办公用品,纸张,"Eaton 羊皮纸, 回收",249.76,4,0.0,12.32
3751,CN-202023-4794169,2024-01-08,2024-01-12,标准级,楚松-20605,楚松,消费者,尚志,黑龙江,中国,东北,技术-复印-10002908,技术,复印机,"佳能 复印机, 数字化",3664.92,3,0.0,659.4
3752,CN-202023-4794169,2024-01-08,2024-01-12,标准级,楚松-20605,楚松,消费者,尚志,黑龙江,中国,东北,家具-桌子-10002804,家具,桌子,"Hon 电脑桌, 白色",3461.01,2,0.25,92.05
3762,CN-202023-1501002,2024-10-06,2024-10-09,一级,曹欢-14200,曹欢悦,小型企业,上海,上海,中国,华东,办公用-用品-10002441,办公用品,用品,"Fiskars 尺子, 蓝色",269.36,4,0.0,15.68
3763,CN-202023-1501002,2024-10-06,2024-10-09,一级,曹欢-14200,曹欢悦,小型企业,上海,上海,中国,华东,办公用-纸张-10004049,办公用品,纸张,"SanDisk 笔记本, 每包 12 个",316.96,2,0.0,75.88
3766,US-202023-4420382,2024-02-20,2024-02-25,标准级,彭伟-21550,彭伟,小型企业,广元,四川,中国,西南,办公用-信封-10002675,办公用品,信封,"Ames 邮寄品, 银色",892.5,5,0.0,374.5
3767,US-202023-4420382,2024-02-20,2024-02-25,标准级,彭伟-21550,彭伟,小型企业,广元,四川,中国,西南,办公用-装订-10004560,办公用品,装订机,"Wilson Jones 装订机盖, 耐用",35.532,1,0.4,-1.288
3798,US-202023-2204927,2024-11-27,2024-11-27,当日,熊荣-19720,熊荣,消费者,长沙,湖南,中国,中南,办公用-装订-10004560,办公用品,装订机,"Wilson Jones 装订机盖, 耐用",59.22,1,0.0,22.4
3799,CN-202023-3664982,2024-03-31,2024-04-06,标准级,袁敬-14980,袁敬,消费者,保定,河北,中国,华北,办公用-信封-10001526,办公用品,信封,"GlobeWeis 外皮和封条, 回收",188.44,2,0.0,9.24
3800,CN-202023-3664982,2024-03-31,2024-04-06,标准级,袁敬-14980,袁敬,消费者,保定,河北,中国,华北,办公用-收纳-10002840,办公用品,收纳具,"Fellowes 盒, 金属",175.0,2,0.0,24.36
3801,CN-202023-5477816,2024-08-17,2024-08-24,标准级,余婵-11020,余婵,公司,广州,广东,中国,中南,办公用-系固-10000675,办公用品,系固件,"OIC 订书钉, 混合尺寸",205.1,5,0.0,24.5
3802,US-202023-3025510,2024-11-18,2024-11-20,二级,柯婵-10930,柯婵,小型企业,苏州,江苏,中国,华东,技术-设备-10004890,技术,设备,"柯尼卡 电话, 红色",700.056,3,0.4,-151.704
3803,CN-202023-4493648,2024-11-10,2024-11-16,标准级,龚松-20710,龚松,小型企业,上海,上海,中国,华东,家具-用具-10003358,家具,用具,"Advantus 灯泡, 一包多件",375.76,4,0.0,75.04
3804,CN-202023-4493648,2024-11-10,2024-11-16,标准级,龚松-20710,龚松,小型企业,上海,上海,中国,华东,家具-椅子-10000670,家具,椅子,"Office Star 凳子, 可调",6586.72,8,0.0,1777.44
3805,US-202023-5726249,2024-12-24,2024-12-29,标准级,马惠-14335,马惠英,公司,兰溪,浙江,中国,华东,家具-用具-10003733,家具,用具,"Deflect-O 闹钟, 黑色",422.604,3,0.4,-84.756
3806,US-202023-5726249,2024-12-24,2024-12-29,标准级,马惠-14335,马惠英,公司,兰溪,浙江,中国,华东,家具-桌子-10004719,家具,桌子,"Bevis 圆桌, 黑色",13542.032,14,0.6,-6771.408
3807,US-202023-5726249,2024-12-24,2024-12-29,标准级,马惠-14335,马惠英,公司,兰溪,浙江,中国,华东,办公用-系固-10003295,办公用品,系固件,"OIC 订书钉, 整包",95.256,3,0.4,-20.664
3808,US-202023-5895003,2024-06-08,2024-06-11,二级,龙娜-18535,龙娜,公司,金昌,甘肃,中国,西北,办公用-系固-10003020,办公用品,系固件,"Stockwell 订书钉, 每包 12 个",192.864,7,0.4,-100.156
3809,US-202023-5895003,2024-06-08,2024-06-11,二级,龙娜-18535,龙娜,公司,金昌,甘肃,中国,西北,技术-复印-10002555,技术,复印机,"惠普 无线传真机, 数字化",1007.58,1,0.4,-554.26
3817,CN-202023-2866628,2024-07-27,2024-08-01,二级,吴磊-16165,吴磊,公司,襄樊,湖北,中国,中南,办公用-信封-10004154,办公用品,信封,"Ames 马尼拉纸信封, 每套 50 个",691.32,6,0.0,82.32
3818,CN-202023-2866628,2024-07-27,2024-08-01,二级,吴磊-16165,吴磊,公司,襄樊,湖北,中国,中南,办公用-器具-10000589,办公用品,器具,"Breville 炉灶, 白色",7835.52,5,0.4,-3395.98
3819,CN-202023-2866628,2024-07-27,2024-08-01,二级,吴磊-16165,吴磊,公司,襄樊,湖北,中国,中南,办公用-装订-10001715,办公用品,装订机,"Avery 订书机, 透明",270.48,2,0.4,-4.76
3830,CN-202023-4591322,2024-06-05,2024-06-10,标准级,徐黎-16330,徐黎明,公司,景德镇,江西,中国,华东,办公用-收纳-10004714,办公用品,收纳具,"Smead 盒, 单宽度",252.0,5,0.0,110.6
3831,CN-202023-1628412,2024-12-16,2024-12-17,一级,冯立-16735,冯立,消费者,常州,江苏,中国,华东,家具-书架-10003232,家具,书架,"宜家 书库, 黑色",10212.72,10,0.4,-6128.08
3832,CN-202023-1628412,2024-12-16,2024-12-17,一级,冯立-16735,冯立,消费者,常州,江苏,中国,华东,家具-椅子-10000671,家具,椅子,"Hon 折叠椅, 黑色",884.688,4,0.4,-516.432
3833,CN-202023-1628412,2024-12-16,2024-12-17,一级,冯立-16735,冯立,消费者,常州,江苏,中国,华东,办公用-用品-10001051,办公用品,用品,"Kleencut 开信刀, 钢",370.44,5,0.4,-210.56
3837,US-202023-1136628,2024-10-05,2024-10-09,标准级,田谙-18850,田谙,消费者,徐州,江苏,中国,华东,技术-电话-10004627,技术,电话,"思科 充电器, 整包",3648.288,2,0.4,-182.672
3838,US-202023-1136628,2024-10-05,2024-10-09,标准级,田谙-18850,田谙,消费者,徐州,江苏,中国,华东,办公用-系固-10001746,办公用品,系固件,"Advantus 回形针, 整包",117.18,3,0.4,-33.6
3839,US-202023-1136628,2024-10-05,2024-10-09,标准级,田谙-18850,田谙,消费者,徐州,江苏,中国,华东,办公用-用品-10004755,办公用品,用品,"Stiletto 剪刀, 工业",70.644,1,0.4,6.944
3846,CN-202023-1753680,2024-05-05,2024-05-10,标准级,白欢-14245,白欢,小型企业,淮阴,江苏,中国,华东,家具-椅子-10004040,家具,椅子,"Harbour Creations 折叠椅, 黑色",801.864,3,0.4,-347.676
3847,CN-202023-1753680,2024-05-05,2024-05-10,标准级,白欢-14245,白欢,小型企业,淮阴,江苏,中国,华东,技术-配件-10001881,技术,配件,"Enermax 鼠标, 可编程",1638.168,14,0.4,-929.432
3848,CN-202023-1753680,2024-05-05,2024-05-10,标准级,白欢-14245,白欢,小型企业,淮阴,江苏,中国,华东,办公用-用品-10002325,办公用品,用品,"Stiletto 尺子, 工业",231.0,5,0.4,-73.5
3849,CN-202023-1753680,2024-05-05,2024-05-10,标准级,白欢-14245,白欢,小型企业,淮阴,江苏,中国,华东,家具-用具-10001150,家具,用具,"Tenex 闹钟, 耐用",264.768,2,0.4,-79.632
3852,CN-202023-4164715,2024-12-30,2025-01-04,标准级,田谙-18865,田谙,消费者,揭阳,广东,中国,中南,办公用-器具-10003836,办公用品,器具,"Hoover 微波炉, 黑色",4312.98,3,0.0,560.28
3855,CN-202023-1900344,2024-10-15,2024-10-17,一级,田谙-18850,田谙,消费者,晋江,海南,中国,中南,技术-复印-10004983,技术,复印机,"Brother 复印机, 每套两件",6120.1,5,0.0,2386.3
3861,US-202023-5578438,2024-12-16,2024-12-22,标准级,田妮-18595,田妮,小型企业,浯溪,湖南,中国,中南,办公用-美术-10003689,办公用品,美术,"BIC 荧光笔, 蓝色",70.672,1,0.2,-1.008
3875,CN-202023-3205176,2024-08-13,2024-08-17,标准级,康丽-15850,康丽,消费者,大同,安徽,中国,华东,办公用-系固-10004461,办公用品,系固件,"OIC 图钉, 混合尺寸",268.8,5,0.0,69.3
3876,CN-202023-3205176,2024-08-13,2024-08-17,标准级,康丽-15850,康丽,消费者,大同,安徽,中国,华东,办公用-装订-10002373,办公用品,装订机,"Cardinal 装订机盖, 回收",519.12,9,0.0,259.56
3879,CN-202023-3670764,2024-11-12,2024-11-16,标准级,侯虹-13825,侯虹,公司,塔河,黑龙江,中国,东北,家具-用具-10001567,家具,用具,"Rubvermaid 相框, 黑色",724.5,3,0.0,50.4
3880,CN-202023-3409532,2024-10-13,2024-10-18,二级,邓惠-14470,邓惠,消费者,黄石,湖北,中国,中南,办公用-美术-10003381,办公用品,美术,"Binney & Smith 速写本, 整包",86.968,2,0.8,-308.952
3881,CN-202023-3409532,2024-10-13,2024-10-18,二级,邓惠-14470,邓惠,消费者,黄石,湖北,中国,中南,办公用-标签-10003922,办公用品,标签,"Smead 可去除的标签, 耐用",101.64,2,0.0,38.36
3893,CN-202023-4186426,2024-01-09,2024-01-11,二级,邢伟-21505,邢伟,消费者,肃州,甘肃,中国,西北,办公用-标签-10002765,办公用品,标签,"Novimex 可去除的标签, 可调",217.56,6,0.0,5.88
3894,US-202023-1388500,2024-07-14,2024-07-18,二级,何芯-13945,何芯,消费者,武汉,湖北,中国,中南,办公用-美术-10001497,办公用品,美术,"Sanford 荧光笔, 整包",74.76,5,0.8,-164.64
3895,CN-202023-5450028,2024-12-03,2024-12-06,一级,田安-10255,田安,小型企业,南京,江苏,中国,华东,办公用-美术-10000951,办公用品,美术,"Sanford 钢笔, 整包",74.284,7,0.8,-253.036
3908,CN-202023-5579550,2024-08-17,2024-08-22,标准级,雷菊-15025,雷菊,消费者,富锦,黑龙江,中国,东北,技术-电话-10004819,技术,电话,"诺基亚 智能手机, 整包",3450.72,6,0.0,137.76
3909,CN-202023-5579550,2024-08-17,2024-08-22,标准级,雷菊-15025,雷菊,消费者,富锦,黑龙江,中国,东北,技术-配件-10004884,技术,配件,"SanDisk 键区, 实惠",258.3,1,0.0,98.14
3914,US-202023-1925348,2024-11-27,2024-12-01,标准级,顾丹-11965,顾丹,公司,济南,山东,中国,华东,办公用-收纳-10000923,办公用品,收纳具,"Tenex 文件车, 工业",628.18,1,0.0,232.4
3924,CN-202023-5037027,2024-12-10,2024-12-15,标准级,曹琼-19675,曹琼,小型企业,密山,黑龙江,中国,东北,办公用-用品-10000638,办公用品,用品,"Kleencut 大剪刀, 蓝色",1527.82,7,0.0,442.96
3926,US-202023-1761745,2024-05-02,2024-05-08,标准级,尹凤-13045,尹凤,公司,杭州,浙江,中国,华东,家具-椅子-10003377,家具,椅子,"SAFCO 折叠椅, 黑色",2098.656,9,0.4,-1189.944
3927,US-202023-1761745,2024-05-02,2024-05-08,标准级,尹凤-13045,尹凤,公司,杭州,浙江,中国,华东,办公用-装订-10002021,办公用品,装订机,"Wilson Jones 装订机, 透明",69.888,2,0.4,5.768
3928,US-202023-1761745,2024-05-02,2024-05-08,标准级,尹凤-13045,尹凤,公司,杭州,浙江,中国,华东,办公用-装订-10003175,办公用品,装订机,"Avery 装订机, 实惠",36.12,1,0.4,4.2
3929,US-202023-1761745,2024-05-02,2024-05-08,标准级,尹凤-13045,尹凤,公司,杭州,浙江,中国,华东,办公用-纸张-10002346,办公用品,纸张,"Eaton 信纸, 回收",631.26,3,0.0,309.12
3930,US-202023-1761745,2024-05-02,2024-05-08,标准级,尹凤-13045,尹凤,公司,杭州,浙江,中国,华东,技术-复印-10000971,技术,复印机,"Brother 墨水, 彩色",1249.416,3,0.4,-770.784
3931,US-202023-1761745,2024-05-02,2024-05-08,标准级,尹凤-13045,尹凤,公司,杭州,浙江,中国,华东,技术-配件-10001398,技术,配件,"Enermax 键区, 耐用",966.672,6,0.4,161.112
3938,CN-202023-1966627,2024-10-22,2024-10-27,标准级,余凤-13060,余凤,消费者,南阳,河南,中国,中南,办公用-收纳-10003484,办公用品,收纳具,"Tenex 盘, 单宽度",506.24,2,0.0,161.84
3939,CN-202023-1966627,2024-10-22,2024-10-27,标准级,余凤-13060,余凤,消费者,南阳,河南,中国,中南,办公用-信封-10003694,办公用品,信封,"Cameo 邮寄品, 银色",1703.52,9,0.0,186.48
3940,CN-202023-1966627,2024-10-22,2024-10-27,标准级,余凤-13060,余凤,消费者,南阳,河南,中国,中南,家具-书架-10003555,家具,书架,"Sauder 柜, 金属",3101.28,4,0.0,1333.36
3941,CN-202023-1966627,2024-10-22,2024-10-27,标准级,余凤-13060,余凤,消费者,南阳,河南,中国,中南,家具-椅子-10004046,家具,椅子,"SAFCO 摇椅, 红色",3966.354,7,0.1,749.014
3943,CN-202023-3360134,2024-10-09,2024-10-13,标准级,曹丽-15940,曹丽,小型企业,上海,上海,中国,华东,家具-书架-10004965,家具,书架,"Safco 搁架, 黑色",1848.84,2,0.0,332.64
3948,CN-202023-2551450,2024-03-11,2024-03-16,标准级,田良-17185,田良,消费者,原平,山西,中国,华北,办公用-美术-10000581,办公用品,美术,"Binney & Smith 钢笔, 整包",56.98,1,0.0,9.66
3949,CN-202023-5779998,2024-05-21,2024-05-25,标准级,宋良-17170,宋良,公司,上海,上海,中国,华东,办公用-纸张-10002523,办公用品,纸张,"Enermax 计划信息表, 回收",313.74,3,0.0,134.82
3950,CN-202023-5779998,2024-05-21,2024-05-25,标准级,宋良-17170,宋良,公司,上海,上海,中国,华东,办公用-信封-10003337,办公用品,信封,"GlobeWeis 商业信封, 每套 50 个",323.68,4,0.0,116.48
3951,CN-202023-5779998,2024-05-21,2024-05-25,标准级,宋良-17170,宋良,公司,上海,上海,中国,华东,技术-电话-10000199,技术,电话,"三星 智能手机, 混合尺寸",2942.1,5,0.0,499.8
3952,CN-202023-5779998,2024-05-21,2024-05-25,标准级,宋良-17170,宋良,公司,上海,上海,中国,华东,办公用-器具-10002834,办公用品,器具,"Hamilton Beach 烤面包机, 红色",1073.52,4,0.0,75.04
3958,CN-202023-3490090,2024-10-30,2024-11-04,标准级,候武-21850,候武,消费者,太原,山西,中国,华北,办公用-系固-10001319,办公用品,系固件,"OIC 夹子, 混合尺寸",321.44,4,0.0,31.92
3959,CN-202023-3490090,2024-10-30,2024-11-04,标准级,候武-21850,候武,消费者,太原,山西,中国,华北,办公用-美术-10003265,办公用品,美术,"BIC 钢笔, 混合尺寸",81.48,1,0.0,12.18
3961,CN-202023-3261036,2024-11-26,2024-12-03,标准级,佘巧-19480,佘巧,消费者,宿州,安徽,中国,华东,办公用-收纳-10002840,办公用品,收纳具,"Fellowes 盒, 金属",87.5,1,0.0,12.18
3962,CN-202023-3261036,2024-11-26,2024-12-03,标准级,佘巧-19480,佘巧,消费者,宿州,安徽,中国,华东,办公用-装订-10002580,办公用品,装订机,"Wilson Jones 订书机, 透明",225.96,1,0.0,54.18
3964,US-202023-3676119,2024-07-24,2024-07-25,一级,袁丽-16210,袁丽华,公司,常州,江苏,中国,华东,技术-配件-10002920,技术,配件,"贝尔金 键区, 可编程",497.7,3,0.4,-66.36
3979,US-202023-3017568,2024-12-10,2024-12-10,当日,林丹-11980,林丹,消费者,兰溪,浙江,中国,华东,办公用-器具-10001071,办公用品,器具,"KitchenAid 烤面包机, 红色",238.896,1,0.4,-103.544
3981,US-202023-2776676,2024-07-02,2024-07-08,标准级,邵伟-21565,邵伟,公司,老河口,湖北,中国,中南,办公用-装订-10002580,办公用品,装订机,"Wilson Jones 订书机, 透明",406.728,3,0.4,-108.612
3982,US-202023-2776676,2024-07-02,2024-07-08,标准级,邵伟-21565,邵伟,公司,老河口,湖北,中国,中南,办公用-标签-10000748,办公用品,标签,"Harbour Creations 可去除的标签, 可调",77.0,2,0.0,8.4
3983,CN-202023-4641447,2024-07-30,2024-08-02,二级,郭升-20140,郭升,公司,大同,安徽,中国,华东,技术-电话-10004300,技术,电话,"苹果 智能手机, 整包",1727.46,3,0.0,258.72
3984,CN-202023-4641447,2024-07-30,2024-08-02,二级,郭升-20140,郭升,公司,大同,安徽,中国,华东,技术-复印-10000386,技术,复印机,"惠普 无线传真机, 红色",15053.22,9,0.0,4966.92
3985,CN-202023-4641447,2024-07-30,2024-08-02,二级,郭升-20140,郭升,公司,大同,安徽,中国,华东,技术-电话-10002515,技术,电话,"诺基亚 智能手机, 混合尺寸",3528.0,6,0.0,1693.44
3998,CN-202023-4650370,2024-03-16,2024-03-23,标准级,秦蔓-17920,秦蔓楚,消费者,海城,辽宁,中国,东北,技术-设备-10000548,技术,设备,"柯尼卡 收据打印机, 耐用",685.272,2,0.4,45.472
3999,CN-202023-4650370,2024-03-16,2024-03-23,标准级,秦蔓-17920,秦蔓楚,消费者,海城,辽宁,中国,东北,家具-桌子-10001677,家具,桌子,"Hon 木桌, 组装",3978.24,4,0.6,-1193.92
4002,CN-202023-1141510,2024-12-21,2024-12-25,二级,付霖-17515,付霖,公司,抚顺,辽宁,中国,东北,家具-椅子-10000374,家具,椅子,"Harbour Creations 椅垫, 可调",1042.86,5,0.4,104.16
4003,CN-202023-1141510,2024-12-21,2024-12-25,二级,付霖-17515,付霖,公司,抚顺,辽宁,中国,东北,办公用-装订-10002707,办公用品,装订机,"Ibico 标签, 耐用",87.444,3,0.4,-29.316
4004,US-202023-3139690,2024-06-03,2024-06-05,一级,廖保-10330,廖保,消费者,深圳,广东,中国,中南,办公用-收纳-10001478,办公用品,收纳具,"Fellowes 锁柜, 工业",1939.56,2,0.0,930.72
4012,CN-202023-4494383,2024-07-27,2024-07-30,一级,廖保-10345,廖保,公司,厦门,福建,中国,华东,家具-椅子-10003177,家具,椅子,"Harbour Creations 椅垫, 每套两件",693.0,2,0.0,200.76
4013,CN-202023-4494383,2024-07-27,2024-07-30,一级,廖保-10345,廖保,公司,厦门,福建,中国,华东,技术-电话-10004846,技术,电话,"摩托罗拉 音频基座, 蓝色",4854.36,6,0.0,2329.32
4014,CN-202023-4494383,2024-07-27,2024-07-30,一级,廖保-10345,廖保,公司,厦门,福建,中国,华东,技术-复印-10003118,技术,复印机,"Brother 传真复印机, 红色",1770.44,2,0.0,566.44
4018,CN-202023-5956912,2024-05-18,2024-05-22,标准级,俞毅-12520,俞毅,消费者,江油,四川,中国,西南,家具-椅子-10004040,家具,椅子,"Harbour Creations 折叠椅, 黑色",534.576,2,0.4,-231.784
4019,US-202023-4033000,2024-03-18,2024-03-21,一级,马实-20215,马实,消费者,沈阳,辽宁,中国,东北,办公用-美术-10000708,办公用品,美术,"Stanley 记号笔, 混合尺寸",71.064,3,0.8,-163.716
4025,US-202023-1232384,2024-09-10,2024-09-17,标准级,邓达-11785,邓达侠,消费者,肃州,甘肃,中国,西北,办公用-器具-10000176,办公用品,器具,"Breville 烤面包机, 黑色",1065.96,5,0.4,-320.04
4029,CN-202023-1230612,2024-10-27,2024-11-01,二级,殷宣-20920,殷宣,消费者,巢湖,安徽,中国,华东,办公用-器具-10003268,办公用品,器具,"Hamilton Beach 搅拌机, 红色",994.56,3,0.0,208.74
4030,CN-202023-5613673,2024-12-11,2024-12-18,标准级,苏婵-10855,苏婵娟,消费者,桂林,广西,中国,中南,办公用-用品-10001876,办公用品,用品,"Stiletto 大剪刀, 钢",886.48,4,0.0,52.64
4031,CN-202023-5613673,2024-12-11,2024-12-18,标准级,苏婵-10855,苏婵娟,消费者,桂林,广西,中国,中南,技术-配件-10003601,技术,配件,"贝尔金 闪存驱动器, 可编程",1621.76,8,0.0,291.2
4032,CN-202023-5613673,2024-12-11,2024-12-18,标准级,苏婵-10855,苏婵娟,消费者,桂林,广西,中国,中南,家具-椅子-10000900,家具,椅子,"Hon 折叠椅, 每套两件",702.828,2,0.1,155.988
4036,CN-202023-5488732,2024-06-02,2024-06-07,二级,郝廉-17245,郝廉,消费者,云阳,河南,中国,中南,办公用-纸张-10003494,办公用品,纸张,"Enermax 羊皮纸, 多色",156.8,2,0.0,59.36
4039,CN-202023-5294254,2024-11-11,2024-11-16,标准级,孟虢-13540,孟虢,消费者,汕头,广东,中国,中南,家具-用具-10002407,家具,用具,"Rubvermaid 门挡, 优质",593.88,3,0.0,136.5
4040,CN-202023-5093470,2024-05-21,2024-05-25,标准级,佘升-20170,佘升,消费者,梅州,广东,中国,中南,办公用-用品-10001168,办公用品,用品,"Acme 美工刀, 蓝色",1058.4,6,0.0,136.92
4041,CN-202023-5093470,2024-05-21,2024-05-25,标准级,佘升-20170,佘升,消费者,梅州,广东,中国,中南,办公用-美术-10001814,办公用品,美术,"BIC 画布, 金属",1231.104,6,0.2,138.264
4042,CN-202023-5093470,2024-05-21,2024-05-25,标准级,佘升-20170,佘升,消费者,梅州,广东,中国,中南,办公用-器具-10000912,办公用品,器具,"Hamilton Beach 冰箱, 黑色",9325.12,4,0.0,279.44
4043,CN-202023-5093470,2024-05-21,2024-05-25,标准级,佘升-20170,佘升,消费者,梅州,广东,中国,中南,办公用-装订-10001078,办公用品,装订机,"Ibico 订书机, 回收",483.28,2,0.0,183.4
4044,CN-202023-5093470,2024-05-21,2024-05-25,标准级,佘升-20170,佘升,消费者,梅州,广东,中国,中南,办公用-用品-10003797,办公用品,用品,"Acme 尺子, 蓝色",233.94,3,0.0,44.1
4046,CN-202023-3581392,2024-04-30,2024-05-07,标准级,袁梅-18130,袁梅,公司,邯郸,河北,中国,华北,家具-书架-10003501,家具,书架,"宜家 搁架, 白色",3226.72,4,0.0,1613.36
4047,CN-202023-2556865,2024-12-30,2025-01-03,二级,潘盛-20380,潘盛,消费者,哈尔滨,黑龙江,中国,东北,办公用-器具-10002796,办公用品,器具,"Hamilton Beach 烤面包机, 银色",1903.16,7,0.0,303.8
4048,CN-202023-2556865,2024-12-30,2025-01-03,二级,潘盛-20380,潘盛,消费者,哈尔滨,黑龙江,中国,东北,技术-设备-10004713,技术,设备,"松下 计算器, 红色",221.34,1,0.0,55.3
4049,CN-202023-2556865,2024-12-30,2025-01-03,二级,潘盛-20380,潘盛,消费者,哈尔滨,黑龙江,中国,东北,家具-用具-10002670,家具,用具,"Tenex 门挡, 黑色",614.46,3,0.0,300.72
4050,CN-202023-2556865,2024-12-30,2025-01-03,二级,潘盛-20380,潘盛,消费者,哈尔滨,黑龙江,中国,东北,办公用-系固-10004011,办公用品,系固件,"Advantus 按钉, 每包 12 个",258.72,4,0.0,20.16
4051,CN-202023-4070986,2024-10-01,2024-10-03,二级,麦虹-13855,麦虹,公司,重庆,重庆,中国,西南,家具-用具-10003909,家具,用具,"Eldon 分层置放架, 一包多件",294.56,2,0.0,38.08
4052,CN-202023-4070986,2024-10-01,2024-10-03,二级,麦虹-13855,麦虹,公司,重庆,重庆,中国,西南,技术-设备-10003952,技术,设备,"柯尼卡 卡片打印机, 白色",810.04,1,0.0,7.98
4053,CN-202023-4070986,2024-10-01,2024-10-03,二级,麦虹-13855,麦虹,公司,重庆,重庆,中国,西南,家具-椅子-10004470,家具,椅子,"Novimex 摇椅, 黑色",3010.0,5,0.0,240.8
4054,CN-202023-4070986,2024-10-01,2024-10-03,二级,麦虹-13855,麦虹,公司,重庆,重庆,中国,西南,办公用-标签-10001969,办公用品,标签,"Harbour Creations 圆形标签, 红色",91.98,3,0.0,37.38
4057,US-202023-5339863,2024-01-17,2024-01-22,标准级,徐谙-18880,徐谙,消费者,北碚,重庆,中国,西南,办公用-器具-10003676,办公用品,器具,"Hoover 烤面包机, 红色",780.64,2,0.0,171.64
4058,US-202023-5339863,2024-01-17,2024-01-22,标准级,徐谙-18880,徐谙,消费者,北碚,重庆,中国,西南,技术-设备-10003411,技术,设备,"柯尼卡 电话, 耐用",1208.34,3,0.0,434.7
4059,CN-202023-2688173,2024-06-02,2024-06-06,二级,殷宣-20920,殷宣,消费者,西宁,青海,中国,西北,办公用-收纳-10003199,办公用品,收纳具,"Fellowes 锁柜, 金属",4816.0,5,0.0,47.6
4060,CN-202023-2688173,2024-06-02,2024-06-06,二级,殷宣-20920,殷宣,消费者,西宁,青海,中国,西北,技术-设备-10004706,技术,设备,"爱普生 打印机, 多色",4902.24,4,0.0,392.0
4061,CN-202023-2688173,2024-06-02,2024-06-06,二级,殷宣-20920,殷宣,消费者,西宁,青海,中国,西北,家具-椅子-10003809,家具,椅子,"Office Star 摇椅, 红色",2630.32,4,0.0,157.36
4062,CN-202023-4214931,2024-10-30,2024-11-05,标准级,陈翠-11755,陈翠,消费者,百色,广西,中国,中南,办公用-纸张-10000328,办公用品,纸张,"Green Bar 备忘录便条, 每包 12 个",984.2,10,0.0,39.2
4071,US-202023-4240650,2024-08-28,2024-09-02,二级,钱珑-17830,钱珑,消费者,深圳,广东,中国,中南,技术-复印-10004926,技术,复印机,"Hewlett 传真复印机, 彩色",6347.46,7,0.0,126.42
4077,CN-202023-3417942,2024-07-30,2024-08-01,一级,薛博-10510,薛博,消费者,长春,吉林,中国,东北,技术-电话-10004336,技术,电话,"三星 办公室电话机, 全尺寸",931.14,3,0.0,353.64
4078,CN-202023-3417942,2024-07-30,2024-08-01,一级,薛博-10510,薛博,消费者,长春,吉林,中国,东北,家具-椅子-10002161,家具,椅子,"Harbour Creations 摇椅, 每套两件",2787.68,4,0.0,1003.52
4079,CN-202023-3188485,2024-10-14,2024-10-18,标准级,俞平-19195,俞平,小型企业,富阳,浙江,中国,华东,办公用-系固-10002504,办公用品,系固件,"Stockwell 订书钉, 混合尺寸",115.5,5,0.4,-77.0
4083,CN-202023-2938026,2024-04-13,2024-04-15,二级,涂丽-15955,涂丽,消费者,寿光,山东,中国,华东,技术-电话-10000581,技术,电话,"苹果 充电器, 蓝色",8906.94,3,0.0,1870.26
4099,CN-202023-5698942,2024-02-10,2024-02-12,二级,田磊-16120,田磊,小型企业,包头,内蒙古,中国,华北,家具-椅子-10002550,家具,椅子,"Office Star 沙滩椅, 黑色",593.712,4,0.4,49.392
4105,CN-202023-5486414,2024-11-06,2024-11-13,标准级,钟庆-19510,钟庆缘,小型企业,长沙,湖南,中国,中南,技术-配件-10001666,技术,配件,"SanDisk 键区, 回收",744.24,3,0.0,297.36
4106,CN-202023-1166331,2024-12-21,2024-12-25,标准级,丁武-21925,丁武,消费者,广州,广东,中国,中南,家具-椅子-10002161,家具,椅子,"Harbour Creations 摇椅, 每套两件",627.228,1,0.1,181.188
4107,CN-202023-1166331,2024-12-21,2024-12-25,标准级,丁武-21925,丁武,消费者,广州,广东,中国,中南,办公用-装订-10004263,办公用品,装订机,"Acco 装订机, 实惠",141.4,2,0.0,26.6
4108,CN-202023-1166331,2024-12-21,2024-12-25,标准级,丁武-21925,丁武,消费者,广州,广东,中国,中南,家具-椅子-10002321,家具,椅子,"Novimex 椅垫, 可调",988.344,4,0.1,405.944
4109,CN-202023-1166331,2024-12-21,2024-12-25,标准级,丁武-21925,丁武,消费者,广州,广东,中国,中南,办公用-收纳-10001253,办公用品,收纳具,"Eldon 锁柜, 金属",1838.48,2,0.0,147.0
4110,US-202023-4988987,2024-03-30,2024-04-01,二级,彭娜-18550,彭娜,消费者,嘉兴,浙江,中国,华东,办公用-系固-10002481,办公用品,系固件,"Accos 橡皮筋, 金属",188.16,4,0.4,-72.24
4111,US-202023-4988987,2024-03-30,2024-04-01,二级,彭娜-18550,彭娜,消费者,嘉兴,浙江,中国,华东,技术-复印-10003040,技术,复印机,"佳能 无线传真机, 红色",2110.416,2,0.4,-70.504
4112,CN-202023-1399832,2024-06-15,2024-06-20,标准级,曹达-11800,曹达侠,小型企业,佛山,广东,中国,中南,技术-配件-10001134,技术,配件,"Enermax 鼠标, 回收",533.4,3,0.0,10.5
4113,US-202023-4215575,2024-05-08,2024-05-11,二级,郝立-16570,郝立勤,消费者,无锡,江苏,中国,华东,家具-书架-10003672,家具,书架,"Safco 书库, 传统",5457.06,5,0.4,-1819.44
4122,US-202023-5463213,2024-08-15,2024-08-17,一级,卢谙-18805,卢谙,小型企业,重庆,重庆,中国,西南,办公用-用品-10004613,办公用品,用品,"Elite 美工刀, 工业",340.76,2,0.0,88.48
4123,CN-202023-5058012,2024-03-26,2024-03-30,标准级,马锦-14890,马锦,公司,四平,吉林,中国,东北,办公用-用品-10003186,办公用品,用品,"Acme 修剪器, 工业",1509.2,7,0.0,437.08
4128,CN-202023-4371002,2024-01-29,2024-02-02,标准级,肖崆-15520,肖崆,消费者,钦州,广西,中国,中南,办公用-信封-10002358,办公用品,信封,"GlobeWeis 局间信封, 红色",1438.08,6,0.0,632.52
4129,CN-202023-1455994,2024-08-25,2024-08-29,标准级,邵兰-15715,邵兰,消费者,黄州,湖北,中国,中南,家具-书架-10004000,家具,书架,"Sauder 墙角架, 金属",821.856,2,0.4,-534.464
4130,CN-202023-1455994,2024-08-25,2024-08-29,标准级,邵兰-15715,邵兰,消费者,黄州,湖北,中国,中南,办公用-收纳-10001942,办公用品,收纳具,"Fellowes 文件车, 金属",1272.88,2,0.0,585.48
4131,CN-202023-3825454,2024-02-04,2024-02-08,二级,李丽-17365,李丽丽,消费者,济南,山东,中国,华东,办公用-装订-10000366,办公用品,装订机,"Avery 孔加固材料, 回收",22.26,1,0.0,3.22
4132,CN-202023-3825454,2024-02-04,2024-02-08,二级,李丽-17365,李丽丽,消费者,济南,山东,中国,华东,技术-设备-10004877,技术,设备,"冲电器 喷墨打印机, 白色",4375.14,3,0.0,831.18
4150,CN-202023-4111983,2024-03-17,2024-03-21,标准级,薛光-13405,薛光,消费者,成都,四川,中国,西南,办公用-标签-10004408,办公用品,标签,"Smead 文件夹标签, 红色",81.2,2,0.0,9.52
4151,CN-202023-4111983,2024-03-17,2024-03-21,标准级,薛光-13405,薛光,消费者,成都,四川,中国,西南,办公用-器具-10001757,办公用品,器具,"KitchenAid 炉灶, 黑色",3189.648,2,0.4,-53.312
4161,CN-202023-5679752,2024-02-17,2024-02-23,标准级,吕灵-17575,吕灵,消费者,平凉,甘肃,中国,西北,家具-用具-10000331,家具,用具,"Advantus 门挡, 一包多件",252.504,2,0.4,-0.056
4162,CN-202023-5679752,2024-02-17,2024-02-23,标准级,吕灵-17575,吕灵,消费者,平凉,甘肃,中国,西北,办公用-用品-10001414,办公用品,用品,"Kleencut 修剪器, 锯齿状",320.292,3,0.4,-80.388
4163,CN-202023-5057492,2024-07-13,2024-07-15,二级,邱刚-13120,邱刚,公司,兖州,山东,中国,华东,家具-椅子-10002448,家具,椅子,"SAFCO 折叠椅, 红色",799.96,2,0.0,143.92
4171,CN-202023-3529472,2024-09-26,2024-09-30,标准级,罗安-10210,罗安,消费者,塘沽,天津,中国,华北,技术-复印-10000050,技术,复印机,"Brother 复印机, 彩色",1230.74,1,0.0,36.82
4172,CN-202023-3529472,2024-09-26,2024-09-30,标准级,罗安-10210,罗安,消费者,塘沽,天津,中国,华北,家具-椅子-10004563,家具,椅子,"Office Star 沙滩椅, 可调",811.02,3,0.0,186.48
4173,CN-202023-3529472,2024-09-26,2024-09-30,标准级,罗安-10210,罗安,消费者,塘沽,天津,中国,华北,办公用-美术-10001897,办公用品,美术,"Boston 速写本, 混合尺寸",724.92,3,0.0,231.84
4186,US-202023-1610589,2024-01-23,2024-01-27,标准级,蒋光-13360,蒋光,小型企业,埠河,湖北,中国,中南,技术-复印-10000604,技术,复印机,"夏普 传真复印机, 彩色",1904.448,4,0.4,-285.712
4187,US-202023-1610589,2024-01-23,2024-01-27,标准级,蒋光-13360,蒋光,小型企业,埠河,湖北,中国,中南,办公用-纸张-10002493,办公用品,纸张,"Enermax 备忘录便条, 优质",219.24,3,0.0,43.68
4188,US-202023-1610589,2024-01-23,2024-01-27,标准级,蒋光-13360,蒋光,小型企业,埠河,湖北,中国,中南,办公用-收纳-10003040,办公用品,收纳具,"Tenex 锁柜, 工业",2864.82,3,0.0,658.56
4189,US-202023-1610589,2024-01-23,2024-01-27,标准级,蒋光-13360,蒋光,小型企业,埠河,湖北,中国,中南,技术-配件-10004986,技术,配件,"贝尔金 路由器, 回收",1436.736,2,0.4,-71.904
4196,CN-202023-4607746,2024-05-16,2024-05-21,标准级,杨栋-12340,杨栋,公司,重庆,重庆,中国,西南,办公用-收纳-10003186,办公用品,收纳具,"Rogers 盘, 单宽度",575.96,2,0.0,230.16
4197,CN-202023-2766233,2024-02-06,2024-02-10,标准级,封乐-17740,封乐,消费者,萍乡,江西,中国,华东,办公用-收纳-10004975,办公用品,收纳具,"Fellowes 文件夹, 工业",250.88,2,0.0,40.04
4202,US-202023-5033587,2024-05-04,2024-05-06,二级,郭冬-12415,郭冬露,消费者,武汉,湖北,中国,中南,家具-椅子-10004563,家具,椅子,"Office Star 沙滩椅, 可调",648.816,4,0.4,-183.904
4203,CN-202023-1608087,2024-08-01,2024-08-08,标准级,郭刚-13150,郭刚,公司,上海,上海,中国,华东,技术-复印-10001627,技术,复印机,"惠普 无线传真机, 彩色",18564.7,11,0.0,555.94
4205,CN-202023-4200185,2024-06-17,2024-06-21,标准级,王立-16585,王立勤,公司,包头,内蒙古,中国,华北,办公用-信封-10001579,办公用品,信封,"Jiffy 外皮和封条, 每套 50 个",280.14,3,0.0,123.06
4206,CN-202023-5591469,2024-12-30,2025-01-05,标准级,邱谦-19255,邱谦,公司,绍兴,浙江,中国,华东,技术-配件-10003340,技术,配件,"Enermax 键区, 回收",771.96,5,0.4,-180.74
4207,CN-202023-5591469,2024-12-30,2025-01-05,标准级,邱谦-19255,邱谦,公司,绍兴,浙江,中国,华东,技术-设备-10002746,技术,设备,"松下 收据打印机, 耐用",1355.424,4,0.4,-113.456
4210,CN-202023-1455994,2024-12-30,2025-01-02,一级,洪强-19345,洪强,公司,唐山,河北,中国,华北,技术-电话-10000983,技术,电话,"三星 信号增强器, 整包",3189.2,5,0.0,63.7
4211,CN-202023-1455994,2024-12-30,2025-01-02,一级,洪强-19345,洪强,公司,唐山,河北,中国,华北,家具-椅子-10002450,家具,椅子,"Hon 折叠椅, 红色",1899.8,5,0.0,702.8
4212,CN-202023-1455994,2024-12-30,2025-01-02,一级,洪强-19345,洪强,公司,唐山,河北,中国,华北,技术-配件-10000207,技术,配件,"Enermax 闪存驱动器, 实惠",193.76,1,0.0,83.3
4213,CN-202023-1455994,2024-12-30,2025-01-02,一级,洪强-19345,洪强,公司,唐山,河北,中国,华北,办公用-收纳-10000076,办公用品,收纳具,"Eldon 锁柜, 工业",1851.64,2,0.0,536.76
4214,CN-202023-1455994,2024-12-30,2025-01-02,一级,洪强-19345,洪强,公司,唐山,河北,中国,华北,办公用-装订-10002164,办公用品,装订机,"Avery 装订机, 透明",57.68,1,0.0,20.16
4215,CN-202023-1455994,2024-12-30,2025-01-02,一级,洪强-19345,洪强,公司,唐山,河北,中国,华北,办公用-信封-10004134,办公用品,信封,"Ames 搭扣信封, 红色",150.36,3,0.0,39.06
4216,CN-202023-1455994,2024-12-30,2025-01-02,一级,洪强-19345,洪强,公司,唐山,河北,中国,华北,办公用-器具-10003071,办公用品,器具,"Cuisinart 烤面包机, 黑色",246.82,1,0.0,96.18
4217,CN-202023-1455994,2024-12-30,2025-01-02,一级,洪强-19345,洪强,公司,唐山,河北,中国,华北,办公用-纸张-10002399,办公用品,纸张,"Green Bar 备忘录便条, 回收",393.4,5,0.0,0.0
4222,CN-202023-3281446,2024-07-08,2024-07-12,标准级,麦虢-13525,麦虢,公司,抚顺,辽宁,中国,东北,家具-椅子-10000329,家具,椅子,"Novimex 扶手椅, 红色",8975.82,7,0.4,-1795.36
4223,CN-202023-3281446,2024-07-08,2024-07-12,标准级,麦虢-13525,麦虢,公司,抚顺,辽宁,中国,东北,办公用-系固-10002631,办公用品,系固件,"Stockwell 橡皮筋, 金属",136.584,3,0.4,11.004
4224,CN-202023-1756643,2024-06-29,2024-07-03,标准级,徐杰-14740,徐杰,公司,商丘,河南,中国,中南,办公用-器具-10004864,办公用品,器具,"Hoover 炉灶, 红色",2652.86,1,0.0,397.88
4225,CN-202023-1756643,2024-06-29,2024-07-03,标准级,徐杰-14740,徐杰,公司,商丘,河南,中国,中南,技术-电话-10002745,技术,电话,"苹果 智能手机, 蓝色",1150.8,2,0.0,345.24
4231,CN-202023-3649263,2024-09-03,2024-09-07,标准级,陶聪-11725,陶聪,消费者,天津,天津,中国,华北,办公用-用品-10003039,办公用品,用品,"Acme 开信刀, 锯齿状",376.74,3,0.0,161.7
4232,CN-202023-3649263,2024-09-03,2024-09-07,标准级,陶聪-11725,陶聪,消费者,天津,天津,中国,华北,办公用-器具-10002081,办公用品,器具,"Hamilton Beach 炉灶, 白色",7566.72,3,0.0,1664.46
4235,CN-202023-2662386,2024-06-19,2024-06-22,二级,陈昌-11035,陈昌,消费者,蓬莱,山东,中国,华东,办公用-纸张-10001323,办公用品,纸张,"SanDisk 计划信息表, 多色",941.92,8,0.0,357.28
4236,CN-202023-2662386,2024-06-19,2024-06-22,二级,陈昌-11035,陈昌,消费者,蓬莱,山东,中国,华东,办公用-信封-10003369,办公用品,信封,"GlobeWeis 局间信封, 回收",2828.28,13,0.0,988.26
4238,CN-202023-3740832,2024-09-03,2024-09-10,标准级,彭博-10555,彭博,公司,朗乡,黑龙江,中国,东北,办公用-信封-10003425,办公用品,信封,"GlobeWeis 马尼拉纸信封, 红色",433.02,3,0.0,181.86
4247,US-202023-4482834,2024-02-25,2024-02-28,二级,廖保-10345,廖保,公司,衢州,浙江,中国,华东,办公用-装订-10000225,办公用品,装订机,"Cardinal 装订机盖, 透明",64.176,2,0.4,-6.664
4248,CN-202023-4680780,2024-12-07,2024-12-11,标准级,田武-21895,田武,公司,广水,湖北,中国,中南,办公用-标签-10001778,办公用品,标签,"Harbour Creations 文件夹标签, 耐用",85.12,2,0.0,12.6
4249,CN-202023-4680780,2024-12-07,2024-12-11,标准级,田武-21895,田武,公司,广水,湖北,中国,中南,办公用-用品-10002717,办公用品,用品,"Fiskars 剪刀, 蓝色",324.24,5,0.4,-151.76
4250,CN-202023-4680780,2024-12-07,2024-12-11,标准级,田武-21895,田武,公司,广水,湖北,中国,中南,办公用-信封-10004202,办公用品,信封,"Ames 邮寄品, 每套 50 个",1338.4,8,0.0,106.4
4251,CN-202023-4680780,2024-12-07,2024-12-11,标准级,田武-21895,田武,公司,广水,湖北,中国,中南,办公用-收纳-10003626,办公用品,收纳具,"Eldon 文件车, 工业",599.06,1,0.0,65.8
4253,US-202023-4736051,2024-09-16,2024-09-22,标准级,牛晒-19810,牛晒明,小型企业,青岛,山东,中国,华东,办公用-美术-10001414,办公用品,美术,"Binney & Smith 记号笔, 蓝色",112.42,1,0.0,12.32
4254,CN-202023-5569894,2024-03-30,2024-04-03,标准级,曾锦-14935,曾锦,公司,晋城,山西,中国,华北,家具-用具-10004104,家具,用具,"Tenex 相框, 黑色",1209.6,5,0.0,266.0
4255,CN-202023-5334809,2024-12-24,2024-12-26,一级,冯丽-17350,冯丽丽,消费者,潍坊,山东,中国,华东,办公用-信封-10003334,办公用品,信封,"Cameo 马尼拉纸信封, 红色",570.08,4,0.0,50.96
4265,CN-202023-5278404,2024-06-01,2024-06-05,标准级,李彩-10675,李彩,消费者,滕州,山东,中国,华东,办公用-信封-10003240,办公用品,信封,"Kraft 局间信封, 回收",1066.8,5,0.0,298.2
4266,CN-202023-5278404,2024-06-01,2024-06-05,标准级,李彩-10675,李彩,消费者,滕州,山东,中国,华东,家具-椅子-10000341,家具,椅子,"Office Star 椅垫, 红色",307.16,1,0.0,12.18
4267,CN-202023-5278404,2024-06-01,2024-06-05,标准级,李彩-10675,李彩,消费者,滕州,山东,中国,华东,技术-电话-10002447,技术,电话,"苹果 信号增强器, 整包",6381.2,10,0.0,1467.2
4274,CN-202023-2871844,2024-06-12,2024-06-19,标准级,徐杰-14740,徐杰,公司,平遥,山西,中国,华北,家具-椅子-10001902,家具,椅子,"SAFCO 沙滩椅, 黑色",877.52,4,0.0,34.72
4277,CN-202023-4950934,2024-01-01,2024-01-06,标准级,彭雯-21790,彭雯,消费者,齐齐哈尔,黑龙江,中国,东北,技术-配件-10001067,技术,配件,"罗技 闪存驱动器, 实惠",427.14,3,0.0,16.8
4285,CN-202023-4985754,2024-06-27,2024-06-28,一级,马荣-19750,马荣,消费者,蒲圻,湖北,中国,中南,家具-椅子-10002994,家具,椅子,"Office Star 折叠椅, 黑色",999.936,4,0.4,-550.144
4290,US-202023-1388500,2024-09-12,2024-09-16,标准级,麦德-12085,麦德,公司,铜川,陕西,中国,西北,家具-椅子-10004961,家具,椅子,"Office Star 椅垫, 可调",1593.9,5,0.0,749.0
4291,US-202023-1388500,2024-09-12,2024-09-16,标准级,麦德-12085,麦德,公司,铜川,陕西,中国,西北,家具-书架-10004416,家具,书架,"Bush 墙角架, 黑色",1754.76,3,0.0,578.76
4296,CN-202023-2595550,2024-09-28,2024-10-03,二级,殷莲-17110,殷莲,消费者,西安,陕西,中国,西北,技术-电话-10003151,技术,电话,"三星 耳机, 混合尺寸",2484.3,7,0.0,272.44
4297,CN-202023-2595550,2024-09-28,2024-10-03,二级,殷莲-17110,殷莲,消费者,西安,陕西,中国,西北,办公用-装订-10001547,办公用品,装订机,"Ibico 孔加固材料, 回收",102.9,3,0.0,34.86
4298,CN-202023-5373243,2024-11-24,2024-11-28,标准级,彭婉-21370,彭婉,公司,德州,山东,中国,华东,办公用-标签-10002581,办公用品,标签,"Avery 可去除的标签, 可调",80.64,2,0.0,36.12
4313,CN-202023-5181244,2024-01-09,2024-01-14,标准级,巩嘉-14500,巩嘉丽,消费者,银川,宁夏,中国,西北,办公用-系固-10002230,办公用品,系固件,"Stockwell 橡皮筋, 混合尺寸",65.24,1,0.0,27.3
4314,CN-202023-5181244,2024-01-09,2024-01-14,标准级,巩嘉-14500,巩嘉丽,消费者,银川,宁夏,中国,西北,办公用-用品-10000222,办公用品,用品,"Kleencut 开信刀, 蓝色",631.4,5,0.0,50.4
4317,US-202023-3266914,2024-05-11,2024-05-13,二级,袁德-12130,袁德,消费者,贵阳,贵州,中国,西南,办公用-收纳-10003617,办公用品,收纳具,"Tenex 文件车, 单宽度",3130.4,5,0.0,532.0
4321,CN-202023-2872339,2024-04-13,2024-04-19,标准级,洪黎-16345,洪黎明,消费者,南宁,广西,中国,中南,办公用-收纳-10004477,办公用品,收纳具,"Tenex 文件夹, 金属",312.06,3,0.0,27.72
4322,CN-202023-2872339,2024-04-13,2024-04-19,标准级,洪黎-16345,洪黎明,消费者,南宁,广西,中国,中南,办公用-收纳-10000319,办公用品,收纳具,"Rogers 锁柜, 单宽度",3950.8,4,0.0,869.12
4323,CN-202023-2872339,2024-04-13,2024-04-19,标准级,洪黎-16345,洪黎明,消费者,南宁,广西,中国,中南,技术-设备-10004659,技术,设备,"爱普生 卡片打印机, 耐用",1587.32,2,0.0,349.16
4324,CN-202023-2872339,2024-04-13,2024-04-19,标准级,洪黎-16345,洪黎明,消费者,南宁,广西,中国,中南,家具-桌子-10004684,家具,桌子,"Barricks 木桌, 白色",9084.6,5,0.25,-2301.6
4325,CN-202023-2872339,2024-04-13,2024-04-19,标准级,洪黎-16345,洪黎明,消费者,南宁,广西,中国,中南,办公用-收纳-10004708,办公用品,收纳具,"Fellowes 文件车, 工业",1286.04,2,0.0,591.36
4326,CN-202023-2872339,2024-04-13,2024-04-19,标准级,洪黎-16345,洪黎明,消费者,南宁,广西,中国,中南,办公用-标签-10003944,办公用品,标签,"Harbour Creations 圆形标签, 白色",220.5,7,0.0,23.52
4327,CN-202023-2872339,2024-04-13,2024-04-19,标准级,洪黎-16345,洪黎明,消费者,南宁,广西,中国,中南,办公用-美术-10000715,办公用品,美术,"Sanford 画布, 蓝色",377.216,2,0.2,-52.024
4332,US-202023-3064630,2024-11-02,2024-11-06,标准级,谈涛-21250,谈涛,消费者,恩施,湖北,中国,中南,办公用-装订-10000366,办公用品,装订机,"Avery 孔加固材料, 回收",26.712,2,0.4,-11.368
4333,US-202023-3064630,2024-11-02,2024-11-06,标准级,谈涛-21250,谈涛,消费者,恩施,湖北,中国,中南,办公用-系固-10001746,办公用品,系固件,"Advantus 回形针, 整包",78.12,2,0.4,-22.4
4334,US-202023-3064630,2024-11-02,2024-11-06,标准级,谈涛-21250,谈涛,消费者,恩施,湖北,中国,中南,办公用-纸张-10003357,办公用品,纸张,"Green Bar 笔记本, 优质",695.1,5,0.0,333.2
4339,CN-202023-2779535,2024-06-10,2024-06-11,一级,孟伟-21535,孟伟,小型企业,上海,上海,中国,华东,技术-电话-10003347,技术,电话,"摩托罗拉 信号增强器, 全尺寸",2695.84,4,0.0,1078.0
4340,CN-202023-2779535,2024-06-10,2024-06-11,一级,孟伟-21535,孟伟,小型企业,上海,上海,中国,华东,技术-复印-10003040,技术,复印机,"佳能 无线传真机, 红色",5276.04,3,0.0,2004.66
4341,CN-202023-2779535,2024-06-10,2024-06-11,一级,孟伟-21535,孟伟,小型企业,上海,上海,中国,华东,家具-椅子-10001116,家具,椅子,"Hon 摇椅, 红色",3657.36,6,0.0,1645.56
4342,CN-202023-2779535,2024-06-10,2024-06-11,一级,孟伟-21535,孟伟,小型企业,上海,上海,中国,华东,办公用-标签-10000918,办公用品,标签,"Hon 圆形标签, 耐用",65.8,2,0.0,10.92
4345,CN-202023-1973789,2024-06-21,2024-06-28,标准级,李黎-16375,李黎明,小型企业,启东,江苏,中国,华东,家具-书架-10003011,家具,书架,"Sauder 书架, 黑色",2904.132,7,0.4,241.472
4346,CN-202023-1973789,2024-06-21,2024-06-28,标准级,李黎-16375,李黎明,小型企业,启东,江苏,中国,华东,办公用-收纳-10002440,办公用品,收纳具,"Tenex 文件车, 蓝色",1877.82,3,0.0,149.94
4353,CN-202023-1105815,2024-12-22,2024-12-27,标准级,许凤-12835,许凤,公司,合肥,安徽,中国,华东,办公用-信封-10004503,办公用品,信封,"Jiffy 商业信封, 回收",413.28,6,0.0,115.08
4354,CN-202023-1105815,2024-12-22,2024-12-27,标准级,许凤-12835,许凤,公司,合肥,安徽,中国,华东,技术-配件-10002404,技术,配件,"贝尔金 键盘, 耐用",1569.68,4,0.0,219.52
4358,CN-202023-3865865,2024-09-25,2024-10-01,标准级,陶武-21880,陶武,公司,天津,天津,中国,华北,办公用-器具-10000654,办公用品,器具,"Breville 搅拌机, 黑色",836.92,2,0.0,192.36
4361,US-202023-3382200,2024-01-22,2024-01-26,标准级,付荣-19690,付荣,消费者,沈阳,辽宁,中国,东北,技术-电话-10004627,技术,电话,"思科 充电器, 整包",1824.144,1,0.4,-91.336
4362,US-202023-3382200,2024-01-22,2024-01-26,标准级,付荣-19690,付荣,消费者,沈阳,辽宁,中国,东北,技术-复印-10004983,技术,复印机,"Brother 复印机, 每套两件",2203.236,3,0.4,-37.044
4364,CN-202023-2169010,2024-12-24,2024-12-28,标准级,佘巧-19480,佘巧,消费者,长春,吉林,中国,东北,办公用-装订-10000292,办公用品,装订机,"Wilson Jones 装订机盖, 实惠",261.1,5,0.0,86.1
4372,CN-202023-4433229,2024-11-25,2024-12-01,标准级,范刚-13135,范刚,消费者,青岛,山东,中国,华东,办公用-器具-10003859,办公用品,器具,"Cuisinart 冰箱, 白色",9225.44,4,0.0,922.32
4378,CN-202023-4497265,2024-09-16,2024-09-21,标准级,郭博-10525,郭博,公司,平凉,甘肃,中国,西北,办公用-收纳-10004132,办公用品,收纳具,"Rogers 盘, 工业",1160.32,4,0.0,510.16
4396,CN-202023-2067445,2024-06-29,2024-07-04,二级,傅晨-11110,傅晨,公司,北京,北京,中国,华北,家具-椅子-10002476,家具,椅子,"Office Star 折叠椅, 红色",2995.86,7,0.0,568.4
4397,US-202023-1184235,2024-12-14,2024-12-20,标准级,田丽-16270,田丽美,消费者,重庆,重庆,中国,西南,技术-配件-10003034,技术,配件,"Memorex 闪存驱动器, 回收",634.9,5,0.0,196.7
4398,US-202023-1184235,2024-12-14,2024-12-20,标准级,田丽-16270,田丽美,消费者,重庆,重庆,中国,西南,家具-用具-10001878,家具,用具,"Rubvermaid 闹钟, 黑色",702.24,3,0.0,34.86
4399,US-202023-3266914,2024-04-27,2024-05-02,标准级,沈强-19375,沈强,消费者,海口,海南,中国,西南,办公用-系固-10002326,办公用品,系固件,"Accos 订书钉, 混合尺寸",39.2,1,0.0,18.76
4405,CN-202023-1904299,2024-08-05,2024-08-09,标准级,刘婵-10945,刘婵,消费者,绥棱,黑龙江,中国,东北,办公用-装订-10004939,办公用品,装订机,"Ibico 打孔机, 耐用",298.2,2,0.0,11.76
4406,CN-202023-1904299,2024-08-05,2024-08-09,标准级,刘婵-10945,刘婵,消费者,绥棱,黑龙江,中国,东北,办公用-信封-10000686,办公用品,信封,"GlobeWeis 局间信封, 每套 50 个",1115.8,5,0.0,457.1
4407,CN-202023-1904299,2024-08-05,2024-08-09,标准级,刘婵-10945,刘婵,消费者,绥棱,黑龙江,中国,东北,技术-配件-10002665,技术,配件,"SanDisk 记忆卡, 回收",1543.08,3,0.0,724.92
4408,CN-202023-1904299,2024-08-05,2024-08-09,标准级,刘婵-10945,刘婵,消费者,绥棱,黑龙江,中国,东北,办公用-收纳-10000208,办公用品,收纳具,"Rogers 搁板, 单宽度",1160.32,4,0.0,347.76
4416,CN-202023-5927801,2024-04-13,2024-04-15,二级,肖冬-12400,肖冬露,小型企业,图们,吉林,中国,东北,技术-复印-10004761,技术,复印机,"Brother 复印机, 红色",6078.1,5,0.0,2248.4
4417,CN-202023-5927801,2024-04-13,2024-04-15,二级,肖冬-12400,肖冬露,小型企业,图们,吉林,中国,东北,家具-用具-10003358,家具,用具,"Advantus 灯泡, 一包多件",469.7,5,0.0,93.8
4426,US-202023-4443651,2024-06-27,2024-06-30,一级,李谙-18775,李谙,小型企业,嘉兴,浙江,中国,华东,家具-桌子-10000673,家具,桌子,"Chromcraft 电脑桌, 黑色",3310.944,4,0.6,-2980.096
4427,US-202023-4443651,2024-06-27,2024-06-30,一级,李谙-18775,李谙,小型企业,嘉兴,浙江,中国,华东,办公用-收纳-10000741,办公用品,收纳具,"Fellowes 盒, 单宽度",827.82,9,0.0,248.22
4444,CN-202023-2919347,2024-08-21,2024-08-25,标准级,严盛-20410,严盛,消费者,百色,广西,中国,中南,办公用-纸张-10004274,办公用品,纸张,"Eaton 备忘录便条, 每包 12 个",166.88,2,0.0,46.48
4448,CN-202023-5404138,2024-05-23,2024-05-28,二级,邵绅-19990,邵绅,消费者,临汾,山西,中国,华北,办公用-装订-10000662,办公用品,装订机,"Cardinal 装订机盖, 耐用",315.0,5,0.0,12.6
4458,CN-202023-5533473,2024-05-06,2024-05-09,一级,韦锦-14950,韦锦,消费者,浯溪,湖南,中国,中南,技术-设备-10003411,技术,设备,"柯尼卡 电话, 耐用",805.56,2,0.0,289.8
4459,US-202023-5728538,2024-09-08,2024-09-12,标准级,廖乐-17770,廖乐,消费者,蒲庙,广西,中国,中南,家具-椅子-10003884,家具,椅子,"Hon 扶手椅, 可调",5791.338,3,0.1,-128.982
4460,US-202023-5728538,2024-09-08,2024-09-12,标准级,廖乐-17770,廖乐,消费者,蒲庙,广西,中国,中南,办公用-标签-10000619,办公用品,标签,"Avery 可去除的标签, 耐用",51.94,1,0.0,3.5
4461,US-202023-5728538,2024-09-08,2024-09-12,标准级,廖乐-17770,廖乐,消费者,蒲庙,广西,中国,中南,办公用-收纳-10002430,办公用品,收纳具,"Rogers 文件车, 单宽度",1321.88,2,0.0,528.64
4462,US-202023-5728538,2024-09-08,2024-09-12,标准级,廖乐-17770,廖乐,消费者,蒲庙,广西,中国,中南,技术-复印-10003823,技术,复印机,"惠普 墨水, 彩色",3036.6,5,0.0,1335.6
4463,US-202023-5728538,2024-09-08,2024-09-12,标准级,廖乐-17770,廖乐,消费者,蒲庙,广西,中国,中南,办公用-装订-10001505,办公用品,装订机,"Cardinal 孔加固材料, 回收",53.2,2,0.0,25.48
4474,US-202023-5490018,2024-09-24,2024-09-26,一级,何娇-14650,何娇,公司,大庆,黑龙江,中国,东北,办公用-标签-10001570,办公用品,标签,"Hon 运输标签, 可调",259.56,6,0.0,2.52
4480,CN-202023-3904829,2024-07-23,2024-07-27,标准级,彭博-10555,彭博,公司,义乌,浙江,中国,华东,家具-书架-10003232,家具,书架,"宜家 书库, 黑色",4085.088,4,0.4,-2451.232
4481,CN-202023-3904829,2024-07-23,2024-07-27,标准级,彭博-10555,彭博,公司,义乌,浙江,中国,华东,办公用-系固-10000591,办公用品,系固件,"Stockwell 图钉, 整包",113.652,3,0.4,-40.068
4482,CN-202023-4644475,2024-05-06,2024-05-08,二级,许安-10165,许安,消费者,沈阳,辽宁,中国,东北,技术-配件-10002929,技术,配件,"Memorex 路由器, 耐用",2069.928,3,0.4,34.188
4483,CN-202023-3074981,2024-05-28,2024-06-01,二级,黄婷-21085,黄婷,消费者,韶关,广东,中国,中南,家具-书架-10001846,家具,书架,"Dania 搁架, 传统",6322.4,8,0.0,2149.28
4505,CN-202023-5022660,2024-08-03,2024-08-08,二级,夏明-18355,夏明媚,公司,重庆,重庆,中国,西南,办公用-纸张-10001282,办公用品,纸张,"Enermax 笔记本, 每包 12 个",456.96,3,0.0,118.44
4506,US-202023-2862018,2024-09-10,2024-09-10,当日,贺晨-11125,贺晨,小型企业,扬州,江苏,中国,华东,办公用-系固-10004954,办公用品,系固件,"Stockwell 按钉, 混合尺寸",66.192,2,0.4,-9.968
4507,US-202023-2862018,2024-09-10,2024-09-10,当日,贺晨-11125,贺晨,小型企业,扬州,江苏,中国,华东,办公用-系固-10003020,办公用品,系固件,"Stockwell 订书钉, 每包 12 个",82.656,3,0.4,-42.924
4508,US-202023-2862018,2024-09-10,2024-09-10,当日,贺晨-11125,贺晨,小型企业,扬州,江苏,中国,华东,家具-书架-10003672,家具,书架,"Safco 书库, 传统",2182.824,2,0.4,-727.776
4512,CN-202023-2405576,2024-03-21,2024-03-27,标准级,韦君-15310,韦君,公司,重庆,重庆,中国,西南,技术-电话-10000462,技术,电话,"思科 音频基座, 混合尺寸",6040.72,7,0.0,542.92
4513,CN-202023-2405576,2024-03-21,2024-03-27,标准级,韦君-15310,韦君,公司,重庆,重庆,中国,西南,办公用-系固-10003295,办公用品,系固件,"OIC 订书钉, 整包",52.92,1,0.0,14.28
4515,CN-202023-1455125,2024-05-02,2024-05-06,标准级,田黎-16450,田黎明,公司,杨柳青,天津,中国,华北,办公用-标签-10003755,办公用品,标签,"Novimex 可去除的标签, 白色",46.06,1,0.0,19.32
4516,CN-202023-1455125,2024-05-02,2024-05-06,标准级,田黎-16450,田黎明,公司,杨柳青,天津,中国,华北,办公用-收纳-10000083,办公用品,收纳具,"Smead 盒, 工业",105.0,2,0.0,32.48
4517,CN-202023-3350819,2024-12-08,2024-12-10,一级,叶实-20290,叶实,公司,太原,山西,中国,华北,技术-配件-10001450,技术,配件,"罗技 记忆卡, 回收",472.22,1,0.0,51.94
4521,US-202023-2558996,2024-10-29,2024-11-03,标准级,秦芯-13915,秦芯,消费者,铁力,黑龙江,中国,东北,家具-桌子-10001852,家具,桌子,"Bevis 会议桌, 组装",16191.525,5,0.25,-1079.575
4522,US-202023-2558996,2024-10-29,2024-11-03,标准级,秦芯-13915,秦芯,消费者,铁力,黑龙江,中国,东北,技术-配件-10001617,技术,配件,"Memorex 鼠标, 耐用",264.88,2,0.0,60.76
4523,CN-202023-5385461,2024-09-17,2024-09-19,二级,黄娜-18505,黄娜,消费者,徐州,江苏,中国,华东,办公用-收纳-10002847,办公用品,收纳具,"Tenex 文件车, 金属",1864.8,3,0.0,596.4
4524,CN-202023-5385461,2024-09-17,2024-09-19,二级,黄娜-18505,黄娜,消费者,徐州,江苏,中国,华东,办公用-系固-10001285,办公用品,系固件,"Stockwell 订书钉, 整包",272.16,9,0.4,35.28
4527,CN-202023-5614161,2024-02-28,2024-03-05,二级,赵德-12145,赵德伟,消费者,肃州,甘肃,中国,西北,办公用-纸张-10002408,办公用品,纸张,"施乐 计划信息表, 每包 12 个",228.76,2,0.0,11.2
4528,CN-202023-5614161,2024-02-28,2024-03-05,二级,赵德-12145,赵德伟,消费者,肃州,甘肃,中国,西北,家具-用具-10002431,家具,用具,"Rubvermaid 灯泡, 一包多件",211.68,4,0.4,24.64
4529,CN-202023-5614161,2024-02-28,2024-03-05,二级,赵德-12145,赵德伟,消费者,肃州,甘肃,中国,西北,办公用-装订-10004617,办公用品,装订机,"Avery 打孔机, 回收",237.132,3,0.4,-138.348
4530,CN-202023-5614161,2024-02-28,2024-03-05,二级,赵德-12145,赵德伟,消费者,肃州,甘肃,中国,西北,办公用-纸张-10000589,办公用品,纸张,"SanDisk 笔记本, 多色",728.7,5,0.0,320.6
4532,CN-202023-1424056,2024-06-19,2024-06-23,标准级,钱崆-15490,钱崆,消费者,哈尔滨,黑龙江,中国,东北,办公用-用品-10004642,办公用品,用品,"Fiskars 修剪器, 钢",389.2,2,0.0,159.32
4536,CN-202023-5285028,2024-02-20,2024-02-26,标准级,秦刚-13075,秦刚,公司,招远,山东,中国,华东,办公用-标签-10001075,办公用品,标签,"Smead 运输标签, 可调",133.14,3,0.0,21.0
4537,CN-202023-5285028,2024-02-20,2024-02-26,标准级,秦刚-13075,秦刚,公司,招远,山东,中国,华东,办公用-装订-10004167,办公用品,装订机,"Ibico 孔加固材料, 实惠",97.86,3,0.0,0.84
4540,CN-202023-4650370,2024-03-12,2024-03-12,当日,邓保-10375,邓保,消费者,延吉,吉林,中国,东北,办公用-标签-10004982,办公用品,标签,"Harbour Creations 有色标签, 白色",722.4,12,0.0,252.0
4546,CN-202023-5731370,2024-10-19,2024-10-24,标准级,潘锦-14920,潘锦,消费者,太原,山西,中国,华北,家具-桌子-10004227,家具,桌子,"Bevis 圆桌, 长方形",5415.48,3,0.25,938.28
4547,CN-202023-5731370,2024-10-19,2024-10-24,标准级,潘锦-14920,潘锦,消费者,太原,山西,中国,华北,办公用-装订-10000648,办公用品,装订机,"Cardinal 装订机盖, 实惠",112.0,2,0.0,49.28
4548,CN-202023-5731370,2024-10-19,2024-10-24,标准级,潘锦-14920,潘锦,消费者,太原,山西,中国,华北,办公用-美术-10003689,办公用品,美术,"BIC 荧光笔, 蓝色",618.38,7,0.0,116.62
4555,CN-202023-3798503,2024-06-03,2024-06-05,二级,彭欢-14230,彭欢,公司,温州,浙江,中国,华东,办公用-信封-10004939,办公用品,信封,"Kraft 商业信封, 红色",466.2,5,0.0,46.2
4556,CN-202023-3798503,2024-06-03,2024-06-05,二级,彭欢-14230,彭欢,公司,温州,浙江,中国,华东,家具-椅子-10003332,家具,椅子,"Office Star 摇椅, 黑色",775.488,2,0.4,103.208
4557,CN-202023-3798503,2024-06-03,2024-06-05,二级,彭欢-14230,彭欢,公司,温州,浙江,中国,华东,家具-用具-10001977,家具,用具,"Eldon 框架, 优质",964.908,3,0.4,96.348
4558,US-202023-4386495,2024-08-29,2024-09-03,标准级,韦达-11830,韦达侠,公司,西安,陕西,中国,西北,家具-椅子-10001595,家具,椅子,"Office Star 凳子, 红色",2435.16,3,0.0,1047.06
4559,US-202023-4386495,2024-08-29,2024-09-03,标准级,韦达-11830,韦达侠,公司,西安,陕西,中国,西北,办公用-收纳-10001942,办公用品,收纳具,"Fellowes 文件车, 金属",1272.88,2,0.0,585.48
4562,CN-202023-5743460,2024-07-08,2024-07-12,二级,陈忠-11470,陈忠,公司,合肥,安徽,中国,华东,技术-复印-10004968,技术,复印机,"惠普 墨水, 每套两件",2402.4,4,0.0,71.68
4564,CN-202023-2166981,2024-05-22,2024-05-26,二级,蔡菊-15055,蔡菊,消费者,沈阳,辽宁,中国,东北,技术-配件-10001134,技术,配件,"Enermax 鼠标, 回收",960.12,9,0.4,-608.58
4565,CN-202023-2166981,2024-05-22,2024-05-26,二级,蔡菊-15055,蔡菊,消费者,沈阳,辽宁,中国,东北,技术-复印-10000859,技术,复印机,"Hewlett 复印机, 数字化",7372.68,10,0.4,-2826.32
4566,US-202023-5784606,2024-06-19,2024-06-23,标准级,黄婷-21085,黄婷,消费者,武汉,湖北,中国,中南,技术-电话-10003432,技术,电话,"三星 音频基座, 蓝色",1868.496,4,0.4,-778.624
4568,US-202023-4687313,2024-08-22,2024-08-27,标准级,苏晒-19825,苏晒明,消费者,嘉兴,浙江,中国,华东,办公用-系固-10000554,办公用品,系固件,"Stockwell 橡皮筋, 每包 12 个",402.192,9,0.4,-241.668
4569,US-202023-4687313,2024-08-22,2024-08-27,标准级,苏晒-19825,苏晒明,消费者,嘉兴,浙江,中国,华东,家具-书架-10003499,家具,书架,"宜家 书库, 金属",7111.86,7,0.4,-2607.78
4570,US-202023-4687313,2024-08-22,2024-08-27,标准级,苏晒-19825,苏晒明,消费者,嘉兴,浙江,中国,华东,办公用-纸张-10003939,办公用品,纸张,"Green Bar 令, 回收",415.38,3,0.0,199.08
4583,US-202023-5693708,2024-08-31,2024-09-02,二级,邱谦-19255,邱谦,公司,西安,陕西,中国,西北,办公用-用品-10002100,办公用品,用品,"Stiletto 开信刀, 锯齿状",117.04,1,0.0,36.26
4588,CN-202023-2912039,2024-06-26,2024-06-28,二级,佘莲-17050,佘莲,消费者,汉中,陕西,中国,西北,办公用-装订-10000183,办公用品,装订机,"Cardinal 订书机, 实惠",696.78,3,0.0,257.46
4589,CN-202023-2912039,2024-06-26,2024-06-28,二级,佘莲-17050,佘莲,消费者,汉中,陕西,中国,西北,家具-椅子-10000671,家具,椅子,"Hon 折叠椅, 黑色",2948.96,8,0.0,146.72
4590,CN-202023-2912039,2024-06-26,2024-06-28,二级,佘莲-17050,佘莲,消费者,汉中,陕西,中国,西北,家具-椅子-10004059,家具,椅子,"Novimex 扶手椅, 每套两件",17180.8,8,0.0,2919.84
4593,CN-202023-3597477,2024-03-11,2024-03-11,当日,唐木-18430,唐木兰,消费者,九江,江西,中国,华东,办公用-系固-10003118,办公用品,系固件,"Stockwell 夹子, 混合尺寸",311.36,4,0.0,92.96
4594,CN-202023-3597477,2024-03-11,2024-03-11,当日,唐木-18430,唐木兰,消费者,九江,江西,中国,华东,办公用-系固-10002262,办公用品,系固件,"Stockwell 图钉, 每包 12 个",302.4,5,0.0,147.7
4597,CN-202023-5385461,2024-07-14,2024-07-17,一级,夏光-13375,夏光,消费者,桂平,广西,中国,中南,办公用-纸张-10000587,办公用品,纸张,"Green Bar 计划信息表, 优质",333.06,3,0.0,6.3
4598,CN-202023-5385461,2024-07-14,2024-07-17,一级,夏光-13375,夏光,消费者,桂平,广西,中国,中南,家具-椅子-10002913,家具,椅子,"Office Star 椅垫, 每套两件",857.682,3,0.1,209.622
4599,CN-202023-5385461,2024-07-14,2024-07-17,一级,夏光-13375,夏光,消费者,桂平,广西,中国,中南,办公用-系固-10002262,办公用品,系固件,"Stockwell 图钉, 每包 12 个",241.92,4,0.0,118.16
4600,CN-202023-5385461,2024-07-14,2024-07-17,一级,夏光-13375,夏光,消费者,桂平,广西,中国,中南,技术-电话-10000810,技术,电话,"摩托罗拉 充电器, 整包",5999.28,2,0.0,1139.6
4601,CN-202023-5385461,2024-07-14,2024-07-17,一级,夏光-13375,夏光,消费者,桂平,广西,中国,中南,家具-用具-10003909,家具,用具,"Eldon 分层置放架, 一包多件",441.84,3,0.0,57.12
4602,CN-202023-5491871,2024-03-24,2024-03-30,标准级,朱丽-17335,朱丽丽,小型企业,揭阳,广东,中国,中南,办公用-装订-10002223,办公用品,装订机,"Avery 装订机, 回收",123.76,2,0.0,0.0
4603,CN-202023-5491871,2024-03-24,2024-03-30,标准级,朱丽-17335,朱丽丽,小型企业,揭阳,广东,中国,中南,技术-配件-10002006,技术,配件,"Memorex 鼠标, 回收",363.72,3,0.0,65.1
4604,CN-202023-5491871,2024-03-24,2024-03-30,标准级,朱丽-17335,朱丽丽,小型企业,揭阳,广东,中国,中南,办公用-器具-10004119,办公用品,器具,"Hoover 搅拌机, 白色",889.56,2,0.0,329.0
4605,CN-202023-5491871,2024-03-24,2024-03-30,标准级,朱丽-17335,朱丽丽,小型企业,揭阳,广东,中国,中南,家具-椅子-10002544,家具,椅子,"SAFCO 凳子, 黑色",695.142,1,0.1,46.242
4606,CN-202023-5491871,2024-03-24,2024-03-30,标准级,朱丽-17335,朱丽丽,小型企业,揭阳,广东,中国,中南,家具-用具-10002267,家具,用具,"Rubvermaid 相框, 优质",470.12,2,0.0,164.36
4607,CN-202023-2448028,2024-11-20,2024-11-24,二级,曹冬-12445,曹冬露,消费者,南宁,广西,中国,中南,办公用-器具-10001071,办公用品,器具,"KitchenAid 烤面包机, 红色",398.16,1,0.0,55.72
4613,CN-202023-2052338,2024-08-03,2024-08-06,一级,邢伟-21505,邢伟,消费者,沙市,湖北,中国,中南,办公用-标签-10001271,办公用品,标签,"Smead 有色标签, 白色",121.8,2,0.0,58.24
4614,CN-202023-2052338,2024-08-03,2024-08-06,一级,邢伟-21505,邢伟,消费者,沙市,湖北,中国,中南,办公用-装订-10004840,办公用品,装订机,"Cardinal 孔加固材料, 透明",13.44,1,0.4,-6.58
4622,CN-202023-4070986,2024-02-24,2024-02-26,一级,蒋光-13360,蒋光,小型企业,遵义,贵州,中国,西南,办公用-纸张-10004837,办公用品,纸张,"SanDisk 笔记本, 优质",417.48,3,0.0,62.58
4623,CN-202023-4070986,2024-02-24,2024-02-26,一级,蒋光-13360,蒋光,小型企业,遵义,贵州,中国,西南,办公用-标签-10000548,办公用品,标签,"Harbour Creations 可去除的标签, 耐用",150.36,3,0.0,17.64
4624,CN-202023-4070986,2024-02-24,2024-02-26,一级,蒋光-13360,蒋光,小型企业,遵义,贵州,中国,西南,办公用-纸张-10001526,办公用品,纸张,"Enermax 备忘录便条, 回收",72.66,1,0.0,15.12
4625,CN-202023-4070986,2024-02-24,2024-02-26,一级,蒋光-13360,蒋光,小型企业,遵义,贵州,中国,西南,办公用-器具-10002486,办公用品,器具,"Hoover 烤面包机, 银色",1181.46,3,0.0,460.74
4626,CN-202023-4070986,2024-02-24,2024-02-26,一级,蒋光-13360,蒋光,小型企业,遵义,贵州,中国,西南,办公用-美术-10002228,办公用品,美术,"BIC 荧光笔, 混合尺寸",206.36,2,0.0,43.12
4629,CN-202023-5443541,2024-06-20,2024-06-24,标准级,巩虢-13495,巩虢,公司,肃州,甘肃,中国,西北,办公用-器具-10004059,办公用品,器具,"Cuisinart 冰箱, 银色",8346.744,6,0.4,417.144
4630,CN-202023-5834341,2024-06-07,2024-06-12,二级,常崆-15505,常崆,消费者,天津,天津,中国,华北,技术-电话-10001136,技术,电话,"思科 耳机, 混合尺寸",1278.06,3,0.0,178.92
4638,CN-202023-4395048,2024-08-12,2024-08-17,标准级,吕灵-17575,吕灵,消费者,胶南,山东,中国,华东,家具-书架-10002251,家具,书架,"Sauder 书架, 传统",8221.92,12,0.0,2793.84
4639,CN-202023-4395048,2024-08-12,2024-08-17,标准级,吕灵-17575,吕灵,消费者,胶南,山东,中国,华东,办公用-收纳-10001197,办公用品,收纳具,"Eldon 锁柜, 单宽度",1847.44,2,0.0,868.28
4640,CN-202023-4395048,2024-08-12,2024-08-17,标准级,吕灵-17575,吕灵,消费者,胶南,山东,中国,华东,办公用-标签-10004623,办公用品,标签,"Avery 有色标签, 可调",156.66,3,0.0,17.22
4641,CN-202023-4395048,2024-08-12,2024-08-17,标准级,吕灵-17575,吕灵,消费者,胶南,山东,中国,华东,办公用-信封-10003126,办公用品,信封,"Ames 邮寄品, 回收",323.4,2,0.0,42.0
4642,CN-202023-4395048,2024-08-12,2024-08-17,标准级,吕灵-17575,吕灵,消费者,胶南,山东,中国,华东,技术-电话-10001777,技术,电话,"摩托罗拉 办公室电话机, 整包",1005.9,3,0.0,49.98
4643,CN-202023-4395048,2024-08-12,2024-08-17,标准级,吕灵-17575,吕灵,消费者,胶南,山东,中国,华东,家具-椅子-10004006,家具,椅子,"Novimex 扶手椅, 黑色",8503.04,4,0.0,3315.76
4644,CN-202023-4395048,2024-08-12,2024-08-17,标准级,吕灵-17575,吕灵,消费者,胶南,山东,中国,华东,技术-复印-10002908,技术,复印机,"佳能 复印机, 数字化",3664.92,3,0.0,659.4
4647,CN-202023-5948224,2024-05-12,2024-05-16,标准级,陈爽-20515,陈爽,小型企业,四平,吉林,中国,东北,技术-配件-10004884,技术,配件,"SanDisk 键区, 实惠",258.3,1,0.0,98.14
4650,CN-202023-5579550,2024-04-07,2024-04-11,标准级,许绅-19960,许绅,消费者,钦州,广西,中国,中南,办公用-装订-10003947,办公用品,装订机,"Cardinal 孔加固材料, 耐用",191.52,6,0.0,3.36
4651,CN-202023-5579550,2024-04-07,2024-04-11,标准级,许绅-19960,许绅,消费者,钦州,广西,中国,中南,技术-电话-10003227,技术,电话,"诺基亚 信号增强器, 整包",3824.52,6,0.0,1261.68
4652,CN-202023-5579550,2024-04-07,2024-04-11,标准级,许绅-19960,许绅,消费者,钦州,广西,中国,中南,技术-复印-10004910,技术,复印机,"Brother 复印机, 数字化",2444.68,2,0.0,904.4
4653,CN-202023-5679752,2024-12-08,2024-12-15,标准级,常盛-20305,常盛,消费者,无锡,江苏,中国,华东,办公用-系固-10001342,办公用品,系固件,"Stockwell 按钉, 整包",117.432,3,0.4,11.592
4654,CN-202023-5679752,2024-12-08,2024-12-15,标准级,常盛-20305,常盛,消费者,无锡,江苏,中国,华东,技术-电话-10001957,技术,电话,"摩托罗拉 智能手机, 整包",1090.908,3,0.4,-254.772
4662,US-202023-1911148,2024-12-04,2024-12-10,标准级,常升-20020,常升,消费者,苏家屯,辽宁,中国,东北,办公用-装订-10000333,办公用品,装订机,"Cardinal 订书机, 回收",701.82,5,0.4,-175.98
4663,US-202023-5235171,2024-06-05,2024-06-10,标准级,陈昌-11035,陈昌,消费者,界首,安徽,中国,华东,家具-桌子-10003647,家具,桌子,"Chromcraft 培训桌, 长方形",2955.33,3,0.25,-867.09
4664,US-202023-5235171,2024-06-05,2024-06-10,标准级,陈昌-11035,陈昌,消费者,界首,安徽,中国,华东,办公用-装订-10001547,办公用品,装订机,"Ibico 孔加固材料, 回收",137.2,4,0.0,46.48
4665,US-202023-5235171,2024-06-05,2024-06-10,标准级,陈昌-11035,陈昌,消费者,界首,安徽,中国,华东,家具-书架-10003617,家具,书架,"Bush 书架, 黑色",1165.36,2,0.0,291.2
4669,CN-202023-3503696,2024-10-06,2024-10-12,标准级,韩杰-14725,韩杰,消费者,深圳,广东,中国,中南,家具-用具-10002095,家具,用具,"Advantus 灯泡, 黑色",93.66,1,0.0,28.0
4670,CN-202023-3503696,2024-10-06,2024-10-12,标准级,韩杰-14725,韩杰,消费者,深圳,广东,中国,中南,技术-设备-10003030,技术,设备,"松下 电话, 红色",765.24,2,0.0,267.68
4674,US-202023-2042105,2024-12-23,2024-12-30,标准级,沈虢-13570,沈虢,消费者,本溪,辽宁,中国,东北,办公用-装订-10000287,办公用品,装订机,"Wilson Jones 孔加固材料, 实惠",38.052,3,0.4,-10.248
4688,CN-202023-4080706,2024-11-02,2024-11-06,标准级,李丽-17365,李丽丽,消费者,西华,河南,中国,中南,技术-复印-10001796,技术,复印机,"佳能 传真机, 数字化",2968.28,2,0.0,831.04
4689,CN-202023-4080706,2024-11-02,2024-11-06,标准级,李丽-17365,李丽丽,消费者,西华,河南,中国,中南,技术-复印-10003170,技术,复印机,"Brother 墨水, 每套两件",2062.2,3,0.0,453.6
4696,CN-202023-5869494,2024-12-08,2024-12-12,标准级,苏江-14620,苏江丽,公司,海林,黑龙江,中国,东北,办公用-系固-10003826,办公用品,系固件,"Accos 回形针, 整包",262.08,4,0.0,96.88
4697,CN-202023-5869494,2024-12-08,2024-12-12,标准级,苏江-14620,苏江丽,公司,海林,黑龙江,中国,东北,办公用-用品-10003489,办公用品,用品,"Stiletto 剪刀, 钢",429.52,4,0.0,64.4
4698,US-202023-5099065,2024-11-25,2024-11-27,一级,袁关-15670,袁关茵,消费者,沙市,湖北,中国,中南,办公用-装订-10002580,办公用品,装订机,"Wilson Jones 订书机, 透明",406.728,3,0.4,-108.612
4699,US-202023-5099065,2024-11-25,2024-11-27,一级,袁关-15670,袁关茵,消费者,沙市,湖北,中国,中南,家具-用具-10002443,家具,用具,"Advantus 框架, 黑色",311.136,1,0.4,46.536
4702,US-202023-5260002,2024-05-19,2024-05-23,标准级,郝升-20095,郝升,消费者,鄂州,湖北,中国,中南,技术-设备-10004352,技术,设备,"松下 计算器, 多色",563.136,4,0.4,-187.824
4703,US-202023-5260002,2024-05-19,2024-05-23,标准级,郝升-20095,郝升,消费者,鄂州,湖北,中国,中南,办公用-美术-10004772,办公用品,美术,"Stanley 钢笔, 金属",95.004,9,0.8,-352.296
4704,CN-202023-2292031,2024-06-15,2024-06-20,标准级,龙锦-14875,龙锦,小型企业,绥芬河,黑龙江,中国,东北,办公用-系固-10004011,办公用品,系固件,"Advantus 按钉, 每包 12 个",258.72,4,0.0,20.16
4705,CN-202023-2292031,2024-06-15,2024-06-20,标准级,龙锦-14875,龙锦,小型企业,绥芬河,黑龙江,中国,东北,办公用-纸张-10004521,办公用品,纸张,"Green Bar 信纸, 优质",1354.92,6,0.0,473.76
4706,CN-202023-2292031,2024-06-15,2024-06-20,标准级,龙锦-14875,龙锦,小型企业,绥芬河,黑龙江,中国,东北,办公用-系固-10003116,办公用品,系固件,"OIC 订书钉, 每包 12 个",502.6,10,0.0,184.8
4707,US-202023-3189070,2024-05-19,2024-05-25,标准级,邢宁-18715,邢宁,公司,涪陵,重庆,中国,西南,技术-复印-10000122,技术,复印机,"Hewlett 无线传真机, 每套两件",2838.752,2,0.2,390.152
4716,CN-202023-3902607,2024-12-28,2025-01-02,标准级,余婵-11020,余婵,公司,无锡,江苏,中国,华东,办公用-标签-10004286,办公用品,标签,"Avery 有色标签, 耐用",446.88,7,0.0,98.0
4717,CN-202023-3902607,2024-12-28,2025-01-02,标准级,余婵-11020,余婵,公司,无锡,江苏,中国,华东,办公用-信封-10002028,办公用品,信封,"Cameo 外皮和封条, 每套 50 个",392.0,4,0.0,35.28
4718,CN-202023-3902607,2024-12-28,2025-01-02,标准级,余婵-11020,余婵,公司,无锡,江苏,中国,华东,办公用-信封-10002658,办公用品,信封,"Cameo 局间信封, 银色",697.62,3,0.0,230.16
4719,CN-202023-3902607,2024-12-28,2025-01-02,标准级,余婵-11020,余婵,公司,无锡,江苏,中国,华东,技术-配件-10004102,技术,配件,"SanDisk 鼠标, 回收",202.272,2,0.4,-43.848
4720,CN-202023-5774848,2024-11-23,2024-11-28,二级,涂丽-15955,涂丽,消费者,淮南,安徽,中国,华东,办公用-收纳-10004384,办公用品,收纳具,"Smead 锁柜, 金属",2764.86,3,0.0,1299.48
4739,CN-202023-4200185,2024-02-07,2024-02-11,标准级,潘磊-16075,潘磊,消费者,鹤壁,河南,中国,中南,办公用-用品-10003793,办公用品,用品,"Stiletto 美工刀, 锯齿状",457.38,3,0.0,136.92
4741,CN-202023-3069391,2024-01-10,2024-01-12,一级,戴康-15415,戴康,消费者,天津,天津,中国,华北,家具-书架-10000557,家具,书架,"Sauder 搁架, 金属",2716.56,3,0.0,380.1
4747,US-202023-5353587,2024-06-05,2024-06-05,当日,葛彩-10660,葛彩,消费者,新乡,河南,中国,中南,办公用-器具-10001087,办公用品,器具,"Hamilton Beach 烤面包机, 黑色",1328.6,5,0.0,318.5
4748,US-202023-5353587,2024-06-05,2024-06-05,当日,葛彩-10660,葛彩,消费者,新乡,河南,中国,中南,办公用-收纳-10004593,办公用品,收纳具,"Smead 文件车, 单宽度",1198.68,2,0.0,395.36
4749,CN-202023-5834341,2024-08-27,2024-09-02,标准级,程根-13210,程根基,消费者,沈阳,辽宁,中国,东北,办公用-收纳-10003204,办公用品,收纳具,"Tenex 盒, 单宽度",231.42,3,0.0,108.36
4750,CN-202023-5834341,2024-08-27,2024-09-02,标准级,程根-13210,程根基,消费者,沈阳,辽宁,中国,东北,技术-复印-10004759,技术,复印机,"夏普 复印机, 数字化",1338.624,2,0.4,-758.576
4751,CN-202023-5834341,2024-08-27,2024-09-02,标准级,程根-13210,程根基,消费者,沈阳,辽宁,中国,东北,办公用-系固-10001956,办公用品,系固件,"OIC 回形针, 金属",162.96,4,0.4,-73.36
4759,CN-202023-1860599,2024-02-02,2024-02-04,二级,严恒-13660,严恒,消费者,辽阳,辽宁,中国,东北,办公用-系固-10002185,办公用品,系固件,"Accos 订书钉, 每包 12 个",145.32,5,0.4,-82.88
4765,CN-202023-4092734,2024-10-30,2024-11-01,二级,毛丽-16225,毛丽美,公司,白山,吉林,中国,东北,办公用-信封-10002782,办公用品,信封,"Kraft 搭扣信封, 每套 50 个",42.0,1,0.0,3.36
4770,CN-202023-5929986,2024-03-09,2024-03-14,标准级,余德-12100,余德,小型企业,肇庆,广东,中国,中南,技术-配件-10002107,技术,配件,"贝尔金 闪存驱动器, 实惠",587.16,3,0.0,76.02
4771,CN-202023-5929986,2024-03-09,2024-03-14,标准级,余德-12100,余德,小型企业,肇庆,广东,中国,中南,办公用-标签-10002067,办公用品,标签,"Avery 运输标签, 红色",217.84,4,0.0,25.76
4773,CN-202023-3930358,2024-04-24,2024-04-29,标准级,林谙-18790,林谙,小型企业,海口,海南,中国,中南,技术-电话-10004336,技术,电话,"三星 办公室电话机, 全尺寸",1241.52,4,0.0,471.52
4774,CN-202023-3476344,2024-09-25,2024-10-02,标准级,庄伟-21460,庄伟,小型企业,郑州,河南,中国,中南,办公用-用品-10001051,办公用品,用品,"Kleencut 开信刀, 钢",617.4,5,0.0,36.4
4775,CN-202023-3476344,2024-09-25,2024-10-02,标准级,庄伟-21460,庄伟,小型企业,郑州,河南,中国,中南,家具-书架-10003100,家具,书架,"宜家 墙角架, 传统",3445.68,6,0.0,1239.84
4776,CN-202023-3476344,2024-09-25,2024-10-02,标准级,庄伟-21460,庄伟,小型企业,郑州,河南,中国,中南,办公用-纸张-10002523,办公用品,纸张,"Enermax 计划信息表, 回收",313.74,3,0.0,134.82
4777,CN-202023-3476344,2024-09-25,2024-10-02,标准级,庄伟-21460,庄伟,小型企业,郑州,河南,中国,中南,办公用-装订-10004255,办公用品,装订机,"Acco 打孔机, 回收",426.72,3,0.0,162.12
4778,CN-202023-2353754,2024-11-16,2024-11-19,一级,常康-15325,常康,公司,乐山,四川,中国,西南,办公用-用品-10000056,办公用品,用品,"Elite 开信刀, 钢",373.8,5,0.4,56.0
4779,CN-202023-2353754,2024-11-16,2024-11-19,一级,常康-15325,常康,公司,乐山,四川,中国,西南,家具-用具-10003781,家具,用具,"Eldon 分层置放架, 耐用",239.652,3,0.4,-40.068
4786,CN-202023-1361457,2024-05-23,2024-05-27,标准级,宋忠-11530,宋忠,小型企业,常州,江苏,中国,华东,办公用-纸张-10000829,办公用品,纸张,"施乐 笔记本, 多色",259.28,2,0.0,15.4
4787,CN-202023-1361457,2024-05-23,2024-05-27,标准级,宋忠-11530,宋忠,小型企业,常州,江苏,中国,华东,办公用-纸张-10003781,办公用品,纸张,"Green Bar 备忘录便条, 优质",237.3,3,0.0,101.64
4788,CN-202023-4178476,2024-11-24,2024-11-28,标准级,孙斯-21010,孙斯云,消费者,广州,广东,中国,中南,技术-配件-10000405,技术,配件,"SanDisk 路由器, 实惠",5981.5,5,0.0,298.9
4800,CN-202023-3676630,2024-11-11,2024-11-13,二级,赖聪-11680,赖聪,消费者,沈阳,辽宁,中国,东北,技术-电话-10003014,技术,电话,"思科 智能手机, 混合尺寸",1582.896,4,0.4,105.056
4810,US-202023-2298972,2024-11-11,2024-11-16,标准级,巩关-15595,巩关茵,公司,武汉,湖北,中国,中南,技术-电话-10004239,技术,电话,"苹果 音频基座, 蓝色",934.584,2,0.4,-62.496
4811,US-202023-2298972,2024-11-11,2024-11-16,标准级,巩关-15595,巩关茵,公司,武汉,湖北,中国,中南,办公用-美术-10000770,办公用品,美术,"Boston 铅笔刀, 金属",28.196,1,0.8,-71.904
4814,CN-202023-5631342,2024-05-02,2024-05-08,标准级,林康-15400,林康,公司,沈阳,辽宁,中国,东北,办公用-纸张-10004274,办公用品,纸张,"Eaton 备忘录便条, 每包 12 个",83.44,1,0.0,23.24
4815,CN-202023-5631342,2024-05-02,2024-05-08,标准级,林康-15400,林康,公司,沈阳,辽宁,中国,东北,办公用-标签-10004762,办公用品,标签,"Hon 运输标签, 耐用",164.64,3,0.0,80.64
4816,CN-202023-5672005,2024-10-01,2024-10-01,当日,康娇-14680,康娇,消费者,新余,江西,中国,华东,办公用-信封-10003132,办公用品,信封,"Jiffy 搭扣信封, 每套 50 个",198.8,5,0.0,53.2
4817,CN-202023-5672005,2024-10-01,2024-10-01,当日,康娇-14680,康娇,消费者,新余,江西,中国,华东,家具-书架-10002576,家具,书架,"Sauder 古典书架, 传统",14242.34,7,0.0,3560.34
4826,US-202023-4764837,2024-12-25,2024-12-29,标准级,宋良-17170,宋良,公司,成都,四川,中国,西南,办公用-纸张-10004521,办公用品,纸张,"Green Bar 信纸, 优质",451.64,2,0.0,157.92
4827,US-202023-4764837,2024-12-25,2024-12-29,标准级,宋良-17170,宋良,公司,成都,四川,中国,西南,技术-复印-10004358,技术,复印机,"Brother 传真机, 数字化",1781.808,2,0.4,-772.352
4829,CN-202023-3483704,2024-08-16,2024-08-21,标准级,戴松-20755,戴松,公司,石炭井,宁夏,中国,西北,办公用-装订-10000333,办公用品,装订机,"Cardinal 订书机, 回收",1169.7,5,0.0,291.9
4832,CN-202023-2203847,2024-07-30,2024-08-04,标准级,孟珊-19885,孟珊,公司,昆明,云南,中国,西南,技术-电话-10001717,技术,电话,"摩托罗拉 音频基座, 整包",5666.36,7,0.0,2833.18
4833,CN-202023-3370094,2024-08-04,2024-08-09,标准级,林青-19600,林青,消费者,哈尔滨,黑龙江,中国,东北,办公用-器具-10000797,办公用品,器具,"Breville 微波炉, 白色",1399.3,1,0.0,97.86
4836,CN-202023-1966627,2024-11-17,2024-11-19,一级,陶莞-13300,陶莞颖,公司,宿州,安徽,中国,华东,办公用-器具-10003452,办公用品,器具,"KitchenAid 搅拌机, 黑色",1375.92,3,0.0,550.2
4837,CN-202023-3122639,2024-10-28,2024-11-02,二级,唐欢-14170,唐欢悦,消费者,福州,福建,中国,华东,办公用-美术-10003314,办公用品,美术,"BIC 记号笔, 混合尺寸",414.54,3,0.0,65.94
4839,CN-202023-5927801,2024-05-21,2024-05-23,二级,巩辉-12595,巩辉,消费者,钦州,广西,中国,中南,家具-书架-10003961,家具,书架,"Safco 古典书架, 白色",10282.3,5,0.0,1027.6
4840,CN-202023-5927801,2024-05-21,2024-05-23,二级,巩辉-12595,巩辉,消费者,钦州,广西,中国,中南,办公用-收纳-10003461,办公用品,收纳具,"Tenex 文件夹, 工业",221.2,2,0.0,0.0
4842,CN-202023-5504068,2024-10-12,2024-10-16,二级,贺婉-21355,贺婉,公司,天长,河北,中国,华北,办公用-用品-10004796,办公用品,用品,"Stiletto 大剪刀, 工业",231.98,1,0.0,34.72
4843,CN-202023-5504068,2024-10-12,2024-10-16,二级,贺婉-21355,贺婉,公司,天长,河北,中国,华北,家具-椅子-10002386,家具,椅子,"Office Star 摇椅, 可调",2007.6,3,0.0,863.1
4848,CN-202023-2556865,2024-07-17,2024-07-23,标准级,邓达-11785,邓达侠,消费者,昆明,云南,中国,西南,家具-书架-10002197,家具,书架,"宜家 搁架, 金属",3962.0,5,0.0,435.4
4853,CN-202023-5008743,2024-06-04,2024-06-07,一级,杨立-16600,杨立勤,公司,厦门,福建,中国,华东,技术-电话-10003151,技术,电话,"三星 耳机, 混合尺寸",1064.7,3,0.0,116.76
4854,CN-202023-5008743,2024-06-04,2024-06-07,一级,杨立-16600,杨立勤,公司,厦门,福建,中国,华东,办公用-装订-10000285,办公用品,装订机,"Acco 孔加固材料, 透明",199.92,7,0.0,89.18
4855,CN-202023-5008743,2024-06-04,2024-06-07,一级,杨立-16600,杨立勤,公司,厦门,福建,中国,华东,家具-书架-10002226,家具,书架,"Dania 书架, 白色",4633.44,8,0.0,880.32
4856,CN-202023-5008743,2024-06-04,2024-06-07,一级,杨立-16600,杨立勤,公司,厦门,福建,中国,华东,家具-书架-10004172,家具,书架,"Safco 柜, 传统",1575.84,2,0.0,724.64
4857,CN-202023-1900344,2024-04-09,2024-04-14,标准级,姚凤-13015,姚凤,消费者,广州,广东,中国,中南,办公用-装订-10004167,办公用品,装订机,"Ibico 孔加固材料, 实惠",130.48,4,0.0,1.12
4858,CN-202023-1900344,2024-04-09,2024-04-14,标准级,姚凤-13015,姚凤,消费者,广州,广东,中国,中南,办公用-收纳-10002418,办公用品,收纳具,"Rogers 盒, 金属",322.56,3,0.0,119.28
4859,CN-202023-1900344,2024-04-09,2024-04-14,标准级,姚凤-13015,姚凤,消费者,广州,广东,中国,中南,办公用-收纳-10002840,办公用品,收纳具,"Fellowes 盒, 金属",787.5,9,0.0,109.62
4860,CN-202023-1900344,2024-04-09,2024-04-14,标准级,姚凤-13015,姚凤,消费者,广州,广东,中国,中南,技术-复印-10004064,技术,复印机,"佳能 传真复印机, 每套两件",3571.68,4,0.0,142.8
4867,CN-202023-1797152,2024-12-22,2024-12-27,标准级,邓保-10375,邓保,消费者,重庆,重庆,中国,西南,办公用-纸张-10001162,办公用品,纸张,"Enermax 令, 每包 12 个",1217.44,8,0.0,133.28
4879,CN-202023-5801711,2024-02-22,2024-02-27,标准级,巩光-13435,巩光,消费者,开封,河南,中国,中南,家具-用具-10002284,家具,用具,"Rubvermaid 闹钟, 优质",682.92,3,0.0,27.3
4880,CN-202023-5801711,2024-02-22,2024-02-27,标准级,巩光-13435,巩光,消费者,开封,河南,中国,中南,家具-用具-10001567,家具,用具,"Rubvermaid 相框, 黑色",724.5,3,0.0,50.4
4882,CN-202023-5334809,2024-11-09,2024-11-13,标准级,曾岱-11890,曾岱,消费者,唐山,河北,中国,华北,办公用-装订-10000662,办公用品,装订机,"Cardinal 装订机盖, 耐用",315.0,5,0.0,12.6
4883,CN-202023-5334809,2024-11-09,2024-11-13,标准级,曾岱-11890,曾岱,消费者,唐山,河北,中国,华北,技术-设备-10004236,技术,设备,"StarTech 收据打印机, 白色",1525.86,3,0.0,488.04
4885,CN-202023-1619603,2024-01-25,2024-01-30,标准级,冯青-19570,冯青,消费者,蚌埠,安徽,中国,华东,办公用-器具-10000779,办公用品,器具,"KitchenAid 冰箱, 白色",4910.08,2,0.0,1374.8
4888,CN-202023-2698139,2024-06-24,2024-06-29,标准级,贺鹏-19045,贺鹏,小型企业,日照,山东,中国,华东,办公用-标签-10004462,办公用品,标签,"Hon 合法证物标签, 可调",81.76,2,0.0,24.36
4892,CN-202023-1726701,2024-03-09,2024-03-14,标准级,郝廉-17260,郝廉,消费者,梧州,广西,中国,中南,技术-配件-10003601,技术,配件,"贝尔金 闪存驱动器, 可编程",1824.48,9,0.0,327.6
4893,CN-202023-1726701,2024-03-09,2024-03-14,标准级,郝廉-17260,郝廉,消费者,梧州,广西,中国,中南,办公用-装订-10002241,办公用品,装订机,"Cardinal 订书机, 透明",689.22,3,0.0,89.46
4894,CN-202023-1726701,2024-03-09,2024-03-14,标准级,郝廉-17260,郝廉,消费者,梧州,广西,中国,中南,办公用-标签-10000344,办公用品,标签,"Avery 运输标签, 可调",227.5,5,0.0,18.2
4895,CN-202023-1726701,2024-03-09,2024-03-14,标准级,郝廉-17260,郝廉,消费者,梧州,广西,中国,中南,家具-书架-10002984,家具,书架,"Safco 柜, 黑色",2382.66,3,0.0,214.2
4896,CN-202023-1726701,2024-03-09,2024-03-14,标准级,郝廉-17260,郝廉,消费者,梧州,广西,中国,中南,办公用-用品-10002536,办公用品,用品,"Fiskars 美工刀, 锯齿状",1052.52,7,0.0,409.64
4906,US-202023-1638210,2024-12-23,2024-12-26,一级,柯娜-18520,柯娜,消费者,常德,湖南,中国,中南,办公用-标签-10002378,办公用品,标签,"Smead 文件夹标签, 耐用",216.3,5,0.0,42.7
4911,US-202023-3382200,2024-06-12,2024-06-16,二级,周康-15340,周康,消费者,沧州,河北,中国,华北,技术-电话-10002447,技术,电话,"苹果 信号增强器, 整包",638.12,1,0.0,146.72
4912,US-202023-3382200,2024-06-12,2024-06-16,二级,周康-15340,周康,消费者,沧州,河北,中国,华北,家具-书架-10002251,家具,书架,"Sauder 书架, 传统",1370.32,2,0.0,465.64
4913,US-202023-3382200,2024-06-12,2024-06-16,二级,周康-15340,周康,消费者,沧州,河北,中国,华北,技术-配件-10002092,技术,配件,"Memorex 记忆卡, 耐用",956.48,2,0.0,296.24
4914,US-202023-3382200,2024-06-12,2024-06-16,二级,周康-15340,周康,消费者,沧州,河北,中国,华北,办公用-收纳-10001011,办公用品,收纳具,"Fellowes 文件夹, 金属",356.58,3,0.0,24.78
4915,US-202023-3382200,2024-06-12,2024-06-16,二级,周康-15340,周康,消费者,沧州,河北,中国,华北,办公用-纸张-10001677,办公用品,纸张,"Green Bar 备忘录便条, 多色",428.4,5,0.0,51.1
4919,CN-202023-4188418,2024-09-11,2024-09-17,标准级,许莞-13270,许莞颖,小型企业,铜陵,安徽,中国,华东,家具-书架-10003672,家具,书架,"Safco 书库, 传统",9095.1,5,0.0,1818.6
4920,CN-202023-4188418,2024-09-11,2024-09-17,标准级,许莞-13270,许莞颖,小型企业,铜陵,安徽,中国,华东,家具-椅子-10002020,家具,椅子,"Novimex 沙滩椅, 红色",428.96,2,0.0,171.36
4921,CN-202023-4188418,2024-09-11,2024-09-17,标准级,许莞-13270,许莞颖,小型企业,铜陵,安徽,中国,华东,办公用-纸张-10004354,办公用品,纸张,"Enermax 备忘录便条, 每包 12 个",369.6,4,0.0,47.6
4922,CN-202023-4188418,2024-09-11,2024-09-17,标准级,许莞-13270,许莞颖,小型企业,铜陵,安徽,中国,华东,办公用-装订-10001165,办公用品,装订机,"Cardinal 打孔机, 回收",136.08,1,0.0,27.16
4923,CN-202023-4188418,2024-09-11,2024-09-17,标准级,许莞-13270,许莞颖,小型企业,铜陵,安徽,中国,华东,办公用-器具-10002516,办公用品,器具,"KitchenAid 搅拌机, 银色",4183.2,9,0.0,584.64
4924,CN-202023-4188418,2024-09-11,2024-09-17,标准级,许莞-13270,许莞颖,小型企业,铜陵,安徽,中国,华东,办公用-装订-10000419,办公用品,装订机,"Cardinal 订书机, 耐用",717.78,3,0.0,351.54
4925,CN-202023-5631342,2024-06-23,2024-06-30,标准级,黄涛-21190,黄涛,小型企业,北京,北京,中国,华北,办公用-收纳-10000306,办公用品,收纳具,"Smead 文件夹, 单宽度",408.8,5,0.0,147.0
4926,CN-202023-5631342,2024-06-23,2024-06-30,标准级,黄涛-21190,黄涛,小型企业,北京,北京,中国,华北,办公用-标签-10000355,办公用品,标签,"Hon 有色标签, 耐用",123.2,2,0.0,45.36
4927,CN-202023-5631342,2024-06-23,2024-06-30,标准级,黄涛-21190,黄涛,小型企业,北京,北京,中国,华北,办公用-收纳-10002861,办公用品,收纳具,"Smead 搁板, 金属",672.0,3,0.0,33.6
4928,CN-202023-5631342,2024-06-23,2024-06-30,标准级,黄涛-21190,黄涛,小型企业,北京,北京,中国,华北,办公用-系固-10000296,办公用品,系固件,"Stockwell 按钉, 每包 12 个",515.2,8,0.0,246.4
4929,CN-202023-5631342,2024-06-23,2024-06-30,标准级,黄涛-21190,黄涛,小型企业,北京,北京,中国,华北,办公用-美术-10002471,办公用品,美术,"Boston 记号笔, 蓝色",369.18,3,0.0,128.94
4936,US-202023-5840887,2024-01-24,2024-01-26,一级,韦诚-11365,韦诚,公司,沈阳,辽宁,中国,东北,办公用-用品-10003604,办公用品,用品,"Stiletto 尺子, 钢",319.872,8,0.4,-6.048
4937,US-202023-5840887,2024-01-24,2024-01-26,一级,韦诚-11365,韦诚,公司,沈阳,辽宁,中国,东北,技术-电话-10003105,技术,电话,"诺基亚 办公室电话机, 整包",365.232,2,0.4,-6.328
4941,CN-202023-3704015,2024-05-23,2024-05-30,标准级,白欢-14245,白欢,小型企业,洛阳,广东,中国,中南,办公用-纸张-10000816,办公用品,纸张,"Green Bar 令, 优质",277.76,2,0.0,71.96
4942,CN-202023-3704015,2024-05-23,2024-05-30,标准级,白欢-14245,白欢,小型企业,洛阳,广东,中国,中南,家具-椅子-10001559,家具,椅子,"Novimex 椅垫, 红色",1419.768,6,0.1,378.168
4943,CN-202023-3704015,2024-05-23,2024-05-30,标准级,白欢-14245,白欢,小型企业,洛阳,广东,中国,中南,办公用-系固-10003889,办公用品,系固件,"OIC 图钉, 金属",198.66,3,0.0,69.3
4944,CN-202023-3200743,2024-12-10,2024-12-12,二级,邱丽-17620,邱丽雪,公司,长沙,湖南,中国,中南,办公用-纸张-10003494,办公用品,纸张,"Enermax 羊皮纸, 多色",156.8,2,0.0,59.36
4945,CN-202023-3200743,2024-12-10,2024-12-12,二级,邱丽-17620,邱丽雪,公司,长沙,湖南,中国,中南,技术-设备-10000409,技术,设备,"松下 计算器, 耐用",1176.0,5,0.0,164.5
4946,CN-202023-2810282,2024-05-12,2024-05-16,标准级,钱幂-18070,钱幂,小型企业,汕头,广东,中国,中南,办公用-信封-10001579,办公用品,信封,"Jiffy 外皮和封条, 每套 50 个",186.76,2,0.0,82.04
4949,CN-202023-2372663,2024-03-06,2024-03-10,标准级,秦宁-18670,秦宁,消费者,抚顺,辽宁,中国,东北,办公用-标签-10004317,办公用品,标签,"Novimex 有色标签, 红色",228.48,4,0.0,22.4
4950,CN-202023-2372663,2024-03-06,2024-03-10,标准级,秦宁-18670,秦宁,消费者,抚顺,辽宁,中国,东北,办公用-收纳-10004698,办公用品,收纳具,"Eldon 锁柜, 蓝色",2770.74,3,0.0,692.58
4951,CN-202023-2372663,2024-03-06,2024-03-10,标准级,秦宁-18670,秦宁,消费者,抚顺,辽宁,中国,东北,办公用-系固-10004607,办公用品,系固件,"Stockwell 橡皮筋, 金属",139.86,3,0.4,-88.62
4952,CN-202023-3734004,2024-08-20,2024-08-24,二级,郝升-20095,郝升,消费者,杭州,浙江,中国,华东,技术-电话-10004933,技术,电话,"思科 办公室电话机, 全尺寸",686.7,3,0.4,-457.8
4953,CN-202023-2609031,2024-02-13,2024-02-19,标准级,袁丽-16210,袁丽华,公司,石家庄,河北,中国,华北,办公用-信封-10000020,办公用品,信封,"Ames 搭扣信封, 每套 50 个",67.2,2,0.0,29.4
4954,CN-202023-2609031,2024-02-13,2024-02-19,标准级,袁丽-16210,袁丽华,公司,石家庄,河北,中国,华北,家具-用具-10000470,家具,用具,"Advantus 框架, 优质",1024.24,2,0.0,337.96
4957,CN-202023-2852208,2024-10-19,2024-10-24,二级,洪梦-18205,洪梦,公司,北京,北京,中国,华北,办公用-系固-10004801,办公用品,系固件,"Stockwell 橡皮筋, 整包",308.56,4,0.0,67.76
4958,CN-202023-2852208,2024-10-19,2024-10-24,二级,洪梦-18205,洪梦,公司,北京,北京,中国,华北,家具-用具-10004382,家具,用具,"Eldon 相框, 一包多件",814.38,3,0.0,333.48
4963,CN-202023-1786532,2024-05-14,2024-05-20,标准级,巩德-12070,巩德,小型企业,周口,河南,中国,中南,家具-书架-10001278,家具,书架,"Bush 搁架, 黑色",1611.12,2,0.0,467.04
4964,CN-202023-1786532,2024-05-14,2024-05-20,标准级,巩德-12070,巩德,小型企业,周口,河南,中国,中南,办公用-美术-10003198,办公用品,美术,"Sanford 铅笔刀, 蓝色",289.296,3,0.2,-7.644
4965,US-202023-1564715,2024-08-12,2024-08-15,一级,倪幂-18085,倪幂,消费者,宜春,黑龙江,中国,东北,家具-用具-10000145,家具,用具,"Advantus 相框, 优质",722.4,3,0.0,194.88
4967,CN-202023-5579550,2024-12-23,2024-12-27,标准级,涂伟-21640,涂伟,消费者,忻州,山西,中国,华北,技术-复印-10003170,技术,复印机,"Brother 墨水, 每套两件",2062.2,3,0.0,453.6
4968,CN-202023-5579550,2024-12-23,2024-12-27,标准级,涂伟-21640,涂伟,消费者,忻州,山西,中国,华北,办公用-标签-10004030,办公用品,标签,"Harbour Creations 可去除的标签, 红色",142.38,3,0.0,29.82
4969,CN-202023-5579550,2024-12-23,2024-12-27,标准级,涂伟-21640,涂伟,消费者,忻州,山西,中国,华北,办公用-信封-10004110,办公用品,信封,"Ames 搭扣信封, 银色",89.6,2,0.0,0.84
4970,CN-202023-5629911,2024-06-22,2024-06-26,标准级,钱婵-10780,钱婵娟,公司,榆次,山西,中国,华北,办公用-收纳-10004212,办公用品,收纳具,"Fellowes 锁柜, 蓝色",2902.62,3,0.0,0.0
5014,CN-202023-3704015,2024-11-16,2024-11-21,标准级,苏涛-21220,苏涛,消费者,汕头,广东,中国,中南,办公用-标签-10004648,办公用品,标签,"Novimex 圆形标签, 红色",113.68,4,0.0,50.96
5015,CN-202023-5247158,2024-10-12,2024-10-16,标准级,陈惠-14290,陈惠英,小型企业,潍坊,山东,中国,华东,办公用-美术-10003419,办公用品,美术,"Stanley 记号笔, 整包",104.86,1,0.0,13.58
5016,US-202023-2513055,2024-03-23,2024-03-25,二级,李蔓-17995,李蔓楚,小型企业,文登,山东,中国,华东,办公用-收纳-10004893,办公用品,收纳具,"Tenex 盒, 蓝色",154.0,2,0.0,59.92
5017,US-202023-2513055,2024-03-23,2024-03-25,二级,李蔓-17995,李蔓楚,小型企业,文登,山东,中国,华东,办公用-信封-10001674,办公用品,信封,"Jiffy 外皮和封条, 红色",109.9,1,0.0,27.44
5018,CN-202023-4505574,2024-08-20,2024-08-25,标准级,麦德-12085,麦德,公司,临沂,山东,中国,华东,办公用-纸张-10002173,办公用品,纸张,"Green Bar 笔记本, 多色",291.2,2,0.0,107.52
5019,CN-202023-4505574,2024-08-20,2024-08-25,标准级,麦德-12085,麦德,公司,临沂,山东,中国,华东,家具-椅子-10001821,家具,椅子,"SAFCO 椅垫, 黑色",1071.28,4,0.0,406.56
5020,US-202023-3924364,2024-07-07,2024-07-09,二级,苏升-20185,苏升,消费者,怀化,湖南,中国,中南,办公用-装订-10002241,办公用品,装订机,"Cardinal 订书机, 透明",3216.36,14,0.0,417.48
5025,CN-202023-2000071,2024-03-04,2024-03-09,标准级,吴磊-16165,吴磊,公司,青岛,山东,中国,华东,办公用-标签-10001814,办公用品,标签,"Smead 运输标签, 耐用",280.0,5,0.0,58.8
5026,CN-202023-2000071,2024-03-04,2024-03-09,标准级,吴磊-16165,吴磊,公司,青岛,山东,中国,华东,技术-复印-10001968,技术,复印机,"惠普 复印机, 红色",10159.38,9,0.0,202.86
5027,CN-202023-2000071,2024-03-04,2024-03-09,标准级,吴磊-16165,吴磊,公司,青岛,山东,中国,华东,家具-用具-10004021,家具,用具,"Rubvermaid 分层置放架, 优质",221.76,2,0.0,48.72
5028,CN-202023-3138910,2024-10-21,2024-10-23,二级,陶恒-13645,陶恒,消费者,吉舒,吉林,中国,东北,家具-用具-10001174,家具,用具,"Tenex 灯泡, 黑色",88.34,1,0.0,30.8
5029,CN-202023-4080706,2024-09-28,2024-10-04,标准级,彭伟-21550,彭伟,小型企业,周村,山东,中国,华东,家具-椅子-10002448,家具,椅子,"SAFCO 折叠椅, 红色",2399.88,6,0.0,431.76
5030,CN-202023-4080706,2024-09-28,2024-10-04,标准级,彭伟-21550,彭伟,小型企业,周村,山东,中国,华东,办公用-纸张-10004573,办公用品,纸张,"Enermax 信纸, 多色",1358.28,6,0.0,53.76
5031,CN-202023-4080706,2024-09-28,2024-10-04,标准级,彭伟-21550,彭伟,小型企业,周村,山东,中国,华东,办公用-系固-10002226,办公用品,系固件,"Advantus 图钉, 金属",511.84,8,0.0,132.16
5032,CN-202023-4080706,2024-09-28,2024-10-04,标准级,彭伟-21550,彭伟,小型企业,周村,山东,中国,华东,办公用-标签-10004030,办公用品,标签,"Harbour Creations 可去除的标签, 红色",142.38,3,0.0,29.82
5033,CN-202023-4080706,2024-09-28,2024-10-04,标准级,彭伟-21550,彭伟,小型企业,周村,山东,中国,华东,技术-复印-10003382,技术,复印机,"佳能 传真复印机, 红色",1769.04,2,0.0,282.8
5034,CN-202023-4080706,2024-09-28,2024-10-04,标准级,彭伟-21550,彭伟,小型企业,周村,山东,中国,华东,办公用-用品-10001494,办公用品,用品,"Kleencut 美工刀, 钢",317.8,2,0.0,76.16
5035,CN-202023-4080706,2024-09-28,2024-10-04,标准级,彭伟-21550,彭伟,小型企业,周村,山东,中国,华东,办公用-信封-10003687,办公用品,信封,"Cameo 局间信封, 红色",951.44,4,0.0,104.16
5036,CN-202023-4080706,2024-09-28,2024-10-04,标准级,彭伟-21550,彭伟,小型企业,周村,山东,中国,华东,办公用-收纳-10004913,办公用品,收纳具,"Eldon 文件车, 金属",2962.4,5,0.0,1155.0
5040,CN-202023-1364986,2024-11-12,2024-11-16,标准级,贾柏-18910,贾柏,小型企业,汕头,广东,中国,中南,办公用-收纳-10003897,办公用品,收纳具,"Rogers 搁板, 金属",1428.0,5,0.0,242.2
5041,CN-202023-1364986,2024-11-12,2024-11-16,标准级,贾柏-18910,贾柏,小型企业,汕头,广东,中国,中南,办公用-系固-10002230,办公用品,系固件,"Stockwell 橡皮筋, 混合尺寸",260.96,4,0.0,109.2
5042,CN-202023-1364986,2024-11-12,2024-11-16,标准级,贾柏-18910,贾柏,小型企业,汕头,广东,中国,中南,办公用-系固-10001285,办公用品,系固件,"Stockwell 订书钉, 整包",151.2,3,0.0,72.24
5050,CN-202023-4162714,2024-08-31,2024-09-03,一级,苏姝-20485,苏姝,小型企业,哈尔滨,黑龙江,中国,东北,技术-电话-10000073,技术,电话,"摩托罗拉 信号增强器, 混合尺寸",1362.48,2,0.0,258.72
5051,CN-202023-4121606,2024-10-19,2024-10-21,一级,李莲-17020,李莲,消费者,宾州,山东,中国,华东,办公用-用品-10003797,办公用品,用品,"Acme 尺子, 蓝色",233.94,3,0.0,44.1
5052,CN-202023-4121606,2024-10-19,2024-10-21,一级,李莲-17020,李莲,消费者,宾州,山东,中国,华东,办公用-器具-10000253,办公用品,器具,"Hoover 搅拌机, 黑色",3155.6,7,0.0,1135.82
5053,CN-202023-4121606,2024-10-19,2024-10-21,一级,李莲-17020,李莲,消费者,宾州,山东,中国,华东,办公用-美术-10003716,办公用品,美术,"BIC 铅笔刀, 整包",409.92,3,0.0,188.16
5058,US-202023-4870971,2024-05-29,2024-06-05,标准级,王嘉-14530,王嘉丽,公司,抚顺,辽宁,中国,东北,家具-椅子-10003884,家具,椅子,"Hon 扶手椅, 可调",5147.856,4,0.4,-2745.904
5059,US-202023-4870971,2024-05-29,2024-06-05,标准级,王嘉-14530,王嘉丽,公司,抚顺,辽宁,中国,东北,办公用-用品-10003186,办公用品,用品,"Acme 修剪器, 工业",776.16,6,0.4,-142.8
5062,US-202023-2862018,2024-10-01,2024-10-05,标准级,唐忠-11545,唐忠,公司,邯郸,河北,中国,华北,技术-复印-10001701,技术,复印机,"Brother 墨水, 数字化",685.72,1,0.0,308.56
5075,US-202023-3025510,2024-12-18,2024-12-22,标准级,韩婵-10900,韩婵,消费者,大同,山西,中国,华北,办公用-标签-10001969,办公用品,标签,"Harbour Creations 圆形标签, 红色",153.3,5,0.0,62.3
5102,CN-202023-2018739,2024-09-03,2024-09-06,一级,程蔓-17935,程蔓楚,消费者,石家庄,河北,中国,华北,办公用-信封-10000814,办公用品,信封,"Cameo 商业信封, 红色",956.2,10,0.0,410.2
5103,CN-202023-2018739,2024-09-03,2024-09-06,一级,程蔓-17935,程蔓楚,消费者,石家庄,河北,中国,华北,办公用-纸张-10004671,办公用品,纸张,"Enermax 信纸, 优质",2857.4,13,0.0,857.22
5104,CN-202023-2018739,2024-09-03,2024-09-06,一级,程蔓-17935,程蔓楚,消费者,石家庄,河北,中国,华北,办公用-装订-10003861,办公用品,装订机,"Avery 打孔机, 实惠",1040.48,8,0.0,51.52
5105,CN-202023-2098822,2024-01-28,2024-02-01,标准级,肖菊-15010,肖菊,公司,沈阳,辽宁,中国,东北,家具-椅子-10004343,家具,椅子,"Novimex 椅垫, 黑色",754.74,5,0.4,-453.46
5106,CN-202023-2098822,2024-01-28,2024-02-01,标准级,肖菊-15010,肖菊,公司,沈阳,辽宁,中国,东北,家具-椅子-10002025,家具,椅子,"Novimex 折叠椅, 可调",474.432,2,0.4,70.952
5109,CN-202023-4800042,2024-12-15,2024-12-19,标准级,贺鹏-19060,贺鹏,小型企业,牡丹江,黑龙江,中国,东北,办公用-美术-10004410,办公用品,美术,"Boston 画布, 整包",603.792,3,0.2,-90.888
5110,CN-202023-4800042,2024-12-15,2024-12-19,标准级,贺鹏-19060,贺鹏,小型企业,牡丹江,黑龙江,中国,东北,家具-书架-10004880,家具,书架,"宜家 书库, 白色",8537.9,5,0.0,2390.5
5111,CN-202023-4800042,2024-12-15,2024-12-19,标准级,贺鹏-19060,贺鹏,小型企业,牡丹江,黑龙江,中国,东北,办公用-信封-10003132,办公用品,信封,"Jiffy 搭扣信封, 每套 50 个",238.56,6,0.0,63.84
5112,CN-202023-4800042,2024-12-15,2024-12-19,标准级,贺鹏-19060,贺鹏,小型企业,牡丹江,黑龙江,中国,东北,办公用-用品-10001683,办公用品,用品,"Stiletto 剪刀, 蓝色",661.08,6,0.0,125.16
5113,CN-202023-4800042,2024-12-15,2024-12-19,标准级,贺鹏-19060,贺鹏,小型企业,牡丹江,黑龙江,中国,东北,技术-配件-10004228,技术,配件,"Enermax 键盘, 回收",1896.3,5,0.0,625.1
5114,CN-202023-4494383,2024-06-15,2024-06-20,标准级,余舟-11455,余舟,小型企业,惠州,广东,中国,中南,家具-书架-10002387,家具,书架,"宜家 柜, 黑色",2013.06,3,0.0,925.68
5115,CN-202023-4494383,2024-06-15,2024-06-20,标准级,余舟-11455,余舟,小型企业,惠州,广东,中国,中南,技术-电话-10004909,技术,电话,"诺基亚 办公室电话机, 蓝色",303.94,1,0.0,48.58
5116,CN-202023-4494383,2024-06-15,2024-06-20,标准级,余舟-11455,余舟,小型企业,惠州,广东,中国,中南,办公用-美术-10000951,办公用品,美术,"Sanford 钢笔, 整包",169.792,4,0.2,-17.248
5117,CN-202023-5048976,2024-01-30,2024-02-02,一级,郝升-20095,郝升,消费者,耒阳,湖南,中国,中南,办公用-美术-10002705,办公用品,美术,"Sanford 荧光笔, 蓝色",470.4,8,0.2,99.68
5118,CN-202023-5048976,2024-01-30,2024-02-02,一级,郝升-20095,郝升,消费者,耒阳,湖南,中国,中南,办公用-标签-10000647,办公用品,标签,"Novimex 运输标签, 耐用",159.18,3,0.0,71.4
5119,CN-202023-5048976,2024-01-30,2024-02-02,一级,郝升-20095,郝升,消费者,耒阳,湖南,中国,中南,技术-配件-10002609,技术,配件,"Memorex 键区, 耐用",211.96,1,0.0,88.9
5120,CN-202023-5048976,2024-01-30,2024-02-02,一级,郝升-20095,郝升,消费者,耒阳,湖南,中国,中南,技术-电话-10003432,技术,电话,"三星 音频基座, 蓝色",1557.08,2,0.0,233.52
5121,CN-202023-5048976,2024-01-30,2024-02-02,一级,郝升-20095,郝升,消费者,耒阳,湖南,中国,中南,办公用-收纳-10001617,办公用品,收纳具,"Tenex 锁柜, 金属",4741.8,5,0.0,2370.9
5122,CN-202023-5048976,2024-01-30,2024-02-02,一级,郝升-20095,郝升,消费者,耒阳,湖南,中国,中南,办公用-纸张-10001677,办公用品,纸张,"Green Bar 备忘录便条, 多色",342.72,4,0.0,40.88
5123,CN-202023-5048976,2024-01-30,2024-02-02,一级,郝升-20095,郝升,消费者,耒阳,湖南,中国,中南,技术-设备-10004664,技术,设备,"柯尼卡 计算器, 多色",722.82,3,0.0,7.14
5124,CN-202023-5048976,2024-01-30,2024-02-02,一级,郝升-20095,郝升,消费者,耒阳,湖南,中国,中南,办公用-装订-10002580,办公用品,装订机,"Wilson Jones 订书机, 透明",1129.8,5,0.0,270.9
5125,CN-202023-5048976,2024-01-30,2024-02-02,一级,郝升-20095,郝升,消费者,耒阳,湖南,中国,中南,技术-复印-10001627,技术,复印机,"惠普 无线传真机, 彩色",11813.9,7,0.0,353.78
5138,CN-202023-2551450,2024-10-31,2024-11-04,标准级,蔡晨-11200,蔡晨,消费者,内江,四川,中国,西南,办公用-美术-10000310,办公用品,美术,"Binney & Smith 画布, 蓝色",95.872,2,0.8,-307.048
5142,CN-202023-3022026,2024-11-02,2024-11-06,标准级,田立-16870,田立,消费者,天津,天津,中国,华北,家具-书架-10004528,家具,书架,"Bush 书库, 白色",5135.76,3,0.0,1437.66
5146,CN-202023-2102819,2024-10-10,2024-10-13,一级,熊光-13390,熊光,小型企业,辽阳,辽宁,中国,东北,办公用-纸张-10004483,办公用品,纸张,"施乐 羊皮纸, 每包 12 个",568.4,7,0.0,136.22
5147,CN-202023-2102819,2024-10-10,2024-10-13,一级,熊光-13390,熊光,小型企业,辽阳,辽宁,中国,东北,家具-椅子-10000900,家具,椅子,"Hon 折叠椅, 每套两件",2108.484,9,0.4,-352.296
5148,CN-202023-2102819,2024-10-10,2024-10-13,一级,熊光-13390,熊光,小型企业,辽阳,辽宁,中国,东北,办公用-用品-10004807,办公用品,用品,"Stiletto 剪刀, 锯齿状",284.34,5,0.4,37.24
5170,CN-202023-5922906,2024-04-15,2024-04-21,标准级,常康-15325,常康,公司,商丘,河南,中国,中南,办公用-装订-10003861,办公用品,装订机,"Avery 打孔机, 实惠",1040.48,8,0.0,51.52
5171,CN-202023-5922906,2024-04-15,2024-04-21,标准级,常康-15325,常康,公司,商丘,河南,中国,中南,家具-桌子-10002211,家具,桌子,"Barricks 电脑桌, 白色",5040.315,3,0.25,-403.305
5173,CN-202023-2151004,2024-11-28,2024-12-01,二级,夏芯-13960,夏芯,消费者,晋江,福建,中国,华东,办公用-美术-10000796,办公用品,美术,"BIC 速写本, 金属",698.88,3,0.0,48.72
5184,CN-202023-1726701,2024-01-29,2024-02-03,标准级,邵绅-19990,邵绅,消费者,北京,北京,中国,华北,办公用-器具-10000224,办公用品,器具,"Breville 咖啡研磨机, 银色",292.18,1,0.0,26.18
5199,CN-202023-2484493,2024-04-30,2024-05-03,一级,俞毅-12520,俞毅,消费者,依兰,黑龙江,中国,东北,家具-椅子-10004059,家具,椅子,"Novimex 扶手椅, 每套两件",6442.8,3,0.0,1094.94
5206,CN-202023-5598912,2024-09-11,2024-09-15,二级,楚宣-20845,楚宣,消费者,重庆,重庆,中国,西南,办公用-标签-10003114,办公用品,标签,"Novimex 文件夹标签, 白色",115.5,3,0.0,0.0
5207,CN-202023-5598912,2024-09-11,2024-09-15,二级,楚宣-20845,楚宣,消费者,重庆,重庆,中国,西南,家具-椅子-10002303,家具,椅子,"Harbour Creations 椅垫, 红色",1680.0,5,0.0,604.8
5208,CN-202023-5598912,2024-09-11,2024-09-15,二级,楚宣-20845,楚宣,消费者,重庆,重庆,中国,西南,办公用-系固-10003826,办公用品,系固件,"Accos 回形针, 整包",262.08,4,0.0,96.88
5211,CN-202023-3902607,2024-06-03,2024-06-07,标准级,邢伟-21505,邢伟,消费者,沈阳,辽宁,中国,东北,办公用-装订-10003441,办公用品,装订机,"Avery 标签, 耐用",65.772,3,0.4,-23.268
5220,CN-202023-4493648,2024-05-04,2024-05-06,二级,赖虎-14035,赖虎,公司,北京,北京,中国,华北,办公用-纸张-10003274,办公用品,纸张,"Enermax 令, 多色",418.32,3,0.0,158.76
5227,US-202023-3325239,2024-08-21,2024-08-27,标准级,邱丽-15745,邱丽,消费者,皇岗,广东,中国,中南,办公用-用品-10003575,办公用品,用品,"Stiletto 尺子, 蓝色",138.88,2,0.0,49.84
5228,CN-202023-3232918,2024-11-26,2024-12-01,标准级,彭绅-19975,彭绅,公司,黄山,安徽,中国,华东,办公用-装订-10002836,办公用品,装订机,"Avery 订书机, 回收",2755.2,12,0.0,246.96
5234,US-202023-1911148,2024-11-16,2024-11-19,一级,吕欢-14140,吕欢悦,小型企业,济南,山东,中国,华东,家具-书架-10003555,家具,书架,"Sauder 柜, 金属",3101.28,4,0.0,1333.36
5235,CN-202023-3006635,2024-08-06,2024-08-13,标准级,黄芳-12760,黄芳,公司,商丘,河南,中国,中南,家具-椅子-10004390,家具,椅子,"SAFCO 扶手椅, 每套两件",3894.912,2,0.1,1601.152
5236,CN-202023-3006635,2024-08-06,2024-08-13,标准级,黄芳-12760,黄芳,公司,商丘,河南,中国,中南,办公用-信封-10002932,办公用品,信封,"Kraft 外皮和封条, 银色",213.64,2,0.0,21.28
5237,CN-202023-4927110,2024-11-29,2024-12-03,标准级,殷菊-15085,殷菊,消费者,西华,河南,中国,中南,办公用-装订-10001898,办公用品,装订机,"Wilson Jones 孔加固材料, 透明",55.86,3,0.0,22.26
5238,CN-202023-4927110,2024-11-29,2024-12-03,标准级,殷菊-15085,殷菊,消费者,西华,河南,中国,中南,办公用-美术-10000639,办公用品,美术,"Boston 速写本, 金属",744.576,4,0.2,111.216
5239,CN-202023-4927110,2024-11-29,2024-12-03,标准级,殷菊-15085,殷菊,消费者,西华,河南,中国,中南,办公用-系固-10001927,办公用品,系固件,"Accos 订书钉, 整包",204.4,4,0.0,95.76
5242,CN-202023-1243146,2024-10-27,2024-10-31,标准级,彭丽-17650,彭丽雪,小型企业,邳州,江苏,中国,华东,家具-用具-10001796,家具,用具,"Eldon 灯泡, 黑色",70.56,1,0.4,4.62
5246,CN-202023-3588463,2024-06-08,2024-06-11,一级,黄涛-21190,黄涛,小型企业,铜川,陕西,中国,西北,办公用-美术-10004812,办公用品,美术,"Binney & Smith 铅笔刀, 蓝色",248.92,2,0.0,101.92
5247,CN-202023-3588463,2024-06-08,2024-06-11,一级,黄涛-21190,黄涛,小型企业,铜川,陕西,中国,西北,办公用-器具-10000068,办公用品,器具,"Hamilton Beach 咖啡研磨机, 白色",952.0,5,0.0,399.7
5249,US-202023-3772912,2024-09-17,2024-09-24,标准级,袁梅-18130,袁梅,公司,厦门,福建,中国,华东,技术-电话-10002929,技术,电话,"三星 耳机, 蓝色",1024.8,3,0.0,102.48
5254,CN-202023-1391849,2024-03-11,2024-03-16,标准级,彭娜-18550,彭娜,消费者,滁州,安徽,中国,华东,办公用-标签-10001659,办公用品,标签,"Harbour Creations 圆形标签, 可调",86.8,4,0.0,40.32
5255,CN-202023-2577941,2024-10-20,2024-10-24,标准级,涂强-19405,涂强,消费者,烟台,山东,中国,华东,办公用-收纳-10004393,办公用品,收纳具,"Rogers 文件车, 金属",5251.68,8,0.0,682.08
5260,CN-202023-5712655,2024-12-11,2024-12-13,一级,葛乐-17755,葛乐,小型企业,郑州,河南,中国,中南,办公用-纸张-10000587,办公用品,纸张,"Green Bar 计划信息表, 优质",777.14,7,0.0,14.7
5261,CN-202023-4020885,2024-07-28,2024-07-31,二级,薛武-21865,薛武,消费者,武汉,湖北,中国,中南,办公用-标签-10000480,办公用品,标签,"Smead 有色标签, 可调",102.2,2,0.0,42.84
5262,CN-202023-4020885,2024-07-28,2024-07-31,二级,薛武-21865,薛武,消费者,武汉,湖北,中国,中南,办公用-装订-10002993,办公用品,装订机,"Acco 打孔机, 透明",579.768,7,0.4,-165.032
5263,CN-202023-4020885,2024-07-28,2024-07-31,二级,薛武-21865,薛武,消费者,武汉,湖北,中国,中南,办公用-器具-10000222,办公用品,器具,"KitchenAid 微波炉, 银色",4354.98,5,0.4,-653.52
5264,CN-202023-4412722,2024-11-10,2024-11-15,标准级,钟庆-19510,钟庆缘,小型企业,杭州,浙江,中国,华东,办公用-收纳-10002744,办公用品,收纳具,"Eldon 盒, 单宽度",144.06,3,0.0,17.22
5265,CN-202023-4412722,2024-11-10,2024-11-15,标准级,钟庆-19510,钟庆缘,小型企业,杭州,浙江,中国,华东,办公用-纸张-10003981,办公用品,纸张,"Green Bar 羊皮纸, 优质",155.68,2,0.0,24.64
5273,CN-202023-5340374,2024-04-28,2024-05-01,二级,邹涛-21265,邹涛,公司,菏泽,山东,中国,华东,家具-书架-10003320,家具,书架,"Bush 墙角架, 白色",3542.28,6,0.0,1700.16
5274,US-202023-5578438,2024-03-31,2024-04-04,二级,贺宁-18700,贺宁,消费者,北京,北京,中国,华北,办公用-用品-10002903,办公用品,用品,"Elite 大剪刀, 锯齿状",407.96,2,0.0,142.52
5276,US-202023-4226799,2024-05-15,2024-05-18,二级,杨立-16600,杨立勤,公司,大连,辽宁,中国,东北,家具-椅子-10003570,家具,椅子,"Harbour Creations 凳子, 每套两件",3574.452,7,0.4,-178.948
5277,US-202023-4226799,2024-05-15,2024-05-18,二级,杨立-16600,杨立勤,公司,大连,辽宁,中国,东北,办公用-用品-10001725,办公用品,用品,"Fiskars 尺子, 钢",271.068,7,0.4,-14.112
5285,CN-202023-1996678,2024-07-01,2024-07-01,当日,丁婵-10990,丁婵,公司,合川,重庆,中国,西南,技术-配件-10001617,技术,配件,"Memorex 鼠标, 耐用",662.2,5,0.0,151.9
5306,CN-202023-1751343,2024-07-18,2024-07-18,当日,肖冬-12400,肖冬露,小型企业,合川,重庆,中国,西南,办公用-标签-10000344,办公用品,标签,"Avery 运输标签, 可调",45.5,1,0.0,3.64
5309,CN-202023-3589017,2024-10-07,2024-10-08,当日,严珑-17890,严珑,小型企业,北京,北京,中国,华北,办公用-收纳-10002196,办公用品,收纳具,"Fellowes 文件车, 单宽度",2563.68,4,0.0,307.44
5310,CN-202023-3589017,2024-10-07,2024-10-08,当日,严珑-17890,严珑,小型企业,北京,北京,中国,华北,家具-书架-10002226,家具,书架,"Dania 书架, 白色",2895.9,5,0.0,550.2
5313,CN-202023-1165982,2024-07-14,2024-07-18,标准级,林康-15400,林康,公司,重庆,重庆,中国,西南,技术-电话-10002787,技术,电话,"苹果 办公室电话机, 全尺寸",1242.64,4,0.0,384.72
5314,CN-202023-3904829,2024-11-23,2024-11-25,二级,巩德-12070,巩德,小型企业,富阳,浙江,中国,华东,技术-设备-10003147,技术,设备,"StarTech 收据打印机, 红色",2111.508,7,0.4,-1196.972
5315,CN-202023-3904829,2024-11-23,2024-11-25,二级,巩德-12070,巩德,小型企业,富阳,浙江,中国,华东,技术-配件-10000196,技术,配件,"罗技 闪存驱动器, 可编程",358.512,4,0.4,-119.728
5328,CN-202023-4080706,2024-08-07,2024-08-12,二级,邢德-12160,邢德伟,消费者,沈阳,辽宁,中国,东北,技术-电话-10002069,技术,电话,"苹果 音频基座, 混合尺寸",1425.816,3,0.4,-570.444
5329,CN-202023-4080706,2024-08-07,2024-08-12,二级,邢德-12160,邢德伟,消费者,沈阳,辽宁,中国,东北,办公用-收纳-10002706,办公用品,收纳具,"Eldon 盘, 金属",658.56,3,0.0,296.1
5344,US-202023-5444149,2024-10-27,2024-10-29,二级,冯丽-17350,冯丽丽,消费者,深圳,广东,中国,中南,办公用-器具-10000736,办公用品,器具,"KitchenAid 冰箱, 红色",9854.88,4,0.0,2364.88
5345,US-202023-5444149,2024-10-27,2024-10-29,二级,冯丽-17350,冯丽丽,消费者,深圳,广东,中国,中南,办公用-系固-10000833,办公用品,系固件,"Accos 橡皮筋, 每包 12 个",150.36,2,0.0,23.8
5354,US-202023-5747151,2024-09-16,2024-09-18,二级,佘凤-12955,佘凤,公司,北京,北京,中国,华北,家具-用具-10004488,家具,用具,"Eldon 灯泡, 一包多件",235.76,2,0.0,49.28
5355,US-202023-5747151,2024-09-16,2024-09-18,二级,佘凤-12955,佘凤,公司,北京,北京,中国,华北,家具-椅子-10001358,家具,椅子,"SAFCO 凳子, 每套两件",3971.1,5,0.0,277.9
5385,CN-202023-4590873,2024-10-16,2024-10-16,当日,俞晒-19840,俞晒明,消费者,集宁,内蒙古,中国,华北,办公用-收纳-10000735,办公用品,收纳具,"Fellowes 文件夹, 单宽度",370.02,3,0.0,129.36
5386,CN-202023-2121055,2024-09-14,2024-09-20,标准级,俞蔓-18040,俞蔓楚,公司,驻马店,河南,中国,中南,技术-配件-10000498,技术,配件,"贝尔金 鼠标, 实惠",1139.88,6,0.0,307.44
5393,US-202023-2776676,2024-08-08,2024-08-12,标准级,钟伟-21475,钟伟,小型企业,长春,吉林,中国,东北,办公用-器具-10003382,办公用品,器具,"Breville 烤面包机, 银色",1084.44,3,0.0,216.72
5394,CN-202023-1516102,2024-11-19,2024-11-24,标准级,邵娜-18565,邵娜,小型企业,义乌,浙江,中国,华东,办公用-标签-10001969,办公用品,标签,"Harbour Creations 圆形标签, 红色",275.94,9,0.0,112.14
5395,CN-202023-1516102,2024-11-19,2024-11-24,标准级,邵娜-18565,邵娜,小型企业,义乌,浙江,中国,华东,办公用-装订-10004764,办公用品,装订机,"Avery 装订机盖, 透明",58.968,2,0.4,-9.912
5396,CN-202023-1516102,2024-11-19,2024-11-24,标准级,邵娜-18565,邵娜,小型企业,义乌,浙江,中国,华东,办公用-信封-10004446,办公用品,信封,"Jiffy 马尼拉纸信封, 银色",795.48,6,0.0,294.0
5399,US-202023-3504524,2024-08-06,2024-08-08,二级,杨栋-12340,杨栋,公司,金昌,甘肃,中国,西北,家具-书架-10001133,家具,书架,"Sauder 书库, 白色",7646.94,7,0.4,-3441.76
5406,CN-202023-5869494,2024-12-16,2024-12-22,标准级,殷丽-17695,殷丽雪,消费者,内江,四川,中国,西南,办公用-收纳-10000735,办公用品,收纳具,"Fellowes 文件夹, 单宽度",740.04,6,0.0,258.72
5407,CN-202023-5869494,2024-12-16,2024-12-22,标准级,殷丽-17695,殷丽雪,消费者,内江,四川,中国,西南,家具-书架-10000196,家具,书架,"Sauder 柜, 白色",473.76,1,0.4,15.68
5408,CN-202023-5869494,2024-12-16,2024-12-22,标准级,殷丽-17695,殷丽雪,消费者,内江,四川,中国,西南,技术-配件-10003881,技术,配件,"Memorex 键盘, 耐用",601.02,3,0.4,-10.08
5409,CN-202023-4850175,2024-07-13,2024-07-18,标准级,林谦-19285,林谦,消费者,汕尾,广东,中国,中南,办公用-装订-10003947,办公用品,装订机,"Cardinal 孔加固材料, 耐用",223.44,7,0.0,3.92
5410,CN-202023-4850175,2024-07-13,2024-07-18,标准级,林谦-19285,林谦,消费者,汕尾,广东,中国,中南,办公用-系固-10001646,办公用品,系固件,"OIC 夹子, 整包",553.56,6,0.0,204.12
5411,CN-202023-4850175,2024-07-13,2024-07-18,标准级,林谦-19285,林谦,消费者,汕尾,广东,中国,中南,家具-椅子-10001397,家具,椅子,"Novimex 摇椅, 可调",1687.392,3,0.1,-19.068
5414,US-202023-3378788,2024-10-19,2024-10-25,标准级,倪爽-20545,倪爽,公司,天津,天津,中国,华北,办公用-装订-10002116,办公用品,装订机,"Ibico 孔加固材料, 透明",60.2,2,0.0,8.4
5430,CN-202023-2666353,2024-11-02,2024-11-08,标准级,马惠-14335,马惠英,公司,天津,天津,中国,华北,技术-复印-10003649,技术,复印机,"惠普 复印机, 数字化",7948.78,7,0.0,3735.76
5431,CN-202023-2666353,2024-11-02,2024-11-08,标准级,马惠-14335,马惠英,公司,天津,天津,中国,华北,技术-电话-10003674,技术,电话,"三星 耳机, 全尺寸",1042.86,3,0.0,333.48
5432,CN-202023-2271818,2024-06-09,2024-06-13,标准级,洪黎-16345,洪黎明,消费者,浯溪,湖南,中国,中南,家具-用具-10000579,家具,用具,"Eldon 门挡, 一包多件",234.36,1,0.0,7.0
5433,CN-202023-2271818,2024-06-09,2024-06-13,标准级,洪黎-16345,洪黎明,消费者,浯溪,湖南,中国,中南,办公用-美术-10002569,办公用品,美术,"Stanley 画布, 金属",946.96,5,0.2,260.26
5434,CN-202023-2271818,2024-06-09,2024-06-13,标准级,洪黎-16345,洪黎明,消费者,浯溪,湖南,中国,中南,办公用-纸张-10002058,办公用品,纸张,"Green Bar 计划信息表, 回收",331.8,3,0.0,142.38
5435,CN-202023-4251154,2024-10-30,2024-11-03,标准级,钟丽-15760,钟丽,小型企业,蚌埠,安徽,中国,华东,家具-书架-10000196,家具,书架,"Sauder 柜, 白色",5527.2,7,0.0,2320.64
5441,CN-202023-2151004,2024-05-19,2024-05-19,当日,吕灵-17575,吕灵,消费者,椒江,浙江,中国,华东,技术-配件-10000246,技术,配件,"贝尔金 记忆卡, 可编程",977.004,3,0.4,-97.776
5452,CN-202023-2267443,2024-11-26,2024-11-27,一级,彭绅-19975,彭绅,公司,宁海,山东,中国,华东,家具-书架-10003320,家具,书架,"Bush 墙角架, 白色",4132.66,7,0.0,1983.52
5453,CN-202023-5533473,2024-05-14,2024-05-21,标准级,涂安-10285,涂安,公司,汉中,陕西,中国,西北,技术-电话-10004871,技术,电话,"三星 充电器, 蓝色",8906.1,3,0.0,1424.64
5456,CN-202023-3746616,2024-06-26,2024-07-02,标准级,徐丽-17395,徐丽丽,公司,哈尔滨,黑龙江,中国,东北,办公用-纸张-10004731,办公用品,纸张,"Enermax 羊皮纸, 每包 12 个",455.7,5,0.0,172.9
5457,CN-202023-5598912,2024-04-14,2024-04-15,一级,戴康-15415,戴康,消费者,新石,湖北,中国,中南,家具-桌子-10003847,家具,桌子,"Lesro 培训桌, 黑色",1505.28,3,0.6,-1994.58
5458,CN-202023-5598912,2024-04-14,2024-04-15,一级,戴康-15415,戴康,消费者,新石,湖北,中国,中南,办公用-装订-10002575,办公用品,装订机,"Wilson Jones 打孔机, 耐用",247.716,3,0.4,24.696
5463,CN-202023-1391849,2024-08-12,2024-08-14,一级,郝廉-17245,郝廉,消费者,深圳,广东,中国,中南,办公用-装订-10004939,办公用品,装订机,"Ibico 打孔机, 耐用",298.2,2,0.0,11.76
5467,CN-202023-1374105,2024-03-19,2024-03-23,标准级,黄磊-16000,黄磊,消费者,张家口,河北,中国,华北,技术-设备-10001433,技术,设备,"爱普生 计算器, 多色",433.16,2,0.0,77.84
5468,CN-202023-1374105,2024-03-19,2024-03-23,标准级,黄磊-16000,黄磊,消费者,张家口,河北,中国,华北,家具-书架-10000835,家具,书架,"Dania 搁架, 金属",5514.46,7,0.0,661.5
5469,CN-202023-1374105,2024-03-19,2024-03-23,标准级,黄磊-16000,黄磊,消费者,张家口,河北,中国,华北,家具-用具-10003781,家具,用具,"Eldon 分层置放架, 耐用",931.98,7,0.0,279.3
5474,US-202023-1346492,2024-04-10,2024-04-12,一级,何晨-11140,何晨,消费者,天津,天津,中国,华北,家具-椅子-10003332,家具,椅子,"Office Star 摇椅, 黑色",2584.96,4,0.0,1240.4
5480,CN-202023-2366851,2024-02-06,2024-02-11,标准级,陈宣-20815,陈宣,公司,铁岭,辽宁,中国,东北,办公用-信封-10004840,办公用品,信封,"GlobeWeis 搭扣信封, 银色",114.8,2,0.0,44.52
5481,CN-202023-4505574,2024-11-23,2024-11-28,标准级,邵伟-21565,邵伟,公司,金沙,江苏,中国,华东,办公用-用品-10004001,办公用品,用品,"Fiskars 剪刀, 工业",208.152,3,0.4,-59.388
5482,CN-202023-4505574,2024-11-23,2024-11-28,标准级,邵伟-21565,邵伟,公司,金沙,江苏,中国,华东,技术-设备-10002388,技术,设备,"柯尼卡 计算器, 白色",560.448,4,0.4,-28.112
5486,CN-202023-4195213,2024-04-29,2024-05-03,标准级,叶柏-19030,叶柏,公司,汕头,广东,中国,中南,办公用-用品-10000086,办公用品,用品,"Kleencut 剪刀, 工业",557.9,5,0.0,273.0
5487,CN-202023-4195213,2024-04-29,2024-05-03,标准级,叶柏-19030,叶柏,公司,汕头,广东,中国,中南,办公用-用品-10004755,办公用品,用品,"Stiletto 剪刀, 工业",588.7,5,0.0,270.2
5488,CN-202023-4195213,2024-04-29,2024-05-03,标准级,叶柏-19030,叶柏,公司,汕头,广东,中国,中南,办公用-美术-10004503,办公用品,美术,"BIC 画布, 混合尺寸",1486.464,7,0.2,37.044
5489,CN-202023-4195213,2024-04-29,2024-05-03,标准级,叶柏-19030,叶柏,公司,汕头,广东,中国,中南,家具-椅子-10003795,家具,椅子,"Harbour Creations 沙滩椅, 红色",1294.02,5,0.1,344.82
5490,CN-202023-4195213,2024-04-29,2024-05-03,标准级,叶柏-19030,叶柏,公司,汕头,广东,中国,中南,办公用-器具-10002520,办公用品,器具,"Hoover 搅拌机, 银色",1370.88,3,0.0,438.48
5510,CN-202023-2828982,2024-08-26,2024-08-26,当日,徐安-10150,徐安,消费者,西宁,青海,中国,西北,办公用-用品-10004419,办公用品,用品,"Acme 剪刀, 工业",378.84,3,0.0,75.6
5511,CN-202023-2381293,2024-12-11,2024-12-18,标准级,邢宁-18715,邢宁,公司,珠海,广东,中国,中南,家具-桌子-10004088,家具,桌子,"Lesro 木桌, 组装",4923.45,3,0.25,1115.73
5517,CN-202023-3868597,2024-07-14,2024-07-20,标准级,施旺-21400,施旺,消费者,廊坊,河北,中国,华北,家具-椅子-10000270,家具,椅子,"Novimex 凳子, 黑色",1512.28,2,0.0,287.28
5518,CN-202023-3868597,2024-07-14,2024-07-20,标准级,施旺-21400,施旺,消费者,廊坊,河北,中国,华北,办公用-用品-10002100,办公用品,用品,"Fiskars 修剪器, 工业",1434.72,7,0.0,71.54
5519,CN-202023-4214287,2024-12-07,2024-12-11,标准级,苏升-20185,苏升,消费者,嘉善,浙江,中国,华东,办公用-装订-10002021,办公用品,装订机,"Wilson Jones 装订机, 透明",314.496,9,0.4,25.956
5520,CN-202023-4214287,2024-12-07,2024-12-11,标准级,苏升-20185,苏升,消费者,嘉善,浙江,中国,华东,办公用-系固-10000591,办公用品,系固件,"Stockwell 图钉, 整包",113.652,3,0.4,-40.068
5521,CN-202023-4214287,2024-12-07,2024-12-11,标准级,苏升-20185,苏升,消费者,嘉善,浙江,中国,华东,家具-用具-10004944,家具,用具,"Eldon 相框, 黑色",813.54,5,0.4,-217.56
5522,CN-202023-2688173,2024-08-06,2024-08-08,一级,常升-20020,常升,消费者,富锦,黑龙江,中国,东北,家具-椅子-10002550,家具,椅子,"Office Star 沙滩椅, 黑色",742.14,3,0.0,333.9
5550,CN-202023-5102195,2024-10-05,2024-10-09,标准级,袁德-12130,袁德,消费者,通州,北京,中国,华北,办公用-系固-10003020,办公用品,系固件,"Stockwell 订书钉, 每包 12 个",183.68,4,0.0,16.24
5560,CN-202023-1015819,2024-06-19,2024-06-21,二级,牛晒-19810,牛晒明,小型企业,梅州,广东,中国,中南,办公用-用品-10003822,办公用品,用品,"Acme 开信刀, 蓝色",140.98,1,0.0,23.94
5561,CN-202023-1015819,2024-06-19,2024-06-21,二级,牛晒-19810,牛晒明,小型企业,梅州,广东,中国,中南,技术-设备-10001433,技术,设备,"爱普生 计算器, 多色",649.74,3,0.0,116.76
5562,CN-202023-1015819,2024-06-19,2024-06-21,二级,牛晒-19810,牛晒明,小型企业,梅州,广东,中国,中南,办公用-收纳-10002430,办公用品,收纳具,"Rogers 文件车, 单宽度",660.94,1,0.0,264.32
5563,CN-202023-4015472,2024-10-26,2024-11-01,标准级,贾伟-21415,贾伟,消费者,厦门,福建,中国,华东,办公用-信封-10000017,办公用品,信封,"Jiffy 局间信封, 银色",911.68,4,0.0,118.16
5564,CN-202023-4015472,2024-10-26,2024-11-01,标准级,贾伟-21415,贾伟,消费者,厦门,福建,中国,华东,家具-书架-10003501,家具,书架,"宜家 搁架, 白色",1613.36,2,0.0,806.68
5565,CN-202023-4015472,2024-10-26,2024-11-01,标准级,贾伟-21415,贾伟,消费者,厦门,福建,中国,华东,家具-书架-10002387,家具,书架,"宜家 柜, 黑色",1342.04,2,0.0,617.12
5566,CN-202023-4015472,2024-10-26,2024-11-01,标准级,贾伟-21415,贾伟,消费者,厦门,福建,中国,华东,办公用-系固-10002020,办公用品,系固件,"Advantus 橡皮筋, 金属",233.94,3,0.0,6.72
5567,CN-202023-4015472,2024-10-26,2024-11-01,标准级,贾伟-21415,贾伟,消费者,厦门,福建,中国,华东,技术-电话-10003206,技术,电话,"诺基亚 音频基座, 全尺寸",2352.42,3,0.0,517.44
5568,CN-202023-4015472,2024-10-26,2024-11-01,标准级,贾伟-21415,贾伟,消费者,厦门,福建,中国,华东,家具-书架-10004172,家具,书架,"Safco 柜, 传统",1575.84,2,0.0,724.64
5569,CN-202023-4853457,2024-11-12,2024-11-16,标准级,薛庆-19525,薛庆缘,公司,开远,云南,中国,西南,办公用-美术-10000310,办公用品,美术,"Binney & Smith 画布, 蓝色",958.72,4,0.0,152.88
5570,CN-202023-4853457,2024-11-12,2024-11-16,标准级,薛庆-19525,薛庆缘,公司,开远,云南,中国,西南,办公用-标签-10002137,办公用品,标签,"Harbour Creations 运输标签, 白色",160.44,3,0.0,17.64
5571,CN-202023-3561948,2024-01-15,2024-01-20,标准级,马锦-14890,马锦,公司,长春,吉林,中国,东北,家具-书架-10003132,家具,书架,"Dania 古典书架, 黑色",3846.36,2,0.0,461.44
5572,CN-202023-3561948,2024-01-15,2024-01-20,标准级,马锦-14890,马锦,公司,长春,吉林,中国,东北,办公用-美术-10004988,办公用品,美术,"Stanley 铅笔刀, 混合尺寸",104.384,1,0.2,-11.816
5573,CN-202023-3561948,2024-01-15,2024-01-20,标准级,马锦-14890,马锦,公司,长春,吉林,中国,东北,技术-设备-10003961,技术,设备,"StarTech 电话, 白色",2382.38,7,0.0,476.28
5574,CN-202023-3561948,2024-01-15,2024-01-20,标准级,马锦-14890,马锦,公司,长春,吉林,中国,东北,办公用-美术-10002705,办公用品,美术,"Sanford 荧光笔, 蓝色",352.8,6,0.2,74.76
5575,CN-202023-3561948,2024-01-15,2024-01-20,标准级,马锦-14890,马锦,公司,长春,吉林,中国,东北,办公用-装订-10002118,办公用品,装订机,"Avery 打孔机, 透明",255.08,2,0.0,91.56
5576,CN-202023-5588801,2024-06-30,2024-07-04,标准级,陶德-12220,陶德伟,消费者,讷河,黑龙江,中国,东北,办公用-信封-10003126,办公用品,信封,"Ames 邮寄品, 回收",485.1,3,0.0,63.0
5579,CN-202023-2664017,2024-05-01,2024-05-03,一级,袁荣-19765,袁荣,公司,汉中,陕西,中国,西北,技术-配件-10004328,技术,配件,"Memorex 闪存驱动器, 实惠",411.6,3,0.0,69.72
5580,CN-202023-3285234,2024-08-21,2024-08-26,标准级,谭珊-19900,谭珊,消费者,青岛,山东,中国,华东,办公用-美术-10003726,办公用品,美术,"Boston 钢笔, 蓝色",331.8,5,0.0,46.2
5581,CN-202023-3285234,2024-08-21,2024-08-26,标准级,谭珊-19900,谭珊,消费者,青岛,山东,中国,华东,办公用-信封-10002162,办公用品,信封,"Jiffy 商业信封, 银色",257.04,3,0.0,87.36
5582,CN-202023-3285234,2024-08-21,2024-08-26,标准级,谭珊-19900,谭珊,消费者,青岛,山东,中国,华东,家具-椅子-10002343,家具,椅子,"Office Star 沙滩椅, 红色",1552.32,6,0.0,388.08
5587,CN-202023-5300830,2024-04-25,2024-05-02,标准级,郝立-16765,郝立,消费者,抚顺,辽宁,中国,东北,家具-书架-10002807,家具,书架,"Safco 墙角架, 金属",5420.688,13,0.4,812.448
5588,CN-202023-5300830,2024-04-25,2024-05-02,标准级,郝立-16765,郝立,消费者,抚顺,辽宁,中国,东北,家具-用具-10001101,家具,用具,"Tenex 框架, 黑色",615.888,2,0.4,-256.872
5610,CN-202023-3205176,2024-03-30,2024-04-05,标准级,陶昌-11065,陶昌,消费者,阳泉,山西,中国,华北,家具-书架-10004280,家具,书架,"Sauder 古典书架, 黑色",18368.28,9,0.0,5876.64
5611,CN-202023-3205176,2024-03-30,2024-04-05,标准级,陶昌-11065,陶昌,消费者,阳泉,山西,中国,华北,办公用-装订-10000762,办公用品,装订机,"Ibico 装订机盖, 回收",130.76,2,0.0,23.52
5618,US-202023-2904914,2024-04-21,2024-04-27,标准级,樊彩-10630,樊彩,小型企业,无锡,江苏,中国,华东,办公用-美术-10001414,办公用品,美术,"Binney & Smith 记号笔, 蓝色",44.968,2,0.8,-155.232
5619,US-202023-2904914,2024-04-21,2024-04-27,标准级,樊彩-10630,樊彩,小型企业,无锡,江苏,中国,华东,家具-书架-10000196,家具,书架,"Sauder 柜, 白色",947.52,2,0.4,31.36
5620,US-202023-2904914,2024-04-21,2024-04-27,标准级,樊彩-10630,樊彩,小型企业,无锡,江苏,中国,华东,办公用-收纳-10004372,办公用品,收纳具,"Eldon 盘, 单宽度",1120.0,5,0.0,392.0
5621,US-202023-2904914,2024-04-21,2024-04-27,标准级,樊彩-10630,樊彩,小型企业,无锡,江苏,中国,华东,办公用-用品-10000347,办公用品,用品,"Stiletto 尺子, 锯齿状",64.848,2,0.4,-27.272
5622,US-202023-2904914,2024-04-21,2024-04-27,标准级,樊彩-10630,樊彩,小型企业,无锡,江苏,中国,华东,办公用-信封-10003026,办公用品,信封,"Cameo 搭扣信封, 银色",222.32,4,0.0,81.76
5623,US-202023-2904914,2024-04-21,2024-04-27,标准级,樊彩-10630,樊彩,小型企业,无锡,江苏,中国,华东,办公用-装订-10004764,办公用品,装订机,"Avery 装订机盖, 透明",117.936,4,0.4,-19.824
5628,CN-202023-3127854,2024-01-16,2024-01-20,二级,周康-15340,周康,消费者,南昌,江西,中国,华东,办公用-装订-10000765,办公用品,装订机,"Wilson Jones 孔加固材料, 回收",68.46,3,0.0,1.26
5629,CN-202023-3127854,2024-01-16,2024-01-20,二级,周康-15340,周康,消费者,南昌,江西,中国,华东,办公用-装订-10004336,办公用品,装订机,"Acco 装订机盖, 实惠",124.32,2,0.0,23.52
5632,CN-202023-1951831,2024-09-28,2024-10-02,标准级,曹丽-15940,曹丽,小型企业,临沂,山东,中国,华东,家具-用具-10001120,家具,用具,"Deflect-O 分层置放架, 耐用",208.32,2,0.0,20.72
5638,CN-202023-1726701,2024-10-23,2024-10-28,标准级,巩荣-19735,巩荣,消费者,呼和浩特,内蒙古,中国,华北,家具-书架-10000466,家具,书架,"宜家 古典书架, 黑色",5783.4,5,0.4,-385.7
5639,CN-202023-1726701,2024-10-23,2024-10-28,标准级,巩荣-19735,巩荣,消费者,呼和浩特,内蒙古,中国,华北,办公用-系固-10001285,办公用品,系固件,"Stockwell 订书钉, 整包",151.2,5,0.4,19.6
5640,CN-202023-2366851,2024-05-07,2024-05-10,一级,彭雯-21790,彭雯,消费者,武汉,湖北,中国,中南,办公用-器具-10002966,办公用品,器具,"Cuisinart 冰箱, 红色",8334.144,6,0.4,-0.336
5641,CN-202023-2366851,2024-05-07,2024-05-10,一级,彭雯-21790,彭雯,消费者,武汉,湖北,中国,中南,技术-配件-10001045,技术,配件,"SanDisk 记忆卡, 可编程",637.896,2,0.4,-32.144
5642,CN-202023-2366851,2024-05-07,2024-05-10,一级,彭雯-21790,彭雯,消费者,武汉,湖北,中国,中南,办公用-收纳-10003461,办公用品,收纳具,"Tenex 文件夹, 工业",331.8,3,0.0,0.0
5643,CN-202023-2366851,2024-05-07,2024-05-10,一级,彭雯-21790,彭雯,消费者,武汉,湖北,中国,中南,家具-椅子-10002209,家具,椅子,"Office Star 扶手椅, 每套两件",6575.52,5,0.4,-2849.98
5656,US-202023-4769676,2024-06-01,2024-06-04,一级,白婵-10975,白婵,公司,莆田,福建,中国,华东,技术-复印-10004261,技术,复印机,"惠普 墨水, 数字化",2994.6,5,0.0,1167.6
5657,CN-202023-1007278,2024-08-25,2024-08-31,标准级,陶德-12220,陶德伟,消费者,邯郸,河北,中国,华北,家具-书架-10001491,家具,书架,"Bush 古典书架, 金属",15386.56,8,0.0,614.88
5658,CN-202023-2375545,2024-12-30,2025-01-01,一级,曾幂-18100,曾幂,消费者,哈尔滨,黑龙江,中国,东北,家具-书架-10000904,家具,书架,"宜家 书架, 传统",1144.08,2,0.0,125.72
5660,US-202023-3772912,2024-12-04,2024-12-10,标准级,潘彩-10690,潘彩,公司,广州,广东,中国,中南,办公用-系固-10003826,办公用品,系固件,"Accos 回形针, 整包",196.56,3,0.0,72.66
5661,CN-202023-4150614,2024-05-18,2024-05-21,一级,蒋光-13360,蒋光,小型企业,鹤岗,黑龙江,中国,东北,家具-椅子-10000210,家具,椅子,"Harbour Creations 扶手椅, 每套两件",6662.04,3,0.0,1265.46
5666,CN-202023-2375545,2024-12-10,2024-12-15,二级,贺斯-20935,贺斯云,消费者,莆田,福建,中国,华东,家具-书架-10002086,家具,书架,"Safco 墙角架, 白色",2836.96,4,0.0,1020.88
5670,CN-202023-2055991,2024-08-31,2024-09-03,二级,付涛-21160,付涛,公司,石家庄,河北,中国,华北,技术-配件-10000619,技术,配件,"贝尔金 闪存驱动器, 耐用",393.4,2,0.0,121.8
5671,CN-202023-2055991,2024-08-31,2024-09-03,二级,付涛-21160,付涛,公司,石家庄,河北,中国,华北,办公用-美术-10002634,办公用品,美术,"BIC 钢笔, 整包",475.3,7,0.0,42.14
5672,CN-202023-1498643,2024-06-12,2024-06-17,标准级,麦忠-11500,麦忠,消费者,怀化,湖南,中国,中南,办公用-器具-10004119,办公用品,器具,"Hoover 搅拌机, 白色",889.56,2,0.0,329.0
5673,CN-202023-1498643,2024-06-12,2024-06-17,标准级,麦忠-11500,麦忠,消费者,怀化,湖南,中国,中南,办公用-信封-10001917,办公用品,信封,"Kraft 局间信封, 每套 50 个",656.88,3,0.0,78.54
5674,CN-202023-5927801,2024-08-15,2024-08-20,标准级,贾君-15160,贾君,消费者,北京,北京,中国,华北,家具-椅子-10004046,家具,椅子,"SAFCO 摇椅, 红色",1259.16,2,0.0,339.92
5675,CN-202023-5927801,2024-08-15,2024-08-20,标准级,贾君-15160,贾君,消费者,北京,北京,中国,华北,技术-配件-10003364,技术,配件,"SanDisk 键盘, 实惠",1901.2,5,0.0,284.9
5681,CN-202023-3231478,2024-06-01,2024-06-04,一级,武明-18385,武明媚,消费者,镇江,江苏,中国,华东,技术-设备-10004535,技术,设备,"冲电器 卡片打印机, 白色",975.744,2,0.4,48.664
5690,CN-202023-3798503,2024-09-08,2024-09-11,一级,卢壁-10450,卢壁,消费者,湘潭,湖南,中国,中南,家具-用具-10003967,家具,用具,"Eldon 相框, 优质",1323.7,5,0.0,132.3
5697,CN-202023-2444005,2024-10-09,2024-10-11,二级,秦淑-20440,秦淑芳,公司,河源,广东,中国,中南,办公用-系固-10001925,办公用品,系固件,"Accos 回形针, 金属",264.32,4,0.0,47.04
5698,CN-202023-2444005,2024-10-09,2024-10-11,二级,秦淑-20440,秦淑芳,公司,河源,广东,中国,中南,技术-复印-10001543,技术,复印机,"佳能 个人复印机, 彩色",1345.68,2,0.0,416.92
5705,CN-202023-1267778,2024-01-02,2024-01-08,标准级,袁康-15475,袁康,消费者,龙口,山东,中国,华东,办公用-标签-10001566,办公用品,标签,"Hon 运输标签, 红色",52.22,1,0.0,13.02
5706,CN-202023-1267778,2024-01-02,2024-01-08,标准级,袁康-15475,袁康,消费者,龙口,山东,中国,华东,办公用-用品-10000347,办公用品,用品,"Stiletto 尺子, 锯齿状",108.08,2,0.0,15.96
5707,CN-202023-1267778,2024-01-02,2024-01-08,标准级,袁康-15475,袁康,消费者,龙口,山东,中国,华东,技术-配件-10003356,技术,配件,"Memorex 鼠标, 实惠",657.3,5,0.0,256.2
5712,CN-202023-3562924,2024-08-04,2024-08-08,标准级,冯婷-21040,冯婷,小型企业,莱阳,山东,中国,华东,办公用-用品-10004456,办公用品,用品,"Fiskars 大剪刀, 锯齿状",620.76,3,0.0,254.1
5713,CN-202023-3562924,2024-08-04,2024-08-08,标准级,冯婷-21040,冯婷,小型企业,莱阳,山东,中国,华东,办公用-美术-10000636,办公用品,美术,"Binney & Smith 记号笔, 金属",473.2,4,0.0,132.16
5714,CN-202023-3562924,2024-08-04,2024-08-08,标准级,冯婷-21040,冯婷,小型企业,莱阳,山东,中国,华东,家具-桌子-10002962,家具,桌子,"Barricks 木桌, 黑色",4342.212,3,0.4,-2822.568
5715,CN-202023-3562924,2024-08-04,2024-08-08,标准级,冯婷-21040,冯婷,小型企业,莱阳,山东,中国,华东,技术-设备-10001994,技术,设备,"冲电器 计算器, 耐用",733.74,3,0.0,21.84
5716,CN-202023-4269674,2024-12-26,2024-12-30,标准级,苏冬-12430,苏冬露,小型企业,北京,北京,中国,华北,办公用-装订-10000366,办公用品,装订机,"Avery 孔加固材料, 回收",89.04,4,0.0,12.88
5717,CN-202023-4269674,2024-12-26,2024-12-30,标准级,苏冬-12430,苏冬露,小型企业,北京,北京,中国,华北,技术-电话-10002649,技术,电话,"诺基亚 耳机, 全尺寸",347.2,1,0.0,86.8
5718,CN-202023-4269674,2024-12-26,2024-12-30,标准级,苏冬-12430,苏冬露,小型企业,北京,北京,中国,华北,家具-椅子-10002448,家具,椅子,"SAFCO 折叠椅, 红色",1599.92,4,0.0,287.84
5725,US-202023-3266914,2024-03-20,2024-03-22,二级,白立-16825,白立,公司,双鸭山,黑龙江,中国,东北,技术-配件-10001341,技术,配件,"Memorex 记忆卡, 回收",1401.12,3,0.0,546.42
5726,US-202023-3266914,2024-03-20,2024-03-22,二级,白立-16825,白立,公司,双鸭山,黑龙江,中国,东北,家具-书架-10002334,家具,书架,"宜家 古典书架, 金属",3837.96,2,0.0,268.52
5735,US-202023-4961841,2024-06-11,2024-06-15,标准级,刘斯-20965,刘斯云,公司,聊城,山东,中国,华东,办公用-标签-10002137,办公用品,标签,"Harbour Creations 运输标签, 白色",267.4,5,0.0,29.4
5742,CN-202023-2883758,2024-09-15,2024-09-19,二级,葛欢-14215,葛欢,公司,鄂州,湖北,中国,中南,家具-桌子-10000761,家具,桌子,"Barricks 培训桌, 组装",1193.808,2,0.6,-1014.832
5747,US-202023-5784606,2024-08-10,2024-08-14,二级,雷木-18415,雷木兰,消费者,沈阳,辽宁,中国,东北,办公用-器具-10000176,办公用品,器具,"Breville 烤面包机, 黑色",426.384,2,0.4,-128.016
5753,US-202023-2352370,2024-09-06,2024-09-11,标准级,姚柏-19015,姚柏,消费者,北票,辽宁,中国,东北,办公用-装订-10002546,办公用品,装订机,"Acco 装订机, 回收",477.708,11,0.4,38.808
5761,CN-202023-1247380,2024-05-15,2024-05-19,标准级,邢宁-18715,邢宁,公司,上海,上海,中国,华东,技术-电话-10000433,技术,电话,"诺基亚 耳机, 蓝色",341.18,1,0.0,102.34
5762,CN-202023-1247380,2024-05-15,2024-05-19,标准级,邢宁-18715,邢宁,公司,上海,上海,中国,华东,办公用-用品-10001051,办公用品,用品,"Kleencut 开信刀, 钢",123.48,1,0.0,7.28
5765,CN-202023-2372663,2024-06-23,2024-06-25,二级,罗君-15235,罗君,消费者,上海,上海,中国,华东,家具-用具-10004734,家具,用具,"Tenex 框架, 优质",2027.2,4,0.0,121.52
5766,CN-202023-2372663,2024-06-23,2024-06-25,二级,罗君-15235,罗君,消费者,上海,上海,中国,华东,办公用-用品-10000032,办公用品,用品,"Acme 美工刀, 工业",1287.72,7,0.0,205.8
5767,CN-202023-2372663,2024-06-23,2024-06-25,二级,罗君-15235,罗君,消费者,上海,上海,中国,华东,办公用-纸张-10003137,办公用品,纸张,"SanDisk 羊皮纸, 优质",233.94,3,0.0,58.38
5774,CN-202023-4875771,2024-09-28,2024-10-01,一级,涂强-19405,涂强,消费者,成都,四川,中国,西南,办公用-收纳-10003897,办公用品,收纳具,"Rogers 搁板, 金属",856.8,3,0.0,145.32
5779,CN-202023-4092793,2024-11-27,2024-12-03,标准级,韦绅-20005,韦绅,消费者,咸阳,陕西,中国,西北,办公用-装订-10002223,办公用品,装订机,"Avery 装订机, 回收",433.16,7,0.0,0.0
5780,CN-202023-4092793,2024-11-27,2024-12-03,标准级,韦绅-20005,韦绅,消费者,咸阳,陕西,中国,西北,技术-设备-10004127,技术,设备,"柯尼卡 卡片打印机, 多色",1634.92,2,0.0,98.0
5781,CN-202023-4092793,2024-11-27,2024-12-03,标准级,韦绅-20005,韦绅,消费者,咸阳,陕西,中国,西北,家具-椅子-10003177,家具,椅子,"Harbour Creations 椅垫, 每套两件",1732.5,5,0.0,501.9
5782,CN-202023-4092793,2024-11-27,2024-12-03,标准级,韦绅-20005,韦绅,消费者,咸阳,陕西,中国,西北,技术-设备-10004735,技术,设备,"StarTech 计算器, 耐用",1309.28,7,0.0,196.0
5784,US-202023-1384966,2024-05-28,2024-05-30,二级,秦诚-11245,秦诚,公司,鞍山,辽宁,中国,东北,办公用-系固-10003889,办公用品,系固件,"OIC 图钉, 金属",79.464,2,0.4,-6.776
5785,US-202023-1384966,2024-05-28,2024-05-30,二级,秦诚-11245,秦诚,公司,鞍山,辽宁,中国,东北,技术-电话-10004858,技术,电话,"思科 耳机, 蓝色",2476.32,10,0.4,288.12
5788,CN-202023-3883671,2024-05-22,2024-05-22,当日,秦梦-18145,秦梦,消费者,合川,重庆,中国,西南,技术-配件-10000207,技术,配件,"Enermax 闪存驱动器, 实惠",387.52,2,0.0,166.6
5789,CN-202023-3883671,2024-05-22,2024-05-22,当日,秦梦-18145,秦梦,消费者,合川,重庆,中国,西南,家具-用具-10003358,家具,用具,"Advantus 灯泡, 一包多件",469.7,5,0.0,93.8
5790,CN-202023-3883671,2024-05-22,2024-05-22,当日,秦梦-18145,秦梦,消费者,合川,重庆,中国,西南,家具-书架-10003254,家具,书架,"宜家 墙角架, 金属",2858.8,5,0.0,1143.1
5798,US-202023-1969167,2024-04-16,2024-04-16,当日,严聪-11740,严聪,消费者,北京,北京,中国,华北,办公用-用品-10003489,办公用品,用品,"Stiletto 剪刀, 钢",322.14,3,0.0,48.3
5825,CN-202023-5057492,2024-11-12,2024-11-15,一级,杨诚-11380,杨诚,公司,蚌埠,安徽,中国,华东,办公用-美术-10003026,办公用品,美术,"Binney & Smith 记号笔, 混合尺寸",203.616,2,0.2,50.736
5828,US-202023-3429663,2024-12-16,2024-12-20,标准级,徐菊-15070,徐菊,消费者,蚌埠,安徽,中国,华东,办公用-收纳-10001573,办公用品,收纳具,"Smead 盘, 蓝色",904.96,4,0.0,425.04
5829,US-202023-3429663,2024-12-16,2024-12-20,标准级,徐菊-15070,徐菊,消费者,蚌埠,安徽,中国,华东,技术-复印-10004433,技术,复印机,"Brother 墨水, 红色",2037.0,3,0.0,427.56
5830,US-202023-3429663,2024-12-16,2024-12-20,标准级,徐菊-15070,徐菊,消费者,蚌埠,安徽,中国,华东,办公用-装订-10004453,办公用品,装订机,"Acco 订书机, 透明",471.8,2,0.0,150.92
5837,CN-202023-2977061,2024-04-07,2024-04-09,一级,洪强-19345,洪强,公司,西昌,四川,中国,西南,办公用-标签-10003582,办公用品,标签,"Smead 运输标签, 白色",108.36,2,0.0,1.96
5838,CN-202023-2977061,2024-04-07,2024-04-09,一级,洪强-19345,洪强,公司,西昌,四川,中国,西南,办公用-用品-10004564,办公用品,用品,"Stiletto 大剪刀, 锯齿状",376.236,3,0.4,-81.564
5844,CN-202023-2508741,2024-10-06,2024-10-10,标准级,韩莲-16960,韩莲,小型企业,天津,天津,中国,华北,技术-设备-10002164,技术,设备,"松下 打印机, 耐用",11197.62,9,0.0,1343.16
5845,CN-202023-2531621,2024-09-30,2024-10-04,标准级,杨立-16600,杨立勤,公司,西安,陕西,中国,西北,技术-电话-10004300,技术,电话,"苹果 智能手机, 整包",1151.64,2,0.0,172.48
5846,CN-202023-2977814,2024-02-07,2024-02-07,当日,林关-15625,林关茵,消费者,漳州,福建,中国,华东,办公用-用品-10003562,办公用品,用品,"Fiskars 剪刀, 锯齿状",370.72,4,0.0,33.04
5849,CN-202023-3361827,2024-11-13,2024-11-17,标准级,姚秋-11605,姚秋,消费者,无锡,江苏,中国,华东,办公用-系固-10002481,办公用品,系固件,"Accos 橡皮筋, 金属",94.08,2,0.4,-36.12
5850,CN-202023-3361827,2024-11-13,2024-11-17,标准级,姚秋-11605,姚秋,消费者,无锡,江苏,中国,华东,办公用-用品-10001248,办公用品,用品,"Elite 大剪刀, 工业",816.984,6,0.4,-354.816
5851,CN-202023-3361827,2024-11-13,2024-11-17,标准级,姚秋-11605,姚秋,消费者,无锡,江苏,中国,华东,技术-电话-10001791,技术,电话,"摩托罗拉 智能手机, 全尺寸",1834.98,5,0.4,-1009.82
5856,US-202023-3769666,2024-12-22,2024-12-27,标准级,熊宣-20875,熊宣,消费者,泰州,江苏,中国,华东,办公用-系固-10004619,办公用品,系固件,"Stockwell 订书钉, 金属",30.576,1,0.4,-17.444
5857,US-202023-3769666,2024-12-22,2024-12-27,标准级,熊宣-20875,熊宣,消费者,泰州,江苏,中国,华东,办公用-器具-10000702,办公用品,器具,"Hoover 咖啡研磨机, 红色",385.224,2,0.4,-218.456
5858,US-202023-3769666,2024-12-22,2024-12-27,标准级,熊宣-20875,熊宣,消费者,泰州,江苏,中国,华东,办公用-收纳-10002355,办公用品,收纳具,"Rogers 文件车, 蓝色",4625.6,7,0.0,46.06
5860,CN-202023-2554132,2024-11-18,2024-11-23,标准级,樊彩-10630,樊彩,小型企业,禹州,河南,中国,中南,技术-配件-10002318,技术,配件,"贝尔金 键区, 回收",518.56,2,0.0,103.6
5861,CN-202023-2554132,2024-11-18,2024-11-23,标准级,樊彩-10630,樊彩,小型企业,禹州,河南,中国,中南,技术-电话-10001437,技术,电话,"诺基亚 信号增强器, 全尺寸",3215.1,5,0.0,642.6
5862,US-202023-3656854,2024-08-24,2024-08-28,标准级,钱宁-18655,钱宁,公司,武汉,湖北,中国,中南,技术-配件-10004550,技术,配件,"Memorex 路由器, 可编程",1387.176,2,0.4,-578.144
5865,US-202023-3404134,2024-08-15,2024-08-20,标准级,吕欢-14140,吕欢悦,小型企业,集宁,内蒙古,中国,华北,办公用-器具-10001974,办公用品,器具,"Cuisinart 咖啡研磨机, 黑色",532.56,5,0.4,-266.84
5866,US-202023-3404134,2024-08-15,2024-08-20,标准级,吕欢-14140,吕欢悦,小型企业,集宁,内蒙古,中国,华北,办公用-信封-10003369,办公用品,信封,"GlobeWeis 局间信封, 回收",1305.36,6,0.0,456.12
5869,CN-202023-2918417,2024-12-17,2024-12-21,标准级,孟斯-20980,孟斯云,公司,丹江口,湖北,中国,中南,办公用-信封-10002162,办公用品,信封,"Jiffy 商业信封, 银色",257.04,3,0.0,87.36
5870,CN-202023-2918417,2024-12-17,2024-12-21,标准级,孟斯-20980,孟斯云,公司,丹江口,湖北,中国,中南,家具-书架-10000253,家具,书架,"宜家 书库, 传统",2034.984,2,0.4,67.704
5871,CN-202023-2918417,2024-12-17,2024-12-21,标准级,孟斯-20980,孟斯云,公司,丹江口,湖北,中国,中南,办公用-系固-10002262,办公用品,系固件,"Stockwell 图钉, 每包 12 个",108.864,3,0.4,16.044
5872,CN-202023-2918417,2024-12-17,2024-12-21,标准级,孟斯-20980,孟斯云,公司,丹江口,湖北,中国,中南,办公用-标签-10001184,办公用品,标签,"Harbour Creations 文件夹标签, 可调",123.76,4,0.0,16.8
5873,CN-202023-2918417,2024-12-17,2024-12-21,标准级,孟斯-20980,孟斯云,公司,丹江口,湖北,中国,中南,技术-复印-10000956,技术,复印机,"Hewlett 墨水, 每套两件",832.608,2,0.4,-55.552
5874,CN-202023-2918417,2024-12-17,2024-12-21,标准级,孟斯-20980,孟斯云,公司,丹江口,湖北,中国,中南,办公用-信封-10000866,办公用品,信封,"Jiffy 外皮和封条, 银色",522.9,5,0.0,245.7
5875,CN-202023-1007278,2024-11-21,2024-11-27,标准级,巩德-12070,巩德,小型企业,包头,内蒙古,中国,华北,办公用-标签-10003755,办公用品,标签,"Novimex 可去除的标签, 白色",230.3,5,0.0,96.6
5878,CN-202023-2633315,2024-03-25,2024-04-01,标准级,洪光-13420,洪光,公司,佛山,广东,中国,中南,办公用-信封-10003644,办公用品,信封,"Kraft 外皮和封条, 回收",270.06,3,0.0,75.6
5879,CN-202023-2633315,2024-03-25,2024-04-01,标准级,洪光-13420,洪光,公司,佛山,广东,中国,中南,办公用-装订-10002118,办公用品,装订机,"Avery 打孔机, 透明",510.16,4,0.0,183.12
5895,US-202023-2697955,2024-10-05,2024-10-10,标准级,罗琼-19615,罗琼,消费者,烟台,山东,中国,华东,办公用-标签-10002697,办公用品,标签,"Smead 运输标签, 红色",53.34,1,0.0,23.38
5896,CN-202023-1754286,2024-03-10,2024-03-14,标准级,巩关-15595,巩关茵,公司,青岛,山东,中国,华东,技术-复印-10004535,技术,复印机,"佳能 墨水, 彩色",4160.52,6,0.0,373.8
5897,CN-202023-1754286,2024-03-10,2024-03-14,标准级,巩关-15595,巩关茵,公司,青岛,山东,中国,华东,技术-复印-10003757,技术,复印机,"Hewlett 墨水, 数字化",4845.12,7,0.0,1356.32
5898,CN-202023-5922906,2024-03-08,2024-03-14,标准级,涂博-10585,涂博,消费者,东丰,吉林,中国,东北,家具-用具-10003967,家具,用具,"Eldon 相框, 优质",529.48,2,0.0,52.92
5899,CN-202023-5922906,2024-03-08,2024-03-14,标准级,涂博-10585,涂博,消费者,东丰,吉林,中国,东北,办公用-收纳-10000923,办公用品,收纳具,"Tenex 文件车, 工业",1256.36,2,0.0,464.8
5902,CN-202023-2508741,2024-12-10,2024-12-15,标准级,郝柏-18940,郝柏,消费者,广州,广东,中国,中南,办公用-装订-10004464,办公用品,装订机,"Wilson Jones 标签, 实惠",60.2,2,0.0,24.08
5912,CN-202023-5717181,2024-12-15,2024-12-17,二级,叶莲-17095,叶莲,消费者,牡丹江,黑龙江,中国,东北,办公用-信封-10000318,办公用品,信封,"GlobeWeis 邮寄品, 每套 50 个",359.8,2,0.0,24.92
5913,CN-202023-5717181,2024-12-15,2024-12-17,二级,叶莲-17095,叶莲,消费者,牡丹江,黑龙江,中国,东北,技术-电话-10000938,技术,电话,"苹果 耳机, 混合尺寸",1065.54,3,0.0,244.86
5914,CN-202023-5717181,2024-12-15,2024-12-17,二级,叶莲-17095,叶莲,消费者,牡丹江,黑龙江,中国,东北,办公用-装订-10001505,办公用品,装订机,"Cardinal 孔加固材料, 回收",79.8,3,0.0,38.22
5915,CN-202023-5717181,2024-12-15,2024-12-17,二级,叶莲-17095,叶莲,消费者,牡丹江,黑龙江,中国,东北,办公用-系固-10002185,办公用品,系固件,"Accos 订书钉, 每包 12 个",96.88,2,0.0,5.6
5937,CN-202023-2706465,2024-12-24,2024-12-30,标准级,白鹄-14050,白鹄,消费者,呼兰,黑龙江,中国,东北,家具-用具-10004315,家具,用具,"Tenex 框架, 一包多件",1540.56,3,0.0,754.74
5938,CN-202023-2706465,2024-12-24,2024-12-30,标准级,白鹄-14050,白鹄,消费者,呼兰,黑龙江,中国,东北,家具-椅子-10003809,家具,椅子,"Office Star 摇椅, 红色",2630.32,4,0.0,157.36
5939,CN-202023-2706465,2024-12-24,2024-12-30,标准级,白鹄-14050,白鹄,消费者,呼兰,黑龙江,中国,东北,家具-椅子-10002246,家具,椅子,"Novimex 沙滩椅, 每套两件",899.92,4,0.0,332.64
5940,CN-202023-2706465,2024-12-24,2024-12-30,标准级,白鹄-14050,白鹄,消费者,呼兰,黑龙江,中国,东北,技术-设备-10002438,技术,设备,"StarTech 打印机, 多色",4781.84,4,0.0,1434.16
5941,CN-202023-2706465,2024-12-24,2024-12-30,标准级,白鹄-14050,白鹄,消费者,呼兰,黑龙江,中国,东北,办公用-用品-10001026,办公用品,用品,"Fiskars 修剪器, 锯齿状",1274.0,7,0.0,624.26
5942,CN-202023-2706465,2024-12-24,2024-12-30,标准级,白鹄-14050,白鹄,消费者,呼兰,黑龙江,中国,东北,办公用-信封-10001674,办公用品,信封,"Jiffy 外皮和封条, 红色",329.7,3,0.0,82.32
5943,CN-202023-2706465,2024-12-24,2024-12-30,标准级,白鹄-14050,白鹄,消费者,呼兰,黑龙江,中国,东北,技术-复印-10001635,技术,复印机,"佳能 复印机, 红色",1214.92,1,0.0,12.04
5946,US-202023-2042105,2024-08-03,2024-08-05,二级,陈惠-14290,陈惠英,小型企业,长沙,湖南,中国,中南,技术-配件-10001403,技术,配件,"贝尔金 键盘, 可编程",1195.32,3,0.0,202.86
5952,US-202023-2245112,2024-05-29,2024-05-30,一级,陶莞-13315,陶莞颖,消费者,武汉,湖北,中国,中南,办公用-用品-10003696,办公用品,用品,"Elite 修剪器, 蓝色",233.352,2,0.4,-105.168
5953,US-202023-2245112,2024-05-29,2024-05-30,一级,陶莞-13315,陶莞颖,消费者,武汉,湖北,中国,中南,办公用-用品-10004471,办公用品,用品,"Kleencut 大剪刀, 钢",387.828,3,0.4,32.088
5962,US-202023-2505404,2024-04-13,2024-04-17,标准级,任实-20200,任实,消费者,北京,北京,中国,华北,办公用-美术-10003716,办公用品,美术,"BIC 铅笔刀, 整包",409.92,3,0.0,188.16
5963,US-202023-2505404,2024-04-13,2024-04-17,标准级,任实-20200,任实,消费者,北京,北京,中国,华北,办公用-美术-10002705,办公用品,美术,"Sanford 荧光笔, 蓝色",147.0,2,0.0,54.32
5964,US-202023-2505404,2024-04-13,2024-04-17,标准级,任实-20200,任实,消费者,北京,北京,中国,华北,家具-书架-10000557,家具,书架,"Sauder 搁架, 金属",5433.12,6,0.0,760.2
5966,CN-202023-5834678,2024-09-25,2024-09-28,二级,袁德-12130,袁德,消费者,泉州,福建,中国,华东,家具-椅子-10001559,家具,椅子,"Novimex 椅垫, 红色",1840.44,7,0.0,625.24
5968,US-202023-1587245,2024-04-05,2024-04-10,标准级,秦刚-13075,秦刚,公司,沈阳,辽宁,中国,东北,办公用-美术-10002911,办公用品,美术,"Stanley 荧光笔, 金属",119.168,8,0.8,-304.192
5974,CN-202023-4261740,2024-02-21,2024-02-25,标准级,郝壁-10420,郝壁,公司,天津,天津,中国,华北,技术-电话-10002996,技术,电话,"三星 办公室电话机, 蓝色",304.36,1,0.0,0.0
5975,CN-202023-4261740,2024-02-21,2024-02-25,标准级,郝壁-10420,郝壁,公司,天津,天津,中国,华北,办公用-用品-10002717,办公用品,用品,"Fiskars 剪刀, 蓝色",324.24,3,0.0,38.64
5976,US-202023-3017568,2024-06-27,2024-07-02,标准级,巩荣-19735,巩荣,消费者,浯溪,湖南,中国,中南,办公用-收纳-10004747,办公用品,收纳具,"Eldon 文件夹, 单宽度",238.14,3,0.0,76.02
5977,US-202023-3017568,2024-06-27,2024-07-02,标准级,巩荣-19735,巩荣,消费者,浯溪,湖南,中国,中南,办公用-系固-10003118,办公用品,系固件,"Stockwell 夹子, 混合尺寸",155.68,2,0.0,46.48
5985,CN-202023-4200185,2024-08-29,2024-08-31,一级,樊彩-10630,樊彩,小型企业,湘潭,湖南,中国,中南,技术-配件-10001666,技术,配件,"SanDisk 键区, 回收",1736.56,7,0.0,693.84
5999,CN-202023-5088117,2024-02-26,2024-03-02,标准级,范恒-13615,范恒,消费者,枝城,浙江,中国,华东,办公用-器具-10002837,办公用品,器具,"Cuisinart 微波炉, 白色",1548.96,2,0.4,-774.48
6000,CN-202023-5088117,2024-02-26,2024-03-02,标准级,范恒-13615,范恒,消费者,枝城,浙江,中国,华东,办公用-纸张-10003967,办公用品,纸张,"Green Bar 羊皮纸, 多色",506.52,6,0.0,25.2
6010,CN-202023-5105254,2024-10-05,2024-10-07,二级,贺斯-20935,贺斯云,消费者,济南,山东,中国,华东,办公用-美术-10000757,办公用品,美术,"Boston 记号笔, 混合尺寸",689.5,5,0.0,206.5
6011,CN-202023-5105254,2024-10-05,2024-10-07,二级,贺斯-20935,贺斯云,消费者,济南,山东,中国,华东,家具-书架-10003676,家具,书架,"Dania 墙角架, 传统",1708.98,3,0.0,290.22
6012,CN-202023-5105254,2024-10-05,2024-10-07,二级,贺斯-20935,贺斯云,消费者,济南,山东,中国,华东,办公用-信封-10003818,办公用品,信封,"Ames 局间信封, 回收",1024.8,5,0.0,338.1
6027,CN-202023-3351509,2024-11-24,2024-11-24,当日,范娜-18445,范娜,小型企业,汉中,陕西,中国,西北,办公用-器具-10000176,办公用品,器具,"Breville 烤面包机, 黑色",710.64,2,0.0,156.24
6028,CN-202023-3351509,2024-11-24,2024-11-24,当日,范娜-18445,范娜,小型企业,汉中,陕西,中国,西北,技术-复印-10002340,技术,复印机,"佳能 个人复印机, 每套两件",2664.48,4,0.0,1065.68
6053,CN-202023-3069391,2024-12-09,2024-12-15,标准级,常刚-13090,常刚,消费者,汕尾,广东,中国,中南,技术-配件-10003923,技术,配件,"SanDisk 记忆卡, 实惠",1573.74,3,0.0,314.58
6054,CN-202023-3069391,2024-12-09,2024-12-15,标准级,常刚-13090,常刚,消费者,汕尾,广东,中国,中南,办公用-系固-10000170,办公用品,系固件,"Stockwell 图钉, 混合尺寸",512.4,10,0.0,96.6
6055,CN-202023-3069391,2024-12-09,2024-12-15,标准级,常刚-13090,常刚,消费者,汕尾,广东,中国,中南,办公用-信封-10001989,办公用品,信封,"Jiffy 外皮和封条, 回收",87.78,1,0.0,8.68
6056,CN-202023-3069391,2024-12-09,2024-12-15,标准级,常刚-13090,常刚,消费者,汕尾,广东,中国,中南,家具-桌子-10004575,家具,桌子,"Chromcraft 咖啡桌, 白色",1884.96,2,0.25,376.88
6057,CN-202023-2418676,2024-11-09,2024-11-15,标准级,龚松-20710,龚松,小型企业,烟台,山东,中国,华东,家具-用具-10002112,家具,用具,"Eldon 框架, 耐用",528.64,1,0.0,179.62
6062,CN-202023-5667067,2024-05-19,2024-05-20,一级,杨立-16600,杨立勤,公司,门头沟,北京,中国,华北,家具-书架-10001519,家具,书架,"Safco 柜, 白色",2399.04,3,0.0,239.82
6063,CN-202023-2295401,2024-03-12,2024-03-17,标准级,涂德-12235,涂德伟,消费者,济南,山东,中国,华东,办公用-信封-10002784,办公用品,信封,"Kraft 搭扣信封, 红色",292.6,5,0.0,125.3
6064,CN-202023-2166981,2024-10-08,2024-10-12,标准级,邵黎-16405,邵黎明,小型企业,信阳,河南,中国,中南,家具-用具-10000601,家具,用具,"Advantus 相框, 耐用",1867.04,8,0.0,672.0
6065,CN-202023-2166981,2024-10-08,2024-10-12,标准级,邵黎-16405,邵黎明,小型企业,信阳,河南,中国,中南,家具-书架-10003197,家具,书架,"Safco 书库, 白色",7323.12,4,0.0,2050.16
6066,CN-202023-2166981,2024-10-08,2024-10-12,标准级,邵黎-16405,邵黎明,小型企业,信阳,河南,中国,中南,家具-椅子-10004040,家具,椅子,"Harbour Creations 折叠椅, 黑色",2806.524,7,0.1,124.264
6067,CN-202023-2166981,2024-10-08,2024-10-12,标准级,邵黎-16405,邵黎明,小型企业,信阳,河南,中国,中南,技术-电话-10001791,技术,电话,"摩托罗拉 智能手机, 全尺寸",4281.62,7,0.0,298.9
6068,CN-202023-2166981,2024-10-08,2024-10-12,标准级,邵黎-16405,邵黎明,小型企业,信阳,河南,中国,中南,技术-配件-10001666,技术,配件,"SanDisk 键区, 回收",992.32,4,0.0,396.48
6070,CN-202023-2766233,2024-05-26,2024-06-01,标准级,李彩-10675,李彩,消费者,哈尔滨,黑龙江,中国,东北,办公用-用品-10004578,办公用品,用品,"Stiletto 开信刀, 工业",700.0,5,0.0,63.0
6071,CN-202023-2766233,2024-05-26,2024-06-01,标准级,李彩-10675,李彩,消费者,哈尔滨,黑龙江,中国,东北,家具-椅子-10001676,家具,椅子,"Hon 沙滩椅, 可调",222.32,1,0.0,39.9
6083,CN-202023-3577786,2024-09-15,2024-09-19,标准级,钟忠-11485,钟忠,小型企业,海口,海南,中国,中南,办公用-纸张-10003833,办公用品,纸张,"Enermax 计划信息表, 多色",223.16,2,0.0,33.32
6084,CN-202023-3577786,2024-09-15,2024-09-19,标准级,钟忠-11485,钟忠,小型企业,海口,海南,中国,中南,办公用-美术-10000407,办公用品,美术,"Sanford 速写本, 混合尺寸",1634.976,9,0.2,-246.204
6086,CN-202023-4347413,2024-10-16,2024-10-21,二级,杨立-16600,杨立勤,公司,亳州,安徽,中国,华东,办公用-标签-10004164,办公用品,标签,"Hon 文件夹标签, 可调",152.6,5,0.0,22.4
6087,CN-202023-4347413,2024-10-16,2024-10-21,二级,杨立-16600,杨立勤,公司,亳州,安徽,中国,华东,家具-书架-10004000,家具,书架,"Sauder 墙角架, 金属",1369.76,2,0.0,13.44
6088,CN-202023-4347413,2024-10-16,2024-10-21,二级,杨立-16600,杨立勤,公司,亳州,安徽,中国,华东,家具-书架-10002588,家具,书架,"Dania 书库, 传统",5073.6,3,0.0,1522.08
6089,CN-202023-4347413,2024-10-16,2024-10-21,二级,杨立-16600,杨立勤,公司,亳州,安徽,中国,华东,办公用-用品-10004613,办公用品,用品,"Elite 美工刀, 工业",511.14,3,0.0,132.72
6090,CN-202023-4037167,2024-07-20,2024-07-22,二级,佘凤-12970,佘凤,公司,济宁,山东,中国,华东,办公用-用品-10004616,办公用品,用品,"Acme 美工刀, 钢",347.2,2,0.0,107.52
6091,CN-202023-4037167,2024-07-20,2024-07-22,二级,佘凤-12970,佘凤,公司,济宁,山东,中国,华东,家具-用具-10001201,家具,用具,"Eldon 门挡, 优质",1138.2,5,0.0,557.2
6092,CN-202023-4537572,2024-11-24,2024-11-29,标准级,田江-14635,田江丽,公司,忻州,山西,中国,华北,办公用-收纳-10003484,办公用品,收纳具,"Tenex 盘, 单宽度",253.12,1,0.0,80.92
6095,CN-202023-4190541,2024-09-26,2024-10-02,标准级,许凤-12835,许凤,公司,天津,天津,中国,华北,家具-椅子-10002162,家具,椅子,"Hon 摇椅, 可调",2484.72,4,0.0,1018.64
6096,CN-202023-4190541,2024-09-26,2024-10-02,标准级,许凤-12835,许凤,公司,天津,天津,中国,华北,技术-复印-10002682,技术,复印机,"佳能 传真机, 每套两件",4457.46,3,0.0,1114.26
6109,CN-202023-2511714,2024-12-14,2024-12-18,标准级,陶惠-14455,陶惠,小型企业,成都,四川,中国,西南,办公用-收纳-10000970,办公用品,收纳具,"Eldon 盘, 工业",904.4,4,0.0,26.88
6110,US-202023-4769676,2024-09-30,2024-10-04,标准级,佘凤-12955,佘凤,公司,醴陵,湖南,中国,中南,办公用-器具-10000769,办公用品,器具,"Hamilton Beach 冰箱, 红色",7001.82,3,0.0,489.72
6111,US-202023-4769676,2024-09-30,2024-10-04,标准级,佘凤-12955,佘凤,公司,醴陵,湖南,中国,中南,办公用-标签-10003382,办公用品,标签,"Novimex 文件夹标签, 耐用",201.6,5,0.0,25.9
6118,CN-202023-4836537,2024-08-05,2024-08-12,标准级,潘盛-20380,潘盛,消费者,高密,山东,中国,华东,办公用-收纳-10000181,办公用品,收纳具,"Eldon 文件车, 蓝色",1790.46,3,0.0,536.76
6119,CN-202023-1103148,2024-09-17,2024-09-21,标准级,何根-13225,何根基,公司,莆田,福建,中国,华东,办公用-器具-10003122,办公用品,器具,"Breville 炉灶, 红色",5241.04,2,0.0,1624.56
6138,US-202023-4027651,2024-09-16,2024-09-20,标准级,彭博-10555,彭博,公司,无锡,江苏,中国,华东,家具-椅子-10002246,家具,椅子,"Novimex 沙滩椅, 每套两件",1214.892,9,0.4,-61.488
6139,US-202023-4027651,2024-09-16,2024-09-20,标准级,彭博-10555,彭博,公司,无锡,江苏,中国,华东,技术-复印-10003121,技术,复印机,"佳能 墨水, 数字化",2055.06,5,0.4,239.26
6143,US-202023-4896054,2024-06-22,2024-06-28,标准级,吕欢-14140,吕欢悦,小型企业,襄樊,湖北,中国,中南,办公用-装订-10003441,办公用品,装订机,"Avery 标签, 耐用",131.544,6,0.4,-46.536
6144,US-202023-4988987,2024-08-28,2024-09-02,标准级,郝立-16570,郝立勤,消费者,哈尔滨,黑龙江,中国,东北,家具-书架-10002724,家具,书架,"Sauder 墙角架, 白色",699.16,1,0.0,181.72
6157,CN-202023-1340062,2024-06-17,2024-06-23,标准级,佘莲-17050,佘莲,消费者,清远,广东,中国,中南,家具-椅子-10002168,家具,椅子,"Hon 凳子, 黑色",1354.248,2,0.1,-135.632
6158,CN-202023-1340062,2024-06-17,2024-06-23,标准级,佘莲-17050,佘莲,消费者,清远,广东,中国,中南,办公用-系固-10000647,办公用品,系固件,"OIC 订书钉, 金属",267.4,5,0.0,18.2
6163,CN-202023-4619981,2024-08-21,2024-08-23,二级,徐莲-17080,徐莲,消费者,揭阳,广东,中国,中南,办公用-收纳-10000932,办公用品,收纳具,"Rogers 文件夹, 蓝色",429.66,3,0.0,206.22
6165,CN-202023-5568854,2024-06-15,2024-06-20,标准级,黄芳-12760,黄芳,公司,长春,吉林,中国,东北,技术-设备-10000429,技术,设备,"柯尼卡 电话, 白色",3553.2,9,0.0,1669.5
6166,CN-202023-4326007,2024-12-16,2024-12-19,一级,施奇-11410,施奇,消费者,长沙,湖南,中国,中南,办公用-标签-10001184,办公用品,标签,"Harbour Creations 文件夹标签, 可调",92.82,3,0.0,12.6
6177,US-202023-3351164,2024-11-04,2024-11-09,标准级,严珑-17890,严珑,小型企业,密山,黑龙江,中国,东北,办公用-收纳-10004292,办公用品,收纳具,"Rogers 文件车, 工业",3315.2,5,0.0,928.2
6186,CN-202023-2831197,2024-05-27,2024-06-01,标准级,周诚-11290,周诚,消费者,潍坊,山东,中国,华东,技术-电话-10002323,技术,电话,"诺基亚 充电器, 整包",11874.8,4,0.0,3918.32
6195,US-202023-4736051,2024-10-07,2024-10-09,二级,贾嫒-10030,贾嫒,公司,鸡西,黑龙江,中国,东北,家具-书架-10002612,家具,书架,"Bush 墙角架, 金属",1728.3,3,0.0,380.1
6196,US-202023-4736051,2024-10-07,2024-10-09,二级,贾嫒-10030,贾嫒,公司,鸡西,黑龙江,中国,东北,办公用-标签-10003922,办公用品,标签,"Smead 可去除的标签, 耐用",101.64,2,0.0,38.36
6197,US-202023-4736051,2024-10-07,2024-10-09,二级,贾嫒-10030,贾嫒,公司,鸡西,黑龙江,中国,东北,办公用-系固-10000647,办公用品,系固件,"OIC 订书钉, 金属",374.36,7,0.0,25.48
6198,US-202023-4736051,2024-10-07,2024-10-09,二级,贾嫒-10030,贾嫒,公司,鸡西,黑龙江,中国,东北,技术-配件-10000405,技术,配件,"SanDisk 路由器, 实惠",1196.3,1,0.0,59.78
6199,CN-202023-2211607,2024-05-15,2024-05-20,标准级,陈健-14545,陈健,公司,淡水,广东,中国,中南,办公用-系固-10002483,办公用品,系固件,"Stockwell 回形针, 混合尺寸",52.92,1,0.0,21.56
6200,CN-202023-2211607,2024-05-15,2024-05-20,标准级,陈健-14545,陈健,公司,淡水,广东,中国,中南,家具-椅子-10002286,家具,椅子,"SAFCO 椅垫, 红色",1256.22,5,0.1,153.02
6202,CN-202023-2720607,2024-05-12,2024-05-15,二级,楚杰-14710,楚杰,消费者,徐州,江苏,中国,华东,办公用-美术-10003314,办公用品,美术,"BIC 记号笔, 混合尺寸",55.272,2,0.8,-177.128
6203,CN-202023-2720607,2024-05-12,2024-05-15,二级,楚杰-14710,楚杰,消费者,徐州,江苏,中国,华东,办公用-系固-10002707,办公用品,系固件,"Advantus 按钉, 金属",122.22,3,0.4,-18.48
6204,CN-202023-2720607,2024-05-12,2024-05-15,二级,楚杰-14710,楚杰,消费者,徐州,江苏,中国,华东,办公用-器具-10000979,办公用品,器具,"Cuisinart 搅拌机, 白色",1276.548,7,0.4,-362.012
6205,CN-202023-2720607,2024-05-12,2024-05-15,二级,楚杰-14710,楚杰,消费者,徐州,江苏,中国,华东,办公用-美术-10001497,办公用品,美术,"Sanford 荧光笔, 整包",74.76,5,0.8,-164.64
6206,CN-202023-3245528,2024-04-03,2024-04-08,二级,徐谙-18895,徐谙,消费者,唐山,河北,中国,华北,家具-书架-10004000,家具,书架,"Sauder 墙角架, 金属",3424.4,5,0.0,33.6
6214,US-202023-4651879,2024-04-08,2024-04-12,标准级,余婵-11020,余婵,公司,包头,内蒙古,中国,华北,家具-桌子-10001653,家具,桌子,"Barricks 圆桌, 长方形",1863.232,2,0.6,-2748.368
6215,US-202023-4651879,2024-04-08,2024-04-12,标准级,余婵-11020,余婵,公司,包头,内蒙古,中国,华北,办公用-系固-10001746,办公用品,系固件,"Advantus 回形针, 整包",156.24,4,0.4,-44.8
6222,CN-202023-5340374,2024-12-14,2024-12-18,标准级,陶莞-13315,陶莞颖,消费者,商丘,河南,中国,中南,技术-电话-10000433,技术,电话,"诺基亚 耳机, 蓝色",1023.54,3,0.0,307.02
6223,CN-202023-5340374,2024-12-14,2024-12-18,标准级,陶莞-13315,陶莞颖,消费者,商丘,河南,中国,中南,办公用-信封-10002247,办公用品,信封,"Cameo 搭扣信封, 每套 50 个",177.52,4,0.0,72.24
6224,CN-202023-5340374,2024-12-14,2024-12-18,标准级,陶莞-13315,陶莞颖,消费者,商丘,河南,中国,中南,家具-椅子-10004343,家具,椅子,"Novimex 椅垫, 黑色",905.688,4,0.1,-60.872
6225,US-202023-3351164,2024-11-09,2024-11-11,一级,吕兰-15700,吕兰,消费者,临沂,山东,中国,华东,办公用-收纳-10000480,办公用品,收纳具,"Tenex 锁柜, 蓝色",2858.1,3,0.0,1428.84
6229,CN-202023-4647823,2024-11-17,2024-11-21,标准级,邱明-18280,邱明,公司,武汉,湖北,中国,中南,办公用-信封-10000814,办公用品,信封,"Cameo 商业信封, 红色",478.1,5,0.0,205.1
6231,CN-202023-1007278,2024-10-06,2024-10-08,一级,常盛-20305,常盛,消费者,荔城,广东,中国,中南,办公用-信封-10000372,办公用品,信封,"Jiffy 邮寄品, 银色",923.3,5,0.0,27.3
6232,CN-202023-1007278,2024-10-06,2024-10-08,一级,常盛-20305,常盛,消费者,荔城,广东,中国,中南,办公用-标签-10003121,办公用品,标签,"Avery 有色标签, 红色",183.54,3,0.0,31.08
6237,CN-202023-3900153,2024-08-24,2024-08-27,二级,毛庆-19540,毛庆缘,公司,驻马店,河南,中国,中南,技术-复印-10003535,技术,复印机,"Brother 个人复印机, 彩色",2020.62,3,0.0,727.02
6238,CN-202023-3566090,2024-08-17,2024-08-21,标准级,冯丽-15775,冯丽,消费者,廉洲,广东,中国,中南,技术-复印-10004359,技术,复印机,"夏普 传真机, 彩色",2772.84,2,0.0,526.68
6239,CN-202023-4815290,2024-06-08,2024-06-10,二级,常明-18340,常明媚,消费者,夏镇,山东,中国,华东,家具-椅子-10002168,家具,椅子,"Hon 凳子, 黑色",2257.08,3,0.0,22.26
6240,CN-202023-4815290,2024-06-08,2024-06-10,二级,常明-18340,常明媚,消费者,夏镇,山东,中国,华东,办公用-美术-10003943,办公用品,美术,"BIC 铅笔刀, 混合尺寸",600.88,4,0.0,132.16
6253,CN-202023-4092793,2024-07-25,2024-07-31,标准级,邢德-12160,邢德伟,消费者,绵阳,四川,中国,西南,办公用-器具-10000068,办公用品,器具,"Hamilton Beach 咖啡研磨机, 白色",342.72,3,0.4,11.34
6254,CN-202023-4092793,2024-07-25,2024-07-31,标准级,邢德-12160,邢德伟,消费者,绵阳,四川,中国,西南,家具-用具-10000601,家具,用具,"Advantus 相框, 耐用",560.112,4,0.4,-37.408
6260,US-202023-4736051,2024-08-10,2024-08-14,二级,赖虎-14035,赖虎,公司,哈尔滨,黑龙江,中国,东北,办公用-信封-10002028,办公用品,信封,"Cameo 外皮和封条, 每套 50 个",98.0,1,0.0,8.82
6261,US-202023-4736051,2024-08-10,2024-08-14,二级,赖虎-14035,赖虎,公司,哈尔滨,黑龙江,中国,东北,办公用-用品-10002441,办公用品,用品,"Fiskars 尺子, 蓝色",134.68,2,0.0,7.84
6297,CN-202023-4475873,2024-08-25,2024-08-26,一级,郝壁-10420,郝壁,公司,汕头,广东,中国,中南,办公用-美术-10000636,办公用品,美术,"Binney & Smith 记号笔, 金属",94.64,1,0.2,9.38
6298,CN-202023-4475873,2024-08-25,2024-08-26,一级,郝壁-10420,郝壁,公司,汕头,广东,中国,中南,办公用-用品-10001056,办公用品,用品,"Stiletto 大剪刀, 蓝色",448.84,2,0.0,215.32
6299,CN-202023-4475873,2024-08-25,2024-08-26,一级,郝壁-10420,郝壁,公司,汕头,广东,中国,中南,家具-椅子-10004961,家具,椅子,"Office Star 椅垫, 可调",1147.608,4,0.1,471.688
6308,CN-202023-3964185,2024-05-12,2024-05-19,标准级,唐婉-21385,唐婉,小型企业,上海,上海,中国,华东,技术-设备-10003833,技术,设备,"柯尼卡 卡片打印机, 耐用",4090.1,5,0.0,245.0
6311,CN-202023-4161431,2024-11-05,2024-11-09,标准级,陈宣-20815,陈宣,公司,上海,上海,中国,华东,办公用-美术-10003886,办公用品,美术,"Stanley 钢笔, 整包",385.28,8,0.0,41.44
6312,CN-202023-4161431,2024-11-05,2024-11-09,标准级,陈宣-20815,陈宣,公司,上海,上海,中国,华东,家具-椅子-10004186,家具,椅子,"Novimex 凳子, 可调",1558.2,2,0.0,701.12
6313,CN-202023-4161431,2024-11-05,2024-11-09,标准级,陈宣-20815,陈宣,公司,上海,上海,中国,华东,办公用-器具-10003382,办公用品,器具,"Breville 烤面包机, 银色",722.96,2,0.0,144.48
6314,CN-202023-5950580,2024-06-03,2024-06-09,标准级,郝立-16570,郝立勤,消费者,东莞,广东,中国,中南,家具-用具-10004607,家具,用具,"Deflect-O 框架, 一包多件",2569.0,5,0.0,436.1
6321,CN-202023-3857264,2024-09-28,2024-10-01,一级,涂德-12235,涂德伟,消费者,辽源,吉林,中国,东北,技术-设备-10003033,技术,设备,"StarTech 喷墨打印机, 耐用",5635.28,4,0.0,2028.32
6335,CN-202023-5908054,2024-05-06,2024-05-12,标准级,谢斯-20950,谢斯云,公司,宁海,山东,中国,华东,办公用-器具-10004844,办公用品,器具,"KitchenAid 炉灶, 银色",15985.2,6,0.0,2556.96
6338,CN-202023-4159546,2024-12-30,2025-01-04,标准级,常刚-13090,常刚,消费者,兰州,甘肃,中国,西北,技术-电话-10003432,技术,电话,"三星 音频基座, 蓝色",934.248,2,0.4,-389.312
6339,CN-202023-4159546,2024-12-30,2025-01-04,标准级,常刚-13090,常刚,消费者,兰州,甘肃,中国,西北,办公用-用品-10002106,办公用品,用品,"Stiletto 修剪器, 钢",472.08,4,0.4,-283.36
6340,CN-202023-4159546,2024-12-30,2025-01-04,标准级,常刚-13090,常刚,消费者,兰州,甘肃,中国,西北,技术-复印-10000308,技术,复印机,"夏普 墨水, 红色",343.308,1,0.4,-171.752
6345,US-202023-2862018,2024-11-11,2024-11-15,标准级,戴立-16885,戴立,消费者,宜昌,湖北,中国,中南,技术-复印-10001927,技术,复印机,"夏普 墨水, 数字化",694.68,2,0.4,-254.8
6350,CN-202023-1797152,2024-02-11,2024-02-14,二级,徐安-10150,徐安,消费者,宜宾,四川,中国,西南,办公用-收纳-10001253,办公用品,收纳具,"Eldon 锁柜, 金属",6434.68,7,0.0,514.5
6356,CN-202023-1307220,2024-06-05,2024-06-11,标准级,段杰-14800,段杰,公司,日照,山东,中国,华东,技术-复印-10004166,技术,复印机,"惠普 传真复印机, 红色",2395.26,3,0.0,694.26
6363,CN-202023-5300830,2024-10-24,2024-10-27,二级,宋立-16840,宋立,消费者,沈阳,辽宁,中国,东北,办公用-用品-10003186,办公用品,用品,"Kleencut 尺子, 钢",217.728,6,0.4,-36.792
6364,CN-202023-5300830,2024-10-24,2024-10-27,二级,宋立-16840,宋立,消费者,沈阳,辽宁,中国,东北,办公用-信封-10001989,办公用品,信封,"Jiffy 外皮和封条, 回收",87.78,1,0.0,8.68
6365,CN-202023-5300830,2024-10-24,2024-10-27,二级,宋立-16840,宋立,消费者,沈阳,辽宁,中国,东北,家具-椅子-10000128,家具,椅子,"Novimex 沙滩椅, 可调",135.66,1,0.4,-85.96
6368,CN-202023-4261740,2024-08-08,2024-08-13,标准级,曹鹏-19090,曹鹏,消费者,晋江,海南,中国,中南,技术-配件-10003902,技术,配件,"Memorex 闪存驱动器, 可编程",288.4,2,0.0,98.0
6375,CN-202023-5359666,2024-06-22,2024-06-27,标准级,唐安-10240,唐安,消费者,天津,天津,中国,华北,家具-书架-10000631,家具,书架,"Dania 古典书架, 金属",3828.72,2,0.0,421.12
6378,CN-202023-4713954,2024-10-31,2024-11-04,标准级,万虹-13900,万虹,消费者,贵溪,江西,中国,华东,技术-电话-10004015,技术,电话,"思科 充电器, 全尺寸",3045.84,1,0.0,335.02
6380,CN-202023-1344410,2024-10-20,2024-10-27,标准级,孟珊-19885,孟珊,公司,唐山,河北,中国,华北,技术-复印-10004582,技术,复印机,"夏普 复印机, 红色",6652.8,6,0.0,0.0
6381,CN-202023-1344410,2024-10-20,2024-10-27,标准级,孟珊-19885,孟珊,公司,唐山,河北,中国,华北,办公用-用品-10003154,办公用品,用品,"Acme 剪刀, 蓝色",237.44,2,0.0,26.04
6382,US-202023-3988119,2024-09-29,2024-10-03,标准级,刘明-18295,刘明,公司,宜昌,湖北,中国,中南,办公用-系固-10001943,办公用品,系固件,"Stockwell 夹子, 每包 12 个",156.744,3,0.4,-31.416
6383,US-202023-3988119,2024-09-29,2024-10-03,标准级,刘明-18295,刘明,公司,宜昌,湖北,中国,中南,办公用-美术-10002247,办公用品,美术,"BIC 记号笔, 整包",24.92,1,0.8,-61.18
6386,CN-202023-4214931,2024-11-04,2024-11-10,标准级,金诚-11260,金诚,消费者,抚顺,辽宁,中国,东北,技术-复印-10001141,技术,复印机,"Brother 传真复印机, 每套两件",4289.376,8,0.4,-1073.184
6387,CN-202023-4214931,2024-11-04,2024-11-10,标准级,金诚-11260,金诚,消费者,抚顺,辽宁,中国,东北,办公用-信封-10002675,办公用品,信封,"Ames 邮寄品, 银色",1249.5,7,0.0,524.3
6388,CN-202023-4214931,2024-11-04,2024-11-10,标准级,金诚-11260,金诚,消费者,抚顺,辽宁,中国,东北,技术-复印-10004359,技术,复印机,"夏普 传真机, 彩色",2495.556,3,0.4,-873.684
6390,CN-202023-2810282,2024-09-03,2024-09-08,二级,戴武-21910,戴武,消费者,宁海,山东,中国,华东,办公用-纸张-10001319,办公用品,纸张,"Eaton 令, 回收",246.96,2,0.0,113.4
6391,CN-202023-2810282,2024-09-03,2024-09-08,二级,戴武-21910,戴武,消费者,宁海,山东,中国,华东,办公用-标签-10004317,办公用品,标签,"Novimex 圆形标签, 耐用",124.32,4,0.0,45.92
6392,CN-202023-2810282,2024-09-03,2024-09-08,二级,戴武-21910,戴武,消费者,宁海,山东,中国,华东,技术-复印-10000413,技术,复印机,"Hewlett 传真复印机, 红色",3566.64,4,0.0,356.16
6393,US-202023-2477297,2024-03-09,2024-03-14,标准级,陈翠-11755,陈翠,消费者,上海,上海,中国,华东,家具-书架-10004173,家具,书架,"Bush 搁架, 金属",9560.88,12,0.0,4779.6
6394,US-202023-2477297,2024-03-09,2024-03-14,标准级,陈翠-11755,陈翠,消费者,上海,上海,中国,华东,家具-椅子-10003748,家具,椅子,"Harbour Creations 折叠椅, 红色",2740.92,6,0.0,1150.8
6395,CN-202023-2911207,2024-10-23,2024-10-28,标准级,常盛-20305,常盛,消费者,南昌,江西,中国,华东,办公用-纸张-10004573,办公用品,纸张,"Enermax 信纸, 多色",905.52,4,0.0,35.84
6399,CN-202023-2306215,2024-07-17,2024-07-21,二级,徐虹-13840,徐虹,公司,抚顺,辽宁,中国,东北,办公用-装订-10001736,办公用品,装订机,"Cardinal 标签, 回收",149.352,7,0.4,24.892
6400,US-202023-5495957,2024-06-02,2024-06-06,标准级,毛刚-13165,毛刚,消费者,启东,江苏,中国,华东,家具-用具-10003344,家具,用具,"Advantus 闹钟, 耐用",677.88,5,0.4,-68.32
6401,US-202023-5495957,2024-06-02,2024-06-06,标准级,毛刚-13165,毛刚,消费者,启东,江苏,中国,华东,家具-椅子-10000374,家具,椅子,"Harbour Creations 椅垫, 可调",1042.86,5,0.4,104.16
6402,US-202023-5495957,2024-06-02,2024-06-06,标准级,毛刚-13165,毛刚,消费者,启东,江苏,中国,华东,办公用-纸张-10001831,办公用品,纸张,"SanDisk 令, 优质",417.06,3,0.0,116.76
6405,CN-202023-3182727,2024-04-20,2024-04-20,当日,薛婷-21070,薛婷,消费者,吉林市,吉林,中国,东北,办公用-装订-10000287,办公用品,装订机,"Wilson Jones 孔加固材料, 实惠",42.28,2,0.0,10.08
6406,CN-202023-3182727,2024-04-20,2024-04-20,当日,薛婷-21070,薛婷,消费者,吉林市,吉林,中国,东北,家具-书架-10001766,家具,书架,"Bush 书库, 黑色",5119.38,3,0.0,2149.98
6407,CN-202023-5146329,2024-07-21,2024-07-23,一级,林关-15625,林关茵,消费者,邓州,河南,中国,中南,技术-复印-10001211,技术,复印机,"夏普 墨水, 彩色",3523.8,6,0.0,1268.4
6409,CN-202023-2444005,2024-10-09,2024-10-10,一级,林丹-11980,林丹,消费者,东胜,内蒙古,中国,华北,办公用-标签-10000069,办公用品,标签,"Novimex 文件夹标签, 红色",75.32,2,0.0,31.36
6410,CN-202023-2444005,2024-10-09,2024-10-10,一级,林丹-11980,林丹,消费者,东胜,内蒙古,中国,华北,办公用-纸张-10002857,办公用品,纸张,"SanDisk 令, 多色",1019.2,7,0.0,438.06
6411,CN-202023-2444005,2024-10-09,2024-10-10,一级,林丹-11980,林丹,消费者,东胜,内蒙古,中国,华北,技术-设备-10003635,技术,设备,"StarTech 打印机, 耐用",2152.836,3,0.4,-1148.364
6412,CN-202023-2444005,2024-10-09,2024-10-10,一级,林丹-11980,林丹,消费者,东胜,内蒙古,中国,华北,家具-桌子-10002272,家具,桌子,"Barricks 培训桌, 黑色",2376.64,4,0.6,-3386.88
6413,CN-202023-4497265,2024-12-07,2024-12-10,二级,邢柏-18970,邢柏,小型企业,自贡,四川,中国,西南,技术-电话-10004899,技术,电话,"苹果 智能手机, 混合尺寸",1412.88,4,0.4,-565.6
6414,CN-202023-4497265,2024-12-07,2024-12-10,二级,邢柏-18970,邢柏,小型企业,自贡,四川,中国,西南,技术-设备-10000554,技术,设备,"爱普生 卡片打印机, 红色",4678.8,10,0.4,701.4
6417,CN-202023-4597424,2024-08-05,2024-08-08,二级,巩嘉-14500,巩嘉丽,消费者,成都,四川,中国,西南,家具-椅子-10001287,家具,椅子,"Hon 摇椅, 黑色",1076.796,3,0.4,-502.824
6418,CN-202023-4597424,2024-08-05,2024-08-08,二级,巩嘉-14500,巩嘉丽,消费者,成都,四川,中国,西南,家具-书架-10004927,家具,书架,"Bush 书架, 金属",3098.844,9,0.4,257.544
6419,CN-202023-4597424,2024-08-05,2024-08-08,二级,巩嘉-14500,巩嘉丽,消费者,成都,四川,中国,西南,办公用-美术-10000951,办公用品,美术,"Sanford 钢笔, 整包",31.836,3,0.8,-108.444
6420,CN-202023-4597424,2024-08-05,2024-08-08,二级,巩嘉-14500,巩嘉丽,消费者,成都,四川,中国,西南,家具-桌子-10002607,家具,桌子,"Bevis 木桌, 黑色",996.072,1,0.6,-1145.508
6428,CN-202023-2883758,2024-05-12,2024-05-17,标准级,顾君-15220,顾君,公司,汕头,广东,中国,中南,家具-椅子-10003144,家具,椅子,"Harbour Creations 扶手椅, 黑色",5936.868,3,0.1,1978.788
6429,CN-202023-2883758,2024-05-12,2024-05-17,标准级,顾君-15220,顾君,公司,汕头,广东,中国,中南,家具-书架-10000557,家具,书架,"Sauder 搁架, 金属",4527.6,5,0.0,633.5
6430,CN-202023-2883758,2024-05-12,2024-05-17,标准级,顾君-15220,顾君,公司,汕头,广东,中国,中南,办公用-标签-10000574,办公用品,标签,"Harbour Creations 运输标签, 红色",105.28,2,0.0,21.0
6431,CN-202023-2883758,2024-05-12,2024-05-17,标准级,顾君-15220,顾君,公司,汕头,广东,中国,中南,办公用-纸张-10004938,办公用品,纸张,"SanDisk 信纸, 回收",676.62,3,0.0,67.62
6432,US-202023-5353587,2024-06-02,2024-06-06,标准级,叶立-16615,叶立勤,公司,太原,山西,中国,华北,办公用-信封-10003369,办公用品,信封,"GlobeWeis 局间信封, 回收",870.24,4,0.0,304.08
6433,US-202023-5353587,2024-06-02,2024-06-06,标准级,叶立-16615,叶立勤,公司,太原,山西,中国,华北,办公用-美术-10001370,办公用品,美术,"Stanley 记号笔, 金属",328.44,3,0.0,6.3
6434,US-202023-5353587,2024-06-02,2024-06-06,标准级,叶立-16615,叶立勤,公司,太原,山西,中国,华北,技术-电话-10004636,技术,电话,"摩托罗拉 音频基座, 全尺寸",3260.32,4,0.0,1043.28
6435,US-202023-5353587,2024-06-02,2024-06-06,标准级,叶立-16615,叶立勤,公司,太原,山西,中国,华北,办公用-系固-10003701,办公用品,系固件,"Stockwell 图钉, 混合尺寸",197.68,4,0.0,15.68
6446,CN-202023-2306215,2024-06-29,2024-07-03,标准级,郝柏-18940,郝柏,消费者,太原,山西,中国,华北,家具-椅子-10001287,家具,椅子,"Hon 摇椅, 黑色",1196.44,2,0.0,143.36
6448,CN-202023-1637441,2024-11-25,2024-11-27,二级,邱德-12055,邱德,小型企业,滁州,安徽,中国,华东,办公用-系固-10003150,办公用品,系固件,"Advantus 夹子, 每包 12 个",174.72,2,0.0,15.68
6449,CN-202023-1637441,2024-11-25,2024-11-27,二级,邱德-12055,邱德,小型企业,滁州,安徽,中国,华东,技术-复印-10000308,技术,复印机,"夏普 墨水, 红色",1144.36,2,0.0,114.24
6457,CN-202023-1574908,2024-01-29,2024-02-05,标准级,彭琼-19645,彭琼,公司,邯郸,河北,中国,华北,家具-书架-10003011,家具,书架,"Sauder 书架, 黑色",2765.84,4,0.0,1244.32
6458,CN-202023-2560726,2024-12-21,2024-12-25,标准级,苏婵-10855,苏婵娟,消费者,吉林市,吉林,中国,东北,办公用-系固-10001342,办公用品,系固件,"Stockwell 按钉, 整包",326.2,5,0.0,149.8
6459,CN-202023-2560726,2024-12-21,2024-12-25,标准级,苏婵-10855,苏婵娟,消费者,吉林市,吉林,中国,东北,办公用-纸张-10002247,办公用品,纸张,"施乐 令, 每包 12 个",426.72,3,0.0,119.28
6460,CN-202023-2560726,2024-12-21,2024-12-25,标准级,苏婵-10855,苏婵娟,消费者,吉林市,吉林,中国,东北,家具-书架-10003100,家具,书架,"宜家 墙角架, 传统",1148.56,2,0.0,413.28
6461,CN-202023-2560726,2024-12-21,2024-12-25,标准级,苏婵-10855,苏婵娟,消费者,吉林市,吉林,中国,东北,技术-电话-10002846,技术,电话,"三星 音频基座, 混合尺寸",2375.52,3,0.0,973.56
6462,CN-202023-2560726,2024-12-21,2024-12-25,标准级,苏婵-10855,苏婵娟,消费者,吉林市,吉林,中国,东北,办公用-标签-10002109,办公用品,标签,"Harbour Creations 合法证物标签, 耐用",105.84,2,0.0,1.96
6464,CN-202023-5598912,2024-08-20,2024-08-24,标准级,马惠-14335,马惠英,公司,天津,天津,中国,华北,家具-书架-10004330,家具,书架,"Safco 书架, 黑色",3507.7,5,0.0,210.0
6465,CN-202023-5360498,2024-05-22,2024-05-26,标准级,徐健-14590,徐健,公司,山城,山东,中国,华东,家具-书架-10002576,家具,书架,"Sauder 古典书架, 传统",8138.48,4,0.0,2034.48
6466,CN-202023-5533473,2024-01-15,2024-01-20,二级,贾君-15160,贾君,消费者,重庆,重庆,中国,西南,技术-电话-10002053,技术,电话,"思科 耳机, 全尺寸",2093.7,5,0.0,753.2
6467,CN-202023-5533473,2024-01-15,2024-01-20,二级,贾君-15160,贾君,消费者,重庆,重庆,中国,西南,办公用-用品-10002717,办公用品,用品,"Fiskars 剪刀, 蓝色",756.56,7,0.0,90.16
6468,CN-202023-5533473,2024-01-15,2024-01-20,二级,贾君-15160,贾君,消费者,重庆,重庆,中国,西南,家具-用具-10002670,家具,用具,"Tenex 门挡, 黑色",614.46,3,0.0,300.72
6480,CN-202023-5510381,2024-06-26,2024-07-02,标准级,方惠-14350,方惠,消费者,遵义,贵州,中国,西南,办公用-装订-10003061,办公用品,装订机,"Wilson Jones 订书机, 回收",1150.8,5,0.0,68.6
6481,CN-202023-5510381,2024-06-26,2024-07-02,标准级,方惠-14350,方惠,消费者,遵义,贵州,中国,西南,办公用-器具-10003069,办公用品,器具,"KitchenAid 咖啡研磨机, 银色",1661.8,5,0.0,232.4
6487,US-202023-3108610,2024-03-20,2024-03-26,标准级,孙荷-13750,孙荷,公司,温州,浙江,中国,华东,办公用-用品-10000032,办公用品,用品,"Acme 美工刀, 工业",551.88,5,0.4,-220.92
6488,US-202023-3108610,2024-03-20,2024-03-26,标准级,孙荷-13750,孙荷,公司,温州,浙江,中国,华东,家具-书架-10002501,家具,书架,"Sauder 搁架, 白色",1655.64,3,0.4,-524.58
6502,CN-202023-2310505,2024-07-10,2024-07-16,标准级,邱博-10495,邱博,公司,渭南,陕西,中国,西北,技术-设备-10002515,技术,设备,"柯尼卡 收据打印机, 白色",1126.16,2,0.0,168.84
6508,CN-202023-5378913,2024-11-01,2024-11-07,标准级,夏芯-13960,夏芯,消费者,梧州,广西,中国,中南,办公用-标签-10001570,办公用品,标签,"Hon 运输标签, 可调",173.04,4,0.0,1.68
6509,CN-202023-5378913,2024-11-01,2024-11-07,标准级,夏芯-13960,夏芯,消费者,梧州,广西,中国,中南,家具-桌子-10002211,家具,桌子,"Barricks 电脑桌, 白色",5040.315,3,0.25,-403.305
6510,CN-202023-2575295,2024-10-24,2024-10-30,标准级,赵强-19315,赵强,消费者,绍兴,浙江,中国,华东,办公用-收纳-10004170,办公用品,收纳具,"Smead 文件夹, 工业",251.58,3,0.0,12.18
6511,CN-202023-2575295,2024-10-24,2024-10-30,标准级,赵强-19315,赵强,消费者,绍兴,浙江,中国,华东,办公用-用品-10004755,办公用品,用品,"Stiletto 剪刀, 工业",141.288,2,0.4,13.888
6512,CN-202023-2575295,2024-10-24,2024-10-30,标准级,赵强-19315,赵强,消费者,绍兴,浙江,中国,华东,办公用-用品-10001176,办公用品,用品,"Stiletto 美工刀, 蓝色",100.716,1,0.4,-58.884
6513,US-202023-4595101,2024-04-23,2024-04-28,标准级,段强-19420,段强,公司,宜昌,湖北,中国,中南,办公用-装订-10004589,办公用品,装订机,"Avery 孔加固材料, 耐用",49.644,3,0.4,-31.836
6514,US-202023-4595101,2024-04-23,2024-04-28,标准级,段强-19420,段强,公司,宜昌,湖北,中国,中南,家具-书架-10003692,家具,书架,"Safco 柜, 金属",942.48,2,0.4,-267.12
6515,US-202023-4595101,2024-04-23,2024-04-28,标准级,段强-19420,段强,公司,宜昌,湖北,中国,中南,办公用-用品-10000960,办公用品,用品,"Fiskars 开信刀, 锯齿状",137.928,2,0.4,-23.072
6516,US-202023-4595101,2024-04-23,2024-04-28,标准级,段强-19420,段强,公司,宜昌,湖北,中国,中南,技术-设备-10004664,技术,设备,"柯尼卡 计算器, 多色",1156.512,8,0.4,-751.968
6517,US-202023-4595101,2024-04-23,2024-04-28,标准级,段强-19420,段强,公司,宜昌,湖北,中国,中南,技术-复印-10004535,技术,复印机,"佳能 墨水, 彩色",1248.156,3,0.4,-645.204
6518,US-202023-4595101,2024-04-23,2024-04-28,标准级,段强-19420,段强,公司,宜昌,湖北,中国,中南,办公用-美术-10003462,办公用品,美术,"Sanford 荧光笔, 混合尺寸",88.34,5,0.8,-265.16
6522,CN-202023-3211633,2024-01-24,2024-01-31,标准级,李黎-16375,李黎明,小型企业,前郭,吉林,中国,东北,技术-复印-10002045,技术,复印机,"Hewlett 传真机, 数字化",2982.56,2,0.0,775.32
6523,CN-202023-3211633,2024-01-24,2024-01-31,标准级,李黎-16375,李黎明,小型企业,前郭,吉林,中国,东北,办公用-用品-10002091,办公用品,用品,"Fiskars 美工刀, 工业",346.64,2,0.0,41.44
6524,CN-202023-3211633,2024-01-24,2024-01-31,标准级,李黎-16375,李黎明,小型企业,前郭,吉林,中国,东北,技术-配件-10000166,技术,配件,"罗技 鼠标, 可编程",574.56,4,0.0,206.64
6534,US-202023-1346492,2024-10-16,2024-10-16,当日,唐爽-20560,唐爽,小型企业,台城,广东,中国,中南,办公用-系固-10001342,办公用品,系固件,"Stockwell 按钉, 整包",260.96,4,0.0,119.84
6542,CN-202023-4502739,2024-06-13,2024-06-16,一级,白婵-10975,白婵,公司,厦门,福建,中国,华东,家具-用具-10002431,家具,用具,"Rubvermaid 灯泡, 一包多件",176.4,2,0.0,82.88
6543,CN-202023-4502739,2024-06-13,2024-06-16,一级,白婵-10975,白婵,公司,厦门,福建,中国,华东,家具-椅子-10000908,家具,椅子,"Office Star 凳子, 每套两件",4111.1,5,0.0,328.3
6549,CN-202023-2560726,2024-07-07,2024-07-11,标准级,彭丽-16255,彭丽美,公司,钦州,广西,中国,中南,家具-椅子-10000374,家具,椅子,"Harbour Creations 椅垫, 可调",312.858,1,0.1,125.118
6550,US-202023-1933544,2024-06-18,2024-06-20,二级,邱明-18280,邱明,公司,沈阳,辽宁,中国,东北,办公用-器具-10000575,办公用品,器具,"Cuisinart 搅拌机, 红色",375.144,2,0.4,-175.336
6554,CN-202023-3261036,2024-05-27,2024-05-31,二级,郝婷-21055,郝婷,消费者,洛阳,河南,中国,中南,办公用-用品-10001427,办公用品,用品,"Elite 大剪刀, 蓝色",438.76,2,0.0,162.12
6560,CN-202023-3415334,2024-11-26,2024-12-02,标准级,柯婵-10930,柯婵,小型企业,合川,重庆,中国,西南,办公用-器具-10002966,办公用品,器具,"Cuisinart 冰箱, 红色",6945.12,3,0.0,2777.88
6564,CN-202023-1501002,2024-08-10,2024-08-12,二级,廖宣-20905,廖宣,消费者,睢城,江苏,中国,华东,办公用-美术-10002159,办公用品,美术,"BIC 钢笔, 金属",14.504,1,0.8,-23.296
6567,CN-202023-3768437,2024-04-30,2024-05-05,二级,唐忠-11545,唐忠,公司,北京,北京,中国,华北,家具-用具-10004193,家具,用具,"Rubvermaid 分层置放架, 耐用",310.38,3,0.0,136.5
6568,CN-202023-3768437,2024-04-30,2024-05-05,二级,唐忠-11545,唐忠,公司,北京,北京,中国,华北,家具-用具-10004946,家具,用具,"Eldon 框架, 黑色",2712.5,5,0.0,1247.4
6569,CN-202023-3768437,2024-04-30,2024-05-05,二级,唐忠-11545,唐忠,公司,北京,北京,中国,华北,家具-用具-10002267,家具,用具,"Advantus 分层置放架, 优质",816.34,7,0.0,399.84
6570,CN-202023-3768437,2024-04-30,2024-05-05,二级,唐忠-11545,唐忠,公司,北京,北京,中国,华北,办公用-收纳-10003464,办公用品,收纳具,"Rogers 盘, 金属",850.5,3,0.0,365.4
6571,CN-202023-5504068,2024-05-07,2024-05-12,标准级,佘平-19165,佘平,消费者,开封,河南,中国,中南,办公用-标签-10004030,办公用品,标签,"Harbour Creations 可去除的标签, 红色",94.92,2,0.0,19.88
6572,CN-202023-5504068,2024-05-07,2024-05-12,标准级,佘平-19165,佘平,消费者,开封,河南,中国,中南,办公用-收纳-10003407,办公用品,收纳具,"Tenex 盒, 金属",653.94,9,0.0,209.16
6573,CN-202023-5504068,2024-05-07,2024-05-12,标准级,佘平-19165,佘平,消费者,开封,河南,中国,中南,办公用-收纳-10003204,办公用品,收纳具,"Tenex 盒, 单宽度",385.7,5,0.0,180.6
6574,CN-202023-5504068,2024-05-07,2024-05-12,标准级,佘平-19165,佘平,消费者,开封,河南,中国,中南,办公用-标签-10001520,办公用品,标签,"Hon 可去除的标签, 白色",287.28,6,0.0,10.92
6575,CN-202023-2328434,2024-11-24,2024-11-28,二级,戴壁-10480,戴壁,消费者,常州,江苏,中国,华东,家具-椅子-10002448,家具,椅子,"SAFCO 折叠椅, 红色",1199.94,5,0.4,-440.16
6576,CN-202023-1086295,2024-01-09,2024-01-13,标准级,徐安-10150,徐安,消费者,宿州,安徽,中国,华东,办公用-用品-10002349,办公用品,用品,"Kleencut 剪刀, 钢",506.1,5,0.0,45.5
6577,CN-202023-4833083,2024-06-26,2024-07-01,标准级,钱涛-21145,钱涛,公司,新泰,山东,中国,华东,技术-电话-10004122,技术,电话,"诺基亚 耳机, 混合尺寸",1063.44,3,0.0,244.44
6578,CN-202023-4833083,2024-06-26,2024-07-01,标准级,钱涛-21145,钱涛,公司,新泰,山东,中国,华东,办公用-用品-10002903,办公用品,用品,"Elite 大剪刀, 锯齿状",407.96,2,0.0,142.52
6583,CN-202023-1726701,2024-07-08,2024-07-13,标准级,秦刚-13075,秦刚,公司,梅河口,吉林,中国,东北,办公用-收纳-10003204,办公用品,收纳具,"Tenex 盒, 单宽度",385.7,5,0.0,180.6
6588,CN-202023-4020885,2024-08-04,2024-08-08,标准级,洪辉-12580,洪辉,小型企业,南充,四川,中国,西南,办公用-收纳-10001573,办公用品,收纳具,"Smead 盘, 蓝色",452.48,2,0.0,212.52
6589,CN-202023-1958951,2024-11-14,2024-11-20,标准级,邹雯-21820,邹雯,消费者,邵武,福建,中国,华东,技术-设备-10002867,技术,设备,"爱普生 收据打印机, 红色",1065.68,2,0.0,223.72
6590,US-202023-3405401,2024-03-24,2024-03-26,二级,贺立-16780,贺立,公司,益阳,湖南,中国,中南,家具-用具-10001977,家具,用具,"Eldon 框架, 优质",1608.18,3,0.0,739.62
6592,CN-202023-4188418,2024-04-01,2024-04-05,二级,潘彩-10690,潘彩,公司,桓仁,辽宁,中国,东北,家具-用具-10003459,家具,用具,"Rubvermaid 框架, 优质",1822.968,6,0.4,-1033.032
6593,CN-202023-2594036,2024-09-19,2024-09-23,二级,袁敬-14980,袁敬,消费者,昌黎,河北,中国,华北,家具-书架-10000835,家具,书架,"Dania 搁架, 金属",6302.24,8,0.0,756.0
6594,US-202023-5128542,2024-02-07,2024-02-13,标准级,赖虎-14035,赖虎,公司,武汉,湖北,中国,中南,技术-电话-10003002,技术,电话,"诺基亚 音频基座, 蓝色",2334.36,5,0.4,-117.04
6595,US-202023-5128542,2024-02-07,2024-02-13,标准级,赖虎-14035,赖虎,公司,武汉,湖北,中国,中南,办公用-收纳-10002196,办公用品,收纳具,"Fellowes 文件车, 单宽度",3845.52,6,0.0,461.16
6612,US-202023-3772912,2024-09-08,2024-09-12,标准级,邵鹏-19075,邵鹏,消费者,深圳,广东,中国,中南,家具-用具-10004488,家具,用具,"Eldon 灯泡, 一包多件",235.76,2,0.0,49.28
6613,US-202023-3772912,2024-09-08,2024-09-12,标准级,邵鹏-19075,邵鹏,消费者,深圳,广东,中国,中南,办公用-系固-10002631,办公用品,系固件,"Stockwell 橡皮筋, 金属",227.64,3,0.0,102.06
6614,US-202023-3772912,2024-09-08,2024-09-12,标准级,邵鹏-19075,邵鹏,消费者,深圳,广东,中国,中南,办公用-标签-10004959,办公用品,标签,"Smead 合法证物标签, 可调",84.0,2,0.0,16.8
6619,CN-202023-5266113,2024-12-21,2024-12-27,标准级,顾升-20125,顾升,小型企业,永川,重庆,中国,西南,办公用-装订-10003504,办公用品,装订机,"Ibico 装订机, 耐用",158.48,2,0.0,55.44
6622,CN-202023-5586841,2024-12-07,2024-12-14,标准级,冯莲-16945,冯莲,公司,武汉,湖北,中国,中南,办公用-纸张-10003967,办公用品,纸张,"Green Bar 羊皮纸, 多色",337.68,4,0.0,16.8
6623,CN-202023-5586841,2024-12-07,2024-12-14,标准级,冯莲-16945,冯莲,公司,武汉,湖北,中国,中南,办公用-器具-10002516,办公用品,器具,"KitchenAid 搅拌机, 银色",557.76,2,0.4,-241.92
6624,CN-202023-5586841,2024-12-07,2024-12-14,标准级,冯莲-16945,冯莲,公司,武汉,湖北,中国,中南,办公用-系固-10003317,办公用品,系固件,"Accos 夹子, 金属",491.4,9,0.4,81.9
6625,CN-202023-2828219,2024-06-13,2024-06-17,标准级,白松-20740,白松,小型企业,巨野,山东,中国,华东,办公用-系固-10003146,办公用品,系固件,"Advantus 夹子, 整包",270.06,3,0.0,134.82
6628,CN-202023-4537572,2024-05-14,2024-05-16,二级,潘涛-21205,潘涛,公司,钦州,广西,中国,中南,家具-椅子-10001896,家具,椅子,"Office Star 椅垫, 黑色",798.714,3,0.1,248.094
6629,CN-202023-4537572,2024-05-14,2024-05-16,二级,潘涛-21205,潘涛,公司,钦州,广西,中国,中南,办公用-系固-10000554,办公用品,系固件,"Stockwell 橡皮筋, 每包 12 个",297.92,4,0.0,11.76
6630,CN-202023-4537572,2024-05-14,2024-05-16,二级,潘涛-21205,潘涛,公司,钦州,广西,中国,中南,技术-配件-10003981,技术,配件,"Memorex 记忆卡, 可编程",2421.3,5,0.0,944.3
6631,CN-202023-3874208,2024-06-08,2024-06-12,二级,薛博-10510,薛博,消费者,岳阳,湖南,中国,中南,办公用-系固-10000170,办公用品,系固件,"Stockwell 图钉, 混合尺寸",153.72,3,0.0,28.98
6632,CN-202023-3874208,2024-06-08,2024-06-12,二级,薛博-10510,薛博,消费者,岳阳,湖南,中国,中南,办公用-系固-10004619,办公用品,系固件,"Stockwell 订书钉, 金属",101.92,2,0.0,5.88
6648,US-202023-1172542,2024-08-27,2024-09-02,标准级,施奇-11410,施奇,消费者,莱阳,山东,中国,华东,办公用-系固-10004142,办公用品,系固件,"Accos 按钉, 整包",135.52,2,0.0,26.88
6649,US-202023-1172542,2024-08-27,2024-09-02,标准级,施奇-11410,施奇,消费者,莱阳,山东,中国,华东,办公用-美术-10004988,办公用品,美术,"Stanley 铅笔刀, 混合尺寸",652.4,5,0.0,71.4
6650,US-202023-1172542,2024-08-27,2024-09-02,标准级,施奇-11410,施奇,消费者,莱阳,山东,中国,华东,办公用-收纳-10001478,办公用品,收纳具,"Fellowes 锁柜, 工业",9697.8,10,0.0,4653.6
6660,CN-202023-1150523,2024-08-07,2024-08-11,二级,钱伟-21430,钱伟,公司,肇庆,广东,中国,中南,家具-书架-10000111,家具,书架,"Bush 书架, 传统",1729.14,3,0.0,795.06
6661,CN-202023-1150523,2024-08-07,2024-08-11,二级,钱伟-21430,钱伟,公司,肇庆,广东,中国,中南,办公用-系固-10000081,办公用品,系固件,"Stockwell 订书钉, 混合尺寸",220.08,6,0.0,74.76
6663,CN-202023-1743738,2024-05-21,2024-05-27,标准级,马盛-20365,马盛,消费者,哈尔滨,黑龙江,中国,东北,办公用-装订-10000416,办公用品,装订机,"Acco 订书机, 耐用",1227.1,5,0.0,331.1
6664,CN-202023-1743738,2024-05-21,2024-05-27,标准级,马盛-20365,马盛,消费者,哈尔滨,黑龙江,中国,东北,办公用-美术-10000948,办公用品,美术,"Boston 速写本, 整包",1824.48,10,0.2,182.28
6666,CN-202023-4505574,2024-02-24,2024-02-28,标准级,邹雯-21820,邹雯,消费者,海口,海南,中国,中南,家具-书架-10002334,家具,书架,"宜家 古典书架, 金属",7675.92,4,0.0,537.04
6669,CN-202023-4820840,2024-06-13,2024-06-17,标准级,秦君-15175,秦君,小型企业,林口,黑龙江,中国,东北,办公用-器具-10000068,办公用品,器具,"Hamilton Beach 咖啡研磨机, 白色",1142.4,6,0.0,479.64
6670,CN-202023-4820840,2024-06-13,2024-06-17,标准级,秦君-15175,秦君,小型企业,林口,黑龙江,中国,东北,技术-设备-10000768,技术,设备,"冲电器 收据打印机, 耐用",1722.42,3,0.0,602.7
6671,CN-202023-3636322,2024-06-23,2024-06-25,二级,廖宣-20905,廖宣,消费者,南宁,广西,中国,中南,办公用-标签-10002535,办公用品,标签,"Hon 可去除的标签, 耐用",99.4,2,0.0,19.88
6672,CN-202023-3636322,2024-06-23,2024-06-25,二级,廖宣-20905,廖宣,消费者,南宁,广西,中国,中南,办公用-用品-10003154,办公用品,用品,"Acme 剪刀, 蓝色",712.32,6,0.0,78.12
6687,CN-202023-2292031,2024-09-25,2024-09-30,标准级,刘斯-20965,刘斯云,公司,蒙阴,山东,中国,华东,办公用-美术-10000410,办公用品,美术,"BIC 铅笔刀, 金属",141.26,1,0.0,7.0
6688,CN-202023-2292031,2024-09-25,2024-09-30,标准级,刘斯-20965,刘斯云,公司,蒙阴,山东,中国,华东,办公用-装订-10002116,办公用品,装订机,"Ibico 孔加固材料, 透明",120.4,4,0.0,16.8
6698,US-202023-4687313,2024-09-26,2024-10-02,标准级,陶巧-19495,陶巧,消费者,齐齐哈尔,黑龙江,中国,东北,家具-书架-10003254,家具,书架,"宜家 墙角架, 金属",2858.8,5,0.0,1143.1
6699,US-202023-4687313,2024-09-26,2024-10-02,标准级,陶巧-19495,陶巧,消费者,齐齐哈尔,黑龙江,中国,东北,技术-电话-10004671,技术,电话,"苹果 信号增强器, 全尺寸",1287.44,2,0.0,553.56
6700,US-202023-4687313,2024-09-26,2024-10-02,标准级,陶巧-19495,陶巧,消费者,齐齐哈尔,黑龙江,中国,东北,办公用-系固-10000647,办公用品,系固件,"OIC 订书钉, 金属",320.88,6,0.0,21.84
6701,US-202023-4687313,2024-09-26,2024-10-02,标准级,陶巧-19495,陶巧,消费者,齐齐哈尔,黑龙江,中国,东北,办公用-纸张-10001957,办公用品,纸张,"Enermax 令, 回收",794.64,6,0.0,71.4
6702,US-202023-4687313,2024-09-26,2024-10-02,标准级,陶巧-19495,陶巧,消费者,齐齐哈尔,黑龙江,中国,东北,家具-桌子-10002202,家具,桌子,"Hon 会议桌, 组装",9690.975,3,0.25,1938.195
6703,US-202023-4687313,2024-09-26,2024-10-02,标准级,陶巧-19495,陶巧,消费者,齐齐哈尔,黑龙江,中国,东北,办公用-信封-10003334,办公用品,信封,"Cameo 马尼拉纸信封, 红色",427.56,3,0.0,38.22
6704,US-202023-4687313,2024-09-26,2024-10-02,标准级,陶巧-19495,陶巧,消费者,齐齐哈尔,黑龙江,中国,东北,办公用-系固-10000833,办公用品,系固件,"Accos 橡皮筋, 每包 12 个",526.26,7,0.0,83.3
6716,CN-202023-3350819,2024-02-18,2024-02-19,一级,冯乐-17725,冯乐,消费者,宜春,黑龙江,中国,东北,技术-复印-10004788,技术,复印机,"Brother 个人复印机, 数字化",665.14,1,0.0,212.8
6717,CN-202023-5569894,2024-06-14,2024-06-20,标准级,贺婉-21355,贺婉,公司,上海,上海,中国,华东,办公用-用品-10001168,办公用品,用品,"Acme 美工刀, 蓝色",882.0,5,0.0,114.1
6718,CN-202023-5569894,2024-06-14,2024-06-20,标准级,贺婉-21355,贺婉,公司,上海,上海,中国,华东,办公用-收纳-10002935,办公用品,收纳具,"Tenex 锁柜, 单宽度",1905.68,2,0.0,800.24
6719,CN-202023-5569894,2024-06-14,2024-06-20,标准级,贺婉-21355,贺婉,公司,上海,上海,中国,华东,办公用-系固-10000409,办公用品,系固件,"OIC 按钉, 整包",208.74,3,0.0,7.98
6720,CN-202023-5569894,2024-06-14,2024-06-20,标准级,贺婉-21355,贺婉,公司,上海,上海,中国,华东,办公用-用品-10001618,办公用品,用品,"Acme 大剪刀, 蓝色",698.88,3,0.0,76.86
6721,CN-202023-5569894,2024-06-14,2024-06-20,标准级,贺婉-21355,贺婉,公司,上海,上海,中国,华东,办公用-器具-10004829,办公用品,器具,"Breville 微波炉, 银色",4234.44,3,0.0,296.1
6731,CN-202023-3746616,2024-07-17,2024-07-21,二级,夏惠-14320,夏惠英,消费者,广州,广东,中国,中南,家具-椅子-10001287,家具,椅子,"Hon 摇椅, 黑色",3230.388,6,0.1,71.148
6733,CN-202023-2286344,2024-07-20,2024-07-22,一级,梁安-10195,梁安,公司,石家庄,河北,中国,华北,办公用-美术-10000848,办公用品,美术,"Boston 记号笔, 整包",745.92,6,0.0,267.96
6734,CN-202023-2286344,2024-07-20,2024-07-22,一级,梁安-10195,梁安,公司,石家庄,河北,中国,华北,办公用-装订-10002575,办公用品,装订机,"Wilson Jones 打孔机, 耐用",412.86,3,0.0,189.84
6735,CN-202023-2286344,2024-07-20,2024-07-22,一级,梁安-10195,梁安,公司,石家庄,河北,中国,华北,技术-设备-10002958,技术,设备,"柯尼卡 喷墨打印机, 耐用",4389.84,3,0.0,2106.72
6739,CN-202023-4150614,2024-09-17,2024-09-21,二级,殷保-10390,殷保,消费者,龙凤,黑龙江,中国,东北,办公用-标签-10000673,办公用品,标签,"Harbour Creations 文件夹标签, 白色",203.7,5,0.0,85.4
6740,CN-202023-4150614,2024-09-17,2024-09-21,二级,殷保-10390,殷保,消费者,龙凤,黑龙江,中国,东北,办公用-收纳-10004593,办公用品,收纳具,"Smead 文件车, 单宽度",1798.02,3,0.0,593.04
6748,CN-202023-2544332,2024-02-08,2024-02-13,标准级,楚伟-21445,楚伟,公司,武汉,湖北,中国,中南,办公用-收纳-10004384,办公用品,收纳具,"Smead 锁柜, 金属",8294.58,9,0.0,3898.44
6749,CN-202023-2544332,2024-02-08,2024-02-13,标准级,楚伟-21445,楚伟,公司,武汉,湖北,中国,中南,办公用-装订-10004829,办公用品,装订机,"Avery 孔加固材料, 透明",54.18,5,0.4,-15.12
6751,CN-202023-5712655,2024-04-27,2024-05-02,标准级,邱升-20035,邱升,小型企业,大同,安徽,中国,华东,办公用-信封-10002162,办公用品,信封,"Jiffy 商业信封, 银色",85.68,1,0.0,29.12
6752,US-202023-1163629,2024-07-18,2024-07-24,标准级,曹冬-12445,曹冬露,消费者,黑山,辽宁,中国,东北,办公用-装订-10004263,办公用品,装订机,"Acco 装订机, 实惠",296.94,7,0.4,-104.86
6760,US-202023-5728538,2024-12-07,2024-12-13,标准级,冯立-16735,冯立,消费者,镇江,江苏,中国,华东,办公用-收纳-10001011,办公用品,收纳具,"Fellowes 文件夹, 金属",237.72,2,0.0,16.52
6761,US-202023-1925348,2024-10-16,2024-10-19,一级,段杰-14800,段杰,公司,濉溪,安徽,中国,华东,办公用-系固-10000958,办公用品,系固件,"Stockwell 回形针, 每包 12 个",482.72,8,0.0,19.04
6774,CN-202023-2883758,2024-08-04,2024-08-10,标准级,范宁-18685,范宁,小型企业,上梅,湖南,中国,中南,家具-椅子-10001581,家具,椅子,"SAFCO 沙滩椅, 红色",415.296,2,0.1,179.816
6775,CN-202023-4998591,2024-11-18,2024-11-22,标准级,曾康-15445,曾康,消费者,潍坊,山东,中国,华东,办公用-纸张-10004623,办公用品,纸张,"施乐 计划信息表, 回收",189.28,2,0.0,64.12
6788,CN-202023-1424056,2024-09-22,2024-09-26,标准级,钟伟-21475,钟伟,小型企业,铜川,陕西,中国,西北,办公用-收纳-10004132,办公用品,收纳具,"Rogers 盘, 工业",290.08,1,0.0,127.54
6789,US-202023-4769676,2024-11-16,2024-11-21,二级,郝立-16765,郝立,消费者,大同,安徽,中国,华东,办公用-纸张-10004536,办公用品,纸张,"Eaton 令, 优质",371.7,3,0.0,14.7
6791,CN-202023-5956361,2024-01-07,2024-01-10,二级,贺伟-21490,贺伟,消费者,廊坊,河北,中国,华北,办公用-美术-10003207,办公用品,美术,"Stanley 铅笔刀, 金属",607.6,5,0.0,145.6
6792,CN-202023-5956361,2024-01-07,2024-01-10,二级,贺伟-21490,贺伟,消费者,廊坊,河北,中国,华北,办公用-美术-10002373,办公用品,美术,"Stanley 画布, 整包",1160.6,5,0.0,138.6
6793,CN-202023-5956361,2024-01-07,2024-01-10,二级,贺伟-21490,贺伟,消费者,廊坊,河北,中国,华北,办公用-器具-10002567,办公用品,器具,"Hoover 烤面包机, 黑色",1162.98,3,0.0,558.18
6794,CN-202023-5956361,2024-01-07,2024-01-10,二级,贺伟-21490,贺伟,消费者,廊坊,河北,中国,华北,家具-书架-10000676,家具,书架,"Sauder 墙角架, 传统",3437.0,5,0.0,1443.4
6798,CN-202023-3739147,2024-09-17,2024-09-21,标准级,方栋-12280,方栋,消费者,桂林,广西,中国,中南,办公用-信封-10004110,办公用品,信封,"Ames 搭扣信封, 银色",313.6,7,0.0,2.94
6799,CN-202023-3739147,2024-09-17,2024-09-21,标准级,方栋-12280,方栋,消费者,桂林,广西,中国,中南,办公用-装订-10002016,办公用品,装订机,"Acco 装订机盖, 耐用",138.32,2,0.0,19.32
6800,CN-202023-3739147,2024-09-17,2024-09-21,标准级,方栋-12280,方栋,消费者,桂林,广西,中国,中南,办公用-用品-10004613,办公用品,用品,"Elite 美工刀, 工业",511.14,3,0.0,132.72
6801,CN-202023-3739147,2024-09-17,2024-09-21,标准级,方栋-12280,方栋,消费者,桂林,广西,中国,中南,技术-电话-10003187,技术,电话,"诺基亚 充电器, 混合尺寸",11926.32,4,0.0,5605.04
6802,CN-202023-3739147,2024-09-17,2024-09-21,标准级,方栋-12280,方栋,消费者,桂林,广西,中国,中南,办公用-用品-10001618,办公用品,用品,"Acme 大剪刀, 蓝色",1397.76,6,0.0,153.72
6803,CN-202023-3739147,2024-09-17,2024-09-21,标准级,方栋-12280,方栋,消费者,桂林,广西,中国,中南,家具-书架-10004733,家具,书架,"宜家 古典书架, 白色",5799.78,3,0.0,1623.72
6820,CN-202023-4173591,2024-08-14,2024-08-18,标准级,洪光-13420,洪光,公司,洛阳,福建,中国,华东,办公用-纸张-10003534,办公用品,纸张,"Green Bar 笔记本, 每包 12 个",158.34,1,0.0,17.36
6827,CN-202023-2295401,2024-05-12,2024-05-16,标准级,钟松-20620,钟松,公司,内江,四川,中国,西南,技术-电话-10003757,技术,电话,"三星 智能手机, 整包",1381.296,4,0.4,-783.104
6831,CN-202023-4121606,2024-12-11,2024-12-15,标准级,韦锦-14950,韦锦,消费者,青岛,山东,中国,华东,办公用-装订-10004617,办公用品,装订机,"Avery 打孔机, 回收",263.48,2,0.0,13.16
6832,CN-202023-4121606,2024-12-11,2024-12-15,标准级,韦锦-14950,韦锦,消费者,青岛,山东,中国,华东,办公用-系固-10001285,办公用品,系固件,"Stockwell 订书钉, 整包",151.2,3,0.0,72.24
6833,CN-202023-3545086,2024-08-07,2024-08-13,标准级,唐忠-11545,唐忠,公司,随州,湖北,中国,中南,办公用-装订-10002432,办公用品,装订机,"Avery 打孔机, 耐用",246.708,3,0.4,-156.492
6834,CN-202023-3545086,2024-08-07,2024-08-13,标准级,唐忠-11545,唐忠,公司,随州,湖北,中国,中南,办公用-标签-10003550,办公用品,标签,"Avery 合法证物标签, 白色",264.6,5,0.0,65.8
6835,CN-202023-3545086,2024-08-07,2024-08-13,标准级,唐忠-11545,唐忠,公司,随州,湖北,中国,中南,技术-配件-10004611,技术,配件,"Memorex 键盘, 可编程",1019.76,5,0.4,-492.94
6836,CN-202023-3545086,2024-08-07,2024-08-13,标准级,唐忠-11545,唐忠,公司,随州,湖北,中国,中南,办公用-纸张-10001285,办公用品,纸张,"Eaton 计划信息表, 多色",718.34,7,0.0,179.34
6837,CN-202023-3545086,2024-08-07,2024-08-13,标准级,唐忠-11545,唐忠,公司,随州,湖北,中国,中南,技术-配件-10003090,技术,配件,"Enermax 闪存驱动器, 回收",1211.364,11,0.4,-0.616
6846,CN-202023-4596452,2024-07-30,2024-08-03,标准级,苏冬-12430,苏冬露,小型企业,龙江,黑龙江,中国,东北,办公用-美术-10001002,办公用品,美术,"Sanford 铅笔刀, 整包",584.64,6,0.2,36.12
6847,CN-202023-4596452,2024-07-30,2024-08-03,标准级,苏冬-12430,苏冬露,小型企业,龙江,黑龙江,中国,东北,办公用-标签-10004405,办公用品,标签,"Avery 文件夹标签, 白色",170.24,4,0.0,3.36
6854,CN-202023-3560054,2024-04-02,2024-04-06,标准级,付芳-12700,付芳茵,小型企业,郑州,河南,中国,中南,家具-用具-10002855,家具,用具,"Deflect-O 分层置放架, 黑色",236.04,2,0.0,89.6
6857,US-202023-3924364,2024-05-18,2024-05-23,二级,冯婷-21040,冯婷,小型企业,石嘴山,宁夏,中国,西北,办公用-器具-10003859,办公用品,器具,"Cuisinart 冰箱, 白色",4612.72,2,0.0,461.16
6859,CN-202023-5181244,2024-09-16,2024-09-23,标准级,任临-17440,任临耀,公司,镇江,江苏,中国,华东,办公用-信封-10003279,办公用品,信封,"Kraft 邮寄品, 每套 50 个",527.1,3,0.0,47.04
6863,CN-202023-5703090,2024-07-01,2024-07-03,二级,邱丽-15745,邱丽,消费者,济南,山东,中国,华东,办公用-收纳-10003484,办公用品,收纳具,"Tenex 盘, 单宽度",759.36,3,0.0,242.76
6864,CN-202023-5703090,2024-07-01,2024-07-03,二级,邱丽-15745,邱丽,消费者,济南,山东,中国,华东,办公用-纸张-10000746,办公用品,纸张,"Eaton 信纸, 优质",632.52,3,0.0,265.44
6865,CN-202023-5703090,2024-07-01,2024-07-03,二级,邱丽-15745,邱丽,消费者,济南,山东,中国,华东,家具-用具-10004488,家具,用具,"Eldon 灯泡, 一包多件",825.16,7,0.0,172.48
6868,CN-202023-3503696,2024-11-20,2024-11-21,当日,林凤-12895,林凤,消费者,虎石台,辽宁,中国,东北,家具-书架-10001519,家具,书架,"Safco 柜, 白色",959.616,2,0.4,-479.864
6871,CN-202023-4026974,2024-02-01,2024-02-06,标准级,牛惠-14410,牛惠,小型企业,珠海,广东,中国,中南,办公用-纸张-10003376,办公用品,纸张,"Enermax 笔记本, 回收",662.9,5,0.0,291.2
6872,CN-202023-4026974,2024-02-01,2024-02-06,标准级,牛惠-14410,牛惠,小型企业,珠海,广东,中国,中南,技术-复印-10004642,技术,复印机,"夏普 传真机, 每套两件",6898.5,5,0.0,758.8
6875,US-202023-5252007,2024-05-29,2024-06-02,标准级,杨欢-14275,杨欢,公司,汕头,广东,中国,中南,办公用-美术-10001742,办公用品,美术,"Sanford 画布, 整包",1137.696,6,0.2,-185.304
6884,CN-202023-5334809,2024-10-29,2024-10-31,二级,秦刚-13075,秦刚,公司,临沂,山东,中国,华东,家具-椅子-10002473,家具,椅子,"SAFCO 摇椅, 黑色",618.24,1,0.0,111.16
6898,CN-202023-2267443,2024-05-29,2024-06-03,标准级,罗霖-17530,罗霖,消费者,鞍山,辽宁,中国,东北,办公用-器具-10004829,办公用品,器具,"Breville 微波炉, 银色",2540.664,3,0.4,-1397.676
6900,CN-202023-3417942,2024-10-10,2024-10-14,标准级,钟伟-21475,钟伟,小型企业,浯溪,湖南,中国,中南,技术-复印-10000099,技术,复印机,"Brother 个人复印机, 红色",1316.84,2,0.0,263.2
6901,CN-202023-3417942,2024-10-10,2024-10-14,标准级,钟伟-21475,钟伟,小型企业,浯溪,湖南,中国,中南,技术-电话-10003014,技术,电话,"思科 智能手机, 混合尺寸",1319.08,2,0.0,580.16
6902,CN-202023-3417942,2024-10-10,2024-10-14,标准级,钟伟-21475,钟伟,小型企业,浯溪,湖南,中国,中南,家具-用具-10001511,家具,用具,"Eldon 闹钟, 耐用",249.9,1,0.0,42.42
6905,CN-202023-3172853,2024-08-03,2024-08-09,标准级,朱丽-17335,朱丽丽,小型企业,濮阳,河南,中国,中南,办公用-收纳-10004913,办公用品,收纳具,"Eldon 文件车, 金属",4147.36,7,0.0,1617.0
6906,CN-202023-3172853,2024-08-03,2024-08-09,标准级,朱丽-17335,朱丽丽,小型企业,濮阳,河南,中国,中南,办公用-收纳-10000103,办公用品,收纳具,"Tenex 文件夹, 蓝色",108.36,1,0.0,22.68
6907,CN-202023-2693856,2024-02-17,2024-02-20,一级,龚松-20710,龚松,小型企业,南充,四川,中国,西南,家具-用具-10001578,家具,用具,"Deflect-O 闹钟, 一包多件",141.036,1,0.4,9.296
6908,CN-202023-2693856,2024-02-17,2024-02-20,一级,龚松-20710,龚松,小型企业,南充,四川,中国,西南,家具-书架-10003961,家具,书架,"Safco 古典书架, 白色",7403.256,6,0.4,-3702.384
6909,CN-202023-1502527,2024-01-08,2024-01-12,标准级,任实-20200,任实,消费者,宜春,江西,中国,华东,技术-电话-10001542,技术,电话,"思科 办公室电话机, 混合尺寸",1555.12,4,0.0,62.16
6910,CN-202023-1502527,2024-01-08,2024-01-12,标准级,任实-20200,任实,消费者,宜春,江西,中国,华东,家具-椅子-10002450,家具,椅子,"Hon 折叠椅, 红色",759.92,2,0.0,281.12
6912,CN-202023-1150523,2024-06-08,2024-06-13,二级,涂伟-21640,涂伟,消费者,西安,陕西,中国,西北,技术-电话-10004290,技术,电话,"诺基亚 信号增强器, 蓝色",1274.0,2,0.0,63.56
6913,CN-202023-1150523,2024-06-08,2024-06-13,二级,涂伟-21640,涂伟,消费者,西安,陕西,中国,西北,办公用-标签-10004207,办公用品,标签,"Novimex 有色标签, 可调",96.32,2,0.0,0.84
6914,CN-202023-1150523,2024-06-08,2024-06-13,二级,涂伟-21640,涂伟,消费者,西安,陕西,中国,西北,家具-椅子-10000341,家具,椅子,"Office Star 椅垫, 红色",614.32,2,0.0,24.36
6915,CN-202023-1150523,2024-06-08,2024-06-13,二级,涂伟-21640,涂伟,消费者,西安,陕西,中国,西北,家具-书架-10004733,家具,书架,"宜家 古典书架, 白色",7733.04,4,0.0,2164.96
6917,CN-202023-1512811,2024-04-15,2024-04-18,二级,蔡菊-15055,蔡菊,消费者,萍乡,江西,中国,华东,家具-用具-10003029,家具,用具,"Rubvermaid 相框, 一包多件",1450.68,6,0.0,391.44
6918,CN-202023-1512811,2024-04-15,2024-04-18,二级,蔡菊-15055,蔡菊,消费者,萍乡,江西,中国,华东,办公用-收纳-10004170,办公用品,收纳具,"Smead 文件夹, 工业",167.72,2,0.0,8.12
6922,CN-202023-3245528,2024-03-11,2024-03-16,标准级,胡锦-14860,胡锦,公司,开原,辽宁,中国,东北,办公用-纸张-10003939,办公用品,纸张,"Green Bar 令, 回收",830.76,6,0.0,398.16
6924,CN-202023-2121055,2024-10-14,2024-10-19,标准级,黄娟-15130,黄娟,消费者,鹤壁,河南,中国,中南,家具-用具-10003029,家具,用具,"Rubvermaid 相框, 一包多件",1208.9,5,0.0,326.2
6927,CN-202023-2661656,2024-05-19,2024-05-21,二级,施丽-17380,施丽丽,公司,北京,北京,中国,华北,办公用-用品-10001494,办公用品,用品,"Kleencut 美工刀, 钢",635.6,4,0.0,152.32
6928,CN-202023-2661656,2024-05-19,2024-05-21,二级,施丽-17380,施丽丽,公司,北京,北京,中国,华北,办公用-用品-10004001,办公用品,用品,"Fiskars 大剪刀, 蓝色",666.96,3,0.0,59.64
6929,CN-202023-5278404,2024-05-07,2024-05-12,标准级,彭绅-19975,彭绅,公司,西安,陕西,中国,西北,家具-用具-10003876,家具,用具,"Deflect-O 相框, 一包多件",1454.88,6,0.0,115.92
6930,CN-202023-5278404,2024-05-07,2024-05-12,标准级,彭绅-19975,彭绅,公司,西安,陕西,中国,西北,办公用-标签-10003939,办公用品,标签,"Harbour Creations 有色标签, 红色",237.44,4,0.0,23.52
6932,CN-202023-4161431,2024-08-08,2024-08-14,标准级,武磊-16150,武磊,公司,老河口,湖北,中国,中南,办公用-器具-10004222,办公用品,器具,"KitchenAid 咖啡研磨机, 黑色",391.44,2,0.4,-202.44
6933,CN-202023-4161431,2024-08-08,2024-08-14,标准级,武磊-16150,武磊,公司,老河口,湖北,中国,中南,家具-椅子-10004126,家具,椅子,"Novimex 折叠椅, 黑色",1564.08,7,0.4,-886.9
6946,CN-202023-2571041,2024-10-20,2024-10-26,标准级,何惠-14395,何惠,公司,天津,天津,中国,华北,家具-书架-10004730,家具,书架,"Sauder 书架, 金属",3413.2,5,0.0,784.7
6948,CN-202023-1826929,2024-03-02,2024-03-05,二级,许绅-19960,许绅,消费者,安阳,河南,中国,中南,办公用-标签-10003929,办公用品,标签,"Harbour Creations 合法证物标签, 白色",408.8,8,0.0,7.84
6949,CN-202023-1826929,2024-03-02,2024-03-05,二级,许绅-19960,许绅,消费者,安阳,河南,中国,中南,家具-书架-10003197,家具,书架,"Safco 书库, 白色",3661.56,2,0.0,1025.08
6950,CN-202023-1826929,2024-03-02,2024-03-05,二级,许绅-19960,许绅,消费者,安阳,河南,中国,中南,技术-电话-10004197,技术,电话,"摩托罗拉 耳机, 混合尺寸",1156.26,3,0.0,462.42
6951,CN-202023-1826929,2024-03-02,2024-03-05,二级,许绅-19960,许绅,消费者,安阳,河南,中国,中南,办公用-用品-10000784,办公用品,用品,"Acme 修剪器, 锯齿状",577.92,3,0.0,196.14
6952,CN-202023-1826929,2024-03-02,2024-03-05,二级,许绅-19960,许绅,消费者,安阳,河南,中国,中南,家具-用具-10001348,家具,用具,"Advantus 相框, 一包多件",1485.12,6,0.0,236.88
6953,CN-202023-1826929,2024-03-02,2024-03-05,二级,许绅-19960,许绅,消费者,安阳,河南,中国,中南,家具-用具-10003781,家具,用具,"Eldon 分层置放架, 耐用",399.42,3,0.0,119.7
6954,CN-202023-1826929,2024-03-02,2024-03-05,二级,许绅-19960,许绅,消费者,安阳,河南,中国,中南,家具-用具-10004104,家具,用具,"Tenex 相框, 黑色",483.84,2,0.0,106.4
6955,CN-202023-1786532,2024-05-16,2024-05-20,标准级,肖岱-11845,肖岱,公司,太原,山西,中国,华北,办公用-纸张-10003376,办公用品,纸张,"Enermax 笔记本, 回收",132.58,1,0.0,58.24
6956,CN-202023-1786532,2024-05-16,2024-05-20,标准级,肖岱-11845,肖岱,公司,太原,山西,中国,华北,办公用-装订-10002575,办公用品,装订机,"Wilson Jones 打孔机, 耐用",275.24,2,0.0,126.56
6957,CN-202023-1786532,2024-05-16,2024-05-20,标准级,肖岱-11845,肖岱,公司,太原,山西,中国,华北,办公用-信封-10001224,办公用品,信封,"Jiffy 局间信封, 红色",1399.44,6,0.0,83.16
6964,US-202023-1738807,2024-07-30,2024-08-06,标准级,常明-18340,常明媚,消费者,武汉,湖北,中国,中南,技术-配件-10004228,技术,配件,"Enermax 键盘, 回收",682.668,3,0.4,-80.052
6965,CN-202023-1119011,2024-12-08,2024-12-12,标准级,雷木-18415,雷木兰,消费者,秦皇岛,河北,中国,华北,办公用-收纳-10004933,办公用品,收纳具,"Fellowes 盘, 单宽度",803.88,3,0.0,55.86
6966,CN-202023-1119011,2024-12-08,2024-12-12,标准级,雷木-18415,雷木兰,消费者,秦皇岛,河北,中国,华北,技术-复印-10004983,技术,复印机,"Brother 复印机, 每套两件",2448.04,2,0.0,954.52
6971,CN-202023-3133210,2024-02-25,2024-02-28,标准级,邢伟-21505,邢伟,消费者,梧州,广西,中国,中南,技术-电话-10004214,技术,电话,"苹果 耳机, 整包",1711.5,5,0.0,375.9
6972,CN-202023-3133210,2024-02-25,2024-02-28,标准级,邢伟-21505,邢伟,消费者,梧州,广西,中国,中南,家具-用具-10001878,家具,用具,"Rubvermaid 框架, 黑色",2564.1,5,0.0,435.4
6974,US-202023-2656096,2024-04-11,2024-04-13,一级,彭伟-21550,彭伟,小型企业,邳州,江苏,中国,华东,办公用-美术-10002159,办公用品,美术,"BIC 钢笔, 金属",87.024,6,0.8,-139.776
6975,US-202023-2656096,2024-04-11,2024-04-13,一级,彭伟-21550,彭伟,小型企业,邳州,江苏,中国,华东,家具-书架-10000196,家具,书架,"Sauder 柜, 白色",3316.32,7,0.4,109.76
6976,US-202023-2656096,2024-04-11,2024-04-13,一级,彭伟-21550,彭伟,小型企业,邳州,江苏,中国,华东,办公用-用品-10004353,办公用品,用品,"Elite 开信刀, 工业",728.784,9,0.4,48.384
6977,US-202023-2656096,2024-04-11,2024-04-13,一级,彭伟-21550,彭伟,小型企业,邳州,江苏,中国,华东,家具-桌子-10001198,家具,桌子,"Chromcraft 电脑桌, 组装",4152.4,5,0.6,-2180.5
6978,CN-202023-5907567,2024-05-25,2024-05-26,一级,万虹-13900,万虹,消费者,济水,河南,中国,中南,办公用-用品-10001725,办公用品,用品,"Fiskars 尺子, 钢",129.08,2,0.0,47.6
6979,CN-202023-5907567,2024-05-25,2024-05-26,一级,万虹-13900,万虹,消费者,济水,河南,中国,中南,技术-复印-10004261,技术,复印机,"惠普 墨水, 数字化",1197.84,2,0.0,467.04
6980,CN-202023-5907567,2024-05-25,2024-05-26,一级,万虹-13900,万虹,消费者,济水,河南,中国,中南,办公用-器具-10001071,办公用品,器具,"KitchenAid 烤面包机, 红色",1194.48,3,0.0,167.16
6998,US-202023-1346492,2024-10-12,2024-10-17,标准级,丁娇-14695,丁娇,公司,兰州,甘肃,中国,西北,技术-电话-10004909,技术,电话,"诺基亚 办公室电话机, 蓝色",911.82,5,0.4,-364.98
7000,CN-202023-4046246,2024-05-30,2024-06-03,标准级,邹伟-21610,邹伟,消费者,浯溪,湖南,中国,中南,家具-用具-10003148,家具,用具,"Deflect-O 灯泡, 黑色",265.86,3,0.0,60.9
7001,CN-202023-4046246,2024-05-30,2024-06-03,标准级,邹伟-21610,邹伟,消费者,浯溪,湖南,中国,中南,办公用-系固-10001956,办公用品,系固件,"OIC 回形针, 金属",203.7,3,0.0,26.46
7006,CN-202023-4650370,2024-02-20,2024-02-24,标准级,曹伟-21580,曹伟,消费者,保定,河北,中国,华北,办公用-收纳-10000793,办公用品,收纳具,"Smead 锁柜, 单宽度",2778.3,3,0.0,222.18
7014,CN-202023-4015472,2024-04-30,2024-05-05,标准级,贾嫒-10030,贾嫒,公司,银川,宁夏,中国,西北,办公用-美术-10001243,办公用品,美术,"BIC 记号笔, 金属",646.1,5,0.0,25.2
7015,CN-202023-4015472,2024-04-30,2024-05-05,标准级,贾嫒-10030,贾嫒,公司,银川,宁夏,中国,西北,技术-电话-10002893,技术,电话,"三星 智能手机, 全尺寸",581.14,1,0.0,75.46
7016,CN-202023-4015472,2024-04-30,2024-05-05,标准级,贾嫒-10030,贾嫒,公司,银川,宁夏,中国,西北,家具-椅子-10004059,家具,椅子,"Novimex 扶手椅, 每套两件",2147.6,1,0.0,364.98
7017,CN-202023-4015472,2024-04-30,2024-05-05,标准级,贾嫒-10030,贾嫒,公司,银川,宁夏,中国,西北,技术-复印-10001618,技术,复印机,"Brother 无线传真机, 彩色",5323.5,3,0.0,2555.28
7018,CN-202023-5223739,2024-01-16,2024-01-19,一级,范刚-13135,范刚,消费者,临沂,山东,中国,华东,办公用-器具-10000022,办公用品,器具,"Hoover 冰箱, 白色",7341.6,3,0.0,3670.8
7026,CN-202023-3438839,2024-01-13,2024-01-18,标准级,付松-20650,付松,公司,烟台,山东,中国,华东,技术-电话-10004865,技术,电话,"诺基亚 智能手机, 蓝色",2298.8,4,0.0,275.52
7031,US-202023-1232384,2024-10-19,2024-10-19,当日,肖良-17125,肖良,消费者,衡阳,湖南,中国,中南,办公用-用品-10000056,办公用品,用品,"Elite 开信刀, 钢",373.8,3,0.0,183.12
7032,CN-202023-3497234,2024-04-25,2024-04-29,标准级,廖珊-19870,廖珊,小型企业,黎城,江苏,中国,华东,办公用-收纳-10001690,办公用品,收纳具,"Eldon 搁板, 蓝色",1129.8,5,0.0,135.1
7035,CN-202023-3230180,2024-03-24,2024-03-29,二级,邱芯-13930,邱芯,消费者,哈尔滨,黑龙江,中国,东北,家具-用具-10000649,家具,用具,"Eldon 闹钟, 黑色",791.28,3,0.0,363.72
7036,CN-202023-3230180,2024-03-24,2024-03-29,二级,邱芯-13930,邱芯,消费者,哈尔滨,黑龙江,中国,东北,办公用-用品-10000855,办公用品,用品,"Fiskars 剪刀, 钢",1052.8,10,0.0,126.0
7055,CN-202023-3281446,2024-06-29,2024-07-04,标准级,程安-10105,程安,消费者,江油,四川,中国,西南,办公用-装订-10000850,办公用品,装订机,"Wilson Jones 装订机盖, 回收",64.68,2,0.4,-23.8
7056,CN-202023-3281446,2024-06-29,2024-07-04,标准级,程安-10105,程安,消费者,江油,四川,中国,西南,办公用-用品-10002100,办公用品,用品,"Fiskars 修剪器, 工业",245.952,2,0.4,-143.528
7057,CN-202023-3281446,2024-06-29,2024-07-04,标准级,程安-10105,程安,消费者,江油,四川,中国,西南,家具-用具-10001098,家具,用具,"Rubvermaid 分层置放架, 黑色",211.176,3,0.4,-67.284
7058,CN-202023-3281446,2024-06-29,2024-07-04,标准级,程安-10105,程安,消费者,江油,四川,中国,西南,家具-椅子-10004774,家具,椅子,"SAFCO 摇椅, 可调",384.72,1,0.4,-12.88
7076,CN-202023-3230543,2024-12-04,2024-12-09,二级,陈晨-11095,陈晨,公司,秦皇岛,河北,中国,华北,办公用-器具-10000254,办公用品,器具,"KitchenAid 咖啡研磨机, 白色",3201.8,10,0.0,575.4
7077,CN-202023-3230543,2024-12-04,2024-12-09,二级,陈晨-11095,陈晨,公司,秦皇岛,河北,中国,华北,办公用-收纳-10003675,办公用品,收纳具,"Smead 搁板, 蓝色",913.36,4,0.0,392.56
7078,CN-202023-3230543,2024-12-04,2024-12-09,二级,陈晨-11095,陈晨,公司,秦皇岛,河北,中国,华北,办公用-信封-10000686,办公用品,信封,"GlobeWeis 局间信封, 每套 50 个",1562.12,7,0.0,639.94
7079,CN-202023-3230543,2024-12-04,2024-12-09,二级,陈晨-11095,陈晨,公司,秦皇岛,河北,中国,华北,办公用-纸张-10003708,办公用品,纸张,"Eaton 计划信息表, 每包 12 个",346.08,3,0.0,17.22
7080,CN-202023-3069391,2024-09-09,2024-09-11,二级,戴武-21910,戴武,消费者,五常,黑龙江,中国,东北,办公用-系固-10004607,办公用品,系固件,"Stockwell 橡皮筋, 金属",310.8,4,0.0,6.16
7081,CN-202023-3069391,2024-09-09,2024-09-11,二级,戴武-21910,戴武,消费者,五常,黑龙江,中国,东北,办公用-纸张-10003274,办公用品,纸张,"Enermax 令, 多色",278.88,2,0.0,105.84
7082,CN-202023-4141331,2024-04-06,2024-04-10,标准级,秦梦-18145,秦梦,消费者,安顺,贵州,中国,西南,家具-椅子-10002286,家具,椅子,"SAFCO 椅垫, 红色",558.32,2,0.0,117.04
7083,CN-202023-3561948,2024-12-09,2024-12-14,标准级,陶虢-13585,陶虢,公司,哈尔滨,黑龙江,中国,东北,家具-书架-10002501,家具,书架,"Sauder 搁架, 白色",6438.6,7,0.0,1351.42
7084,CN-202023-5648514,2024-12-07,2024-12-11,标准级,钟丽-15760,钟丽,小型企业,泉州,福建,中国,华东,家具-椅子-10003410,家具,椅子,"Hon 沙滩椅, 红色",421.4,2,0.0,21.0
7085,CN-202023-5648514,2024-12-07,2024-12-11,标准级,钟丽-15760,钟丽,小型企业,泉州,福建,中国,华东,办公用-系固-10001956,办公用品,系固件,"OIC 回形针, 金属",135.8,2,0.0,17.64
7086,CN-202023-5648514,2024-12-07,2024-12-11,标准级,钟丽-15760,钟丽,小型企业,泉州,福建,中国,华东,技术-复印-10004145,技术,复印机,"Hewlett 无线传真机, 红色",5297.46,3,0.0,1165.08
7087,CN-202023-5648514,2024-12-07,2024-12-11,标准级,钟丽-15760,钟丽,小型企业,泉州,福建,中国,华东,办公用-装订-10002360,办公用品,装订机,"Ibico 装订机盖, 实惠",127.4,2,0.0,24.08
7091,CN-202023-1887568,2024-10-10,2024-10-14,标准级,曾康-15445,曾康,消费者,吉林市,吉林,中国,东北,家具-用具-10003545,家具,用具,"Tenex 相框, 优质",470.96,2,0.0,188.16
7092,CN-202023-1887568,2024-10-10,2024-10-14,标准级,曾康-15445,曾康,消费者,吉林市,吉林,中国,东北,技术-电话-10002323,技术,电话,"诺基亚 充电器, 整包",5937.4,2,0.0,1959.16
7117,CN-202023-3668469,2024-03-14,2024-03-18,标准级,曹欢-14200,曹欢悦,小型企业,罗城,四川,中国,西南,办公用-标签-10002476,办公用品,标签,"Avery 圆形标签, 白色",66.64,2,0.0,18.48
7118,CN-202023-4680664,2024-08-13,2024-08-17,标准级,罗嫒-10060,罗嫒,小型企业,北京,北京,中国,华北,技术-设备-10000066,技术,设备,"松下 喷墨打印机, 耐用",1456.98,1,0.0,58.24
7131,CN-202023-1118317,2024-09-01,2024-09-01,当日,邓惠-14470,邓惠,消费者,南岔,黑龙江,中国,东北,家具-椅子-10002246,家具,椅子,"Novimex 沙滩椅, 每套两件",449.96,2,0.0,166.32
7145,US-202023-1218432,2024-10-23,2024-10-29,标准级,周诚-11275,周诚,公司,集宁,内蒙古,中国,华北,办公用-装订-10001192,办公用品,装订机,"Avery 标签, 透明",48.636,3,0.4,-2.604
7148,US-202023-3924364,2024-05-04,2024-05-05,一级,任杰-14755,任杰,消费者,石嘴山,宁夏,中国,西北,办公用-标签-10001520,办公用品,标签,"Hon 可去除的标签, 白色",143.64,3,0.0,5.46
7149,US-202023-3924364,2024-05-04,2024-05-05,一级,任杰-14755,任杰,消费者,石嘴山,宁夏,中国,西北,办公用-信封-10002675,办公用品,信封,"Ames 邮寄品, 银色",535.5,3,0.0,224.7
7150,US-202023-3924364,2024-05-04,2024-05-05,一级,任杰-14755,任杰,消费者,石嘴山,宁夏,中国,西北,办公用-收纳-10002430,办公用品,收纳具,"Rogers 文件车, 单宽度",3304.7,5,0.0,1321.6
7153,CN-202023-5844938,2024-08-08,2024-08-08,当日,唐爽-20560,唐爽,小型企业,密山,黑龙江,中国,东北,办公用-收纳-10002029,办公用品,收纳具,"Smead 盘, 工业",913.92,4,0.0,310.24
7154,CN-202023-5844938,2024-08-08,2024-08-08,当日,唐爽-20560,唐爽,小型企业,密山,黑龙江,中国,东北,办公用-器具-10004796,办公用品,器具,"Cuisinart 咖啡研磨机, 白色",2058.0,12,0.0,698.88
7163,CN-202023-3665640,2024-04-03,2024-04-05,一级,唐宁-18745,唐宁,公司,哈尔滨,黑龙江,中国,东北,办公用-系固-10002825,办公用品,系固件,"Advantus 订书钉, 整包",101.36,2,0.0,23.24
7164,CN-202023-3665640,2024-04-03,2024-04-05,一级,唐宁-18745,唐宁,公司,哈尔滨,黑龙江,中国,东北,技术-电话-10000244,技术,电话,"摩托罗拉 信号增强器, 整包",2005.08,3,0.0,300.72
7165,CN-202023-3665640,2024-04-03,2024-04-05,一级,唐宁-18745,唐宁,公司,哈尔滨,黑龙江,中国,东北,技术-复印-10001968,技术,复印机,"惠普 复印机, 红色",2257.64,2,0.0,45.08
7166,CN-202023-1165982,2024-05-20,2024-05-24,标准级,龙婷-21115,龙婷,公司,郑州,河南,中国,中南,办公用-收纳-10004477,办公用品,收纳具,"Tenex 文件夹, 金属",208.04,2,0.0,18.48
7167,CN-202023-1165982,2024-05-20,2024-05-24,标准级,龙婷-21115,龙婷,公司,郑州,河南,中国,中南,技术-配件-10004228,技术,配件,"Enermax 键盘, 回收",1137.78,3,0.0,375.06
7184,CN-202023-3497234,2024-10-19,2024-10-26,标准级,洪华-14080,洪华,公司,太原,山西,中国,华北,家具-书架-10002387,家具,书架,"宜家 柜, 黑色",1342.04,2,0.0,617.12
7185,CN-202023-3497234,2024-10-19,2024-10-26,标准级,洪华-14080,洪华,公司,太原,山西,中国,华北,办公用-信封-10001526,办公用品,信封,"GlobeWeis 外皮和封条, 回收",376.88,4,0.0,18.48
7186,CN-202023-3497234,2024-10-19,2024-10-26,标准级,洪华-14080,洪华,公司,太原,山西,中国,华北,办公用-装订-10002021,办公用品,装订机,"Wilson Jones 装订机, 透明",174.72,3,0.0,78.54
7187,CN-202023-3497234,2024-10-19,2024-10-26,标准级,洪华-14080,洪华,公司,太原,山西,中国,华北,办公用-收纳-10003671,办公用品,收纳具,"Tenex 盘, 蓝色",1517.88,6,0.0,743.4
7191,CN-202023-5380288,2024-11-14,2024-11-19,二级,彭婉-21370,彭婉,公司,沈阳,辽宁,中国,东北,家具-书架-10001313,家具,书架,"Bush 书架, 白色",1411.536,4,0.4,46.816
7192,CN-202023-5380288,2024-11-14,2024-11-19,二级,彭婉-21370,彭婉,公司,沈阳,辽宁,中国,东北,办公用-器具-10002993,办公用品,器具,"Hoover 烤面包机, 白色",1144.92,5,0.4,-229.18
7193,CN-202023-5380288,2024-11-14,2024-11-19,二级,彭婉-21370,彭婉,公司,沈阳,辽宁,中国,东北,家具-用具-10003663,家具,用具,"Eldon 框架, 一包多件",325.668,1,0.4,-27.272
7194,CN-202023-5380288,2024-11-14,2024-11-19,二级,彭婉-21370,彭婉,公司,沈阳,辽宁,中国,东北,办公用-收纳-10002508,办公用品,收纳具,"Fellowes 锁柜, 单宽度",3870.72,4,0.0,1509.2
7195,CN-202023-5380288,2024-11-14,2024-11-19,二级,彭婉-21370,彭婉,公司,沈阳,辽宁,中国,东北,家具-椅子-10002697,家具,椅子,"Novimex 摇椅, 每套两件",2245.824,6,0.4,-674.016
7199,CN-202023-2310505,2024-11-17,2024-11-23,标准级,沈彩-10750,沈彩,消费者,南昌,江西,中国,华东,技术-复印-10001249,技术,复印机,"夏普 个人复印机, 数字化",558.32,1,0.0,83.72
7200,US-202023-3189070,2024-01-28,2024-01-30,一级,赖芳-12715,赖芳茵,公司,北京,北京,中国,华北,家具-椅子-10003097,家具,椅子,"Hon 折叠椅, 可调",783.16,2,0.0,289.52
7209,CN-202023-2805987,2024-11-04,2024-11-09,标准级,韩廉-17230,韩廉,消费者,大连,辽宁,中国,东北,办公用-标签-10003922,办公用品,标签,"Smead 可去除的标签, 耐用",152.46,3,0.0,57.54
7218,CN-202023-5774848,2024-10-26,2024-11-01,标准级,钟丽-15760,钟丽,小型企业,招远,山东,中国,华东,技术-配件-10001200,技术,配件,"Memorex 键盘, 实惠",665.84,2,0.0,306.04
7219,CN-202023-4682811,2024-03-10,2024-03-12,一级,熊光-13390,熊光,小型企业,兰西,黑龙江,中国,东北,家具-用具-10002284,家具,用具,"Rubvermaid 闹钟, 优质",682.92,3,0.0,27.3
7220,CN-202023-4682811,2024-03-10,2024-03-12,一级,熊光-13390,熊光,小型企业,兰西,黑龙江,中国,东北,家具-椅子-10004006,家具,椅子,"Novimex 扶手椅, 黑色",6377.28,3,0.0,2486.82
7221,CN-202023-4682811,2024-03-10,2024-03-12,一级,熊光-13390,熊光,小型企业,兰西,黑龙江,中国,东北,家具-椅子-10003910,家具,椅子,"SAFCO 凳子, 可调",1590.68,2,0.0,413.56
7234,CN-202023-2018203,2024-05-07,2024-05-12,二级,秦淑-20440,秦淑芳,公司,石家庄,河北,中国,华北,家具-桌子-10003291,家具,桌子,"Barricks 圆桌, 组装",8802.15,5,0.25,586.25
7235,CN-202023-2018203,2024-05-07,2024-05-12,二级,秦淑-20440,秦淑芳,公司,石家庄,河北,中国,华北,办公用-信封-10000284,办公用品,信封,"Kraft 搭扣信封, 回收",218.4,6,0.0,89.04
7254,CN-202023-2875530,2024-11-05,2024-11-09,标准级,龙锦-14875,龙锦,小型企业,开封,河南,中国,中南,家具-书架-10000581,家具,书架,"Dania 墙角架, 金属",7372.82,13,0.0,294.84
7255,CN-202023-2875530,2024-11-05,2024-11-09,标准级,龙锦-14875,龙锦,小型企业,开封,河南,中国,中南,技术-设备-10001533,技术,设备,"松下 电话, 白色",1165.5,3,0.0,81.48
7257,CN-202023-3200743,2024-11-06,2024-11-10,标准级,牛晒-19810,牛晒明,小型企业,汉川,湖北,中国,中南,技术-复印-10003316,技术,复印机,"惠普 复印机, 每套两件",1364.664,2,0.4,-682.416
7258,CN-202023-3200743,2024-11-06,2024-11-10,标准级,牛晒-19810,牛晒明,小型企业,汉川,湖北,中国,中南,办公用-标签-10001271,办公用品,标签,"Smead 有色标签, 白色",304.5,5,0.0,145.6
7259,CN-202023-4794169,2024-08-10,2024-08-11,一级,严恒-13660,严恒,消费者,成都,四川,中国,西南,办公用-装订-10004481,办公用品,装订机,"Acco 孔加固材料, 实惠",130.536,7,0.4,2.156
7264,CN-202023-5579550,2024-01-13,2024-01-20,标准级,施莲-17065,施莲,消费者,明月,吉林,中国,东北,办公用-用品-10002536,办公用品,用品,"Fiskars 美工刀, 锯齿状",150.36,1,0.0,58.52
7265,CN-202023-5579550,2024-01-13,2024-01-20,标准级,施莲-17065,施莲,消费者,明月,吉林,中国,东北,技术-复印-10003649,技术,复印机,"惠普 复印机, 数字化",2271.08,2,0.0,1067.36
7276,US-202023-1184235,2024-06-12,2024-06-15,一级,汤欢-14185,汤欢悦,消费者,汶上,山东,中国,华东,办公用-信封-10001526,办公用品,信封,"GlobeWeis 外皮和封条, 回收",188.44,2,0.0,9.24
7279,CN-202023-2911207,2024-02-15,2024-02-19,标准级,庄菊-14995,庄菊,消费者,黄山,安徽,中国,华东,技术-电话-10004846,技术,电话,"摩托罗拉 音频基座, 蓝色",1618.12,2,0.0,776.44
7291,CN-202023-3834707,2024-10-08,2024-10-13,标准级,梁梦-18220,梁梦,消费者,太原,山西,中国,华北,技术-设备-10000225,技术,设备,"松下 卡片打印机, 红色",2393.58,3,0.0,334.74
7295,CN-202023-3490090,2024-03-04,2024-03-09,标准级,段强-19420,段强,公司,荆州,湖北,中国,中南,技术-设备-10002735,技术,设备,"松下 打印机, 红色",2214.576,3,0.4,-590.604
7296,CN-202023-3490090,2024-03-04,2024-03-09,标准级,段强-19420,段强,公司,荆州,湖北,中国,中南,家具-用具-10000539,家具,用具,"Tenex 门挡, 一包多件",246.12,2,0.4,-24.64
7297,CN-202023-3490090,2024-03-04,2024-03-09,标准级,段强-19420,段强,公司,荆州,湖北,中国,中南,家具-书架-10000253,家具,书架,"宜家 书库, 传统",8139.936,8,0.4,270.816
7298,CN-202023-3490090,2024-03-04,2024-03-09,标准级,段强-19420,段强,公司,荆州,湖北,中国,中南,办公用-收纳-10003461,办公用品,收纳具,"Tenex 文件夹, 工业",110.6,1,0.0,0.0
7301,CN-202023-2554132,2024-06-14,2024-06-18,标准级,程雯-21655,程雯,消费者,南宁,广西,中国,中南,技术-设备-10004706,技术,设备,"爱普生 打印机, 多色",6127.8,5,0.0,490.0
7302,CN-202023-2554132,2024-06-14,2024-06-18,标准级,程雯-21655,程雯,消费者,南宁,广西,中国,中南,办公用-纸张-10002428,办公用品,纸张,"施乐 信纸, 多色",865.76,4,0.0,415.52
7303,CN-202023-2554132,2024-06-14,2024-06-18,标准级,程雯-21655,程雯,消费者,南宁,广西,中国,中南,办公用-用品-10001508,办公用品,用品,"Acme 修剪器, 钢",205.24,1,0.0,45.08
7304,CN-202023-2554132,2024-06-14,2024-06-18,标准级,程雯-21655,程雯,消费者,南宁,广西,中国,中南,办公用-器具-10003292,办公用品,器具,"KitchenAid 微波炉, 白色",2878.96,2,0.0,834.68
7305,CN-202023-2875530,2024-10-06,2024-10-09,二级,韩廉-17230,韩廉,消费者,安顺,贵州,中国,西南,技术-配件-10000166,技术,配件,"SanDisk 闪存驱动器, 耐用",185.5,1,0.0,90.86
7306,CN-202023-2875530,2024-10-06,2024-10-09,二级,韩廉-17230,韩廉,消费者,安顺,贵州,中国,西南,办公用-收纳-10003199,办公用品,收纳具,"Fellowes 锁柜, 金属",1926.4,2,0.0,19.04
7314,US-202023-4246507,2024-10-15,2024-10-19,标准级,邱芯-13930,邱芯,消费者,赤峰,内蒙古,中国,华北,办公用-纸张-10002298,办公用品,纸张,"施乐 计划信息表, 优质",190.12,2,0.0,60.76
7315,CN-202023-5834341,2024-01-20,2024-01-25,标准级,邓保-10375,邓保,消费者,昆明,云南,中国,西南,办公用-器具-10002837,办公用品,器具,"Cuisinart 微波炉, 白色",10326.4,8,0.0,1032.64
7316,CN-202023-1090625,2024-11-06,2024-11-11,标准级,谢雯-21700,谢雯,小型企业,成都,四川,中国,西南,办公用-信封-10004154,办公用品,信封,"Ames 马尼拉纸信封, 每套 50 个",345.66,3,0.0,41.16
7317,US-202023-4517151,2024-12-15,2024-12-19,二级,范恒-13615,范恒,消费者,新石,湖北,中国,中南,办公用-用品-10002100,办公用品,用品,"Stiletto 开信刀, 锯齿状",140.448,2,0.4,-21.112
7318,US-202023-4517151,2024-12-15,2024-12-19,二级,范恒-13615,范恒,消费者,新石,湖北,中国,中南,技术-电话-10002221,技术,电话,"苹果 音频基座, 全尺寸",1412.712,3,0.4,-47.208
7319,CN-202023-3261124,2024-11-30,2024-12-02,二级,唐忠-11545,唐忠,公司,莎车,新疆,中国,西北,办公用-系固-10003826,办公用品,系固件,"Accos 回形针, 整包",196.56,3,0.0,72.66
7320,CN-202023-3261124,2024-11-30,2024-12-02,二级,唐忠-11545,唐忠,公司,莎车,新疆,中国,西北,办公用-信封-10003153,办公用品,信封,"Ames 商业信封, 银色",159.04,2,0.0,31.64
7321,CN-202023-3261124,2024-11-30,2024-12-02,二级,唐忠-11545,唐忠,公司,莎车,新疆,中国,西北,办公用-器具-10001222,办公用品,器具,"Breville 咖啡研磨机, 红色",1443.4,5,0.0,288.4
7322,CN-202023-3261124,2024-11-30,2024-12-02,二级,唐忠-11545,唐忠,公司,莎车,新疆,中国,西北,技术-配件-10000513,技术,配件,"贝尔金 键区, 实惠",808.5,3,0.0,169.68
7323,CN-202023-3261124,2024-11-30,2024-12-02,二级,唐忠-11545,唐忠,公司,莎车,新疆,中国,西北,办公用-器具-10002081,办公用品,器具,"Hamilton Beach 炉灶, 白色",12611.2,5,0.0,2774.1
7324,CN-202023-3261124,2024-11-30,2024-12-02,二级,唐忠-11545,唐忠,公司,莎车,新疆,中国,西北,办公用-标签-10000480,办公用品,标签,"Smead 有色标签, 可调",102.2,2,0.0,42.84
7325,CN-202023-2665116,2024-05-18,2024-05-23,标准级,钱珑-17830,钱珑,消费者,泰来,黑龙江,中国,东北,办公用-器具-10002520,办公用品,器具,"Hoover 搅拌机, 银色",3198.72,7,0.0,1023.12
7326,CN-202023-5909028,2024-06-14,2024-06-14,当日,倪爽-20545,倪爽,公司,晋江,海南,中国,中南,办公用-用品-10002649,办公用品,用品,"Kleencut 修剪器, 钢",952.7,5,0.0,238.0
7327,CN-202023-5909028,2024-06-14,2024-06-14,当日,倪爽-20545,倪爽,公司,晋江,海南,中国,中南,家具-书架-10003555,家具,书架,"Sauder 柜, 金属",2325.96,3,0.0,1000.02
7328,CN-202023-5909028,2024-06-14,2024-06-14,当日,倪爽-20545,倪爽,公司,晋江,海南,中国,中南,家具-椅子-10001896,家具,椅子,"Office Star 椅垫, 黑色",798.714,3,0.1,248.094
7335,CN-202023-3922494,2024-07-26,2024-07-28,二级,汤欢-14185,汤欢悦,消费者,甘南,黑龙江,中国,东北,办公用-用品-10001725,办公用品,用品,"Fiskars 尺子, 钢",64.54,1,0.0,23.8
7336,CN-202023-3922494,2024-07-26,2024-07-28,二级,汤欢-14185,汤欢悦,消费者,甘南,黑龙江,中国,东北,家具-椅子-10000670,家具,椅子,"Office Star 凳子, 可调",1646.68,2,0.0,444.36
7337,CN-202023-3922494,2024-07-26,2024-07-28,二级,汤欢-14185,汤欢悦,消费者,甘南,黑龙江,中国,东北,办公用-收纳-10003484,办公用品,收纳具,"Tenex 盘, 单宽度",506.24,2,0.0,161.84
7338,US-202023-4752200,2024-12-09,2024-12-14,标准级,钱幂-18070,钱幂,小型企业,长沙,湖南,中国,中南,家具-书架-10003110,家具,书架,"Bush 柜, 传统",1338.12,2,0.0,0.0
7339,CN-202023-5445015,2024-12-30,2025-01-06,标准级,范恒-13615,范恒,消费者,新乡,河南,中国,中南,办公用-信封-10001318,办公用品,信封,"GlobeWeis 搭扣信封, 回收",121.8,3,0.0,18.06
7348,CN-202023-3132230,2024-01-21,2024-01-26,二级,郭莲-17005,郭莲,消费者,张家港,江苏,中国,华东,办公用-用品-10002100,办公用品,用品,"Fiskars 修剪器, 工业",614.88,5,0.4,-358.82
7350,CN-202023-4164715,2024-08-24,2024-08-26,二级,曹琼-19675,曹琼,小型企业,深圳,广东,中国,中南,办公用-用品-10004429,办公用品,用品,"Stiletto 修剪器, 锯齿状",1288.7,7,0.0,76.44
7351,CN-202023-1924488,2024-08-23,2024-08-23,当日,洪华-14080,洪华,公司,泉州,福建,中国,华东,办公用-美术-10004953,办公用品,美术,"BIC 速写本, 蓝色",908.32,4,0.0,235.76
7353,CN-202023-3064620,2024-10-01,2024-10-06,标准级,孔关-15610,孔关茵,公司,广水,湖北,中国,中南,办公用-纸张-10004938,办公用品,纸张,"SanDisk 信纸, 回收",1353.24,6,0.0,135.24
7354,CN-202023-5927801,2024-01-22,2024-01-29,标准级,楚杰-14710,楚杰,消费者,江门,广东,中国,中南,办公用-装订-10002432,办公用品,装订机,"Avery 打孔机, 耐用",822.36,6,0.0,15.96
7355,CN-202023-5927801,2024-01-22,2024-01-29,标准级,楚杰-14710,楚杰,消费者,江门,广东,中国,中南,家具-用具-10001120,家具,用具,"Deflect-O 分层置放架, 耐用",104.16,1,0.0,10.36
7358,CN-202023-2640851,2024-08-25,2024-08-29,标准级,徐芬-12805,徐芬,公司,桂林,广西,中国,中南,办公用-信封-10000491,办公用品,信封,"Jiffy 搭扣信封, 回收",34.16,1,0.0,3.64
7361,CN-202023-3874208,2024-09-21,2024-09-27,标准级,徐谙-18880,徐谙,消费者,栖霞,山东,中国,华东,家具-椅子-10000578,家具,椅子,"SAFCO 扶手椅, 可调",8659.84,4,0.0,2684.08
7362,CN-202023-3874208,2024-09-21,2024-09-27,标准级,徐谙-18880,徐谙,消费者,栖霞,山东,中国,华东,办公用-标签-10000895,办公用品,标签,"Harbour Creations 有色标签, 可调",554.4,11,0.0,83.16
7364,CN-202023-4493648,2024-04-21,2024-04-25,标准级,潘锦-14920,潘锦,消费者,沈阳,辽宁,中国,东北,办公用-收纳-10003808,办公用品,收纳具,"Fellowes 盘, 蓝色",1606.92,6,0.0,368.76
7365,CN-202023-4493648,2024-04-21,2024-04-25,标准级,潘锦-14920,潘锦,消费者,沈阳,辽宁,中国,东北,技术-复印-10002416,技术,复印机,"惠普 墨水, 红色",1776.6,5,0.4,-385.0
7366,CN-202023-4493648,2024-04-21,2024-04-25,标准级,潘锦-14920,潘锦,消费者,沈阳,辽宁,中国,东北,办公用-装订-10002712,办公用品,装订机,"Ibico 标签, 实惠",174.636,7,0.4,-96.824
7367,CN-202023-4493648,2024-04-21,2024-04-25,标准级,潘锦-14920,潘锦,消费者,沈阳,辽宁,中国,东北,技术-设备-10002388,技术,设备,"柯尼卡 计算器, 白色",280.224,2,0.4,-14.056
7383,CN-202023-2098822,2024-01-06,2024-01-08,二级,常明-18340,常明媚,消费者,阳江,广东,中国,中南,技术-配件-10004228,技术,配件,"Enermax 键盘, 回收",1137.78,3,0.0,375.06
7384,CN-202023-2098822,2024-01-06,2024-01-08,二级,常明-18340,常明媚,消费者,阳江,广东,中国,中南,家具-用具-10004678,家具,用具,"Eldon 闹钟, 优质",514.64,2,0.0,15.4
7389,US-202023-5313470,2024-05-21,2024-05-28,标准级,洪毅-12490,洪毅,公司,苏州,江苏,中国,华东,家具-椅子-10003924,家具,椅子,"Novimex 扶手椅, 可调",2578.464,2,0.4,-129.136
7390,US-202023-5313470,2024-05-21,2024-05-28,标准级,洪毅-12490,洪毅,公司,苏州,江苏,中国,华东,家具-椅子-10004390,家具,椅子,"SAFCO 扶手椅, 每套两件",6491.52,5,0.4,757.12
7398,CN-202023-5671165,2024-11-03,2024-11-07,标准级,邹雯-21820,邹雯,消费者,北京,北京,中国,华北,办公用-器具-10002516,办公用品,器具,"KitchenAid 搅拌机, 银色",1394.4,3,0.0,194.88
7408,CN-202023-2501800,2024-11-13,2024-11-18,标准级,薛庆-19525,薛庆缘,公司,抚顺,辽宁,中国,东北,技术-电话-10002996,技术,电话,"三星 办公室电话机, 蓝色",365.232,2,0.4,-243.488
7409,CN-202023-2501800,2024-11-13,2024-11-18,标准级,薛庆-19525,薛庆缘,公司,抚顺,辽宁,中国,东北,家具-用具-10003148,家具,用具,"Deflect-O 灯泡, 黑色",106.344,2,0.4,-30.296
7410,CN-202023-4662338,2024-10-29,2024-11-03,标准级,罗安-10210,罗安,消费者,廉州镇,广西,中国,中南,办公用-标签-10000895,办公用品,标签,"Harbour Creations 有色标签, 可调",100.8,2,0.0,15.12
7411,CN-202023-4662338,2024-10-29,2024-11-03,标准级,罗安-10210,罗安,消费者,廉州镇,广西,中国,中南,办公用-系固-10002340,办公用品,系固件,"OIC 按钉, 每包 12 个",200.76,3,0.0,3.78
7416,US-202023-2697955,2024-12-30,2025-01-01,二级,王庆-19555,王庆缘,消费者,天津,天津,中国,华北,办公用-用品-10004482,办公用品,用品,"Kleencut 尺子, 锯齿状",239.4,5,0.0,119.7
7418,CN-202023-5373243,2024-05-25,2024-05-29,二级,廖保-10345,廖保,公司,南充,四川,中国,西南,技术-电话-10000073,技术,电话,"摩托罗拉 信号增强器, 混合尺寸",817.488,2,0.4,-286.272
7419,CN-202023-5373243,2024-05-25,2024-05-29,二级,廖保-10345,廖保,公司,南充,四川,中国,西南,办公用-美术-10004812,办公用品,美术,"Binney & Smith 铅笔刀, 蓝色",99.568,4,0.8,-194.432
7423,US-202023-3325239,2024-03-27,2024-04-01,标准级,黄娟-15130,黄娟,消费者,辽源,吉林,中国,东北,办公用-美术-10001742,办公用品,美术,"Sanford 画布, 整包",1516.928,8,0.2,-247.072
7424,CN-202023-1344410,2024-02-08,2024-02-12,标准级,楚松-20605,楚松,消费者,永丰,湖南,中国,中南,技术-复印-10002416,技术,复印机,"惠普 墨水, 红色",1776.6,3,0.0,479.64
7425,CN-202023-1344410,2024-02-08,2024-02-12,标准级,楚松-20605,楚松,消费者,永丰,湖南,中国,中南,办公用-收纳-10002847,办公用品,收纳具,"Tenex 文件车, 金属",4972.8,8,0.0,1590.4
7427,CN-202023-5486414,2024-05-19,2024-05-25,标准级,夏明-18355,夏明媚,公司,济南,山东,中国,华东,技术-复印-10004582,技术,复印机,"夏普 复印机, 红色",1108.8,1,0.0,0.0
7432,US-202023-3455141,2024-09-16,2024-09-20,二级,任婵-10810,任婵娟,公司,鸡东,黑龙江,中国,东北,技术-复印-10000971,技术,复印机,"Brother 墨水, 彩色",2776.48,4,0.0,82.88
7433,US-202023-3455141,2024-09-16,2024-09-20,二级,任婵-10810,任婵娟,公司,鸡东,黑龙江,中国,东北,家具-书架-10001013,家具,书架,"Dania 搁架, 白色",2406.18,3,0.0,721.56
7434,US-202023-3455141,2024-09-16,2024-09-20,二级,任婵-10810,任婵娟,公司,鸡东,黑龙江,中国,东北,家具-椅子-10003670,家具,椅子,"Harbour Creations 摇椅, 黑色",4725.56,7,0.0,1653.26
7435,US-202023-3455141,2024-09-16,2024-09-20,二级,任婵-10810,任婵娟,公司,鸡东,黑龙江,中国,东北,技术-配件-10002404,技术,配件,"贝尔金 键盘, 耐用",1569.68,4,0.0,219.52
7437,US-202023-3378788,2024-04-14,2024-04-16,二级,巩珑-17845,巩珑,消费者,大庆,黑龙江,中国,东北,办公用-用品-10004482,办公用品,用品,"Kleencut 尺子, 锯齿状",335.16,7,0.0,167.58
7438,US-202023-3378788,2024-04-14,2024-04-16,二级,巩珑-17845,巩珑,消费者,大庆,黑龙江,中国,东北,技术-配件-10002679,技术,配件,"Enermax 路由器, 实惠",10849.86,9,0.0,2494.8
7439,US-202023-4448319,2024-12-14,2024-12-19,标准级,曾辉-12640,曾辉,消费者,沈阳,辽宁,中国,东北,技术-电话-10000920,技术,电话,"三星 智能手机, 蓝色",690.144,2,0.4,-46.256
7440,US-202023-4448319,2024-12-14,2024-12-19,标准级,曾辉-12640,曾辉,消费者,沈阳,辽宁,中国,东北,家具-用具-10000649,家具,用具,"Eldon 闹钟, 黑色",1266.048,8,0.4,125.888
7441,US-202023-4448319,2024-12-14,2024-12-19,标准级,曾辉-12640,曾辉,消费者,沈阳,辽宁,中国,东北,技术-复印-10000725,技术,复印机,"夏普 复印机, 每套两件",2681.28,4,0.4,-1743.28
7450,CN-202023-4843371,2024-02-02,2024-02-07,标准级,罗霖-17530,罗霖,消费者,厦门,福建,中国,华东,技术-配件-10000246,技术,配件,"贝尔金 记忆卡, 可编程",542.78,1,0.0,184.52
7462,US-202023-5260002,2024-03-20,2024-03-25,二级,罗嫒-10060,罗嫒,小型企业,肃州,甘肃,中国,西北,办公用-系固-10002716,办公用品,系固件,"Stockwell 夹子, 金属",54.18,1,0.4,-31.64
7467,CN-202023-5386632,2024-10-03,2024-10-07,标准级,苏晒-19825,苏晒明,消费者,梧州,广西,中国,中南,技术-设备-10004381,技术,设备,"松下 电话, 多色",395.92,1,0.0,0.0
7477,US-202023-1172542,2024-06-27,2024-07-01,标准级,韩丽-16195,韩丽华,消费者,张家口,河北,中国,华北,技术-设备-10001951,技术,设备,"StarTech 喷墨打印机, 多色",4224.78,3,0.0,548.94
7478,US-202023-1172542,2024-06-27,2024-07-01,标准级,韩丽-16195,韩丽华,消费者,张家口,河北,中国,华北,家具-桌子-10000673,家具,桌子,"Chromcraft 电脑桌, 黑色",7760.025,5,0.25,-103.775
7489,CN-202023-5667067,2024-11-13,2024-11-19,标准级,胡凤-12850,胡凤,消费者,娄底,湖南,中国,中南,办公用-美术-10001002,办公用品,美术,"Sanford 铅笔刀, 整包",194.88,2,0.2,12.04
7490,CN-202023-5667067,2024-11-13,2024-11-19,标准级,胡凤-12850,胡凤,消费者,娄底,湖南,中国,中南,办公用-装订-10002546,办公用品,装订机,"Acco 装订机, 回收",144.76,2,0.0,64.96
7491,CN-202023-5667067,2024-11-13,2024-11-19,标准级,胡凤-12850,胡凤,消费者,娄底,湖南,中国,中南,办公用-装订-10004464,办公用品,装订机,"Wilson Jones 标签, 实惠",90.3,3,0.0,36.12
7492,CN-202023-5667067,2024-11-13,2024-11-19,标准级,胡凤-12850,胡凤,消费者,娄底,湖南,中国,中南,办公用-器具-10002993,办公用品,器具,"Hoover 烤面包机, 白色",381.64,1,0.0,106.82
7494,CN-202023-3197896,2024-08-20,2024-08-22,二级,邓实-20245,邓实,消费者,南票,辽宁,中国,东北,技术-设备-10000989,技术,设备,"柯尼卡 卡片打印机, 红色",2412.48,5,0.4,-1528.52
7495,CN-202023-3197896,2024-08-20,2024-08-22,二级,邓实-20245,邓实,消费者,南票,辽宁,中国,东北,办公用-装订-10002474,办公用品,装订机,"Wilson Jones 打孔机, 回收",555.66,7,0.4,-28.42
7496,CN-202023-3197896,2024-08-20,2024-08-22,二级,邓实-20245,邓实,消费者,南票,辽宁,中国,东北,办公用-系固-10004619,办公用品,系固件,"Stockwell 订书钉, 金属",91.728,3,0.4,-52.332
7502,CN-202023-4479160,2024-11-03,2024-11-05,二级,何安-10135,何安,小型企业,淮北,安徽,中国,华东,技术-电话-10004349,技术,电话,"诺基亚 充电器, 蓝色",5936.56,2,0.0,2849.28
7506,CN-202023-5373243,2024-12-17,2024-12-21,标准级,方蔓-17950,方蔓楚,消费者,保定,河北,中国,华北,办公用-纸张-10001957,办公用品,纸张,"Enermax 令, 回收",264.88,2,0.0,23.8
7508,CN-202023-4288435,2024-01-06,2024-01-12,标准级,郝立-16765,郝立,消费者,寿光,山东,中国,华东,办公用-装订-10003676,办公用品,装订机,"Ibico 订书机, 透明",712.32,3,0.0,327.6
7514,US-202023-4651879,2024-06-19,2024-06-20,当日,孙诚-11320,孙诚,消费者,汕头,广东,中国,中南,办公用-系固-10002024,办公用品,系固件,"Stockwell 按钉, 整包",134.12,2,0.0,41.44
7515,CN-202023-1090625,2024-09-09,2024-09-13,标准级,麦虢-13510,麦虢,公司,苏州,江苏,中国,华东,家具-书架-10000835,家具,书架,"Dania 搁架, 金属",945.336,2,0.4,-441.224
7516,CN-202023-1090625,2024-09-09,2024-09-13,标准级,麦虢-13510,麦虢,公司,苏州,江苏,中国,华东,家具-椅子-10004186,家具,椅子,"Novimex 凳子, 可调",1869.84,4,0.4,155.68
7518,CN-202023-2936253,2024-08-12,2024-08-19,标准级,邱谦-19255,邱谦,公司,耒阳,湖南,中国,中南,技术-复印-10002416,技术,复印机,"惠普 墨水, 红色",2368.8,4,0.0,639.52
7520,US-202023-2265001,2024-11-06,2024-11-09,一级,顾升-20125,顾升,小型企业,仪征,江苏,中国,华东,办公用-美术-10000636,办公用品,美术,"Binney & Smith 记号笔, 金属",118.3,5,0.8,-308.0
7522,CN-202023-1321997,2024-06-08,2024-06-14,标准级,吕欢-14155,吕欢悦,消费者,徐州,江苏,中国,华东,技术-配件-10004481,技术,配件,"Enermax 记忆卡, 耐用",2246.16,7,0.4,224.42
7528,CN-202023-2648094,2024-09-28,2024-10-04,标准级,贺锦-14845,贺锦,消费者,北京,北京,中国,华北,办公用-美术-10001243,办公用品,美术,"BIC 记号笔, 金属",516.88,4,0.0,20.16
7529,CN-202023-2648094,2024-09-28,2024-10-04,标准级,贺锦-14845,贺锦,消费者,北京,北京,中国,华北,技术-配件-10001067,技术,配件,"罗技 闪存驱动器, 实惠",142.38,1,0.0,5.6
7530,CN-202023-4186426,2024-08-18,2024-08-19,一级,常升-20020,常升,消费者,枣庄,山东,中国,华东,办公用-收纳-10001488,办公用品,收纳具,"Fellowes 搁板, 单宽度",540.12,2,0.0,221.2
7534,US-202023-3064630,2024-10-23,2024-10-29,标准级,付荣-19690,付荣,消费者,邯郸,河北,中国,华北,技术-复印-10004535,技术,复印机,"佳能 墨水, 彩色",4160.52,6,0.0,373.8
7538,CN-202023-4986506,2024-02-25,2024-03-02,标准级,赖芳-12715,赖芳茵,公司,衢州,浙江,中国,华东,办公用-信封-10002118,办公用品,信封,"Kraft 局间信封, 红色",706.44,3,0.0,77.7
7539,CN-202023-4986506,2024-02-25,2024-03-02,标准级,赖芳-12715,赖芳茵,公司,衢州,浙江,中国,华东,办公用-标签-10003752,办公用品,标签,"Hon 有色标签, 可调",99.96,2,0.0,29.96
7550,CN-202023-2173759,2024-11-20,2024-11-20,当日,邢毅-12475,邢毅,消费者,汕尾,广东,中国,中南,办公用-装订-10003504,办公用品,装订机,"Ibico 装订机, 耐用",316.96,4,0.0,110.88
7553,CN-202023-5093470,2024-08-18,2024-08-24,标准级,陶盛-20395,陶盛,消费者,深圳,广东,中国,中南,技术-复印-10000971,技术,复印机,"Brother 墨水, 彩色",2776.48,4,0.0,82.88
7554,US-202023-1730893,2024-11-27,2024-12-01,二级,潘琼-19630,潘琼,公司,江都,江苏,中国,华东,技术-复印-10001796,技术,复印机,"佳能 传真机, 数字化",3561.936,4,0.4,-712.544
7555,US-202023-1730893,2024-11-27,2024-12-01,二级,潘琼-19630,潘琼,公司,江都,江苏,中国,华东,办公用-美术-10002494,办公用品,美术,"BIC 铅笔刀, 蓝色",27.076,1,0.8,-60.984
7556,US-202023-1730893,2024-11-27,2024-12-01,二级,潘琼-19630,潘琼,公司,江都,江苏,中国,华东,技术-配件-10001666,技术,配件,"SanDisk 键区, 回收",446.544,3,0.4,-0.336
7557,US-202023-1730893,2024-11-27,2024-12-01,二级,潘琼-19630,潘琼,公司,江都,江苏,中国,华东,办公用-器具-10001087,办公用品,器具,"Hamilton Beach 烤面包机, 黑色",318.864,2,0.4,-85.176
7558,US-202023-1730893,2024-11-27,2024-12-01,二级,潘琼-19630,潘琼,公司,江都,江苏,中国,华东,办公用-标签-10000834,办公用品,标签,"Hon 有色标签, 红色",294.7,5,0.0,137.9
7571,CN-202023-4839636,2024-09-21,2024-09-25,二级,蒋宣-20830,蒋宣,消费者,杭州,浙江,中国,华东,办公用-纸张-10004731,办公用品,纸张,"Enermax 羊皮纸, 每包 12 个",273.42,3,0.0,103.74
7572,CN-202023-4839636,2024-09-21,2024-09-25,二级,蒋宣-20830,蒋宣,消费者,杭州,浙江,中国,华东,办公用-器具-10000254,办公用品,器具,"KitchenAid 咖啡研磨机, 白色",576.324,3,0.4,-211.596
7575,US-202023-5645996,2024-12-04,2024-12-08,二级,田诚-11335,田诚,小型企业,南宁,广西,中国,中南,技术-设备-10000415,技术,设备,"冲电器 喷墨打印机, 红色",2905.0,2,0.0,1045.8
7576,US-202023-5645996,2024-12-04,2024-12-08,二级,田诚-11335,田诚,小型企业,南宁,广西,中国,中南,办公用-系固-10002024,办公用品,系固件,"Stockwell 按钉, 整包",402.36,6,0.0,124.32
7577,CN-202023-1137701,2024-12-18,2024-12-22,标准级,肖菊-15010,肖菊,公司,北京,北京,中国,华北,办公用-标签-10004472,办公用品,标签,"Avery 文件夹标签, 红色",125.16,3,0.0,52.5
7578,CN-202023-2418676,2024-09-26,2024-09-30,标准级,陶武-21880,陶武,公司,济宁,山东,中国,华东,办公用-标签-10004327,办公用品,标签,"Novimex 文件夹标签, 可调",86.1,3,0.0,38.64
7582,US-202023-1610589,2024-11-06,2024-11-10,标准级,楚杰-14710,楚杰,消费者,吉林市,吉林,中国,东北,办公用-系固-10003721,办公用品,系固件,"Stockwell 图钉, 整包",122.64,2,0.0,42.84
7593,US-202023-5495957,2024-08-17,2024-08-20,二级,钱珑-17830,钱珑,消费者,哈尔滨,黑龙江,中国,东北,技术-配件-10002006,技术,配件,"Memorex 鼠标, 回收",848.68,7,0.0,151.9
7594,US-202023-5495957,2024-08-17,2024-08-20,二级,钱珑-17830,钱珑,消费者,哈尔滨,黑龙江,中国,东北,办公用-收纳-10000741,办公用品,收纳具,"Fellowes 盒, 单宽度",459.9,5,0.0,137.9
7595,US-202023-5495957,2024-08-17,2024-08-20,二级,钱珑-17830,钱珑,消费者,哈尔滨,黑龙江,中国,东北,技术-设备-10003187,技术,设备,"StarTech 打印机, 红色",7092.96,6,0.0,0.0
7596,US-202023-4774798,2024-12-22,2024-12-24,二级,贺锦-14845,贺锦,消费者,宁波,浙江,中国,华东,技术-配件-10004519,技术,配件,"罗技 鼠标, 实惠",245.952,3,0.4,-45.108
7598,US-202023-1070056,2024-05-22,2024-05-26,标准级,叶实-20290,叶实,公司,洛阳,广东,中国,中南,家具-用具-10001878,家具,用具,"Rubvermaid 闹钟, 黑色",1404.48,6,0.0,69.72
7599,CN-202023-4853457,2024-05-13,2024-05-17,标准级,邓姝-20500,邓姝,消费者,扬州,江苏,中国,华东,办公用-纸张-10004686,办公用品,纸张,"SanDisk 信纸, 多色",465.08,2,0.0,125.44
7603,CN-202023-4596452,2024-10-29,2024-11-04,标准级,朱丽-17335,朱丽丽,小型企业,长春,吉林,中国,东北,技术-设备-10003419,技术,设备,"冲电器 收据打印机, 白色",2264.64,4,0.0,566.16
7604,CN-202023-4596452,2024-10-29,2024-11-04,标准级,朱丽-17335,朱丽丽,小型企业,长春,吉林,中国,东北,家具-椅子-10001807,家具,椅子,"SAFCO 折叠椅, 每套两件",2873.36,7,0.0,430.22
7605,CN-202023-4596452,2024-10-29,2024-11-04,标准级,朱丽-17335,朱丽丽,小型企业,长春,吉林,中国,东北,技术-电话-10003187,技术,电话,"诺基亚 充电器, 混合尺寸",11926.32,4,0.0,5605.04
7606,CN-202023-1118715,2024-06-30,2024-07-02,一级,邢德-12160,邢德伟,消费者,昆明,云南,中国,西南,办公用-纸张-10002408,办公用品,纸张,"施乐 计划信息表, 每包 12 个",457.52,4,0.0,22.4
7607,CN-202023-1118715,2024-06-30,2024-07-02,一级,邢德-12160,邢德伟,消费者,昆明,云南,中国,西南,办公用-用品-10004143,办公用品,用品,"Kleencut 美工刀, 锯齿状",438.9,3,0.0,149.1
7608,CN-202023-1118715,2024-06-30,2024-07-02,一级,邢德-12160,邢德伟,消费者,昆明,云南,中国,西南,技术-复印-10000732,技术,复印机,"Hewlett 个人复印机, 彩色",1631.952,3,0.2,-61.488
7609,CN-202023-5373243,2024-11-07,2024-11-11,标准级,洪黎-16345,洪黎明,消费者,重庆,重庆,中国,西南,家具-用具-10002267,家具,用具,"Advantus 分层置放架, 优质",116.62,1,0.0,57.12
7610,CN-202023-5373243,2024-11-07,2024-11-11,标准级,洪黎-16345,洪黎明,消费者,重庆,重庆,中国,西南,办公用-美术-10002415,办公用品,美术,"Boston 画布, 混合尺寸",265.16,1,0.0,82.18
7611,CN-202023-5373243,2024-11-07,2024-11-11,标准级,洪黎-16345,洪黎明,消费者,重庆,重庆,中国,西南,办公用-收纳-10000186,办公用品,收纳具,"Eldon 搁板, 单宽度",1808.8,8,0.0,795.2
7612,CN-202023-5373243,2024-11-07,2024-11-11,标准级,洪黎-16345,洪黎明,消费者,重庆,重庆,中国,西南,技术-设备-10001362,技术,设备,"冲电器 卡片打印机, 多色",5743.78,7,0.0,2813.58
7613,CN-202023-5386927,2024-04-01,2024-04-03,一级,秦刚-13075,秦刚,公司,重庆,重庆,中国,西南,办公用-系固-10003871,办公用品,系固件,"Stockwell 订书钉, 每包 12 个",95.48,2,0.0,1.68
7614,CN-202023-5386927,2024-04-01,2024-04-03,一级,秦刚-13075,秦刚,公司,重庆,重庆,中国,西南,技术-配件-10002176,技术,配件,"贝尔金 鼠标, 耐用",954.8,5,0.0,219.1
7615,CN-202023-5386927,2024-04-01,2024-04-03,一级,秦刚-13075,秦刚,公司,重庆,重庆,中国,西南,家具-桌子-10002841,家具,桌子,"Lesro 会议桌, 组装",19242.72,8,0.4,-4490.08
7616,CN-202023-5386927,2024-04-01,2024-04-03,一级,秦刚-13075,秦刚,公司,重庆,重庆,中国,西南,家具-用具-10000579,家具,用具,"Eldon 门挡, 一包多件",1171.8,5,0.0,35.0
7617,CN-202023-5386927,2024-04-01,2024-04-03,一级,秦刚-13075,秦刚,公司,重庆,重庆,中国,西南,家具-用具-10002645,家具,用具,"Advantus 灯泡, 耐用",159.6,2,0.0,0.0
7629,US-202023-4217149,2024-01-07,2024-01-12,标准级,施丽-17380,施丽丽,公司,汶上,山东,中国,华东,办公用-收纳-10004248,办公用品,收纳具,"Fellowes 搁板, 工业",544.32,2,0.0,250.32
7630,CN-202023-5386927,2024-11-27,2024-12-01,标准级,邹凤-13000,邹凤,消费者,牙克石,内蒙古,中国,华北,技术-设备-10004708,技术,设备,"冲电器 电话, 红色",470.4,2,0.4,-305.76
7634,CN-202023-4647823,2024-01-27,2024-02-01,标准级,贺舟-11425,贺舟,消费者,佳木斯,黑龙江,中国,东北,办公用-器具-10000575,办公用品,器具,"Cuisinart 搅拌机, 红色",1250.48,4,0.0,149.52
7635,CN-202023-4647823,2024-01-27,2024-02-01,标准级,贺舟-11425,贺舟,消费者,佳木斯,黑龙江,中国,东北,家具-桌子-10000395,家具,桌子,"Barricks 木桌, 组装",1814.4,1,0.25,459.62
7636,CN-202023-4078386,2024-12-12,2024-12-18,标准级,付荣-19690,付荣,消费者,厦门,福建,中国,华东,办公用-收纳-10004593,办公用品,收纳具,"Smead 文件车, 单宽度",5394.06,9,0.0,1779.12
7637,CN-202023-4309040,2024-08-24,2024-08-29,标准级,倪芬-12790,倪芬,小型企业,洛阳,广东,中国,中南,技术-电话-10003000,技术,电话,"思科 信号增强器, 混合尺寸",2165.52,3,0.0,21.42
7638,CN-202023-4309040,2024-08-24,2024-08-29,标准级,倪芬-12790,倪芬,小型企业,洛阳,广东,中国,中南,家具-椅子-10000676,家具,椅子,"SAFCO 椅垫, 可调",523.404,2,0.1,209.244
7643,CN-202023-5837615,2024-02-06,2024-02-12,标准级,薛健-14560,薛健,公司,宣化,河北,中国,华北,家具-椅子-10003097,家具,椅子,"Hon 折叠椅, 可调",1174.74,3,0.0,434.28
7646,CN-202023-4433229,2024-10-16,2024-10-18,一级,熊宣-20875,熊宣,消费者,青岛,山东,中国,华东,办公用-用品-10004001,办公用品,用品,"Fiskars 大剪刀, 蓝色",889.28,4,0.0,79.52
7650,CN-202023-1752478,2024-05-13,2024-05-17,标准级,殷珑-17905,殷珑,公司,武汉,湖北,中国,中南,办公用-标签-10001294,办公用品,标签,"Hon 合法证物标签, 耐用",262.5,5,0.0,75.6
7651,CN-202023-1752478,2024-05-13,2024-05-17,标准级,殷珑-17905,殷珑,公司,武汉,湖北,中国,中南,家具-椅子-10002246,家具,椅子,"Novimex 沙滩椅, 每套两件",404.964,3,0.4,-20.496
7652,CN-202023-1752478,2024-05-13,2024-05-17,标准级,殷珑-17905,殷珑,公司,武汉,湖北,中国,中南,家具-椅子-10002161,家具,椅子,"Harbour Creations 摇椅, 每套两件",1254.456,3,0.4,-83.664
7661,CN-202023-2547654,2024-01-12,2024-01-19,标准级,邱荷-13690,邱荷,消费者,鹤岗,黑龙江,中国,东北,家具-用具-10003485,家具,用具,"Advantus 闹钟, 黑色",479.64,2,0.0,4.76
7665,CN-202023-4282122,2024-10-31,2024-11-02,一级,葛毅-12505,葛毅,消费者,潍坊,山东,中国,华东,家具-用具-10004607,家具,用具,"Deflect-O 框架, 一包多件",1541.4,3,0.0,261.66
7675,CN-202023-5598912,2024-01-29,2024-01-29,当日,袁丽-16285,袁丽美,小型企业,辛集,河北,中国,华北,办公用-器具-10002119,办公用品,器具,"KitchenAid 搅拌机, 红色",922.6,2,0.0,359.8
7676,CN-202023-5598912,2024-01-29,2024-01-29,当日,袁丽-16285,袁丽美,小型企业,辛集,河北,中国,华北,家具-椅子-10001807,家具,椅子,"SAFCO 折叠椅, 每套两件",2462.88,6,0.0,368.76
7681,US-202023-2089373,2024-01-06,2024-01-07,一级,谢斯-20950,谢斯云,公司,湖州,浙江,中国,华东,家具-椅子-10001812,家具,椅子,"Harbour Creations 折叠椅, 可调",562.128,2,0.4,-84.392
7689,CN-202023-2210906,2024-06-23,2024-06-27,标准级,薛君-15205,薛君,消费者,成都,四川,中国,西南,办公用-用品-10004243,办公用品,用品,"Acme 大剪刀, 钢",828.576,6,0.4,-0.504
7694,CN-202023-4480622,2024-10-29,2024-11-01,二级,万虹-13900,万虹,消费者,洛阳,福建,中国,华东,技术-电话-10004899,技术,电话,"苹果 智能手机, 混合尺寸",588.7,1,0.0,94.08
7698,CN-202023-3188485,2024-05-05,2024-05-07,二级,彭伟-21550,彭伟,小型企业,上海,上海,中国,华东,技术-电话-10000073,技术,电话,"摩托罗拉 信号增强器, 混合尺寸",3406.2,5,0.0,646.8
7699,CN-202023-3188485,2024-05-05,2024-05-07,二级,彭伟-21550,彭伟,小型企业,上海,上海,中国,华东,办公用-美术-10001002,办公用品,美术,"Sanford 铅笔刀, 整包",243.6,2,0.0,60.76
7712,US-202023-1850111,2024-07-27,2024-08-02,标准级,邓姝-20500,邓姝,消费者,溪美,福建,中国,华东,家具-桌子-10004719,家具,桌子,"Bevis 圆桌, 黑色",5803.728,4,0.4,-0.112
7713,US-202023-1850111,2024-07-27,2024-08-02,标准级,邓姝-20500,邓姝,消费者,溪美,福建,中国,华东,家具-椅子-10002636,家具,椅子,"Hon 椅垫, 每套两件",539.28,2,0.0,188.72
7715,CN-202023-4163182,2024-05-15,2024-05-21,标准级,常丽-16180,常丽华,消费者,齐齐哈尔,黑龙江,中国,东北,办公用-标签-10003755,办公用品,标签,"Novimex 可去除的标签, 白色",184.24,4,0.0,77.28
7716,CN-202023-4163182,2024-05-15,2024-05-21,标准级,常丽-16180,常丽华,消费者,齐齐哈尔,黑龙江,中国,东北,办公用-标签-10003939,办公用品,标签,"Harbour Creations 有色标签, 红色",356.16,6,0.0,35.28
7717,CN-202023-4163182,2024-05-15,2024-05-21,标准级,常丽-16180,常丽华,消费者,齐齐哈尔,黑龙江,中国,东北,家具-用具-10001796,家具,用具,"Eldon 灯泡, 黑色",588.0,5,0.0,258.3
7718,CN-202023-4163182,2024-05-15,2024-05-21,标准级,常丽-16180,常丽华,消费者,齐齐哈尔,黑龙江,中国,东北,家具-用具-10000958,家具,用具,"Advantus 门挡, 耐用",588.84,3,0.0,70.56
7719,CN-202023-4163182,2024-05-15,2024-05-21,标准级,常丽-16180,常丽华,消费者,齐齐哈尔,黑龙江,中国,东北,办公用-标签-10004202,办公用品,标签,"Hon 可去除的标签, 可调",114.24,3,0.0,52.5
7720,CN-202023-4163182,2024-05-15,2024-05-21,标准级,常丽-16180,常丽华,消费者,齐齐哈尔,黑龙江,中国,东北,技术-电话-10001493,技术,电话,"三星 充电器, 整包",11876.48,4,0.0,3206.56
7721,CN-202023-4163182,2024-05-15,2024-05-21,标准级,常丽-16180,常丽华,消费者,齐齐哈尔,黑龙江,中国,东北,家具-用具-10003485,家具,用具,"Advantus 闹钟, 黑色",1438.92,6,0.0,14.28
7722,CN-202023-4163182,2024-05-15,2024-05-21,标准级,常丽-16180,常丽华,消费者,齐齐哈尔,黑龙江,中国,东北,家具-用具-10004892,家具,用具,"Advantus 分层置放架, 黑色",615.3,5,0.0,208.6
7740,CN-202023-3557528,2024-07-31,2024-08-02,一级,郝廉-17245,郝廉,消费者,玉林,广西,中国,中南,办公用-标签-10000039,办公用品,标签,"Avery 可去除的标签, 白色",100.24,2,0.0,3.92
7741,CN-202023-3557528,2024-07-31,2024-08-02,一级,郝廉-17245,郝廉,消费者,玉林,广西,中国,中南,技术-配件-10004265,技术,配件,"Enermax 键盘, 耐用",1952.3,5,0.0,585.2
7742,CN-202023-3064620,2024-08-28,2024-09-01,标准级,潘荷-13735,潘荷,小型企业,孝感,湖北,中国,中南,家具-椅子-10000676,家具,椅子,"SAFCO 椅垫, 可调",523.404,3,0.4,52.164
7743,CN-202023-2121055,2024-08-04,2024-08-08,标准级,卢芳-12775,卢芳,消费者,龙泉,云南,中国,西南,办公用-系固-10002707,办公用品,系固件,"Advantus 按钉, 金属",475.3,7,0.0,147.0
7744,CN-202023-2121055,2024-08-04,2024-08-08,标准级,卢芳-12775,卢芳,消费者,龙泉,云南,中国,西南,办公用-收纳-10002846,办公用品,收纳具,"Rogers 搁板, 工业",1460.9,5,0.0,28.7
7745,CN-202023-2121055,2024-08-04,2024-08-08,标准级,卢芳-12775,卢芳,消费者,龙泉,云南,中国,西南,技术-配件-10000976,技术,配件,"SanDisk 鼠标, 耐用",359.52,2,0.0,154.56
7746,CN-202023-2121055,2024-08-04,2024-08-08,标准级,卢芳-12775,卢芳,消费者,龙泉,云南,中国,西南,办公用-器具-10000373,办公用品,器具,"Breville 冰箱, 银色",4854.08,2,0.0,1019.2
7747,CN-202023-1290698,2024-03-24,2024-03-30,标准级,贺晨-11125,贺晨,小型企业,西安,陕西,中国,西北,办公用-器具-10002224,办公用品,器具,"Breville 搅拌机, 白色",824.88,2,0.0,74.2
7748,CN-202023-1290698,2024-03-24,2024-03-30,标准级,贺晨-11125,贺晨,小型企业,西安,陕西,中国,西北,家具-用具-10001078,家具,用具,"Advantus 灯泡, 优质",784.98,9,0.0,78.12
7750,US-202023-3436186,2024-04-30,2024-05-03,一级,楚虢-13465,楚虢,消费者,沈阳,辽宁,中国,东北,办公用-装订-10004481,办公用品,装订机,"Acco 孔加固材料, 实惠",93.24,5,0.4,1.54
7752,CN-202023-2372663,2024-12-21,2024-12-25,标准级,曹冬-12445,曹冬露,消费者,重庆,重庆,中国,西南,家具-书架-10004015,家具,书架,"Bush 墙角架, 传统",3471.72,6,0.0,867.72
7753,CN-202023-2372663,2024-12-21,2024-12-25,标准级,曹冬-12445,曹冬露,消费者,重庆,重庆,中国,西南,技术-复印-10000779,技术,复印机,"夏普 个人复印机, 红色",2206.4,5,0.2,413.7
7754,CN-202023-2372663,2024-12-21,2024-12-25,标准级,曹冬-12445,曹冬露,消费者,重庆,重庆,中国,西南,办公用-装订-10001901,办公用品,装订机,"Acco 孔加固材料, 回收",163.8,5,0.0,2.8
7755,CN-202023-2372663,2024-12-21,2024-12-25,标准级,曹冬-12445,曹冬露,消费者,重庆,重庆,中国,西南,家具-用具-10000539,家具,用具,"Tenex 门挡, 一包多件",410.2,2,0.0,139.44
7756,CN-202023-2372663,2024-12-21,2024-12-25,标准级,曹冬-12445,曹冬露,消费者,重庆,重庆,中国,西南,技术-复印-10004642,技术,复印机,"夏普 传真机, 每套两件",5518.8,5,0.2,-620.9
7757,CN-202023-2372663,2024-12-21,2024-12-25,标准级,曹冬-12445,曹冬露,消费者,重庆,重庆,中国,西南,办公用-信封-10001526,办公用品,信封,"GlobeWeis 外皮和封条, 回收",376.88,4,0.0,18.48
7758,CN-202023-2372663,2024-12-21,2024-12-25,标准级,曹冬-12445,曹冬露,消费者,重庆,重庆,中国,西南,办公用-美术-10001035,办公用品,美术,"Boston 荧光笔, 金属",281.82,3,0.0,67.62
7759,CN-202023-2372663,2024-12-21,2024-12-25,标准级,曹冬-12445,曹冬露,消费者,重庆,重庆,中国,西南,办公用-系固-10001342,办公用品,系固件,"Stockwell 按钉, 整包",587.16,9,0.0,269.64
7763,US-202023-1363241,2024-05-16,2024-05-20,二级,范彩-10615,范彩,公司,锡林浩特,内蒙古,中国,华北,办公用-系固-10002825,办公用品,系固件,"Advantus 订书钉, 整包",273.672,9,0.4,-77.868
7764,US-202023-1363241,2024-05-16,2024-05-20,二级,范彩-10615,范彩,公司,锡林浩特,内蒙古,中国,华北,技术-设备-10000554,技术,设备,"爱普生 卡片打印机, 红色",1871.52,4,0.4,280.56
7766,CN-202023-3566090,2024-11-02,2024-11-09,标准级,陶恒-13645,陶恒,消费者,安丘,山东,中国,华东,家具-用具-10000751,家具,用具,"Deflect-O 门挡, 耐用",382.48,2,0.0,171.92
7774,CN-202023-1344410,2024-02-07,2024-02-12,标准级,冯松-20635,冯松,公司,开通,吉林,中国,东北,办公用-收纳-10004690,办公用品,收纳具,"Fellowes 盘, 工业",1080.24,4,0.0,474.88
7775,CN-202023-1344410,2024-02-07,2024-02-12,标准级,冯松-20635,冯松,公司,开通,吉林,中国,东北,家具-桌子-10000395,家具,桌子,"Barricks 木桌, 组装",9072.0,5,0.25,2298.1
7776,CN-202023-1344410,2024-02-07,2024-02-12,标准级,冯松-20635,冯松,公司,开通,吉林,中国,东北,技术-电话-10001271,技术,电话,"摩托罗拉 耳机, 整包",1862.7,5,0.0,651.7
7783,CN-202023-3865865,2024-11-18,2024-11-22,标准级,常盛-20305,常盛,消费者,汉沽,天津,中国,华北,技术-电话-10001870,技术,电话,"三星 信号增强器, 蓝色",1912.26,3,0.0,18.9
7785,CN-202023-2257547,2024-08-31,2024-08-31,当日,薛磊-15985,薛磊,消费者,天津,天津,中国,华北,办公用-器具-10003069,办公用品,器具,"KitchenAid 咖啡研磨机, 银色",1329.44,4,0.0,185.92
7786,CN-202023-2257547,2024-08-31,2024-08-31,当日,薛磊-15985,薛磊,消费者,天津,天津,中国,华北,办公用-装订-10001394,办公用品,装订机,"Avery 订书机, 实惠",911.68,4,0.0,200.48
7787,US-202023-3847012,2024-05-29,2024-06-03,标准级,武明-18385,武明媚,消费者,开原,辽宁,中国,东北,办公用-器具-10003727,办公用品,器具,"Hoover 微波炉, 白色",2576.952,3,0.4,-86.268
7788,US-202023-3847012,2024-05-29,2024-06-03,标准级,武明-18385,武明媚,消费者,开原,辽宁,中国,东北,办公用-用品-10004807,办公用品,用品,"Stiletto 剪刀, 锯齿状",113.736,2,0.4,14.896
7789,US-202023-3847012,2024-05-29,2024-06-03,标准级,武明-18385,武明媚,消费者,开原,辽宁,中国,东北,办公用-用品-10001871,办公用品,用品,"Fiskars 开信刀, 蓝色",312.816,4,0.4,-94.304
7790,US-202023-3847012,2024-05-29,2024-06-03,标准级,武明-18385,武明媚,消费者,开原,辽宁,中国,东北,办公用-装订-10001901,办公用品,装订机,"Cardinal 标签, 实惠",40.656,2,0.4,-9.744
7791,US-202023-3847012,2024-05-29,2024-06-03,标准级,武明-18385,武明媚,消费者,开原,辽宁,中国,东北,办公用-标签-10001201,办公用品,标签,"Avery 合法证物标签, 红色",156.24,3,0.0,16.8
7794,CN-202023-4596452,2024-07-21,2024-07-25,二级,徐婵-11005,徐婵,小型企业,安达,黑龙江,中国,东北,技术-复印-10002888,技术,复印机,"Hewlett 传真复印机, 数字化",1796.76,2,0.0,592.76
7795,CN-202023-4596452,2024-07-21,2024-07-25,二级,徐婵-11005,徐婵,小型企业,安达,黑龙江,中国,东北,办公用-信封-10004866,办公用品,信封,"Kraft 马尼拉纸信封, 红色",420.42,3,0.0,21.0
7796,CN-202023-4596452,2024-07-21,2024-07-25,二级,徐婵-11005,徐婵,小型企业,安达,黑龙江,中国,东北,技术-设备-10002867,技术,设备,"爱普生 收据打印机, 红色",1065.68,2,0.0,223.72
7797,CN-202023-4596452,2024-07-21,2024-07-25,二级,徐婵-11005,徐婵,小型企业,安达,黑龙江,中国,东北,技术-电话-10004837,技术,电话,"思科 耳机, 整包",1652.56,4,0.0,462.56
7802,CN-202023-2875530,2024-05-14,2024-05-16,一级,陈霖-17500,陈霖,消费者,汕头,广东,中国,中南,办公用-收纳-10001132,办公用品,收纳具,"Rogers 盒, 单宽度",224.0,2,0.0,8.96
7805,CN-202023-3279950,2024-11-09,2024-11-14,标准级,贺婵-10915,贺婵,消费者,大同,安徽,中国,华东,家具-用具-10003909,家具,用具,"Eldon 分层置放架, 一包多件",589.12,4,0.0,76.16
7806,CN-202023-3279950,2024-11-09,2024-11-14,标准级,贺婵-10915,贺婵,消费者,大同,安徽,中国,华东,技术-配件-10004773,技术,配件,"贝尔金 闪存驱动器, 回收",556.5,3,0.0,16.38
7816,US-202023-5747151,2024-10-29,2024-11-03,标准级,黄婷-21085,黄婷,消费者,埠河,湖北,中国,中南,办公用-装订-10002021,办公用品,装订机,"Wilson Jones 装订机, 透明",139.776,4,0.4,11.536
7823,CN-202023-2686699,2024-08-10,2024-08-14,标准级,马莲-17035,马莲,公司,阿城,黑龙江,中国,东北,家具-椅子-10002778,家具,椅子,"Office Star 沙滩椅, 每套两件",1884.54,7,0.0,263.62
7831,CN-202023-5907567,2024-09-15,2024-09-20,标准级,白欢-14245,白欢,小型企业,汕头,广东,中国,中南,办公用-标签-10001814,办公用品,标签,"Smead 运输标签, 耐用",112.0,2,0.0,23.52
7839,CN-202023-2063413,2024-06-17,2024-06-21,二级,巩光-13435,巩光,消费者,上海,上海,中国,华东,家具-用具-10001977,家具,用具,"Eldon 框架, 优质",536.06,1,0.0,246.54
7840,CN-202023-2063413,2024-06-17,2024-06-21,二级,巩光-13435,巩光,消费者,上海,上海,中国,华东,家具-书架-10002309,家具,书架,"宜家 墙角架, 黑色",1161.16,2,0.0,127.68
7841,CN-202023-2063413,2024-06-17,2024-06-21,二级,巩光-13435,巩光,消费者,上海,上海,中国,华东,技术-复印-10004433,技术,复印机,"Brother 墨水, 红色",1358.0,2,0.0,285.04
7842,CN-202023-2063413,2024-06-17,2024-06-21,二级,巩光-13435,巩光,消费者,上海,上海,中国,华东,办公用-美术-10000664,办公用品,美术,"Boston 荧光笔, 混合尺寸",205.8,2,0.0,24.64
7843,CN-202023-2063413,2024-06-17,2024-06-21,二级,巩光-13435,巩光,消费者,上海,上海,中国,华东,技术-电话-10001271,技术,电话,"摩托罗拉 耳机, 整包",1117.62,3,0.0,391.02
7844,CN-202023-2063413,2024-06-17,2024-06-21,二级,巩光-13435,巩光,消费者,上海,上海,中国,华东,办公用-收纳-10000652,办公用品,收纳具,"Eldon 文件夹, 金属",224.7,3,0.0,103.32
7845,US-202023-1218432,2024-09-23,2024-09-26,一级,钱宁-18655,钱宁,公司,西安,陕西,中国,西北,家具-用具-10003555,家具,用具,"Rubvermaid 闹钟, 一包多件",1640.52,7,0.0,147.0
7853,CN-202023-2558627,2024-06-10,2024-06-15,标准级,秦梦-18145,秦梦,消费者,景洪,云南,中国,西南,办公用-信封-10000686,办公用品,信封,"GlobeWeis 局间信封, 每套 50 个",1338.96,6,0.0,548.52
7864,US-202023-5252007,2024-09-14,2024-09-16,一级,陶昌-11065,陶昌,消费者,吉林市,吉林,中国,东北,办公用-装订-10003441,办公用品,装订机,"Avery 标签, 耐用",73.08,2,0.0,13.72
7866,CN-202023-3737485,2024-11-11,2024-11-14,二级,陶莞-13315,陶莞颖,消费者,西安,陕西,中国,西北,办公用-器具-10003822,办公用品,器具,"KitchenAid 咖啡研磨机, 红色",1315.44,4,0.0,144.48
7867,CN-202023-3737485,2024-11-11,2024-11-14,二级,陶莞-13315,陶莞颖,消费者,西安,陕西,中国,西北,家具-书架-10002369,家具,书架,"Dania 书架, 金属",1129.8,2,0.0,451.92
7869,CN-202023-1243146,2024-10-03,2024-10-07,标准级,陶恒-13645,陶恒,消费者,七台河,黑龙江,中国,东北,技术-复印-10004145,技术,复印机,"Hewlett 无线传真机, 红色",7063.28,4,0.0,1553.44
7876,CN-202023-1067897,2024-05-22,2024-05-26,标准级,宋立-16840,宋立,消费者,舒兰,吉林,中国,东北,技术-配件-10003923,技术,配件,"SanDisk 记忆卡, 实惠",2622.9,5,0.0,524.3
7882,CN-202023-3766882,2024-02-13,2024-02-16,一级,付松-20650,付松,公司,遵义,贵州,中国,西南,办公用-用品-10002325,办公用品,用品,"Stiletto 尺子, 工业",154.0,2,0.0,32.2
7883,CN-202023-3766882,2024-02-13,2024-02-16,一级,付松-20650,付松,公司,遵义,贵州,中国,西南,办公用-收纳-10003383,办公用品,收纳具,"Eldon 盘, 蓝色",671.58,3,0.0,53.34
7884,CN-202023-3766882,2024-02-13,2024-02-16,一级,付松-20650,付松,公司,遵义,贵州,中国,西南,家具-书架-10004006,家具,书架,"Sauder 柜, 黑色",4704.84,6,0.0,893.76
7885,CN-202023-3766882,2024-02-13,2024-02-16,一级,付松-20650,付松,公司,遵义,贵州,中国,西南,办公用-装订-10002095,办公用品,装订机,"Cardinal 打孔机, 耐用",141.4,1,0.0,50.82
7886,CN-202023-3766882,2024-02-13,2024-02-16,一级,付松-20650,付松,公司,遵义,贵州,中国,西南,家具-用具-10001101,家具,用具,"Tenex 框架, 黑色",4105.92,8,0.0,614.88
7887,CN-202023-2642546,2024-08-20,2024-08-26,标准级,顾升-20125,顾升,小型企业,上海,上海,中国,华东,办公用-收纳-10001996,办公用品,收纳具,"Fellowes 搁板, 金属",1062.32,4,0.0,63.28
7888,CN-202023-2642546,2024-08-20,2024-08-26,标准级,顾升-20125,顾升,小型企业,上海,上海,中国,华东,家具-椅子-10004870,家具,椅子,"Harbour Creations 凳子, 黑色",2487.66,3,0.0,547.26
7900,US-202023-1172542,2024-05-22,2024-05-23,当日,洪光-13420,洪光,公司,台城,广东,中国,中南,技术-配件-10002665,技术,配件,"SanDisk 记忆卡, 回收",1028.72,2,0.0,483.28
7901,CN-202023-4448783,2024-09-07,2024-09-11,二级,邵绅-19990,邵绅,消费者,深圳,广东,中国,中南,家具-书架-10004730,家具,书架,"Sauder 书架, 金属",1365.28,2,0.0,313.88
7903,CN-202023-4490778,2024-02-17,2024-02-21,二级,曹达-11800,曹达侠,小型企业,浯溪,湖南,中国,中南,办公用-信封-10004848,办公用品,信封,"Cameo 搭扣信封, 回收",232.68,6,0.0,1.68
7904,CN-202023-2295401,2024-01-17,2024-01-22,标准级,曹伟-21580,曹伟,消费者,桂林,广西,中国,中南,家具-用具-10003670,家具,用具,"Rubvermaid 门挡, 一包多件",1023.4,5,0.0,378.0
7905,CN-202023-2295401,2024-01-17,2024-01-22,标准级,曹伟-21580,曹伟,消费者,桂林,广西,中国,中南,办公用-器具-10004119,办公用品,器具,"Hoover 搅拌机, 白色",889.56,2,0.0,329.0
7910,CN-202023-3868597,2024-11-09,2024-11-11,一级,顾莲-16975,顾莲,小型企业,忻州,湖北,中国,中南,办公用-用品-10001002,办公用品,用品,"Acme 剪刀, 锯齿状",247.968,4,0.4,-136.752
7911,CN-202023-4713954,2024-12-23,2024-12-27,二级,汤欢-14185,汤欢悦,消费者,汪清,吉林,中国,东北,办公用-装订-10002049,办公用品,装订机,"Ibico 装订机盖, 透明",122.36,2,0.0,20.72
7917,US-202023-2045726,2024-09-18,2024-09-24,标准级,孙诚-11320,孙诚,消费者,化州,广东,中国,中南,家具-椅子-10002161,家具,椅子,"Harbour Creations 摇椅, 每套两件",1881.684,3,0.1,543.564
7918,US-202023-2045726,2024-09-18,2024-09-24,标准级,孙诚-11320,孙诚,消费者,化州,广东,中国,中南,办公用-纸张-10002896,办公用品,纸张,"Enermax 令, 优质",1062.88,8,0.0,41.44
7925,CN-202023-5929986,2024-03-30,2024-04-01,二级,巩虢-13495,巩虢,公司,武汉,湖北,中国,中南,办公用-收纳-10000480,办公用品,收纳具,"Tenex 锁柜, 蓝色",4763.5,5,0.0,2381.4
7926,CN-202023-5929986,2024-03-30,2024-04-01,二级,巩虢-13495,巩虢,公司,武汉,湖北,中国,中南,技术-复印-10001249,技术,复印机,"夏普 个人复印机, 数字化",1004.976,3,0.4,-418.824
7927,CN-202023-5929986,2024-03-30,2024-04-01,二级,巩虢-13495,巩虢,公司,武汉,湖北,中国,中南,办公用-信封-10001487,办公用品,信封,"GlobeWeis 外皮和封条, 银色",555.1,5,0.0,277.2
7928,CN-202023-5929986,2024-03-30,2024-04-01,二级,巩虢-13495,巩虢,公司,武汉,湖北,中国,中南,办公用-器具-10002119,办公用品,器具,"KitchenAid 搅拌机, 红色",1937.46,7,0.4,-32.34
7929,CN-202023-3693425,2024-06-11,2024-06-15,标准级,邢柏-18970,邢柏,小型企业,聊城,山东,中国,华东,办公用-纸张-10004825,办公用品,纸张,"施乐 令, 回收",612.5,5,0.0,54.6
7934,CN-202023-3807036,2024-03-21,2024-03-25,标准级,戴康-15415,戴康,消费者,广州,广东,中国,中南,办公用-信封-10003240,办公用品,信封,"Kraft 局间信封, 回收",426.72,2,0.0,119.28
7937,CN-202023-3350819,2024-07-20,2024-07-26,标准级,贺婉-21355,贺婉,公司,莆田,福建,中国,华东,技术-电话-10002929,技术,电话,"三星 耳机, 蓝色",2049.6,6,0.0,204.96
7938,CN-202023-3350819,2024-07-20,2024-07-26,标准级,贺婉-21355,贺婉,公司,莆田,福建,中国,华东,家具-椅子-10001559,家具,椅子,"Novimex 椅垫, 红色",788.76,3,0.0,267.96
7945,CN-202023-1398732,2024-10-17,2024-10-21,标准级,田淑-20470,田淑芳,消费者,沈阳,辽宁,中国,东北,办公用-美术-10002408,办公用品,美术,"Stanley 铅笔刀, 整包",46.76,2,0.8,-112.28
7946,CN-202023-1398732,2024-10-17,2024-10-21,标准级,田淑-20470,田淑芳,消费者,沈阳,辽宁,中国,东北,办公用-收纳-10003579,办公用品,收纳具,"Tenex 搁板, 蓝色",510.16,2,0.0,10.08
7947,CN-202023-1398732,2024-10-17,2024-10-21,标准级,田淑-20470,田淑芳,消费者,沈阳,辽宁,中国,东北,技术-复印-10000907,技术,复印机,"佳能 无线传真机, 每套两件",2120.496,2,0.4,70.616
7948,CN-202023-4850175,2024-06-04,2024-06-07,二级,田立-16870,田立,消费者,朝阳,辽宁,中国,东北,办公用-系固-10002980,办公用品,系固件,"Accos 夹子, 整包",162.792,3,0.4,-84.168
7950,US-202023-2658950,2024-12-30,2025-01-04,标准级,林青-19600,林青,消费者,杭州,浙江,中国,华东,家具-桌子-10001222,家具,桌子,"Chromcraft 培训桌, 黑色",2119.712,4,0.6,-689.248
7951,US-202023-2658950,2024-12-30,2025-01-04,标准级,林青-19600,林青,消费者,杭州,浙江,中国,华东,家具-椅子-10002919,家具,椅子,"Harbour Creations 沙滩椅, 可调",718.032,4,0.4,-263.648
7952,US-202023-2658950,2024-12-30,2025-01-04,标准级,林青-19600,林青,消费者,杭州,浙江,中国,华东,办公用-系固-10004120,办公用品,系固件,"OIC 橡皮筋, 金属",96.264,2,0.4,-35.336
7955,CN-202023-2105676,2024-07-03,2024-07-07,标准级,常康-15325,常康,公司,汕头,广东,中国,中南,办公用-信封-10002675,办公用品,信封,"Ames 邮寄品, 银色",178.5,1,0.0,74.9
7956,CN-202023-2105676,2024-07-03,2024-07-07,标准级,常康-15325,常康,公司,汕头,广东,中国,中南,办公用-系固-10004244,办公用品,系固件,"Advantus 橡皮筋, 混合尺寸",262.08,4,0.0,2.24
7957,CN-202023-2923559,2024-11-14,2024-11-19,标准级,常惠-14305,常惠英,消费者,郑州,河南,中国,中南,办公用-收纳-10000406,办公用品,收纳具,"Smead 文件车, 金属",2379.44,4,0.0,927.92
7958,US-202023-5320363,2024-09-22,2024-09-26,标准级,贺婉-21355,贺婉,公司,武汉,湖北,中国,中南,技术-设备-10000970,技术,设备,"柯尼卡 喷墨打印机, 红色",1739.304,2,0.4,144.704
7960,US-202023-3476099,2024-03-27,2024-03-29,二级,巩安-10180,巩安,小型企业,漯河,河南,中国,中南,家具-椅子-10004718,家具,椅子,"Novimex 折叠椅, 红色",690.732,2,0.1,-46.228
7962,CN-202023-3665640,2024-05-14,2024-05-18,标准级,韦达-11830,韦达侠,公司,天津,天津,中国,华北,办公用-纸张-10001285,办公用品,纸张,"Eaton 计划信息表, 多色",307.86,3,0.0,76.86
7963,CN-202023-3665640,2024-05-14,2024-05-18,标准级,韦达-11830,韦达侠,公司,天津,天津,中国,华北,技术-复印-10000037,技术,复印机,"佳能 墨水, 每套两件",2746.8,4,0.0,988.4
7964,CN-202023-3964185,2024-12-24,2024-12-30,标准级,袁平-19210,袁平,公司,宿州,安徽,中国,华东,技术-复印-10002448,技术,复印机,"夏普 传真机, 数字化",9646.14,7,0.0,3086.02
7973,CN-202023-4888622,2024-09-21,2024-09-24,二级,柯巧-19465,柯巧,小型企业,哈尔滨,黑龙江,中国,东北,技术-配件-10001323,技术,配件,"罗技 记忆卡, 可编程",978.88,2,0.0,107.52
7978,CN-202023-2548759,2024-12-10,2024-12-14,标准级,麦虢-13525,麦虢,公司,龙井,吉林,中国,东北,办公用-装订-10000225,办公用品,装订机,"Cardinal 装订机盖, 透明",106.96,2,0.0,36.12
7979,CN-202023-2075782,2024-11-05,2024-11-09,标准级,涂博-10585,涂博,消费者,张家口,河北,中国,华北,办公用-标签-10000983,办公用品,标签,"Smead 合法证物标签, 耐用",160.86,3,0.0,9.24
7984,CN-202023-1574908,2024-10-09,2024-10-09,当日,邢柏-18970,邢柏,小型企业,仪征,江苏,中国,华东,家具-用具-10004563,家具,用具,"Rubvermaid 相框, 耐用",682.92,5,0.4,-330.68
7990,CN-202023-4619981,2024-10-30,2024-11-03,标准级,林谙-18790,林谙,小型企业,呼和浩特,内蒙古,中国,华北,办公用-装订-10000285,办公用品,装订机,"Acco 孔加固材料, 透明",137.088,8,0.4,10.528
7991,CN-202023-4619981,2024-10-30,2024-11-03,标准级,林谙-18790,林谙,小型企业,呼和浩特,内蒙古,中国,华北,办公用-器具-10004757,办公用品,器具,"Breville 炉灶, 黑色",6282.864,4,0.4,-1361.696
7993,CN-202023-3668469,2024-06-15,2024-06-19,标准级,袁松-20785,袁松,消费者,新乡,河南,中国,中南,家具-用具-10003114,家具,用具,"Advantus 闹钟, 一包多件",1680.7,7,0.0,588.0
7994,CN-202023-3668469,2024-06-15,2024-06-19,标准级,袁松-20785,袁松,消费者,新乡,河南,中国,中南,办公用-信封-10004848,办公用品,信封,"Cameo 搭扣信封, 回收",155.12,4,0.0,1.12
7995,CN-202023-3668469,2024-06-15,2024-06-19,标准级,袁松-20785,袁松,消费者,新乡,河南,中国,中南,家具-书架-10004733,家具,书架,"宜家 古典书架, 白色",3866.52,2,0.0,1082.48
7996,CN-202023-3668469,2024-06-15,2024-06-19,标准级,袁松-20785,袁松,消费者,新乡,河南,中国,中南,办公用-收纳-10003711,办公用品,收纳具,"Rogers 盒, 蓝色",335.58,3,0.0,167.58
7997,CN-202023-3668469,2024-06-15,2024-06-19,标准级,袁松-20785,袁松,消费者,新乡,河南,中国,中南,家具-椅子-10000908,家具,椅子,"Office Star 凳子, 每套两件",739.998,1,0.1,-16.562
7998,CN-202023-3668469,2024-06-15,2024-06-19,标准级,袁松-20785,袁松,消费者,新乡,河南,中国,中南,办公用-美术-10000951,办公用品,美术,"Sanford 钢笔, 整包",594.272,14,0.2,-60.368
7999,CN-202023-3668469,2024-06-15,2024-06-19,标准级,袁松-20785,袁松,消费者,新乡,河南,中国,中南,办公用-信封-10001912,办公用品,信封,"Cameo 外皮和封条, 银色",764.4,7,0.0,129.36
8000,CN-202023-3668469,2024-06-15,2024-06-19,标准级,袁松-20785,袁松,消费者,新乡,河南,中国,中南,技术-复印-10000732,技术,复印机,"Hewlett 个人复印机, 彩色",1359.96,2,0.0,231.0
8001,CN-202023-1031662,2024-09-07,2024-09-12,标准级,夏平-19120,夏平,消费者,武汉,湖北,中国,中南,家具-书架-10003555,家具,书架,"Sauder 柜, 金属",930.384,2,0.4,46.424
8011,CN-202023-3033487,2024-10-27,2024-10-31,标准级,彭娜-18550,彭娜,消费者,鄂州,湖北,中国,中南,办公用-收纳-10002847,办公用品,收纳具,"Tenex 文件车, 金属",1243.2,2,0.0,397.6
8012,CN-202023-3033487,2024-10-27,2024-10-31,标准级,彭娜-18550,彭娜,消费者,鄂州,湖北,中国,中南,办公用-标签-10001607,办公用品,标签,"Avery 圆形标签, 可调",70.56,3,0.0,1.26
8013,CN-202023-3807036,2024-06-22,2024-06-24,一级,孙谙-18835,孙谙,公司,石家庄,河北,中国,华北,办公用-收纳-10004035,办公用品,收纳具,"Rogers 盘, 蓝色",575.68,2,0.0,201.32
8014,CN-202023-3807036,2024-06-22,2024-06-24,一级,孙谙-18835,孙谙,公司,石家庄,河北,中国,华北,家具-桌子-10003291,家具,桌子,"Barricks 圆桌, 组装",5281.29,3,0.25,351.75
8015,CN-202023-3807036,2024-06-22,2024-06-24,一级,孙谙-18835,孙谙,公司,石家庄,河北,中国,华北,技术-设备-10004500,技术,设备,"松下 电话, 耐用",1189.44,3,0.0,142.38
8016,CN-202023-3807036,2024-06-22,2024-06-24,一级,孙谙-18835,孙谙,公司,石家庄,河北,中国,华北,办公用-用品-10003604,办公用品,用品,"Stiletto 尺子, 钢",399.84,6,0.0,155.4
8020,CN-202023-2372663,2024-08-31,2024-09-05,标准级,曹琼-19675,曹琼,小型企业,北京,北京,中国,华北,技术-设备-10003952,技术,设备,"柯尼卡 卡片打印机, 白色",1620.08,2,0.0,15.96
8021,CN-202023-2372663,2024-08-31,2024-09-05,标准级,曹琼-19675,曹琼,小型企业,北京,北京,中国,华北,办公用-纸张-10001162,办公用品,纸张,"Enermax 令, 每包 12 个",304.36,2,0.0,33.32
8022,CN-202023-2372663,2024-08-31,2024-09-05,标准级,曹琼-19675,曹琼,小型企业,北京,北京,中国,华北,家具-用具-10000041,家具,用具,"Advantus 框架, 耐用",1514.1,3,0.0,408.66
8032,CN-202023-2173759,2024-09-28,2024-09-30,二级,戴立-16885,戴立,消费者,太原,山西,中国,华北,家具-椅子-10004110,家具,椅子,"SAFCO 沙滩椅, 可调",242.34,1,0.0,94.5
8033,CN-202023-2173759,2024-09-28,2024-09-30,二级,戴立-16885,戴立,消费者,太原,山西,中国,华北,办公用-收纳-10001011,办公用品,收纳具,"Fellowes 文件夹, 金属",237.72,2,0.0,16.52
8034,CN-202023-2173759,2024-09-28,2024-09-30,二级,戴立-16885,戴立,消费者,太原,山西,中国,华北,办公用-收纳-10000406,办公用品,收纳具,"Smead 文件车, 金属",1784.58,3,0.0,695.94
8035,CN-202023-2173759,2024-09-28,2024-09-30,二级,戴立-16885,戴立,消费者,太原,山西,中国,华北,办公用-收纳-10000306,办公用品,收纳具,"Smead 文件夹, 单宽度",327.04,4,0.0,117.6
8037,CN-202023-2372663,2024-11-19,2024-11-21,二级,常惠-14305,常惠英,消费者,吉林市,吉林,中国,东北,家具-书架-10001313,家具,书架,"Bush 书架, 白色",1176.28,2,0.0,493.92
8038,CN-202023-2102819,2024-06-11,2024-06-15,标准级,马晨-11185,马晨,公司,太原,山西,中国,华北,办公用-器具-10002014,办公用品,器具,"Cuisinart 炉灶, 银色",15093.12,6,0.0,2112.6
8039,CN-202023-3257417,2024-03-17,2024-03-20,一级,邹雯-21820,邹雯,消费者,青州,山东,中国,华东,办公用-装订-10001078,办公用品,装订机,"Ibico 订书机, 回收",724.92,3,0.0,275.1
8040,CN-202023-3257417,2024-03-17,2024-03-20,一级,邹雯-21820,邹雯,消费者,青州,山东,中国,华东,技术-配件-10001341,技术,配件,"Memorex 记忆卡, 回收",934.08,2,0.0,364.28
8053,CN-202023-5929986,2024-06-15,2024-06-21,标准级,田临-17470,田临耀,小型企业,天津,天津,中国,华北,办公用-收纳-10004292,办公用品,收纳具,"Rogers 文件车, 工业",1989.12,3,0.0,556.92
8054,CN-202023-5929986,2024-06-15,2024-06-21,标准级,田临-17470,田临耀,小型企业,天津,天津,中国,华北,技术-电话-10004858,技术,电话,"思科 耳机, 蓝色",2476.32,6,0.0,1163.4
8061,US-202023-4171126,2024-05-19,2024-05-21,二级,罗嫒-10060,罗嫒,小型企业,江都,江苏,中国,华东,办公用-装订-10004481,办公用品,装订机,"Acco 孔加固材料, 实惠",18.648,1,0.4,0.308
8062,US-202023-4171126,2024-05-19,2024-05-21,二级,罗嫒-10060,罗嫒,小型企业,江都,江苏,中国,华东,办公用-器具-10003822,办公用品,器具,"KitchenAid 咖啡研磨机, 红色",1381.212,7,0.4,-667.968
8063,US-202023-4171126,2024-05-19,2024-05-21,二级,罗嫒-10060,罗嫒,小型企业,江都,江苏,中国,华东,技术-设备-10000429,技术,设备,"柯尼卡 电话, 白色",236.88,1,0.4,27.58
8064,US-202023-4171126,2024-05-19,2024-05-21,二级,罗嫒-10060,罗嫒,小型企业,江都,江苏,中国,华东,办公用-收纳-10003675,办公用品,收纳具,"Smead 搁板, 蓝色",1826.72,8,0.0,785.12
8074,CN-202023-3969050,2024-01-18,2024-01-20,一级,施奇-11410,施奇,消费者,绵阳,四川,中国,西南,家具-书架-10004528,家具,书架,"Bush 书库, 白色",6162.912,6,0.4,-1233.288
8075,CN-202023-3969050,2024-01-18,2024-01-20,一级,施奇-11410,施奇,消费者,绵阳,四川,中国,西南,家具-用具-10004193,家具,用具,"Rubvermaid 分层置放架, 耐用",248.304,4,0.4,16.464
8076,CN-202023-3969050,2024-01-18,2024-01-20,一级,施奇-11410,施奇,消费者,绵阳,四川,中国,西南,家具-书架-10003676,家具,书架,"Dania 墙角架, 传统",341.796,1,0.4,-131.124
8077,CN-202023-3969050,2024-01-18,2024-01-20,一级,施奇-11410,施奇,消费者,绵阳,四川,中国,西南,技术-复印-10004535,技术,复印机,"佳能 墨水, 彩色",416.052,1,0.4,-215.068
8078,CN-202023-3969050,2024-01-18,2024-01-20,一级,施奇-11410,施奇,消费者,绵阳,四川,中国,西南,办公用-器具-10002837,办公用品,器具,"Cuisinart 微波炉, 白色",1548.96,2,0.4,-774.48
8079,CN-202023-2606671,2024-03-10,2024-03-13,一级,涂强-19405,涂强,消费者,南平,福建,中国,华东,家具-书架-10000904,家具,书架,"宜家 书架, 传统",1716.12,3,0.0,188.58
8080,CN-202023-2606671,2024-03-10,2024-03-13,一级,涂强-19405,涂强,消费者,南平,福建,中国,华东,办公用-系固-10000410,办公用品,系固件,"OIC 夹子, 金属",464.1,5,0.0,83.3
8096,CN-202023-3205176,2024-06-17,2024-06-21,标准级,赖芳-12715,赖芳茵,公司,株洲,湖南,中国,中南,技术-配件-10000138,技术,配件,"贝尔金 鼠标, 可编程",590.94,3,0.0,47.04
8103,CN-202023-1455125,2024-10-01,2024-10-05,标准级,贺恒-13630,贺恒,消费者,普兰店,辽宁,中国,东北,技术-配件-10000166,技术,配件,"SanDisk 闪存驱动器, 耐用",779.1,7,0.4,116.62
8119,CN-202023-5739201,2024-05-15,2024-05-17,一级,范立-16630,范立荣,公司,凌源,辽宁,中国,东北,家具-书架-10001035,家具,书架,"Bush 柜, 金属",799.848,2,0.4,-200.032
8120,CN-202023-5739201,2024-05-15,2024-05-17,一级,范立-16630,范立荣,公司,凌源,辽宁,中国,东北,技术-配件-10001474,技术,配件,"Enermax 路由器, 耐用",8686.944,12,0.4,-5502.336
8121,CN-202023-5739201,2024-05-15,2024-05-17,一级,范立-16630,范立荣,公司,凌源,辽宁,中国,东北,技术-复印-10004182,技术,复印机,"惠普 传真机, 红色",834.792,1,0.4,-14.028
8126,CN-202023-2018739,2024-08-27,2024-08-27,当日,苏姝-20485,苏姝,小型企业,姜堰,江苏,中国,华东,办公用-标签-10004025,办公用品,标签,"Harbour Creations 合法证物标签, 红色",50.26,1,0.0,15.96
8127,CN-202023-2018739,2024-08-27,2024-08-27,当日,苏姝-20485,苏姝,小型企业,姜堰,江苏,中国,华东,办公用-收纳-10002508,办公用品,收纳具,"Fellowes 锁柜, 单宽度",4838.4,5,0.0,1886.5
8140,US-202023-4482834,2024-06-05,2024-06-09,标准级,马丽-16480,马丽娜,消费者,厦门,福建,中国,华东,家具-椅子-10002544,家具,椅子,"SAFCO 凳子, 黑色",772.38,1,0.0,123.48
8149,CN-202023-1166331,2024-08-27,2024-09-03,标准级,佟崆-15550,佟崆,小型企业,仪征,江苏,中国,华东,技术-复印-10001792,技术,复印机,"惠普 个人复印机, 红色",685.944,2,0.4,-285.936
8154,CN-202023-2989159,2024-12-17,2024-12-22,标准级,唐爽-20560,唐爽,小型企业,胶州,山东,中国,华东,家具-椅子-10000670,家具,椅子,"Office Star 凳子, 可调",4116.7,5,0.0,1110.9
8155,CN-202023-2989159,2024-12-17,2024-12-22,标准级,唐爽-20560,唐爽,小型企业,胶州,山东,中国,华东,办公用-系固-10004244,办公用品,系固件,"Advantus 橡皮筋, 混合尺寸",262.08,4,0.0,2.24
8156,CN-202023-2989159,2024-12-17,2024-12-22,标准级,唐爽-20560,唐爽,小型企业,胶州,山东,中国,华东,办公用-系固-10002197,办公用品,系固件,"Stockwell 回形针, 整包",129.64,2,0.0,63.28
8157,CN-202023-2989159,2024-12-17,2024-12-22,标准级,唐爽-20560,唐爽,小型企业,胶州,山东,中国,华东,办公用-纸张-10000709,办公用品,纸张,"SanDisk 令, 每包 12 个",633.36,4,0.0,82.32
8158,CN-202023-2989159,2024-12-17,2024-12-22,标准级,唐爽-20560,唐爽,小型企业,胶州,山东,中国,华东,办公用-器具-10000769,办公用品,器具,"Hamilton Beach 冰箱, 红色",7001.82,3,0.0,489.72
8159,CN-202023-2989159,2024-12-17,2024-12-22,标准级,唐爽-20560,唐爽,小型企业,胶州,山东,中国,华东,办公用-装订-10004255,办公用品,装订机,"Acco 打孔机, 回收",1280.16,9,0.0,486.36
8160,CN-202023-2989159,2024-12-17,2024-12-22,标准级,唐爽-20560,唐爽,小型企业,胶州,山东,中国,华东,家具-书架-10001668,家具,书架,"宜家 搁架, 黑色",801.22,1,0.0,320.46
8161,CN-202023-2989159,2024-12-17,2024-12-22,标准级,唐爽-20560,唐爽,小型企业,胶州,山东,中国,华东,办公用-纸张-10004623,办公用品,纸张,"施乐 计划信息表, 回收",378.56,4,0.0,128.24
8166,CN-202023-2275835,2024-06-23,2024-06-25,一级,夏光-13375,夏光,消费者,乐城,广东,中国,中南,办公用-系固-10004120,办公用品,系固件,"OIC 橡皮筋, 金属",401.1,5,0.0,72.1
8167,CN-202023-2275835,2024-06-23,2024-06-25,一级,夏光-13375,夏光,消费者,乐城,广东,中国,中南,家具-书架-10003449,家具,书架,"Bush 柜, 黑色",2026.08,3,0.0,404.88
8173,US-202023-1122615,2024-04-24,2024-04-24,当日,陶虢-13585,陶虢,公司,老河口,湖北,中国,中南,办公用-装订-10001029,办公用品,装订机,"Ibico 订书机, 实惠",287.952,2,0.4,-19.208
8174,US-202023-1122615,2024-04-24,2024-04-24,当日,陶虢-13585,陶虢,公司,老河口,湖北,中国,中南,办公用-信封-10000318,办公用品,信封,"GlobeWeis 邮寄品, 每套 50 个",359.8,2,0.0,24.92
8175,US-202023-1122615,2024-04-24,2024-04-24,当日,陶虢-13585,陶虢,公司,老河口,湖北,中国,中南,办公用-装订-10004617,办公用品,装订机,"Avery 打孔机, 回收",237.132,3,0.4,-138.348
8176,US-202023-1122615,2024-04-24,2024-04-24,当日,陶虢-13585,陶虢,公司,老河口,湖北,中国,中南,办公用-器具-10001602,办公用品,器具,"Hoover 微波炉, 银色",7796.628,9,0.4,-3639.132
8177,US-202023-1122615,2024-04-24,2024-04-24,当日,陶虢-13585,陶虢,公司,老河口,湖北,中国,中南,办公用-装订-10000020,办公用品,装订机,"Cardinal 装订机, 透明",297.696,8,0.4,49.056
8178,US-202023-1122615,2024-04-24,2024-04-24,当日,陶虢-13585,陶虢,公司,老河口,湖北,中国,中南,办公用-用品-10001176,办公用品,用品,"Stiletto 美工刀, 蓝色",1007.16,10,0.4,-588.84
8179,US-202023-1122615,2024-04-24,2024-04-24,当日,陶虢-13585,陶虢,公司,老河口,湖北,中国,中南,技术-配件-10004328,技术,配件,"Memorex 闪存驱动器, 实惠",329.28,4,0.4,-126.56
8180,US-202023-1122615,2024-04-24,2024-04-24,当日,陶虢-13585,陶虢,公司,老河口,湖北,中国,中南,办公用-标签-10004317,办公用品,标签,"Novimex 有色标签, 红色",171.36,3,0.0,16.8
8182,CN-202023-2911207,2024-06-18,2024-06-20,一级,涂辉-12655,涂辉,小型企业,广州,广东,中国,中南,办公用-纸张-10002204,办公用品,纸张,"Enermax 信纸, 回收",877.52,4,0.0,113.68
8184,CN-202023-3636322,2024-04-23,2024-04-27,二级,邱廉-17200,邱廉,公司,淮南,安徽,中国,华东,办公用-美术-10004503,办公用品,美术,"BIC 画布, 混合尺寸",637.056,3,0.2,15.876
8185,CN-202023-3636322,2024-04-23,2024-04-27,二级,邱廉-17200,邱廉,公司,淮南,安徽,中国,华东,办公用-收纳-10003289,办公用品,收纳具,"Tenex 搁板, 单宽度",510.44,2,0.0,127.4
8196,US-202023-1231498,2024-06-18,2024-06-22,标准级,常康-15325,常康,公司,北京,北京,中国,华北,家具-书架-10002197,家具,书架,"宜家 搁架, 金属",792.4,1,0.0,87.08
8198,CN-202023-1015819,2024-05-11,2024-05-14,二级,洪华-14080,洪华,公司,银川,宁夏,中国,西北,技术-电话-10001357,技术,电话,"摩托罗拉 办公室电话机, 混合尺寸",1044.54,3,0.0,166.74
8199,US-202023-3210061,2024-02-14,2024-02-17,二级,曹柏-19000,曹柏,小型企业,尚志,黑龙江,中国,东北,办公用-信封-10001526,办公用品,信封,"GlobeWeis 外皮和封条, 回收",471.1,5,0.0,23.1
8206,CN-202023-1640388,2024-07-16,2024-07-20,标准级,巩嫒-10045,巩嫒,公司,聊城,山东,中国,华东,家具-用具-10000645,家具,用具,"Deflect-O 相框, 耐用",456.68,2,0.0,123.2
8207,CN-202023-1640388,2024-07-16,2024-07-20,标准级,巩嫒-10045,巩嫒,公司,聊城,山东,中国,华东,办公用-纸张-10003382,办公用品,纸张,"施乐 计划信息表, 多色",914.76,9,0.0,292.32
8208,CN-202023-3245528,2024-03-08,2024-03-15,标准级,彭雯-21790,彭雯,消费者,北京,北京,中国,华北,技术-设备-10001107,技术,设备,"StarTech 电话, 红色",3679.06,11,0.0,146.3
8209,CN-202023-3245528,2024-03-08,2024-03-15,标准级,彭雯-21790,彭雯,消费者,北京,北京,中国,华北,技术-电话-10002266,技术,电话,"苹果 充电器, 整包",5938.8,2,0.0,1841.0
8212,CN-202023-2366851,2024-05-31,2024-06-04,标准级,贾伟-21415,贾伟,消费者,洛阳,河南,中国,中南,家具-用具-10001410,家具,用具,"Advantus 门挡, 黑色",1050.7,5,0.0,178.5
8239,US-202023-1803838,2024-05-15,2024-05-19,标准级,邓姝-20500,邓姝,消费者,仙桃,湖北,中国,中南,家具-书架-10004801,家具,书架,"宜家 柜, 白色",2029.44,5,0.4,-102.06
8240,US-202023-1803838,2024-05-15,2024-05-19,标准级,邓姝-20500,邓姝,消费者,仙桃,湖北,中国,中南,技术-电话-10002032,技术,电话,"苹果 耳机, 蓝色",410.256,2,0.4,-68.544
8245,US-202023-1388500,2024-08-03,2024-08-07,二级,罗婵-10960,罗婵,消费者,杭州,浙江,中国,华东,办公用-标签-10004820,办公用品,标签,"Hon 有色标签, 白色",478.24,8,0.0,156.8
8246,US-202023-1388500,2024-08-03,2024-08-07,二级,罗婵-10960,罗婵,消费者,杭州,浙江,中国,华东,办公用-收纳-10003711,办公用品,收纳具,"Rogers 盒, 蓝色",559.3,5,0.0,279.3
8247,CN-202023-2055991,2024-09-14,2024-09-18,标准级,徐君-15295,徐君,消费者,汉中,陕西,中国,西北,技术-复印-10004166,技术,复印机,"惠普 传真复印机, 红色",3992.1,5,0.0,1157.1
8248,CN-202023-2055991,2024-09-14,2024-09-18,标准级,徐君-15295,徐君,消费者,汉中,陕西,中国,西北,技术-复印-10000099,技术,复印机,"Brother 个人复印机, 红色",3950.52,6,0.0,789.6
8249,CN-202023-2055991,2024-09-14,2024-09-18,标准级,徐君-15295,徐君,消费者,汉中,陕西,中国,西北,家具-书架-10002086,家具,书架,"Safco 墙角架, 白色",7092.4,10,0.0,2552.2
8250,CN-202023-2055991,2024-09-14,2024-09-18,标准级,徐君-15295,徐君,消费者,汉中,陕西,中国,西北,办公用-信封-10004375,办公用品,信封,"Cameo 商业信封, 每套 50 个",237.3,3,0.0,113.82
8251,CN-202023-2055991,2024-09-14,2024-09-18,标准级,徐君-15295,徐君,消费者,汉中,陕西,中国,西北,办公用-装订-10003973,办公用品,装订机,"Ibico 装订机, 实惠",216.72,3,0.0,62.58
8253,CN-202023-4364300,2024-07-11,2024-07-15,标准级,涂辉-12655,涂辉,小型企业,深圳,广东,中国,中南,技术-配件-10004265,技术,配件,"Enermax 键盘, 耐用",1171.38,3,0.0,351.12
8257,US-202023-5801512,2024-09-04,2024-09-09,二级,贾嫒-10030,贾嫒,公司,天津,天津,中国,华北,家具-桌子-10001801,家具,桌子,"Bevis 电脑桌, 黑色",22500.66,13,0.25,-2100.28
8258,US-202023-5801512,2024-09-04,2024-09-09,二级,贾嫒-10030,贾嫒,公司,天津,天津,中国,华北,办公用-纸张-10000328,办公用品,纸张,"SanDisk 计划信息表, 每包 12 个",260.96,2,0.0,12.88
8259,US-202023-5801512,2024-09-04,2024-09-09,二级,贾嫒-10030,贾嫒,公司,天津,天津,中国,华北,办公用-美术-10000574,办公用品,美术,"Sanford 记号笔, 金属",228.76,2,0.0,109.76
8262,US-202023-4572693,2024-08-28,2024-09-02,标准级,梁婵-10825,梁婵娟,公司,内江,四川,中国,西南,办公用-器具-10000251,办公用品,器具,"KitchenAid 搅拌机, 白色",1086.288,4,0.4,-398.832
8271,US-202023-1297686,2024-05-06,2024-05-11,标准级,徐伟-21625,徐伟,消费者,枝城,湖北,中国,中南,办公用-系固-10001168,办公用品,系固件,"Accos 图钉, 每包 12 个",110.124,3,0.4,5.124
8272,CN-202023-4480622,2024-05-13,2024-05-18,标准级,徐君-15295,徐君,消费者,江门,广东,中国,中南,办公用-纸张-10002647,办公用品,纸张,"SanDisk 羊皮纸, 多色",169.12,2,0.0,18.48
8273,CN-202023-2146974,2024-12-26,2024-12-31,标准级,林关-15625,林关茵,消费者,辉南,吉林,中国,东北,家具-用具-10002002,家具,用具,"Deflect-O 门挡, 优质",1390.62,7,0.0,360.64
8274,US-202023-4180783,2024-02-05,2024-02-09,标准级,武明-18385,武明媚,消费者,埠河,湖北,中国,中南,办公用-器具-10001071,办公用品,器具,"KitchenAid 烤面包机, 红色",955.584,4,0.4,-414.176
8275,US-202023-1091379,2024-10-20,2024-10-24,标准级,陶武-21880,陶武,公司,潍坊,山东,中国,华东,办公用-收纳-10003711,办公用品,收纳具,"Rogers 盒, 蓝色",783.02,7,0.0,391.02
8276,CN-202023-1122727,2024-10-04,2024-10-10,标准级,苏涛-21220,苏涛,消费者,北京,北京,中国,华北,技术-电话-10002604,技术,电话,"摩托罗拉 信号增强器, 蓝色",1335.88,2,0.0,146.72
8277,CN-202023-3322413,2024-12-23,2024-12-28,标准级,施旺-21400,施旺,消费者,临汾,山西,中国,华北,技术-电话-10002340,技术,电话,"三星 耳机, 整包",1026.06,3,0.0,502.74
8278,CN-202023-3322413,2024-12-23,2024-12-28,标准级,施旺-21400,施旺,消费者,临汾,山西,中国,华北,办公用-系固-10002757,办公用品,系固件,"Stockwell 按钉, 混合尺寸",106.68,2,0.0,53.2
8279,CN-202023-3322413,2024-12-23,2024-12-28,标准级,施旺-21400,施旺,消费者,临汾,山西,中国,华北,家具-书架-10000631,家具,书架,"Dania 古典书架, 金属",5743.08,3,0.0,631.68
8280,CN-202023-3322413,2024-12-23,2024-12-28,标准级,施旺-21400,施旺,消费者,临汾,山西,中国,华北,技术-复印-10003316,技术,复印机,"惠普 复印机, 每套两件",4548.88,4,0.0,454.72
8290,CN-202023-1698598,2024-10-15,2024-10-20,标准级,吕灵-17575,吕灵,消费者,郑州,河南,中国,中南,办公用-用品-10004796,办公用品,用品,"Stiletto 大剪刀, 工业",695.94,3,0.0,104.16
8291,CN-202023-1698598,2024-10-15,2024-10-20,标准级,吕灵-17575,吕灵,消费者,郑州,河南,中国,中南,家具-用具-10004382,家具,用具,"Eldon 相框, 一包多件",1357.3,5,0.0,555.8
8293,CN-202023-3981825,2024-04-14,2024-04-19,标准级,谭琼-19660,谭琼,小型企业,江油,四川,中国,西南,办公用-用品-10002441,办公用品,用品,"Fiskars 尺子, 蓝色",202.02,5,0.4,-115.08
8295,CN-202023-5579979,2024-01-06,2024-01-11,二级,巩安-10180,巩安,小型企业,江门,广东,中国,中南,办公用-信封-10003613,办公用品,信封,"GlobeWeis 搭扣信封, 每套 50 个",138.6,3,0.0,41.58
8296,US-202023-3693431,2024-03-20,2024-03-27,标准级,程宁-18640,程宁,公司,长春,吉林,中国,东北,技术-复印-10003757,技术,复印机,"Hewlett 墨水, 数字化",2076.48,3,0.0,581.28
8297,US-202023-3693431,2024-03-20,2024-03-27,标准级,程宁-18640,程宁,公司,长春,吉林,中国,东北,技术-复印-10004926,技术,复印机,"Hewlett 传真复印机, 彩色",1813.56,2,0.0,36.12
8301,CN-202023-1048520,2024-08-17,2024-08-22,标准级,钟宣-20860,钟宣,公司,重庆,重庆,中国,西南,办公用-用品-10001057,办公用品,用品,"Kleencut 美工刀, 工业",507.78,3,0.0,50.4
8308,US-202023-4373153,2024-05-20,2024-05-25,标准级,蔡安-10270,蔡安,消费者,青岛,山东,中国,华东,技术-配件-10001200,技术,配件,"Memorex 键盘, 实惠",665.84,2,0.0,306.04
8316,CN-202023-1628412,2024-06-10,2024-06-16,标准级,黄岱-11860,黄岱,消费者,长沙,湖南,中国,中南,技术-配件-10001666,技术,配件,"SanDisk 键区, 回收",744.24,3,0.0,297.36
8317,CN-202023-1628412,2024-06-10,2024-06-16,标准级,黄岱-11860,黄岱,消费者,长沙,湖南,中国,中南,家具-用具-10002431,家具,用具,"Rubvermaid 灯泡, 一包多件",617.4,7,0.0,290.08
8318,CN-202023-1628412,2024-06-10,2024-06-16,标准级,黄岱-11860,黄岱,消费者,长沙,湖南,中国,中南,技术-复印-10004358,技术,复印机,"Brother 传真机, 数字化",1484.84,1,0.0,207.76
8319,CN-202023-1628412,2024-06-10,2024-06-16,标准级,黄岱-11860,黄岱,消费者,长沙,湖南,中国,中南,家具-书架-10001491,家具,书架,"Bush 古典书架, 金属",1923.32,1,0.0,76.86
8321,CN-202023-3581392,2024-08-27,2024-08-31,标准级,孙荷-13750,孙荷,公司,滕州,山东,中国,华东,家具-书架-10002899,家具,书架,"宜家 古典书架, 传统",11529.0,6,0.0,2997.12
8332,CN-202023-2373769,2024-09-19,2024-09-23,二级,龙谦-19300,龙谦,消费者,长春,吉林,中国,东北,办公用-标签-10001867,办公用品,标签,"Smead 合法证物标签, 红色",152.88,3,0.0,30.24
8333,CN-202023-2373769,2024-09-19,2024-09-23,二级,龙谦-19300,龙谦,消费者,长春,吉林,中国,东北,技术-配件-10002594,技术,配件,"SanDisk 键盘, 耐用",4193.42,11,0.0,124.74
8334,CN-202023-2373769,2024-09-19,2024-09-23,二级,龙谦-19300,龙谦,消费者,长春,吉林,中国,东北,办公用-收纳-10003711,办公用品,收纳具,"Smead 文件夹, 金属",309.12,4,0.0,151.2
8335,CN-202023-3226363,2024-03-20,2024-03-26,标准级,贺婉-21355,贺婉,公司,丹东,辽宁,中国,东北,办公用-系固-10004197,办公用品,系固件,"OIC 回形针, 每包 12 个",543.312,14,0.4,-236.768
8336,CN-202023-3226363,2024-03-20,2024-03-26,标准级,贺婉-21355,贺婉,公司,丹东,辽宁,中国,东北,办公用-器具-10002796,办公用品,器具,"Hamilton Beach 烤面包机, 银色",489.384,3,0.4,-196.056
8337,CN-202023-3226363,2024-03-20,2024-03-26,标准级,贺婉-21355,贺婉,公司,丹东,辽宁,中国,东北,办公用-装订-10002712,办公用品,装订机,"Ibico 标签, 实惠",49.896,2,0.4,-27.664
8338,CN-202023-3226363,2024-03-20,2024-03-26,标准级,贺婉-21355,贺婉,公司,丹东,辽宁,中国,东北,技术-复印-10004526,技术,复印机,"佳能 传真复印机, 彩色",1079.568,2,0.4,-557.872
8339,CN-202023-3226363,2024-03-20,2024-03-26,标准级,贺婉-21355,贺婉,公司,丹东,辽宁,中国,东北,技术-电话-10003828,技术,电话,"摩托罗拉 充电器, 混合尺寸",10845.072,6,0.4,-5061.168
8344,CN-202023-3581392,2024-08-14,2024-08-18,标准级,麦虹-13855,麦虹,公司,重庆,重庆,中国,西南,家具-书架-10001061,家具,书架,"Safco 古典书架, 金属",4084.36,2,0.0,612.64
8345,CN-202023-2063413,2024-05-12,2024-05-17,标准级,夏柏-18955,夏柏,小型企业,北京,北京,中国,华北,技术-设备-10000438,技术,设备,"松下 卡片打印机, 耐用",811.72,1,0.0,275.94
8346,CN-202023-2063413,2024-05-12,2024-05-17,标准级,夏柏-18955,夏柏,小型企业,北京,北京,中国,华北,技术-复印-10001927,技术,复印机,"夏普 墨水, 数字化",578.9,1,0.0,104.16
8348,CN-202023-2918417,2024-11-10,2024-11-14,二级,邱梦-18160,邱梦,消费者,郸城,河南,中国,中南,办公用-信封-10003132,办公用品,信封,"Jiffy 搭扣信封, 每套 50 个",119.28,3,0.0,31.92
8357,CN-202023-2547654,2024-04-29,2024-04-29,当日,邱明-18280,邱明,公司,辽源,吉林,中国,东北,家具-用具-10001802,家具,用具,"Deflect-O 闹钟, 耐用",662.76,3,0.0,331.38
8358,CN-202023-2547654,2024-04-29,2024-04-29,当日,邱明-18280,邱明,公司,辽源,吉林,中国,东北,办公用-标签-10001238,办公用品,标签,"Avery 合法证物标签, 耐用",164.22,3,0.0,47.46
8359,US-202023-2447332,2024-08-04,2024-08-07,二级,王敬-14965,王敬,公司,兴化,江苏,中国,华东,办公用-装订-10002707,办公用品,装订机,"Ibico 标签, 耐用",58.296,2,0.4,-19.544
8360,US-202023-2447332,2024-08-04,2024-08-07,二级,王敬-14965,王敬,公司,兴化,江苏,中国,华东,办公用-信封-10003279,办公用品,信封,"Kraft 邮寄品, 每套 50 个",878.5,5,0.0,78.4
8361,US-202023-2447332,2024-08-04,2024-08-07,二级,王敬-14965,王敬,公司,兴化,江苏,中国,华东,技术-电话-10004300,技术,电话,"苹果 智能手机, 整包",1036.476,3,0.4,-432.264
8362,US-202023-2447332,2024-08-04,2024-08-07,二级,王敬-14965,王敬,公司,兴化,江苏,中国,华东,办公用-美术-10001691,办公用品,美术,"Sanford 钢笔, 混合尺寸",39.984,3,0.8,-122.136
8372,US-202023-1850111,2024-05-04,2024-05-06,一级,曹冬-12445,曹冬露,消费者,邢台,河北,中国,华北,家具-书架-10003499,家具,书架,"宜家 书库, 金属",5079.9,3,0.0,914.34
8373,US-202023-1850111,2024-05-04,2024-05-06,一级,曹冬-12445,曹冬露,消费者,邢台,河北,中国,华北,办公用-系固-10002368,办公用品,系固件,"OIC 回形针, 混合尺寸",55.44,1,0.0,0.98
8375,US-202023-4575912,2024-11-13,2024-11-15,一级,刘乐-17785,刘乐,公司,凤城,辽宁,中国,东北,家具-桌子-10001303,家具,桌子,"Lesro 咖啡桌, 黑色",2822.4,6,0.6,-1693.44
8380,CN-202023-5960733,2024-12-15,2024-12-20,标准级,秦淑-20440,秦淑芳,公司,临沂,山东,中国,华东,办公用-标签-10004202,办公用品,标签,"Hon 可去除的标签, 可调",266.56,7,0.0,122.5
8381,US-202023-2935239,2024-11-06,2024-11-11,二级,潘博-10540,潘博,消费者,武汉,湖北,中国,中南,技术-设备-10000408,技术,设备,"松下 卡片打印机, 多色",1460.088,3,0.4,-389.592
8382,CN-202023-2560726,2024-11-27,2024-12-03,标准级,夏平-19120,夏平,消费者,新泰,山东,中国,华东,技术-电话-10000199,技术,电话,"三星 智能手机, 混合尺寸",1765.26,3,0.0,299.88
8383,CN-202023-2560726,2024-11-27,2024-12-03,标准级,夏平-19120,夏平,消费者,新泰,山东,中国,华东,办公用-信封-10002653,办公用品,信封,"Jiffy 马尼拉纸信封, 回收",463.12,4,0.0,208.32
8384,CN-202023-4921616,2024-06-27,2024-07-01,标准级,吕关-15640,吕关茵,小型企业,通州,北京,中国,华北,办公用-用品-10001002,办公用品,用品,"Acme 剪刀, 锯齿状",929.88,9,0.0,64.26
8385,CN-202023-4164715,2024-01-24,2024-01-28,标准级,巩关-15595,巩关茵,公司,抚顺,辽宁,中国,东北,家具-椅子-10004390,家具,椅子,"SAFCO 扶手椅, 每套两件",2596.608,2,0.4,302.848
8386,CN-202023-4164715,2024-01-24,2024-01-28,标准级,巩关-15595,巩关茵,公司,抚顺,辽宁,中国,东北,办公用-纸张-10004671,办公用品,纸张,"Enermax 信纸, 优质",439.6,2,0.0,131.88
8387,CN-202023-4164715,2024-01-24,2024-01-28,标准级,巩关-15595,巩关茵,公司,抚顺,辽宁,中国,东北,办公用-系固-10002531,办公用品,系固件,"Stockwell 回形针, 金属",343.224,9,0.4,-167.076
8388,CN-202023-4164715,2024-01-24,2024-01-28,标准级,巩关-15595,巩关茵,公司,抚顺,辽宁,中国,东北,办公用-标签-10003121,办公用品,标签,"Avery 有色标签, 红色",550.62,9,0.0,93.24
8398,CN-202023-5022660,2024-08-17,2024-08-22,标准级,邱荷-13690,邱荷,消费者,呼和浩特,内蒙古,中国,华北,办公用-收纳-10000735,办公用品,收纳具,"Fellowes 文件夹, 单宽度",246.68,2,0.0,86.24
8400,US-202023-5840887,2024-08-01,2024-08-03,二级,夏柏-18955,夏柏,小型企业,周口,河南,中国,中南,家具-书架-10004683,家具,书架,"Bush 古典书架, 黑色",11592.84,6,0.0,2666.16
8401,US-202023-5840887,2024-08-01,2024-08-03,二级,夏柏-18955,夏柏,小型企业,周口,河南,中国,中南,家具-椅子-10000374,家具,椅子,"Harbour Creations 椅垫, 可调",312.858,1,0.1,125.118
8402,US-202023-5840887,2024-08-01,2024-08-03,二级,夏柏-18955,夏柏,小型企业,周口,河南,中国,中南,家具-椅子-10003377,家具,椅子,"SAFCO 折叠椅, 黑色",699.552,2,0.1,-31.248
8403,US-202023-5840887,2024-08-01,2024-08-03,二级,夏柏-18955,夏柏,小型企业,周口,河南,中国,中南,办公用-标签-10001201,办公用品,标签,"Avery 合法证物标签, 红色",104.16,2,0.0,11.2
8404,US-202023-2298972,2024-12-04,2024-12-06,二级,李康-15385,李康,消费者,太原,山西,中国,华北,办公用-美术-10004287,办公用品,美术,"BIC 记号笔, 蓝色",246.68,2,0.0,36.96
8409,CN-202023-2989709,2024-08-08,2024-08-13,标准级,万冬-12460,万冬露,消费者,禹州,河南,中国,中南,办公用-装订-10000622,办公用品,装订机,"Cardinal 打孔机, 实惠",268.8,2,0.0,24.08
8417,CN-202023-1815663,2024-08-05,2024-08-05,当日,周诚-11275,周诚,公司,河源,广东,中国,中南,办公用-系固-10000296,办公用品,系固件,"Stockwell 按钉, 每包 12 个",64.4,1,0.0,30.8
8418,CN-202023-1815663,2024-08-05,2024-08-05,当日,周诚-11275,周诚,公司,河源,广东,中国,中南,办公用-信封-10004202,办公用品,信封,"Ames 邮寄品, 每套 50 个",501.9,3,0.0,39.9
8419,CN-202023-1815663,2024-08-05,2024-08-05,当日,周诚-11275,周诚,公司,河源,广东,中国,中南,办公用-标签-10002109,办公用品,标签,"Harbour Creations 合法证物标签, 耐用",158.76,3,0.0,2.94
8420,US-202023-3378788,2024-07-16,2024-07-18,一级,黄芳-12760,黄芳,公司,鞍山,辽宁,中国,东北,办公用-系固-10000833,办公用品,系固件,"Accos 橡皮筋, 每包 12 个",135.324,3,0.4,-54.516
8434,CN-202023-2547654,2024-11-04,2024-11-07,二级,肖壁-10435,肖壁,小型企业,潼川,四川,中国,西南,办公用-收纳-10004131,办公用品,收纳具,"Rogers 文件夹, 金属",277.76,2,0.0,102.76
8437,CN-202023-1966706,2024-05-25,2024-05-27,二级,陈莲-16930,陈莲,公司,唐山,河北,中国,华北,办公用-器具-10001757,办公用品,器具,"KitchenAid 炉灶, 黑色",7974.12,3,0.0,3109.68
8441,CN-202023-3095328,2024-12-30,2024-12-30,当日,韩莞-13255,韩莞颖,小型企业,深圳,广东,中国,中南,办公用-系固-10003826,办公用品,系固件,"Accos 回形针, 整包",524.16,8,0.0,193.76
8454,CN-202023-1119011,2024-05-16,2024-05-21,标准级,孙谙-18835,孙谙,公司,浯溪,湖南,中国,中南,技术-复印-10004261,技术,复印机,"惠普 墨水, 数字化",1796.76,3,0.0,700.56
8455,CN-202023-1119011,2024-05-16,2024-05-21,标准级,孙谙-18835,孙谙,公司,浯溪,湖南,中国,中南,办公用-收纳-10000932,办公用品,收纳具,"Rogers 文件夹, 蓝色",429.66,3,0.0,206.22
8456,CN-202023-3649263,2024-03-10,2024-03-17,标准级,肖良-17125,肖良,消费者,莱阳,山东,中国,华东,家具-椅子-10002532,家具,椅子,"Hon 椅垫, 可调",2436.84,9,0.0,1218.42
8465,CN-202023-3350819,2024-03-16,2024-03-21,标准级,徐虹-13840,徐虹,公司,广州,广东,中国,中南,办公用-收纳-10004035,办公用品,收纳具,"Rogers 盘, 蓝色",1151.36,4,0.0,402.64
8466,CN-202023-3350819,2024-03-16,2024-03-21,标准级,徐虹-13840,徐虹,公司,广州,广东,中国,中南,办公用-用品-10000918,办公用品,用品,"Acme 美工刀, 锯齿状",483.0,3,0.0,149.52
8467,CN-202023-3350819,2024-03-16,2024-03-21,标准级,徐虹-13840,徐虹,公司,广州,广东,中国,中南,办公用-器具-10000022,办公用品,器具,"Hoover 冰箱, 白色",7341.6,3,0.0,3670.8
8468,CN-202023-3350819,2024-03-16,2024-03-21,标准级,徐虹-13840,徐虹,公司,广州,广东,中国,中南,家具-椅子-10002368,家具,椅子,"Office Star 扶手椅, 红色",1963.206,1,0.1,545.286
8469,CN-202023-3350819,2024-03-16,2024-03-21,标准级,徐虹-13840,徐虹,公司,广州,广东,中国,中南,家具-椅子-10003097,家具,椅子,"Hon 折叠椅, 可调",704.844,2,0.1,211.204
8483,US-202023-4687313,2024-12-17,2024-12-23,标准级,彭博-10555,彭博,公司,高密,山东,中国,华东,家具-书架-10003011,家具,书架,"Sauder 书架, 黑色",1382.92,2,0.0,622.16
8491,US-202023-3643443,2024-02-22,2024-02-22,当日,殷莲-17110,殷莲,消费者,登封,河南,中国,中南,家具-桌子-10001262,家具,桌子,"Lesro 圆桌, 长方形",7867.65,5,0.25,-419.65
8492,US-202023-3643443,2024-02-22,2024-02-22,当日,殷莲-17110,殷莲,消费者,登封,河南,中国,中南,办公用-用品-10000602,办公用品,用品,"Fiskars 修剪器, 蓝色",394.8,2,0.0,193.2
8493,CN-202023-1973789,2024-08-01,2024-08-07,标准级,邱谦-19240,邱谦,消费者,新泰,山东,中国,华东,技术-电话-10002479,技术,电话,"诺基亚 办公室电话机, 混合尺寸",2220.68,7,0.0,643.86
8494,CN-202023-1973789,2024-08-01,2024-08-07,标准级,邱谦-19240,邱谦,消费者,新泰,山东,中国,华东,家具-用具-10002431,家具,用具,"Rubvermaid 灯泡, 一包多件",617.4,7,0.0,290.08
8499,US-202023-1594949,2024-09-08,2024-09-13,标准级,佘巧-19480,佘巧,消费者,五常,黑龙江,中国,东北,办公用-信封-10001091,办公用品,信封,"Kraft 商业信封, 回收",213.36,3,0.0,68.04
8500,US-202023-1594949,2024-09-08,2024-09-13,标准级,佘巧-19480,佘巧,消费者,五常,黑龙江,中国,东北,家具-椅子-10003809,家具,椅子,"Office Star 摇椅, 红色",2630.32,4,0.0,157.36
8501,US-202023-1594949,2024-09-08,2024-09-13,标准级,佘巧-19480,佘巧,消费者,五常,黑龙江,中国,东北,办公用-用品-10003385,办公用品,用品,"Elite 剪刀, 工业",338.1,3,0.0,67.62
8502,CN-202023-1290698,2024-10-24,2024-10-28,标准级,曹达-11800,曹达侠,小型企业,佛山,广东,中国,中南,办公用-美术-10003594,办公用品,美术,"Boston 铅笔刀, 混合尺寸",359.856,3,0.2,22.176
8503,CN-202023-1290698,2024-10-24,2024-10-28,标准级,曹达-11800,曹达侠,小型企业,佛山,广东,中国,中南,办公用-标签-10004405,办公用品,标签,"Avery 文件夹标签, 白色",85.12,2,0.0,1.68
8504,US-202023-1658434,2024-11-09,2024-11-14,二级,施黎-16435,施黎明,消费者,广州,广东,中国,中南,技术-设备-10003739,技术,设备,"松下 打印机, 白色",1236.2,1,0.0,494.48
8505,US-202023-1658434,2024-11-09,2024-11-14,二级,施黎-16435,施黎明,消费者,广州,广东,中国,中南,技术-配件-10003340,技术,配件,"Enermax 键区, 回收",1286.6,5,0.0,333.9
8523,US-202023-3210061,2024-06-28,2024-07-02,标准级,陈忠-11470,陈忠,公司,天津,天津,中国,华北,办公用-用品-10002100,办公用品,用品,"Fiskars 修剪器, 工业",1844.64,9,0.0,91.98
8529,CN-202023-1007278,2024-11-02,2024-11-07,标准级,邵娜-18565,邵娜,小型企业,宿州,安徽,中国,华东,办公用-装订-10002118,办公用品,装订机,"Avery 打孔机, 透明",127.54,1,0.0,45.78
8530,CN-202023-1007278,2024-11-02,2024-11-07,标准级,邵娜-18565,邵娜,小型企业,宿州,安徽,中国,华东,家具-椅子-10004718,家具,椅子,"Novimex 折叠椅, 红色",767.48,2,0.0,30.52
8552,CN-202023-3370094,2024-07-07,2024-07-10,一级,倪幂-18085,倪幂,消费者,汕头,广东,中国,中南,技术-电话-10002340,技术,电话,"三星 耳机, 整包",2394.14,7,0.0,1173.06
8553,CN-202023-3370094,2024-07-07,2024-07-10,一级,倪幂-18085,倪幂,消费者,汕头,广东,中国,中南,办公用-用品-10004318,办公用品,用品,"Elite 剪刀, 蓝色",315.42,3,0.0,126.0
8554,CN-202023-5623341,2024-10-07,2024-10-14,标准级,谢丽-17635,谢丽雪,公司,青岛,山东,中国,华东,办公用-系固-10002226,办公用品,系固件,"Advantus 图钉, 金属",127.96,2,0.0,33.04
8555,CN-202023-3042636,2024-11-25,2024-11-28,二级,巩珑-17845,巩珑,消费者,广州,广东,中国,中南,技术-电话-10004846,技术,电话,"摩托罗拉 音频基座, 蓝色",2427.18,3,0.0,1164.66
8556,CN-202023-3042636,2024-11-25,2024-11-28,二级,巩珑-17845,巩珑,消费者,广州,广东,中国,中南,家具-椅子-10003670,家具,椅子,"Harbour Creations 摇椅, 黑色",2430.288,4,0.1,674.688
8557,CN-202023-3042636,2024-11-25,2024-11-28,二级,巩珑-17845,巩珑,消费者,广州,广东,中国,中南,家具-椅子-10004040,家具,椅子,"Harbour Creations 折叠椅, 黑色",801.864,2,0.1,35.504
8558,CN-202023-3057386,2024-04-23,2024-04-28,标准级,王立-16585,王立勤,公司,北京,北京,中国,华北,家具-椅子-10000951,家具,椅子,"Hon 椅垫, 红色",777.42,3,0.0,233.1
8565,CN-202023-2173759,2024-03-10,2024-03-12,一级,曾伟-21595,曾伟,消费者,大连,辽宁,中国,东北,办公用-标签-10000548,办公用品,标签,"Harbour Creations 可去除的标签, 耐用",150.36,3,0.0,17.64
8567,CN-202023-1244124,2024-09-07,2024-09-10,二级,邵伟-21565,邵伟,公司,夏镇,山东,中国,华东,办公用-用品-10004161,办公用品,用品,"Kleencut 修剪器, 工业",1004.5,5,0.0,100.1
8581,CN-202023-5266113,2024-05-26,2024-05-28,二级,潘盛-20380,潘盛,消费者,厦门,福建,中国,华东,技术-复印-10002888,技术,复印机,"Hewlett 传真复印机, 数字化",5390.28,6,0.0,1778.28
8582,CN-202023-5266113,2024-05-26,2024-05-28,二级,潘盛-20380,潘盛,消费者,厦门,福建,中国,华东,技术-配件-10000166,技术,配件,"SanDisk 闪存驱动器, 耐用",556.5,3,0.0,272.58
8583,CN-202023-5266113,2024-05-26,2024-05-28,二级,潘盛-20380,潘盛,消费者,厦门,福建,中国,华东,家具-椅子-10001595,家具,椅子,"Office Star 凳子, 红色",2435.16,3,0.0,1047.06
8586,CN-202023-5443541,2024-03-19,2024-03-21,一级,陶武-21880,陶武,公司,邯郸,河北,中国,华北,技术-复印-10002458,技术,复印机,"夏普 传真复印机, 红色",5448.8,7,0.0,1579.76
8587,CN-202023-5443541,2024-03-19,2024-03-21,一级,陶武-21880,陶武,公司,邯郸,河北,中国,华北,办公用-系固-10002031,办公用品,系固件,"Advantus 按钉, 整包",269.36,4,0.0,18.48
8589,CN-202023-3042636,2024-11-13,2024-11-18,标准级,武廷-21310,武廷,消费者,朝阳,辽宁,中国,东北,家具-椅子-10001807,家具,椅子,"SAFCO 折叠椅, 每套两件",1231.44,5,0.4,-513.66
8590,CN-202023-3042636,2024-11-13,2024-11-18,标准级,武廷-21310,武廷,消费者,朝阳,辽宁,中国,东北,技术-配件-10003923,技术,配件,"SanDisk 记忆卡, 实惠",629.496,2,0.4,-209.944
8591,CN-202023-5278404,2024-01-21,2024-01-26,标准级,林磊-16045,林磊,小型企业,北京,北京,中国,华北,办公用-用品-10004796,办公用品,用品,"Stiletto 大剪刀, 工业",2551.78,11,0.0,381.92
8603,CN-202023-2286344,2024-08-10,2024-08-15,标准级,周柏-18925,周柏,小型企业,孝感,湖北,中国,中南,办公用-美术-10003207,办公用品,美术,"Stanley 铅笔刀, 金属",24.304,1,0.8,-68.096
8605,US-202023-3777715,2024-08-04,2024-08-10,标准级,徐莲-17080,徐莲,消费者,义乌,浙江,中国,华东,办公用-装订-10002115,办公用品,装订机,"Acco 打孔机, 实惠",421.68,5,0.4,-260.12
8606,US-202023-3777715,2024-08-04,2024-08-10,标准级,徐莲-17080,徐莲,消费者,义乌,浙江,中国,华东,办公用-标签-10003739,办公用品,标签,"Avery 文件夹标签, 耐用",177.52,4,0.0,67.2
8620,US-202023-3189070,2024-07-01,2024-07-03,一级,邹雯-21820,邹雯,消费者,东莞,广东,中国,中南,家具-椅子-10002550,家具,椅子,"Office Star 沙滩椅, 黑色",1113.21,5,0.1,432.81
8625,CN-202023-5266113,2024-03-09,2024-03-13,标准级,巩珑-17845,巩珑,消费者,汕头,广东,中国,中南,家具-书架-10000196,家具,书架,"Sauder 柜, 白色",5527.2,7,0.0,2320.64
8626,CN-202023-5266113,2024-03-09,2024-03-13,标准级,巩珑-17845,巩珑,消费者,汕头,广东,中国,中南,办公用-用品-10002305,办公用品,用品,"Elite 美工刀, 蓝色",325.64,2,0.0,38.92
8631,CN-202023-5165630,2024-08-25,2024-08-25,当日,蒋宣-20830,蒋宣,消费者,莱州,山东,中国,华东,技术-电话-10003837,技术,电话,"思科 信号增强器, 整包",4253.76,6,0.0,212.52
8632,CN-202023-3361827,2024-11-23,2024-11-28,标准级,佘凤-12955,佘凤,公司,桂林,广西,中国,中南,办公用-标签-10002541,办公用品,标签,"Harbour Creations 运输标签, 可调",87.36,2,0.0,12.04
8633,CN-202023-5036114,2024-09-21,2024-09-23,一级,马晨-11185,马晨,公司,洛阳,福建,中国,华东,办公用-标签-10000869,办公用品,标签,"Novimex 有色标签, 耐用",179.34,3,0.0,89.46
8634,CN-202023-5036114,2024-09-21,2024-09-23,一级,马晨-11185,马晨,公司,洛阳,福建,中国,华东,家具-书架-10003132,家具,书架,"Dania 古典书架, 黑色",5769.54,3,0.0,692.16
8635,CN-202023-5036114,2024-09-21,2024-09-23,一级,马晨-11185,马晨,公司,洛阳,福建,中国,华东,办公用-装订-10001505,办公用品,装订机,"Cardinal 孔加固材料, 回收",372.4,14,0.0,178.36
8636,CN-202023-5036114,2024-09-21,2024-09-23,一级,马晨-11185,马晨,公司,洛阳,福建,中国,华东,办公用-系固-10002340,办公用品,系固件,"OIC 按钉, 每包 12 个",267.68,4,0.0,5.04
8637,CN-202023-5036114,2024-09-21,2024-09-23,一级,马晨-11185,马晨,公司,洛阳,福建,中国,华东,家具-椅子-10002059,家具,椅子,"SAFCO 凳子, 红色",4702.32,6,0.0,328.44
8638,US-202023-5320363,2024-03-30,2024-04-04,标准级,田谙-18850,田谙,消费者,长沙,湖南,中国,中南,办公用-收纳-10004893,办公用品,收纳具,"Tenex 盒, 蓝色",77.0,1,0.0,29.96
8650,US-202023-2505404,2024-05-06,2024-05-10,二级,丁崆-15535,丁崆,消费者,北京,北京,中国,华北,办公用-标签-10002702,办公用品,标签,"Smead 可去除的标签, 可调",117.6,3,0.0,50.4
8651,US-202023-2505404,2024-05-06,2024-05-10,二级,丁崆-15535,丁崆,消费者,北京,北京,中国,华北,办公用-美术-10004617,办公用品,美术,"Boston 钢笔, 金属",361.2,5,0.0,104.3
8652,CN-202023-1361457,2024-08-26,2024-08-30,标准级,严恒-13660,严恒,消费者,辽中,辽宁,中国,东北,办公用-标签-10000838,办公用品,标签,"Avery 运输标签, 耐用",285.6,5,0.0,62.3
8653,CN-202023-1361457,2024-08-26,2024-08-30,标准级,严恒-13660,严恒,消费者,辽中,辽宁,中国,东北,办公用-美术-10000396,办公用品,美术,"Stanley 钢笔, 混合尺寸",86.436,7,0.8,-273.224
8654,CN-202023-2609031,2024-10-22,2024-10-25,二级,彭欢-14230,彭欢,公司,桦甸,吉林,中国,东北,办公用-纸张-10004087,办公用品,纸张,"Eaton 计划信息表, 回收",286.86,3,0.0,25.62
8657,CN-202023-1628412,2024-03-14,2024-03-17,二级,葛彩-10660,葛彩,消费者,南宁,广西,中国,中南,办公用-装订-10000287,办公用品,装订机,"Wilson Jones 孔加固材料, 实惠",84.56,4,0.0,20.16
8658,CN-202023-1628412,2024-03-14,2024-03-17,二级,葛彩-10660,葛彩,消费者,南宁,广西,中国,中南,家具-用具-10001174,家具,用具,"Tenex 灯泡, 黑色",176.68,2,0.0,61.6
8659,CN-202023-1628412,2024-03-14,2024-03-17,二级,葛彩-10660,葛彩,消费者,南宁,广西,中国,中南,办公用-收纳-10003711,办公用品,收纳具,"Rogers 盒, 蓝色",671.16,6,0.0,335.16
8661,CN-202023-1608087,2024-09-02,2024-09-04,二级,林青-19600,林青,消费者,潍坊,山东,中国,华东,技术-配件-10003558,技术,配件,"SanDisk 闪存驱动器, 可编程",1723.68,9,0.0,792.54
8669,CN-202023-1321997,2024-03-03,2024-03-07,标准级,薛君-15205,薛君,消费者,南宁,广西,中国,中南,办公用-纸张-10003543,办公用品,纸张,"Enermax 笔记本, 优质",399.0,3,0.0,47.88
8670,CN-202023-3497234,2024-10-12,2024-10-17,标准级,白斯-20995,白斯云,消费者,洛阳,河南,中国,中南,办公用-装订-10004028,办公用品,装订机,"Wilson Jones 打孔机, 实惠",653.1,5,0.0,51.8
8671,CN-202023-3497234,2024-10-12,2024-10-17,标准级,白斯-20995,白斯云,消费者,洛阳,河南,中国,中南,办公用-收纳-10002018,办公用品,收纳具,"Eldon 搁板, 工业",2053.8,9,0.0,636.3
8672,CN-202023-3497234,2024-10-12,2024-10-17,标准级,白斯-20995,白斯云,消费者,洛阳,河南,中国,中南,办公用-系固-10002262,办公用品,系固件,"Stockwell 图钉, 每包 12 个",181.44,3,0.0,88.62
8673,CN-202023-3497234,2024-10-12,2024-10-17,标准级,白斯-20995,白斯云,消费者,洛阳,河南,中国,中南,办公用-用品-10000039,办公用品,用品,"Acme 尺子, 工业",427.7,5,0.0,119.7
8674,CN-202023-3497234,2024-10-12,2024-10-17,标准级,白斯-20995,白斯云,消费者,洛阳,河南,中国,中南,家具-椅子-10000671,家具,椅子,"Hon 折叠椅, 黑色",1990.548,6,0.1,-111.132
8675,CN-202023-3497234,2024-10-12,2024-10-17,标准级,白斯-20995,白斯云,消费者,洛阳,河南,中国,中南,家具-用具-10000883,家具,用具,"Rubvermaid 框架, 耐用",2494.8,5,0.0,74.2
8676,CN-202023-3497234,2024-10-12,2024-10-17,标准级,白斯-20995,白斯云,消费者,洛阳,河南,中国,中南,家具-用具-10002112,家具,用具,"Eldon 框架, 耐用",528.64,1,0.0,179.62
8677,CN-202023-3497234,2024-10-12,2024-10-17,标准级,白斯-20995,白斯云,消费者,洛阳,河南,中国,中南,办公用-器具-10001050,办公用品,器具,"Hamilton Beach 微波炉, 黑色",2631.44,2,0.0,183.96
8678,CN-202023-3497234,2024-10-12,2024-10-17,标准级,白斯-20995,白斯云,消费者,洛阳,河南,中国,中南,办公用-信封-10004866,办公用品,信封,"Kraft 马尼拉纸信封, 红色",980.98,7,0.0,49.0
8679,CN-202023-2747579,2024-07-31,2024-08-05,二级,柯婷-21100,柯婷,消费者,漳州,福建,中国,华东,办公用-信封-10000284,办公用品,信封,"Kraft 搭扣信封, 回收",109.2,3,0.0,44.52
8682,US-202023-1610589,2024-06-05,2024-06-10,标准级,贾彩-10600,贾彩,公司,福州,福建,中国,华东,办公用-美术-10000575,办公用品,美术,"Binney & Smith 画布, 金属",491.12,2,0.0,34.16
8683,US-202023-4180783,2024-05-20,2024-05-22,一级,夏明-18355,夏明媚,公司,海口,海南,中国,中南,技术-配件-10004611,技术,配件,"Memorex 键盘, 可编程",679.84,2,0.0,74.76
8712,US-202023-4889288,2024-05-12,2024-05-19,标准级,袁荣-19765,袁荣,公司,南通,江苏,中国,华东,技术-电话-10003653,技术,电话,"三星 充电器, 混合尺寸",3578.4,2,0.4,298.2
8713,CN-202023-4800042,2024-12-22,2024-12-22,当日,巩明-18370,巩明媚,消费者,满洲里,内蒙古,中国,华北,办公用-信封-10000562,办公用品,信封,"Kraft 搭扣信封, 银色",53.2,1,0.0,24.36
8714,CN-202023-4800042,2024-12-22,2024-12-22,当日,巩明-18370,巩明媚,消费者,满洲里,内蒙古,中国,华北,技术-设备-10003013,技术,设备,"松下 喷墨打印机, 红色",6926.976,8,0.4,-115.584
8715,CN-202023-4800042,2024-12-22,2024-12-22,当日,巩明-18370,巩明媚,消费者,满洲里,内蒙古,中国,华北,办公用-收纳-10001112,办公用品,收纳具,"Fellowes 盒, 工业",282.24,3,0.0,67.62
8716,CN-202023-4800042,2024-12-22,2024-12-22,当日,巩明-18370,巩明媚,消费者,满洲里,内蒙古,中国,华北,办公用-器具-10003836,办公用品,器具,"Hoover 微波炉, 黑色",1725.192,2,0.4,-776.608
8721,CN-202023-1086295,2024-06-26,2024-07-01,二级,韦实-20275,韦实,消费者,滁州,安徽,中国,华东,家具-书架-10003617,家具,书架,"Bush 书架, 黑色",1748.04,3,0.0,436.8
8725,CN-202023-2316295,2024-02-04,2024-02-08,标准级,赖虎-14035,赖虎,公司,启东,江苏,中国,华东,办公用-器具-10003386,办公用品,器具,"Breville 烤面包机, 红色",214.788,1,0.4,21.448
8726,CN-202023-2316295,2024-02-04,2024-02-08,标准级,赖虎-14035,赖虎,公司,启东,江苏,中国,华东,家具-椅子-10003177,家具,椅子,"Harbour Creations 椅垫, 每套两件",623.7,3,0.4,-114.66
8727,CN-202023-2316295,2024-02-04,2024-02-08,标准级,赖虎-14035,赖虎,公司,启东,江苏,中国,华东,办公用-标签-10003944,办公用品,标签,"Harbour Creations 圆形标签, 白色",94.5,3,0.0,10.08
8730,CN-202023-5533473,2024-08-12,2024-08-14,一级,熊晨-11155,熊晨,消费者,宜昌,湖北,中国,中南,办公用-信封-10001882,办公用品,信封,"Ames 邮寄品, 红色",1470.56,8,0.0,631.68
8731,CN-202023-1090625,2024-03-24,2024-03-30,标准级,肖保-10315,肖保,消费者,阿克苏,新疆,中国,西北,技术-复印-10001533,技术,复印机,"惠普 个人复印机, 数字化",578.34,1,0.0,219.66
8732,CN-202023-1090625,2024-03-24,2024-03-30,标准级,肖保-10315,肖保,消费者,阿克苏,新疆,中国,西北,办公用-纸张-10001036,办公用品,纸张,"Eaton 备忘录便条, 回收",318.5,5,0.0,50.4
8733,CN-202023-1090625,2024-03-24,2024-03-30,标准级,肖保-10315,肖保,消费者,阿克苏,新疆,中国,西北,家具-椅子-10002168,家具,椅子,"Hon 凳子, 黑色",4514.16,6,0.0,44.52
8734,CN-202023-1090625,2024-03-24,2024-03-30,标准级,肖保-10315,肖保,消费者,阿克苏,新疆,中国,西北,办公用-装订-10002575,办公用品,装订机,"Wilson Jones 打孔机, 耐用",963.34,7,0.0,442.96
8735,CN-202023-1090625,2024-03-24,2024-03-30,标准级,肖保-10315,肖保,消费者,阿克苏,新疆,中国,西北,家具-桌子-10001240,家具,桌子,"Hon 培训桌, 长方形",1849.512,2,0.4,-308.448
8736,US-202023-5313470,2024-04-01,2024-04-08,标准级,徐蔓-17965,徐蔓楚,公司,禹城,山东,中国,华东,办公用-信封-10000686,办公用品,信封,"GlobeWeis 局间信封, 每套 50 个",446.32,2,0.0,182.84
8741,US-202023-3407073,2024-10-16,2024-10-16,当日,陶聪-11725,陶聪,消费者,衢州,浙江,中国,华东,办公用-装订-10004255,办公用品,装订机,"Acco 打孔机, 回收",256.032,3,0.4,-8.568
8742,US-202023-3407073,2024-10-16,2024-10-16,当日,陶聪-11725,陶聪,消费者,衢州,浙江,中国,华东,办公用-美术-10001717,办公用品,美术,"Boston 钢笔, 混合尺寸",97.44,6,0.8,-239.4
8743,US-202023-3407073,2024-10-16,2024-10-16,当日,陶聪-11725,陶聪,消费者,衢州,浙江,中国,华东,家具-书架-10001013,家具,书架,"Dania 搁架, 白色",1443.708,3,0.4,-240.912
8746,CN-202023-4644475,2024-12-14,2024-12-19,标准级,薛强-19330,薛强,消费者,上海,上海,中国,华东,办公用-系固-10003889,办公用品,系固件,"OIC 图钉, 金属",66.22,1,0.0,23.1
8747,CN-202023-4644475,2024-12-14,2024-12-19,标准级,薛强-19330,薛强,消费者,上海,上海,中国,华东,办公用-器具-10000912,办公用品,器具,"Hamilton Beach 冰箱, 黑色",20981.52,9,0.0,628.74
8748,CN-202023-4644475,2024-12-14,2024-12-19,标准级,薛强-19330,薛强,消费者,上海,上海,中国,华东,办公用-纸张-10003494,办公用品,纸张,"Enermax 羊皮纸, 多色",156.8,2,0.0,59.36
8749,CN-202023-2396895,2024-09-15,2024-09-21,标准级,万虹-13900,万虹,消费者,哈尔滨,黑龙江,中国,东北,家具-椅子-10000270,家具,椅子,"Novimex 凳子, 黑色",756.14,1,0.0,143.64
8750,CN-202023-2396895,2024-09-15,2024-09-21,标准级,万虹-13900,万虹,消费者,哈尔滨,黑龙江,中国,东北,办公用-装订-10002707,办公用品,装订机,"Ibico 标签, 耐用",388.64,8,0.0,77.28
8760,CN-202023-5250870,2024-08-04,2024-08-05,一级,陈婉-21340,陈婉,消费者,常州,江苏,中国,华东,办公用-纸张-10002204,办公用品,纸张,"Enermax 信纸, 回收",438.76,2,0.0,56.84
8761,CN-202023-5250870,2024-08-04,2024-08-05,一级,陈婉-21340,陈婉,消费者,常州,江苏,中国,华东,技术-复印-10003823,技术,复印机,"惠普 墨水, 彩色",728.784,2,0.4,48.384
8762,CN-202023-5250870,2024-08-04,2024-08-05,一级,陈婉-21340,陈婉,消费者,常州,江苏,中国,华东,办公用-收纳-10001996,办公用品,收纳具,"Fellowes 搁板, 金属",3718.12,14,0.0,221.48
8767,CN-202023-1349856,2024-01-13,2024-01-19,标准级,苏江-14620,苏江丽,公司,广州,广东,中国,中南,办公用-收纳-10004975,办公用品,收纳具,"Fellowes 文件夹, 工业",627.2,5,0.0,100.1
8770,CN-202023-2234207,2024-10-21,2024-10-21,当日,邱栋-12265,邱栋,消费者,杭州,浙江,中国,华东,办公用-收纳-10004747,办公用品,收纳具,"Eldon 文件夹, 单宽度",79.38,1,0.0,25.34
8771,CN-202023-2234207,2024-10-21,2024-10-21,当日,邱栋-12265,邱栋,消费者,杭州,浙江,中国,华东,办公用-用品-10002573,办公用品,用品,"Fiskars 尺子, 工业",89.88,2,0.4,-37.52
8783,CN-202023-4200185,2024-03-21,2024-03-28,标准级,潘荷-13735,潘荷,小型企业,上海,上海,中国,华东,家具-书架-10004493,家具,书架,"Dania 书架, 传统",3971.94,7,0.0,754.6
8784,CN-202023-3898543,2024-11-09,2024-11-13,标准级,贺恒-13630,贺恒,消费者,大庆,黑龙江,中国,东北,办公用-信封-10003899,办公用品,信封,"Kraft 马尼拉纸信封, 回收",590.1,5,0.0,247.8
8785,CN-202023-2213009,2024-06-22,2024-06-24,一级,巩嫒-10045,巩嫒,公司,昆明,云南,中国,西南,技术-配件-10004500,技术,配件,"罗技 键盘, 实惠",338.1,1,0.0,81.06
8786,CN-202023-2213009,2024-06-22,2024-06-24,一级,巩嫒-10045,巩嫒,公司,昆明,云南,中国,西南,技术-设备-10004535,技术,设备,"冲电器 卡片打印机, 白色",2439.36,3,0.0,1048.74
8787,CN-202023-2213009,2024-06-22,2024-06-24,一级,巩嫒-10045,巩嫒,公司,昆明,云南,中国,西南,办公用-系固-10003118,办公用品,系固件,"Stockwell 夹子, 混合尺寸",233.52,3,0.0,69.72
8792,US-202023-3351164,2024-05-04,2024-05-10,标准级,殷凤-13030,殷凤,小型企业,苏州,江苏,中国,华东,办公用-纸张-10004071,办公用品,纸张,"Eaton 羊皮纸, 每包 12 个",164.36,2,0.0,24.64
8793,US-202023-3351164,2024-05-04,2024-05-10,标准级,殷凤-13030,殷凤,小型企业,苏州,江苏,中国,华东,技术-设备-10003593,技术,设备,"冲电器 电话, 白色",716.184,3,0.4,-346.416
8798,CN-202023-4750815,2024-01-31,2024-02-05,标准级,曾锦-14935,曾锦,公司,平度,山东,中国,华东,办公用-美术-10002672,办公用品,美术,"Sanford 画布, 金属",241.64,1,0.0,55.44
8802,CN-202023-2989159,2024-11-04,2024-11-08,标准级,倪幂-18085,倪幂,消费者,那曲,西藏,中国,西南,办公用-装订-10002814,办公用品,装订机,"Cardinal 打孔机, 透明",263.76,2,0.0,81.76
8803,CN-202023-2989159,2024-11-04,2024-11-08,标准级,倪幂-18085,倪幂,消费者,那曲,西藏,中国,西南,办公用-用品-10003697,办公用品,用品,"Acme 尺子, 钢",225.54,3,0.0,15.54
8804,CN-202023-2989159,2024-11-04,2024-11-08,标准级,倪幂-18085,倪幂,消费者,那曲,西藏,中国,西南,办公用-器具-10003221,办公用品,器具,"Breville 微波炉, 红色",4223.94,3,0.0,210.84
8805,CN-202023-2989159,2024-11-04,2024-11-08,标准级,倪幂-18085,倪幂,消费者,那曲,西藏,中国,西南,办公用-系固-10000178,办公用品,系固件,"Stockwell 按钉, 每包 12 个",312.9,5,0.0,30.8
8806,CN-202023-2989159,2024-11-04,2024-11-08,标准级,倪幂-18085,倪幂,消费者,那曲,西藏,中国,西南,办公用-用品-10003397,办公用品,用品,"Acme 开信刀, 钢",552.72,4,0.0,60.48
8808,CN-202023-2975416,2024-02-25,2024-02-28,二级,彭虹-13870,彭虹,消费者,沈阳,辽宁,中国,东北,办公用-纸张-10002524,办公用品,纸张,"施乐 羊皮纸, 回收",491.68,8,0.0,39.2
8815,US-202023-4386495,2024-12-08,2024-12-12,二级,薛关-15580,薛关茵,消费者,温州,浙江,中国,华东,家具-用具-10004892,家具,用具,"Advantus 分层置放架, 黑色",221.508,3,0.4,-22.512
8816,US-202023-4386495,2024-12-08,2024-12-12,二级,薛关-15580,薛关茵,消费者,温州,浙江,中国,华东,办公用-装订-10000648,办公用品,装订机,"Cardinal 装订机盖, 实惠",67.2,2,0.4,4.48
8836,CN-202023-5907567,2024-10-19,2024-10-23,二级,牛黎-16390,牛黎明,公司,北京,北京,中国,华北,办公用-标签-10004317,办公用品,标签,"Novimex 圆形标签, 耐用",93.24,3,0.0,34.44
8837,CN-202023-5907567,2024-10-19,2024-10-23,二级,牛黎-16390,牛黎明,公司,北京,北京,中国,华北,办公用-装订-10002575,办公用品,装订机,"Wilson Jones 打孔机, 耐用",412.86,3,0.0,189.84
8843,CN-202023-4750815,2024-10-15,2024-10-19,标准级,贾彩-10600,贾彩,公司,莱芜,山东,中国,华东,办公用-信封-10000067,办公用品,信封,"Ames 局间信封, 红色",454.16,2,0.0,145.32
8844,CN-202023-4750815,2024-10-15,2024-10-19,标准级,贾彩-10600,贾彩,公司,莱芜,山东,中国,华东,办公用-收纳-10000932,办公用品,收纳具,"Rogers 文件夹, 蓝色",286.44,2,0.0,137.48
8845,CN-202023-4750815,2024-10-15,2024-10-19,标准级,贾彩-10600,贾彩,公司,莱芜,山东,中国,华东,技术-复印-10000491,技术,复印机,"惠普 传真机, 彩色",2812.88,2,0.0,1153.04
8848,US-202023-4246507,2024-12-11,2024-12-16,标准级,钱宁-18655,钱宁,公司,西宁,青海,中国,西北,办公用-器具-10001453,办公用品,器具,"Cuisinart 炉灶, 白色",5006.68,2,0.0,2202.76
8849,CN-202023-2693856,2024-05-11,2024-05-12,一级,卢欢-14125,卢欢悦,小型企业,石家庄,河北,中国,华北,办公用-标签-10001520,办公用品,标签,"Hon 可去除的标签, 白色",143.64,3,0.0,5.46
8850,CN-202023-2693856,2024-05-11,2024-05-12,一级,卢欢-14125,卢欢悦,小型企业,石家庄,河北,中国,华北,办公用-纸张-10004671,办公用品,纸张,"Enermax 信纸, 优质",659.4,3,0.0,197.82
8851,CN-202023-2693856,2024-05-11,2024-05-12,一级,卢欢-14125,卢欢悦,小型企业,石家庄,河北,中国,华北,家具-用具-10001796,家具,用具,"Eldon 灯泡, 黑色",588.0,5,0.0,258.3
8855,CN-202023-4888622,2024-11-11,2024-11-15,二级,谭乐-17815,谭乐,消费者,石家庄,河北,中国,华北,家具-椅子-10003748,家具,椅子,"Harbour Creations 折叠椅, 红色",913.64,2,0.0,383.6
8856,CN-202023-1021233,2024-12-08,2024-12-11,二级,薛健-14560,薛健,公司,牡丹江,黑龙江,中国,东北,家具-用具-10000649,家具,用具,"Eldon 闹钟, 黑色",527.52,2,0.0,242.48
8857,CN-202023-1021233,2024-12-08,2024-12-11,二级,薛健-14560,薛健,公司,牡丹江,黑龙江,中国,东北,办公用-装订-10003441,办公用品,装订机,"Avery 标签, 耐用",73.08,2,0.0,13.72
8868,US-202023-5448418,2024-12-16,2024-12-21,标准级,常丽-16180,常丽华,消费者,宜宾,四川,中国,西南,家具-椅子-10002303,家具,椅子,"Harbour Creations 椅垫, 红色",1411.2,7,0.4,-94.08
8869,US-202023-5448418,2024-12-16,2024-12-21,标准级,常丽-16180,常丽华,消费者,宜宾,四川,中国,西南,家具-椅子-10004899,家具,椅子,"Hon 凳子, 每套两件",2787.12,6,0.4,-651.0
8870,CN-202023-2957814,2024-10-19,2024-10-23,标准级,夏柏-18955,夏柏,小型企业,北京,北京,中国,华北,办公用-用品-10003793,办公用品,用品,"Stiletto 美工刀, 锯齿状",152.46,1,0.0,45.64
8871,CN-202023-2957814,2024-10-19,2024-10-23,标准级,夏柏-18955,夏柏,小型企业,北京,北京,中国,华北,办公用-纸张-10001957,办公用品,纸张,"Enermax 令, 回收",529.76,4,0.0,47.6
8872,CN-202023-2957814,2024-10-19,2024-10-23,标准级,夏柏-18955,夏柏,小型企业,北京,北京,中国,华北,办公用-装订-10003676,办公用品,装订机,"Ibico 订书机, 透明",712.32,3,0.0,327.6
8873,CN-202023-2957814,2024-10-19,2024-10-23,标准级,夏柏-18955,夏柏,小型企业,北京,北京,中国,华北,技术-设备-10003593,技术,设备,"冲电器 电话, 白色",1989.4,5,0.0,218.4
8874,CN-202023-3852845,2024-09-28,2024-09-29,一级,雷菊-15025,雷菊,消费者,深圳,广东,中国,中南,技术-复印-10004535,技术,复印机,"佳能 墨水, 彩色",1386.84,2,0.0,124.6
8875,CN-202023-3852845,2024-09-28,2024-09-29,一级,雷菊-15025,雷菊,消费者,深圳,广东,中国,中南,技术-配件-10002679,技术,配件,"Enermax 路由器, 实惠",2411.08,2,0.0,554.4
8876,CN-202023-4364300,2024-01-03,2024-01-04,一级,潘琼-19630,潘琼,公司,洛阳,河南,中国,中南,家具-书架-10002353,家具,书架,"Bush 书库, 传统",1700.16,1,0.0,782.04
8883,CN-202023-5497693,2024-12-16,2024-12-19,二级,叶立-16615,叶立勤,公司,密山,黑龙江,中国,东北,家具-桌子-10003440,家具,桌子,"Hon 电脑桌, 组装",5183.955,3,0.25,276.255
8897,CN-202023-4288435,2024-04-29,2024-05-03,标准级,孙诚-11320,孙诚,消费者,义乌,浙江,中国,华东,办公用-信封-10000372,办公用品,信封,"Jiffy 邮寄品, 银色",923.3,5,0.0,27.3
8903,CN-202023-4225447,2024-04-15,2024-04-19,标准级,陈虎-13990,陈虎,消费者,宝应,江苏,中国,华东,办公用-系固-10003118,办公用品,系固件,"Stockwell 夹子, 混合尺寸",513.744,11,0.4,-86.856
8904,CN-202023-4225447,2024-04-15,2024-04-19,标准级,陈虎-13990,陈虎,消费者,宝应,江苏,中国,华东,办公用-标签-10004317,办公用品,标签,"Novimex 圆形标签, 耐用",93.24,3,0.0,34.44
8905,CN-202023-4225447,2024-04-15,2024-04-19,标准级,陈虎-13990,陈虎,消费者,宝应,江苏,中国,华东,办公用-用品-10003696,办公用品,用品,"Elite 修剪器, 蓝色",583.38,5,0.4,-262.92
8906,CN-202023-4225447,2024-04-15,2024-04-19,标准级,陈虎-13990,陈虎,消费者,宝应,江苏,中国,华东,家具-椅子-10001460,家具,椅子,"Harbour Creations 摇椅, 可调",837.648,2,0.4,-390.992
8907,CN-202023-4225447,2024-04-15,2024-04-19,标准级,陈虎-13990,陈虎,消费者,宝应,江苏,中国,华东,办公用-标签-10004762,办公用品,标签,"Hon 运输标签, 耐用",164.64,3,0.0,80.64
8917,CN-202023-4497265,2024-11-14,2024-11-17,一级,孔松-20695,孔松,公司,南宁,广西,中国,中南,办公用-装订-10000127,办公用品,装订机,"Acco 标签, 透明",75.04,2,0.0,35.0
8918,CN-202023-4497265,2024-11-14,2024-11-17,一级,孔松-20695,孔松,公司,南宁,广西,中国,中南,技术-配件-10003154,技术,配件,"Enermax 鼠标, 实惠",1316.14,7,0.0,328.3
8926,US-202023-3284020,2024-09-09,2024-09-14,标准级,陈忠-11470,陈忠,公司,泰兴,江苏,中国,华东,技术-电话-10000938,技术,电话,"苹果 耳机, 混合尺寸",426.216,2,0.4,-120.904
8932,US-202023-1658434,2024-08-31,2024-09-01,一级,龙谦-19300,龙谦,消费者,兰州,甘肃,中国,西北,家具-用具-10004892,家具,用具,"Advantus 分层置放架, 黑色",221.508,3,0.4,-22.512
8933,US-202023-1658434,2024-08-31,2024-09-01,一级,龙谦-19300,龙谦,消费者,兰州,甘肃,中国,西北,办公用-美术-10002057,办公用品,美术,"Binney & Smith 画布, 整包",144.564,3,0.8,-433.776
8934,US-202023-1658434,2024-08-31,2024-09-01,一级,龙谦-19300,龙谦,消费者,兰州,甘肃,中国,西北,办公用-器具-10002945,办公用品,器具,"Breville 微波炉, 黑色",2529.576,3,0.4,-1644.384
8935,US-202023-1658434,2024-08-31,2024-09-01,一级,龙谦-19300,龙谦,消费者,兰州,甘肃,中国,西北,办公用-标签-10001520,办公用品,标签,"Hon 可去除的标签, 白色",143.64,3,0.0,5.46
8941,CN-202023-3545086,2024-12-17,2024-12-22,二级,王敬-14965,王敬,公司,宁海,山东,中国,华东,家具-用具-10000791,家具,用具,"Deflect-O 灯泡, 耐用",224.28,3,0.0,8.82
8942,CN-202023-3545086,2024-12-17,2024-12-22,二级,王敬-14965,王敬,公司,宁海,山东,中国,华东,技术-复印-10000037,技术,复印机,"佳能 墨水, 每套两件",1373.4,2,0.0,494.2
8943,CN-202023-3545086,2024-12-17,2024-12-22,二级,王敬-14965,王敬,公司,宁海,山东,中国,华东,技术-复印-10004261,技术,复印机,"惠普 墨水, 数字化",2994.6,5,0.0,1167.6
8944,CN-202023-3545086,2024-12-17,2024-12-22,二级,王敬-14965,王敬,公司,宁海,山东,中国,华东,办公用-信封-10003109,办公用品,信封,"Jiffy 搭扣信封, 银色",101.92,2,0.0,16.24
8946,CN-202023-4985754,2024-09-19,2024-09-25,标准级,薛光-13405,薛光,消费者,寿光,山东,中国,华东,家具-椅子-10000341,家具,椅子,"Office Star 椅垫, 红色",307.16,1,0.0,12.18
8951,CN-202023-4200185,2024-01-25,2024-01-30,二级,薛立-16675,薛立伟,公司,抚顺,辽宁,中国,东北,技术-配件-10001327,技术,配件,"Enermax 记忆卡, 实惠",640.584,2,0.4,-128.296
8952,CN-202023-4200185,2024-01-25,2024-01-30,二级,薛立-16675,薛立伟,公司,抚顺,辽宁,中国,东北,办公用-装订-10004615,办公用品,装订机,"Wilson Jones 订书机, 耐用",282.576,2,0.4,-18.984
8953,CN-202023-4200185,2024-01-25,2024-01-30,二级,薛立-16675,薛立伟,公司,抚顺,辽宁,中国,东北,办公用-收纳-10000793,办公用品,收纳具,"Smead 锁柜, 单宽度",5556.6,6,0.0,444.36
8960,CN-202023-3028018,2024-01-20,2024-01-25,标准级,范雯-21685,范雯,小型企业,吉林市,吉林,中国,东北,家具-桌子-10001172,家具,桌子,"Chromcraft 咖啡桌, 黑色",2804.445,3,0.25,-374.115
8961,CN-202023-3028018,2024-01-20,2024-01-25,标准级,范雯-21685,范雯,小型企业,吉林市,吉林,中国,东北,家具-椅子-10000128,家具,椅子,"Novimex 沙滩椅, 可调",1130.5,5,0.0,22.4
8962,CN-202023-3028018,2024-01-20,2024-01-25,标准级,范雯-21685,范雯,小型企业,吉林市,吉林,中国,东北,技术-设备-10000066,技术,设备,"松下 喷墨打印机, 耐用",7284.9,5,0.0,291.2
8963,CN-202023-3028018,2024-01-20,2024-01-25,标准级,范雯-21685,范雯,小型企业,吉林市,吉林,中国,东北,技术-电话-10003758,技术,电话,"摩托罗拉 充电器, 蓝色",2999.22,1,0.0,329.84
8964,CN-202023-3028018,2024-01-20,2024-01-25,标准级,范雯-21685,范雯,小型企业,吉林市,吉林,中国,东北,技术-复印-10003382,技术,复印机,"佳能 传真复印机, 红色",2653.56,3,0.0,424.2
8965,CN-202023-3028018,2024-01-20,2024-01-25,标准级,范雯-21685,范雯,小型企业,吉林市,吉林,中国,东北,办公用-用品-10004086,办公用品,用品,"Fiskars 美工刀, 蓝色",828.8,5,0.0,16.1
8975,US-202023-3504524,2024-06-17,2024-06-19,一级,余毅-12535,余毅,公司,襄樊,湖北,中国,中南,办公用-标签-10000539,办公用品,标签,"Hon 文件夹标签, 耐用",84.28,2,0.0,26.04
8976,US-202023-2513055,2024-02-07,2024-02-13,标准级,袁栋-12355,袁栋,消费者,长春,吉林,中国,东北,办公用-收纳-10004170,办公用品,收纳具,"Smead 文件夹, 工业",167.72,2,0.0,8.12
8977,US-202023-2513055,2024-02-07,2024-02-13,标准级,袁栋-12355,袁栋,消费者,长春,吉林,中国,东北,办公用-信封-10004154,办公用品,信封,"Ames 马尼拉纸信封, 每套 50 个",691.32,6,0.0,82.32
8978,US-202023-2513055,2024-02-07,2024-02-13,标准级,袁栋-12355,袁栋,消费者,长春,吉林,中国,东北,技术-电话-10002475,技术,电话,"诺基亚 办公室电话机, 全尺寸",929.88,3,0.0,288.12
8979,US-202023-2513055,2024-02-07,2024-02-13,标准级,袁栋-12355,袁栋,消费者,长春,吉林,中国,东北,技术-复印-10000725,技术,复印机,"夏普 复印机, 每套两件",4468.8,4,0.0,44.24
8980,US-202023-2513055,2024-02-07,2024-02-13,标准级,袁栋-12355,袁栋,消费者,长春,吉林,中国,东北,办公用-用品-10004820,办公用品,用品,"Fiskars 尺子, 锯齿状",259.7,5,0.0,85.4
8987,CN-202023-1182921,2024-03-18,2024-03-22,标准级,陶博-10570,陶博,消费者,绍兴,浙江,中国,华东,办公用-系固-10002481,办公用品,系固件,"Accos 橡皮筋, 金属",47.04,1,0.4,-18.06
8988,CN-202023-1182921,2024-03-18,2024-03-22,标准级,陶博-10570,陶博,消费者,绍兴,浙江,中国,华东,家具-桌子-10004333,家具,桌子,"Barricks 电脑桌, 长方形",2662.296,3,0.6,-732.144
8989,CN-202023-1182921,2024-03-18,2024-03-22,标准级,陶博-10570,陶博,消费者,绍兴,浙江,中国,华东,家具-椅子-10002697,家具,椅子,"Novimex 摇椅, 每套两件",2994.432,8,0.4,-898.688
8990,CN-202023-1182921,2024-03-18,2024-03-22,标准级,陶博-10570,陶博,消费者,绍兴,浙江,中国,华东,技术-电话-10002515,技术,电话,"诺基亚 智能手机, 混合尺寸",1411.2,4,0.4,188.16
9021,CN-202023-2548759,2024-02-19,2024-02-23,标准级,谭乐-17815,谭乐,消费者,阜阳,安徽,中国,华东,家具-桌子-10002750,家具,桌子,"Bevis 咖啡桌, 长方形",4420.5,4,0.25,-412.86
9022,CN-202023-2548759,2024-02-19,2024-02-23,标准级,谭乐-17815,谭乐,消费者,阜阳,安徽,中国,华东,办公用-装订-10001547,办公用品,装订机,"Ibico 孔加固材料, 回收",411.6,12,0.0,139.44
9027,CN-202023-4020885,2024-07-24,2024-07-27,一级,殷莲-17110,殷莲,消费者,莘县,山东,中国,华东,办公用-装订-10003982,办公用品,装订机,"Cardinal 标签, 耐用",163.52,4,0.0,68.32
9028,CN-202023-4020885,2024-07-24,2024-07-27,一级,殷莲-17110,殷莲,消费者,莘县,山东,中国,华东,办公用-系固-10001082,办公用品,系固件,"Accos 图钉, 整包",319.2,5,0.0,25.2
9029,CN-202023-5542988,2024-06-06,2024-06-07,一级,彭婉-21370,彭婉,公司,南昌,江西,中国,华东,家具-椅子-10002476,家具,椅子,"Office Star 折叠椅, 红色",427.98,1,0.0,81.2
9030,CN-202023-5542988,2024-06-06,2024-06-07,一级,彭婉-21370,彭婉,公司,南昌,江西,中国,华东,家具-用具-10001122,家具,用具,"Rubvermaid 分层置放架, 一包多件",470.4,4,0.0,23.52
9034,CN-202023-5907567,2024-05-26,2024-05-29,一级,田武-21895,田武,公司,宜城,湖北,中国,中南,技术-电话-10002323,技术,电话,"诺基亚 充电器, 整包",3562.44,2,0.4,-415.8
9038,US-202023-2352370,2024-01-12,2024-01-14,二级,杨立-16600,杨立勤,公司,济南,山东,中国,华东,办公用-纸张-10002058,办公用品,纸张,"Green Bar 计划信息表, 回收",774.2,7,0.0,332.22
9039,US-202023-2352370,2024-01-12,2024-01-14,二级,杨立-16600,杨立勤,公司,济南,山东,中国,华东,办公用-纸张-10001036,办公用品,纸张,"Eaton 备忘录便条, 回收",191.1,3,0.0,30.24
9052,CN-202023-2187292,2024-10-15,2024-10-20,标准级,贺平-19105,贺平,消费者,太原,山西,中国,华北,家具-书架-10003672,家具,书架,"Safco 书库, 传统",12733.14,7,0.0,2546.04
9058,CN-202023-2919347,2024-06-03,2024-06-05,二级,郭刚-13150,郭刚,公司,焦作,河南,中国,中南,家具-用具-10003909,家具,用具,"Eldon 分层置放架, 一包多件",294.56,2,0.0,38.08
9068,US-202023-3455141,2024-10-08,2024-10-12,标准级,邱荷-13690,邱荷,消费者,石家庄,河北,中国,华北,办公用-美术-10002271,办公用品,美术,"Binney & Smith 荧光笔, 金属",333.2,4,0.0,6.16
9071,US-202023-5260002,2024-03-20,2024-03-21,一级,庄菊-14995,庄菊,消费者,仪征,江苏,中国,华东,办公用-信封-10001899,办公用品,信封,"Cameo 马尼拉纸信封, 银色",137.2,1,0.0,2.66
9072,US-202023-5260002,2024-03-20,2024-03-21,一级,庄菊-14995,庄菊,消费者,仪征,江苏,中国,华东,家具-用具-10000140,家具,用具,"Advantus 相框, 黑色",741.72,5,0.4,-87.08
9073,US-202023-3382200,2024-06-19,2024-06-21,二级,廖立-16795,廖立,小型企业,漳州,福建,中国,华东,办公用-装订-10000648,办公用品,装订机,"Cardinal 装订机盖, 实惠",224.0,4,0.0,98.56
9074,US-202023-3382200,2024-06-19,2024-06-21,二级,廖立-16795,廖立,小型企业,漳州,福建,中国,华东,家具-用具-10001120,家具,用具,"Deflect-O 分层置放架, 耐用",833.28,8,0.0,82.88
9078,CN-202023-1753680,2024-06-18,2024-06-22,标准级,苏江-14620,苏江丽,公司,廉州镇,广西,中国,中南,办公用-用品-10003696,办公用品,用品,"Elite 尺子, 蓝色",128.8,2,0.0,24.36
9079,CN-202023-1753680,2024-06-18,2024-06-22,标准级,苏江-14620,苏江丽,公司,廉州镇,广西,中国,中南,办公用-美术-10004988,办公用品,美术,"Stanley 铅笔刀, 混合尺寸",104.384,1,0.2,-11.816
9083,CN-202023-4439307,2024-02-27,2024-02-28,一级,佘平-19165,佘平,消费者,雄州,广东,中国,中南,办公用-用品-10003039,办公用品,用品,"Acme 开信刀, 锯齿状",376.74,3,0.0,161.7
9084,CN-202023-4439307,2024-02-27,2024-02-28,一级,佘平-19165,佘平,消费者,雄州,广东,中国,中南,技术-电话-10001493,技术,电话,"三星 充电器, 整包",8907.36,3,0.0,2404.92
9085,CN-202023-4439307,2024-02-27,2024-02-28,一级,佘平-19165,佘平,消费者,雄州,广东,中国,中南,技术-复印-10000216,技术,复印机,"Brother 传真复印机, 彩色",6302.38,7,0.0,2394.14
9086,CN-202023-3850588,2024-08-31,2024-09-05,标准级,柳明-18310,柳明,小型企业,沈阳,辽宁,中国,东北,办公用-收纳-10002508,办公用品,收纳具,"Fellowes 锁柜, 单宽度",3870.72,4,0.0,1509.2
9087,CN-202023-3850588,2024-08-31,2024-09-05,标准级,柳明-18310,柳明,小型企业,沈阳,辽宁,中国,东北,家具-椅子-10002321,家具,椅子,"Novimex 椅垫, 可调",494.172,3,0.4,57.372
9088,CN-202023-3850588,2024-08-31,2024-09-05,标准级,柳明-18310,柳明,小型企业,沈阳,辽宁,中国,东北,家具-用具-10003114,家具,用具,"Advantus 闹钟, 一包多件",720.3,5,0.4,-60.2
9090,CN-202023-5613673,2024-01-10,2024-01-15,标准级,徐黎-16330,徐黎明,公司,新乡,河南,中国,中南,技术-配件-10002920,技术,配件,"贝尔金 键区, 可编程",2488.5,9,0.0,796.32
9094,CN-202023-1243146,2024-10-29,2024-11-02,标准级,陈昌-11035,陈昌,消费者,株洲,湖南,中国,中南,办公用-装订-10002960,办公用品,装订机,"Acco 孔加固材料, 耐用",266.56,7,0.0,7.84
9095,CN-202023-4282122,2024-09-30,2024-10-06,标准级,任梅-18115,任梅,小型企业,睢城,江苏,中国,华东,家具-书架-10003011,家具,书架,"Sauder 书架, 黑色",2074.38,5,0.4,172.48
9096,CN-202023-4282122,2024-09-30,2024-10-06,标准级,任梅-18115,任梅,小型企业,睢城,江苏,中国,华东,办公用-收纳-10004690,办公用品,收纳具,"Fellowes 盘, 工业",270.06,1,0.0,118.72
9097,CN-202023-4282122,2024-09-30,2024-10-06,标准级,任梅-18115,任梅,小型企业,睢城,江苏,中国,华东,办公用-美术-10003689,办公用品,美术,"BIC 荧光笔, 蓝色",70.672,4,0.8,-216.048
9098,CN-202023-4282122,2024-09-30,2024-10-06,标准级,任梅-18115,任梅,小型企业,睢城,江苏,中国,华东,办公用-系固-10004057,办公用品,系固件,"OIC 夹子, 每包 12 个",161.28,3,0.4,-2.94
9099,CN-202023-4282122,2024-09-30,2024-10-06,标准级,任梅-18115,任梅,小型企业,睢城,江苏,中国,华东,家具-用具-10003358,家具,用具,"Advantus 灯泡, 一包多件",56.364,1,0.4,-18.816
9101,US-202023-5339863,2024-01-23,2024-01-27,标准级,孙诚-11320,孙诚,消费者,胶州,山东,中国,华东,办公用-系固-10001082,办公用品,系固件,"Accos 图钉, 整包",63.84,1,0.0,5.04
9102,US-202023-5339863,2024-01-23,2024-01-27,标准级,孙诚-11320,孙诚,消费者,胶州,山东,中国,华东,办公用-信封-10004437,办公用品,信封,"Jiffy 局间信封, 回收",633.36,3,0.0,12.6
9103,US-202023-5339863,2024-01-23,2024-01-27,标准级,孙诚-11320,孙诚,消费者,胶州,山东,中国,华东,办公用-纸张-10003534,办公用品,纸张,"Green Bar 笔记本, 每包 12 个",475.02,3,0.0,52.08
9104,CN-202023-3103245,2024-10-27,2024-10-31,标准级,余凤-13060,余凤,消费者,南平,福建,中国,华东,家具-书架-10000196,家具,书架,"Sauder 柜, 白色",2368.8,3,0.0,994.56
9110,CN-202023-4662338,2024-05-06,2024-05-11,标准级,田良-17185,田良,消费者,瓦房店,辽宁,中国,东北,家具-用具-10002855,家具,用具,"Deflect-O 分层置放架, 黑色",141.624,2,0.4,-4.816
9111,CN-202023-4662338,2024-05-06,2024-05-11,标准级,田良-17185,田良,消费者,瓦房店,辽宁,中国,东北,办公用-纸张-10000328,办公用品,纸张,"SanDisk 计划信息表, 每包 12 个",391.44,3,0.0,19.32
9112,CN-202023-4662338,2024-05-06,2024-05-11,标准级,田良-17185,田良,消费者,瓦房店,辽宁,中国,东北,办公用-纸张-10000069,办公用品,纸张,"Eaton 备忘录便条, 多色",141.4,2,0.0,36.68
9117,CN-202023-3360134,2024-12-01,2024-12-06,标准级,程聪-11620,程聪,消费者,抚顺,辽宁,中国,东北,办公用-装订-10002432,办公用品,装订机,"Avery 打孔机, 耐用",328.944,4,0.4,-208.656
9118,CN-202023-3360134,2024-12-01,2024-12-06,标准级,程聪-11620,程聪,消费者,抚顺,辽宁,中国,东北,家具-书架-10003254,家具,书架,"宜家 墙角架, 金属",686.112,2,0.4,-0.168
9119,CN-202023-3360134,2024-12-01,2024-12-06,标准级,程聪-11620,程聪,消费者,抚顺,辽宁,中国,东北,家具-用具-10003687,家具,用具,"Tenex 门挡, 耐用",458.304,4,0.4,-92.176
9132,CN-202023-5088485,2024-11-23,2024-11-28,标准级,杨栋-12340,杨栋,公司,北京,北京,中国,华北,技术-配件-10001200,技术,配件,"Memorex 键盘, 实惠",3662.12,11,0.0,1683.22
9133,CN-202023-5088485,2024-11-23,2024-11-28,标准级,杨栋-12340,杨栋,公司,北京,北京,中国,华北,办公用-装订-10000366,办公用品,装订机,"Avery 孔加固材料, 回收",178.08,8,0.0,25.76
9144,CN-202023-1893791,2024-12-29,2025-01-02,标准级,邓实-20245,邓实,消费者,南宁,广西,中国,中南,办公用-装订-10001505,办公用品,装订机,"Cardinal 孔加固材料, 回收",53.2,2,0.0,25.48
9145,CN-202023-1893791,2024-12-29,2025-01-02,标准级,邓实-20245,邓实,消费者,南宁,广西,中国,中南,办公用-用品-10001494,办公用品,用品,"Kleencut 美工刀, 钢",794.5,5,0.0,190.4
9157,CN-202023-2828219,2024-06-04,2024-06-06,二级,楚虢-13465,楚虢,消费者,芜湖,安徽,中国,华东,家具-书架-10002984,家具,书架,"Safco 柜, 黑色",1588.44,2,0.0,142.8
9158,CN-202023-2828219,2024-06-04,2024-06-06,二级,楚虢-13465,楚虢,消费者,芜湖,安徽,中国,华东,技术-配件-10001881,技术,配件,"Enermax 鼠标, 可编程",195.02,1,0.0,11.62
9167,CN-202023-3095328,2024-06-23,2024-06-30,标准级,丁君-15280,丁君,消费者,扶余,吉林,中国,东北,办公用-信封-10003153,办公用品,信封,"Ames 商业信封, 银色",636.16,8,0.0,126.56
9169,CN-202023-3832812,2024-08-29,2024-09-04,标准级,彭伟-21550,彭伟,小型企业,鹤岗,黑龙江,中国,东北,办公用-信封-10004310,办公用品,信封,"Jiffy 马尼拉纸信封, 红色",551.6,4,0.0,203.84
9170,CN-202023-3832812,2024-08-29,2024-09-04,标准级,彭伟-21550,彭伟,小型企业,鹤岗,黑龙江,中国,东北,办公用-美术-10000463,办公用品,美术,"Binney & Smith 钢笔, 蓝色",267.456,6,0.2,33.096
9171,CN-202023-3832812,2024-08-29,2024-09-04,标准级,彭伟-21550,彭伟,小型企业,鹤岗,黑龙江,中国,东北,办公用-纸张-10000194,办公用品,纸张,"SanDisk 备忘录便条, 每包 12 个",887.04,9,0.0,389.34
9172,CN-202023-4159546,2024-02-08,2024-02-11,一级,廖保-10345,廖保,公司,杭州,浙江,中国,华东,办公用-器具-10004554,办公用品,器具,"Hoover 炉灶, 黑色",3180.24,2,0.4,-636.16
9173,CN-202023-4159546,2024-02-08,2024-02-11,一级,廖保-10345,廖保,公司,杭州,浙江,中国,华东,办公用-装订-10003676,办公用品,装订机,"Ibico 订书机, 透明",284.928,2,0.4,28.448
9174,CN-202023-4159546,2024-02-08,2024-02-11,一级,廖保-10345,廖保,公司,杭州,浙江,中国,华东,家具-椅子-10002837,家具,椅子,"Office Star 折叠椅, 可调",527.52,2,0.4,-228.76
9175,CN-202023-4159546,2024-02-08,2024-02-11,一级,廖保-10345,廖保,公司,杭州,浙江,中国,华东,技术-配件-10000911,技术,配件,"Memorex 路由器, 回收",2733.024,4,0.4,409.584
9181,CN-202023-1574908,2024-08-07,2024-08-12,标准级,廖保-10345,廖保,公司,厦门,福建,中国,华东,办公用-收纳-10004131,办公用品,收纳具,"Rogers 文件夹, 金属",416.64,3,0.0,154.14
9182,CN-202023-1574908,2024-08-07,2024-08-12,标准级,廖保-10345,廖保,公司,厦门,福建,中国,华东,办公用-用品-10004482,办公用品,用品,"Kleencut 尺子, 锯齿状",239.4,5,0.0,119.7
9184,CN-202023-2805987,2024-09-01,2024-09-03,二级,苏晒-19825,苏晒明,消费者,青岛,山东,中国,华东,办公用-纸张-10002616,办公用品,纸张,"Eaton 信纸, 每包 12 个",230.16,1,0.0,41.3
9185,CN-202023-2805987,2024-09-01,2024-09-03,二级,苏晒-19825,苏晒明,消费者,青岛,山东,中国,华东,家具-用具-10004408,家具,用具,"Rubvermaid 门挡, 耐用",1143.24,6,0.0,182.28
9186,CN-202023-2805987,2024-09-01,2024-09-03,二级,苏晒-19825,苏晒明,消费者,青岛,山东,中国,华东,技术-配件-10003902,技术,配件,"Memorex 闪存驱动器, 可编程",432.6,3,0.0,147.0
9203,CN-202023-5943918,2024-09-04,2024-09-05,一级,戴珑-17860,戴珑,公司,宜城,湖北,中国,中南,家具-书架-10004566,家具,书架,"宜家 柜, 金属",2383.92,6,0.4,317.52
9204,CN-202023-5943918,2024-09-04,2024-09-05,一级,戴珑-17860,戴珑,公司,宜城,湖北,中国,中南,办公用-器具-10004278,办公用品,器具,"Hamilton Beach 搅拌机, 白色",968.52,5,0.4,-96.88
9206,CN-202023-5404138,2024-12-02,2024-12-09,标准级,俞荷-13780,俞荷,消费者,沈阳,辽宁,中国,东北,办公用-信封-10003367,办公用品,信封,"Cameo 局间信封, 回收",862.96,4,0.0,422.8
9207,CN-202023-5404138,2024-12-02,2024-12-09,标准级,俞荷-13780,俞荷,消费者,沈阳,辽宁,中国,东北,办公用-美术-10002494,办公用品,美术,"BIC 铅笔刀, 蓝色",135.38,5,0.8,-304.92
9208,CN-202023-2766233,2024-02-11,2024-02-16,标准级,武磊-16150,武磊,公司,许昌,河南,中国,中南,办公用-标签-10004025,办公用品,标签,"Harbour Creations 合法证物标签, 红色",251.3,5,0.0,79.8
9212,CN-202023-1302355,2024-09-24,2024-09-28,标准级,程蔓-17935,程蔓楚,消费者,太原,山西,中国,华北,技术-设备-10004746,技术,设备,"松下 收据打印机, 红色",2754.5,5,0.0,82.6
9215,CN-202023-1108121,2024-09-18,2024-09-24,标准级,蔡梦-18265,蔡梦,消费者,高密,山东,中国,华东,办公用-装订-10002580,办公用品,装订机,"Wilson Jones 订书机, 透明",677.88,3,0.0,162.54
9227,CN-202023-1574908,2024-07-02,2024-07-04,一级,白鹄-14050,白鹄,消费者,仪征,江苏,中国,华东,办公用-标签-10003550,办公用品,标签,"Avery 合法证物标签, 白色",52.92,1,0.0,13.16
9230,CN-202023-1774259,2024-05-15,2024-05-19,标准级,巩关-15595,巩关茵,公司,烟台,山东,中国,华东,办公用-装订-10000287,办公用品,装订机,"Wilson Jones 孔加固材料, 实惠",169.12,8,0.0,40.32
9231,CN-202023-1774259,2024-05-15,2024-05-19,标准级,巩关-15595,巩关茵,公司,烟台,山东,中国,华东,技术-配件-10000507,技术,配件,"贝尔金 鼠标, 回收",1438.08,8,0.0,660.8
9239,CN-202023-2844736,2024-01-22,2024-01-26,标准级,周诚-11290,周诚,消费者,莱阳,山东,中国,华东,技术-复印-10000302,技术,复印机,"Hewlett 个人复印机, 每套两件",673.26,1,0.0,296.1
9240,CN-202023-1797152,2024-05-08,2024-05-13,二级,苏涛-21220,苏涛,消费者,本溪,辽宁,中国,东北,办公用-装订-10000292,办公用品,装订机,"Wilson Jones 装订机盖, 实惠",31.332,1,0.4,-3.668
9241,CN-202023-1797152,2024-05-08,2024-05-13,二级,苏涛-21220,苏涛,消费者,本溪,辽宁,中国,东北,办公用-系固-10000178,办公用品,系固件,"Stockwell 按钉, 每包 12 个",75.096,2,0.4,-37.744
9244,US-202023-2998954,2024-06-12,2024-06-17,二级,夏光-13375,夏光,消费者,无锡,江苏,中国,华东,办公用-系固-10000591,办公用品,系固件,"Stockwell 图钉, 整包",227.304,6,0.4,-80.136
9246,CN-202023-1599696,2024-04-01,2024-04-07,标准级,程安-10105,程安,消费者,韶关,广东,中国,中南,家具-用具-10000234,家具,用具,"Tenex 灯泡, 优质",163.8,2,0.0,24.36
9247,CN-202023-1599696,2024-04-01,2024-04-07,标准级,程安-10105,程安,消费者,韶关,广东,中国,中南,技术-电话-10003806,技术,电话,"苹果 办公室电话机, 混合尺寸",317.94,1,0.0,133.42
9248,CN-202023-1599696,2024-04-01,2024-04-07,标准级,程安-10105,程安,消费者,韶关,广东,中国,中南,办公用-美术-10000796,办公用品,美术,"BIC 速写本, 金属",931.84,5,0.2,-151.76
9250,CN-202023-5838362,2024-04-09,2024-04-14,标准级,曾康-15445,曾康,消费者,天津,天津,中国,华北,办公用-系固-10003670,办公用品,系固件,"Advantus 按钉, 混合尺寸",277.2,5,0.0,124.6
9252,US-202023-3010037,2024-10-23,2024-10-28,标准级,柯婵-10930,柯婵,小型企业,肃州,甘肃,中国,西北,家具-椅子-10003884,家具,椅子,"Hon 扶手椅, 可调",3860.892,3,0.4,-2059.428
9262,CN-202023-4162714,2024-12-29,2024-12-30,一级,韦绅-20005,韦绅,消费者,武汉,湖北,中国,中南,家具-用具-10003663,家具,用具,"Eldon 框架, 一包多件",1954.008,6,0.4,-163.632
9263,CN-202023-4162714,2024-12-29,2024-12-30,一级,韦绅-20005,韦绅,消费者,武汉,湖北,中国,中南,家具-椅子-10003570,家具,椅子,"Harbour Creations 凳子, 每套两件",3574.452,7,0.4,-178.948
9264,CN-202023-4162714,2024-12-29,2024-12-30,一级,韦绅-20005,韦绅,消费者,武汉,湖北,中国,中南,办公用-系固-10004097,办公用品,系固件,"Advantus 回形针, 每包 12 个",74.928,2,0.4,-15.232
9265,CN-202023-4162714,2024-12-29,2024-12-30,一级,韦绅-20005,韦绅,消费者,武汉,湖北,中国,中南,技术-设备-10003833,技术,设备,"柯尼卡 卡片打印机, 耐用",2454.06,5,0.4,-1391.04
9266,CN-202023-4162714,2024-12-29,2024-12-30,一级,韦绅-20005,韦绅,消费者,武汉,湖北,中国,中南,办公用-纸张-10004354,办公用品,纸张,"Enermax 笔记本, 多色",697.9,5,0.0,341.6
9267,CN-202023-4162714,2024-12-29,2024-12-30,一级,韦绅-20005,韦绅,消费者,武汉,湖北,中国,中南,家具-椅子-10001132,家具,椅子,"Hon 椅垫, 黑色",446.04,3,0.4,-178.5
9268,CN-202023-4162714,2024-12-29,2024-12-30,一级,韦绅-20005,韦绅,消费者,武汉,湖北,中国,中南,技术-电话-10002929,技术,电话,"三星 耳机, 蓝色",614.88,3,0.4,-307.44
9272,CN-202023-2508741,2024-11-23,2024-11-27,二级,罗婵-10960,罗婵,消费者,大连,辽宁,中国,东北,家具-书架-10003011,家具,书架,"Sauder 书架, 黑色",829.752,2,0.4,68.992
9273,CN-202023-2990089,2024-09-01,2024-09-06,标准级,谷莲-16990,谷莲,公司,大连,辽宁,中国,东北,办公用-信封-10001917,办公用品,信封,"Kraft 局间信封, 每套 50 个",437.92,2,0.0,52.36
9282,CN-202023-5308381,2024-09-12,2024-09-14,二级,贺锦-14845,贺锦,消费者,南宁,广西,中国,中南,技术-电话-10002318,技术,电话,"摩托罗拉 音频基座, 混合尺寸",3289.44,4,0.0,1085.28
9283,CN-202023-5308381,2024-09-12,2024-09-14,二级,贺锦-14845,贺锦,消费者,南宁,广西,中国,中南,办公用-收纳-10004245,办公用品,收纳具,"Smead 搁板, 工业",230.58,1,0.0,13.72
9284,CN-202023-5308381,2024-09-12,2024-09-14,二级,贺锦-14845,贺锦,消费者,南宁,广西,中国,中南,办公用-装订-10003861,办公用品,装订机,"Avery 打孔机, 实惠",260.12,2,0.0,12.88
9285,CN-202023-5308381,2024-09-12,2024-09-14,二级,贺锦-14845,贺锦,消费者,南宁,广西,中国,中南,家具-椅子-10002861,家具,椅子,"Hon 沙滩椅, 黑色",179.424,1,0.1,-16.016
9290,US-202023-2930075,2024-12-14,2024-12-19,标准级,周木-18400,周木兰,消费者,宜城,湖北,中国,中南,办公用-系固-10002857,办公用品,系固件,"Advantus 橡皮筋, 整包",139.356,3,0.4,-16.464
9292,CN-202023-3360134,2024-06-22,2024-06-27,标准级,佘凤-12970,佘凤,公司,贵阳,贵州,中国,西南,办公用-器具-10001804,办公用品,器具,"Hamilton Beach 微波炉, 银色",2643.76,2,0.0,1163.12
9293,CN-202023-3360134,2024-06-22,2024-06-27,标准级,佘凤-12970,佘凤,公司,贵阳,贵州,中国,西南,家具-用具-10001374,家具,用具,"Deflect-O 闹钟, 优质",228.34,1,0.0,36.4
9294,CN-202023-1891447,2024-11-20,2024-11-23,一级,罗琼-19615,罗琼,消费者,吉林市,吉林,中国,东北,办公用-装订-10000765,办公用品,装订机,"Wilson Jones 孔加固材料, 回收",91.28,4,0.0,1.68
9299,CN-202023-3231478,2024-01-01,2024-01-03,二级,谭珊-19900,谭珊,消费者,天津,天津,中国,华北,家具-用具-10002448,家具,用具,"Tenex 闹钟, 优质",456.12,2,0.0,118.44
9300,CN-202023-3231478,2024-01-01,2024-01-03,二级,谭珊-19900,谭珊,消费者,天津,天津,中国,华北,家具-用具-10002926,家具,用具,"Deflect-O 分层置放架, 一包多件",591.5,5,0.0,194.6
9301,CN-202023-5591257,2024-03-05,2024-03-06,一级,何惠-14395,何惠,公司,晋城,山西,中国,华北,家具-书架-10004880,家具,书架,"宜家 书库, 白色",10245.48,6,0.0,2868.6
9305,CN-202023-2067445,2024-09-14,2024-09-17,二级,白锦-14905,白锦,消费者,深圳,广东,中国,中南,办公用-收纳-10004248,办公用品,收纳具,"Fellowes 搁板, 工业",1360.8,5,0.0,625.8
9306,CN-202023-2067445,2024-09-14,2024-09-17,二级,白锦-14905,白锦,消费者,深圳,广东,中国,中南,技术-设备-10002164,技术,设备,"松下 打印机, 耐用",6220.9,5,0.0,746.2
9307,CN-202023-2067445,2024-09-14,2024-09-17,二级,白锦-14905,白锦,消费者,深圳,广东,中国,中南,办公用-纸张-10003833,办公用品,纸张,"Enermax 计划信息表, 多色",557.9,5,0.0,83.3
9308,CN-202023-2067445,2024-09-14,2024-09-17,二级,白锦-14905,白锦,消费者,深圳,广东,中国,中南,办公用-标签-10001659,办公用品,标签,"Harbour Creations 圆形标签, 可调",21.7,1,0.0,10.08
9314,CN-202023-2686699,2024-03-28,2024-04-03,标准级,赖芳-12715,赖芳茵,公司,常州,江苏,中国,华东,办公用-信封-10004589,办公用品,信封,"GlobeWeis 商业信封, 回收",150.64,2,0.0,45.08
9315,CN-202023-2686699,2024-03-28,2024-04-03,标准级,赖芳-12715,赖芳茵,公司,常州,江苏,中国,华东,办公用-器具-10000222,办公用品,器具,"KitchenAid 微波炉, 银色",1741.992,2,0.4,-261.408
9332,CN-202023-1244124,2024-02-05,2024-02-09,标准级,田江-14635,田江丽,公司,拉萨,西藏,中国,西南,家具-椅子-10001358,家具,椅子,"SAFCO 凳子, 每套两件",2382.66,3,0.0,166.74
9336,CN-202023-3930358,2024-11-18,2024-11-21,二级,徐黎-16330,徐黎明,公司,安丘,山东,中国,华东,办公用-系固-10002504,办公用品,系固件,"Stockwell 订书钉, 混合尺寸",77.0,2,0.0,0.0
9337,CN-202023-3930358,2024-11-18,2024-11-21,二级,徐黎-16330,徐黎明,公司,安丘,山东,中国,华东,办公用-器具-10003822,办公用品,器具,"KitchenAid 咖啡研磨机, 红色",328.86,1,0.0,36.12
9349,CN-202023-2211607,2024-07-09,2024-07-13,标准级,佘彩-10735,佘彩,消费者,天津,天津,中国,华北,办公用-标签-10000869,办公用品,标签,"Novimex 有色标签, 耐用",119.56,2,0.0,59.64
9357,CN-202023-3269021,2024-07-16,2024-07-18,一级,钟宣-20860,钟宣,公司,徐州,江苏,中国,华东,办公用-系固-10003277,办公用品,系固件,"Stockwell 图钉, 每包 12 个",70.392,2,0.4,3.472
9358,CN-202023-2257547,2024-03-25,2024-03-27,二级,邓康-15430,邓康,消费者,西安,陕西,中国,西北,家具-书架-10003619,家具,书架,"Sauder 书库, 传统",5426.82,3,0.0,2333.52
9359,CN-202023-2257547,2024-03-25,2024-03-27,二级,邓康-15430,邓康,消费者,西安,陕西,中国,西北,家具-椅子-10002343,家具,椅子,"Office Star 沙滩椅, 红色",258.72,1,0.0,64.68
9362,CN-202023-5425854,2024-08-27,2024-08-27,当日,巩关-15595,巩关茵,公司,烟台,山东,中国,华东,办公用-标签-10002441,办公用品,标签,"Novimex 有色标签, 白色",57.96,1,0.0,17.36
9371,US-202023-5448418,2024-08-03,2024-08-09,标准级,夏光-13375,夏光,消费者,淮南,安徽,中国,华东,办公用-装订-10002580,办公用品,装订机,"Wilson Jones 订书机, 透明",225.96,1,0.0,54.18
9385,CN-202023-3370094,2024-03-04,2024-03-07,二级,邱博-10495,邱博,公司,运城,山西,中国,华北,办公用-装订-10004464,办公用品,装订机,"Wilson Jones 标签, 实惠",240.8,8,0.0,96.32
9386,CN-202023-3370094,2024-03-04,2024-03-07,二级,邱博-10495,邱博,公司,运城,山西,中国,华北,技术-复印-10000604,技术,复印机,"夏普 传真复印机, 彩色",3967.6,5,0.0,1229.9
9387,CN-202023-3370094,2024-03-04,2024-03-07,二级,邱博-10495,邱博,公司,运城,山西,中国,华北,技术-设备-10000485,技术,设备,"爱普生 卡片打印机, 白色",2357.04,3,0.0,94.08
9388,CN-202023-3370094,2024-03-04,2024-03-07,二级,邱博-10495,邱博,公司,运城,山西,中国,华北,家具-用具-10004944,家具,用具,"Eldon 相框, 黑色",1355.9,5,0.0,324.8
9397,CN-202023-3074981,2024-05-06,2024-05-12,标准级,殷崆-15565,殷崆,消费者,太原,山西,中国,华北,办公用-装订-10000416,办公用品,装订机,"Acco 订书机, 耐用",736.26,3,0.0,198.66
9398,CN-202023-3074981,2024-05-06,2024-05-12,标准级,殷崆-15565,殷崆,消费者,太原,山西,中国,华北,办公用-标签-10000039,办公用品,标签,"Avery 可去除的标签, 白色",250.6,5,0.0,9.8
9401,CN-202023-1619603,2024-03-16,2024-03-20,标准级,丁崆-15535,丁崆,消费者,芜湖,安徽,中国,华东,办公用-收纳-10003434,办公用品,收纳具,"Rogers 锁柜, 金属",4916.1,5,0.0,343.7
9402,CN-202023-1619603,2024-03-16,2024-03-20,标准级,丁崆-15535,丁崆,消费者,芜湖,安徽,中国,华东,家具-椅子-10000900,家具,椅子,"Hon 折叠椅, 每套两件",1171.38,3,0.0,351.12
9403,CN-202023-1619603,2024-03-16,2024-03-20,标准级,丁崆-15535,丁崆,消费者,芜湖,安徽,中国,华东,家具-椅子-10004006,家具,椅子,"Novimex 扶手椅, 黑色",6377.28,3,0.0,2486.82
9408,CN-202023-5106829,2024-10-12,2024-10-18,标准级,常升-20020,常升,消费者,襄樊,湖北,中国,中南,办公用-器具-10001619,办公用品,器具,"Breville 咖啡研磨机, 白色",672.0,4,0.4,-201.6
9409,CN-202023-5106829,2024-10-12,2024-10-18,标准级,常升-20020,常升,消费者,襄樊,湖北,中国,中南,家具-用具-10002670,家具,用具,"Tenex 门挡, 黑色",491.568,4,0.4,73.248
9410,CN-202023-5106829,2024-10-12,2024-10-18,标准级,常升-20020,常升,消费者,襄樊,湖北,中国,中南,办公用-收纳-10002847,办公用品,收纳具,"Tenex 文件车, 金属",3108.0,5,0.0,994.0
9426,CN-202023-5591469,2024-05-26,2024-05-26,当日,邱谦-19255,邱谦,公司,揭阳,广东,中国,中南,技术-电话-10003187,技术,电话,"诺基亚 充电器, 混合尺寸",17889.48,6,0.0,8407.56
9428,CN-202023-4936120,2024-10-03,2024-10-10,标准级,邱谦-19240,邱谦,消费者,绵阳,四川,中国,西南,办公用-器具-10000857,办公用品,器具,"Cuisinart 冰箱, 黑色",6937.14,5,0.4,-4393.76
9429,CN-202023-4936120,2024-10-03,2024-10-10,标准级,邱谦-19240,邱谦,消费者,绵阳,四川,中国,西南,办公用-用品-10004652,办公用品,用品,"Stiletto 开信刀, 钢",311.136,4,0.4,-181.664
9450,CN-202023-1502527,2024-05-28,2024-06-01,二级,何安-10135,何安,小型企业,钟祥,湖北,中国,中南,办公用-装订-10002474,办公用品,装订机,"Wilson Jones 打孔机, 回收",79.38,1,0.4,-4.06
9451,CN-202023-1502527,2024-05-28,2024-06-01,二级,何安-10135,何安,小型企业,钟祥,湖北,中国,中南,办公用-标签-10002765,办公用品,标签,"Novimex 可去除的标签, 可调",217.56,6,0.0,5.88
9453,CN-202023-2169010,2024-04-07,2024-04-11,标准级,贺绅-19945,贺绅,消费者,上海,上海,中国,华东,技术-配件-10003980,技术,配件,"SanDisk 路由器, 耐用",1197.28,1,0.0,311.22
9455,US-202023-2245112,2024-10-05,2024-10-09,标准级,袁松-20785,袁松,消费者,图们,吉林,中国,东北,家具-椅子-10001902,家具,椅子,"SAFCO 沙滩椅, 黑色",438.76,2,0.0,17.36
9456,US-202023-2245112,2024-10-05,2024-10-09,标准级,袁松-20785,袁松,消费者,图们,吉林,中国,东北,办公用-用品-10004482,办公用品,用品,"Kleencut 尺子, 锯齿状",335.16,7,0.0,167.58
9466,CN-202023-3873167,2024-06-20,2024-06-24,标准级,潘锦-14920,潘锦,消费者,天津,天津,中国,华北,办公用-系固-10004461,办公用品,系固件,"OIC 图钉, 混合尺寸",53.76,1,0.0,13.86
9467,CN-202023-3873167,2024-06-20,2024-06-24,标准级,潘锦-14920,潘锦,消费者,天津,天津,中国,华北,家具-书架-10000167,家具,书架,"Dania 书架, 黑色",573.72,1,0.0,103.18
9468,US-202023-1776641,2024-08-04,2024-08-08,标准级,万虹-13900,万虹,消费者,广元,四川,中国,西南,家具-椅子-10003019,家具,椅子,"Harbour Creations 摇椅, 红色",2471.112,6,0.4,-1153.488
9469,US-202023-1776641,2024-08-04,2024-08-08,标准级,万虹-13900,万虹,消费者,广元,四川,中国,西南,家具-椅子-10004534,家具,椅子,"Office Star 扶手椅, 黑色",3906.0,3,0.4,-2604.0
9470,US-202023-1587245,2024-09-19,2024-09-23,标准级,康娇-14680,康娇,消费者,南阳,河南,中国,中南,办公用-装订-10000333,办公用品,装订机,"Cardinal 订书机, 回收",467.88,2,0.0,116.76
9471,US-202023-1184235,2024-10-06,2024-10-09,一级,陶恒-13645,陶恒,消费者,上海,上海,中国,华东,办公用-信封-10002653,办公用品,信封,"Jiffy 马尼拉纸信封, 回收",347.34,3,0.0,156.24
9488,CN-202023-1510100,2024-06-19,2024-06-23,标准级,贺虹-13810,贺虹,公司,杭州,浙江,中国,华东,办公用-器具-10003361,办公用品,器具,"Cuisinart 微波炉, 黑色",3890.46,5,0.4,-1686.44
9489,CN-202023-1510100,2024-06-19,2024-06-23,标准级,贺虹-13810,贺虹,公司,杭州,浙江,中国,华东,办公用-收纳-10001011,办公用品,收纳具,"Fellowes 文件夹, 金属",475.44,4,0.0,33.04
9490,CN-202023-1510100,2024-06-19,2024-06-23,标准级,贺虹-13810,贺虹,公司,杭州,浙江,中国,华东,办公用-装订-10002241,办公用品,装订机,"Cardinal 订书机, 透明",827.064,6,0.4,-372.456
9491,CN-202023-1510100,2024-06-19,2024-06-23,标准级,贺虹-13810,贺虹,公司,杭州,浙江,中国,华东,办公用-信封-10000491,办公用品,信封,"Jiffy 搭扣信封, 回收",204.96,6,0.0,21.84
9492,CN-202023-1510100,2024-06-19,2024-06-23,标准级,贺虹-13810,贺虹,公司,杭州,浙江,中国,华东,技术-复印-10000191,技术,复印机,"佳能 无线传真机, 数字化",9533.16,9,0.4,-5244.12
9501,CN-202023-3108642,2024-12-24,2024-12-29,标准级,尹凤-13045,尹凤,公司,潼川,四川,中国,西南,办公用-装订-10001029,办公用品,装订机,"Ibico 订书机, 实惠",719.88,5,0.4,-48.02
9520,CN-202023-1361457,2024-09-09,2024-09-12,二级,邢盛-20335,邢盛,消费者,天津,天津,中国,华北,办公用-信封-10004013,办公用品,信封,"GlobeWeis 外皮和封条, 每套 50 个",299.46,3,0.0,17.64
9521,CN-202023-1361457,2024-09-09,2024-09-12,二级,邢盛-20335,邢盛,消费者,天津,天津,中国,华北,办公用-纸张-10004825,办公用品,纸张,"施乐 令, 回收",367.5,3,0.0,32.76
9522,CN-202023-1361457,2024-09-09,2024-09-12,二级,邢盛-20335,邢盛,消费者,天津,天津,中国,华北,办公用-美术-10004287,办公用品,美术,"BIC 记号笔, 蓝色",123.34,1,0.0,18.48
9527,US-202023-5320363,2024-02-06,2024-02-12,标准级,苏晒-19825,苏晒明,消费者,通辽,内蒙古,中国,华北,办公用-标签-10001271,办公用品,标签,"Smead 有色标签, 白色",243.6,4,0.0,116.48
9528,US-202023-5320363,2024-02-06,2024-02-12,标准级,苏晒-19825,苏晒明,消费者,通辽,内蒙古,中国,华北,家具-椅子-10004961,家具,椅子,"Office Star 椅垫, 可调",382.536,2,0.4,44.576
9529,US-202023-5320363,2024-02-06,2024-02-12,标准级,苏晒-19825,苏晒明,消费者,通辽,内蒙古,中国,华北,家具-椅子-10002837,家具,椅子,"Office Star 折叠椅, 可调",527.52,2,0.4,-228.76
9530,US-202023-5320363,2024-02-06,2024-02-12,标准级,苏晒-19825,苏晒明,消费者,通辽,内蒙古,中国,华北,办公用-器具-10000589,办公用品,器具,"Breville 炉灶, 白色",7835.52,5,0.4,-3395.98
9534,CN-202023-3765639,2024-12-18,2024-12-20,一级,李谙-18775,李谙,小型企业,珠海,广东,中国,中南,家具-书架-10004416,家具,书架,"Bush 墙角架, 黑色",2339.68,4,0.0,771.68
9535,CN-202023-3765639,2024-12-18,2024-12-20,一级,李谙-18775,李谙,小型企业,珠海,广东,中国,中南,办公用-标签-10003922,办公用品,标签,"Smead 可去除的标签, 耐用",101.64,2,0.0,38.36
9540,CN-202023-1340062,2024-06-25,2024-06-29,标准级,顾升-20125,顾升,小型企业,重庆,重庆,中国,西南,办公用-系固-10001160,办公用品,系固件,"Advantus 订书钉, 混合尺寸",232.68,6,0.0,64.68
9541,CN-202023-1340062,2024-06-25,2024-06-29,标准级,顾升-20125,顾升,小型企业,重庆,重庆,中国,西南,办公用-信封-10001500,办公用品,信封,"Ames 外皮和封条, 银色",196.84,2,0.0,13.72
9542,CN-202023-1340062,2024-06-25,2024-06-29,标准级,顾升-20125,顾升,小型企业,重庆,重庆,中国,西南,办公用-标签-10000477,办公用品,标签,"Avery 运输标签, 白色",608.3,11,0.0,200.2
9543,CN-202023-1340062,2024-06-25,2024-06-29,标准级,顾升-20125,顾升,小型企业,重庆,重庆,中国,西南,家具-书架-10003499,家具,书架,"宜家 书库, 金属",3386.6,2,0.0,609.56
9550,CN-202023-5950580,2024-10-26,2024-10-30,标准级,曹琼-19675,曹琼,小型企业,邢台,河北,中国,华北,办公用-收纳-10004402,办公用品,收纳具,"Smead 盘, 单宽度",226.38,1,0.0,42.98
9551,CN-202023-5950580,2024-10-26,2024-10-30,标准级,曹琼-19675,曹琼,小型企业,邢台,河北,中国,华北,办公用-标签-10000619,办公用品,标签,"Avery 可去除的标签, 耐用",259.7,5,0.0,17.5
9552,CN-202023-1177754,2024-07-30,2024-08-03,标准级,邢谦-19270,邢谦,公司,株洲,湖南,中国,中南,办公用-器具-10004278,办公用品,器具,"Hamilton Beach 搅拌机, 白色",645.68,2,0.0,219.52
9553,US-202023-1389726,2024-09-09,2024-09-14,二级,徐君-15295,徐君,消费者,广水,湖北,中国,中南,办公用-美术-10000575,办公用品,美术,"Binney & Smith 画布, 金属",442.008,9,0.8,-1614.312
9554,US-202023-1389726,2024-09-09,2024-09-14,二级,徐君-15295,徐君,消费者,广水,湖北,中国,中南,家具-桌子-10000699,家具,桌子,"Barricks 会议桌, 组装",6783.84,4,0.6,-2374.4
9555,US-202023-1389726,2024-09-09,2024-09-14,二级,徐君-15295,徐君,消费者,广水,湖北,中国,中南,办公用-用品-10001618,办公用品,用品,"Acme 大剪刀, 蓝色",279.552,2,0.4,-135.128
9558,CN-202023-4759076,2024-12-08,2024-12-10,一级,牛晒-19810,牛晒明,小型企业,临沂,山东,中国,华东,办公用-器具-10004620,办公用品,器具,"Cuisinart 咖啡研磨机, 红色",900.9,5,0.0,278.6
9559,CN-202023-4759076,2024-12-08,2024-12-10,一级,牛晒-19810,牛晒明,小型企业,临沂,山东,中国,华东,办公用-标签-10004982,办公用品,标签,"Harbour Creations 有色标签, 白色",361.2,6,0.0,126.0
9562,CN-202023-4853457,2024-01-14,2024-01-19,标准级,柯强-19360,柯强,消费者,北京,北京,中国,华北,办公用-纸张-10000328,办公用品,纸张,"Green Bar 备忘录便条, 每包 12 个",492.1,5,0.0,19.6
9563,CN-202023-4853457,2024-01-14,2024-01-19,标准级,柯强-19360,柯强,消费者,北京,北京,中国,华北,家具-椅子-10002636,家具,椅子,"Hon 椅垫, 每套两件",1348.2,5,0.0,471.8
9564,CN-202023-4853457,2024-01-14,2024-01-19,标准级,柯强-19360,柯强,消费者,北京,北京,中国,华北,办公用-信封-10001476,办公用品,信封,"Kraft 外皮和封条, 红色",897.12,8,0.0,224.0
9580,US-202023-2935239,2024-02-24,2024-02-27,一级,郭莲-17005,郭莲,消费者,邵武,福建,中国,华东,家具-书架-10001491,家具,书架,"Bush 古典书架, 金属",5769.96,3,0.0,230.58
9581,US-202023-2935239,2024-02-24,2024-02-27,一级,郭莲-17005,郭莲,消费者,邵武,福建,中国,华东,办公用-美术-10001817,办公用品,美术,"Stanley 荧光笔, 蓝色",343.0,5,0.0,37.1
9582,US-202023-2935239,2024-02-24,2024-02-27,一级,郭莲-17005,郭莲,消费者,邵武,福建,中国,华东,家具-书架-10003449,家具,书架,"Bush 柜, 黑色",1350.72,2,0.0,269.92
9595,CN-202023-2292031,2024-12-01,2024-12-06,标准级,任灵-17560,任灵,小型企业,哈尔滨,黑龙江,中国,东北,技术-设备-10003256,技术,设备,"柯尼卡 电话, 多色",1206.66,3,0.0,217.14
9596,CN-202023-5838362,2024-08-03,2024-08-07,标准级,楚杰-14710,楚杰,消费者,榆林,陕西,中国,西北,办公用-装订-10002836,办公用品,装订机,"Avery 订书机, 回收",1148.0,5,0.0,102.9
9602,CN-202023-1370213,2024-12-28,2025-01-02,标准级,陈晨-11095,陈晨,公司,南昌,江西,中国,华东,家具-用具-10000601,家具,用具,"Advantus 相框, 耐用",700.14,3,0.0,252.0
9608,US-202023-5313470,2024-10-01,2024-10-06,标准级,苏姝-20485,苏姝,小型企业,临沂,山东,中国,华东,家具-椅子-10003692,家具,椅子,"SAFCO 扶手椅, 红色",8613.36,4,0.0,3789.52
9612,CN-202023-1455125,2024-02-25,2024-02-28,标准级,林谙-18790,林谙,小型企业,澄江,江苏,中国,华东,办公用-收纳-10002846,办公用品,收纳具,"Rogers 搁板, 工业",292.18,1,0.0,5.74
9613,CN-202023-1455125,2024-02-25,2024-02-28,标准级,林谙-18790,林谙,小型企业,澄江,江苏,中国,华东,办公用-装订-10004464,办公用品,装订机,"Wilson Jones 标签, 实惠",54.18,3,0.4,0.0
9617,US-202023-3021319,2024-07-17,2024-07-21,标准级,佘丽-15925,佘丽,消费者,安达,黑龙江,中国,东北,家具-椅子-10003805,家具,椅子,"Hon 扶手椅, 每套两件",17150.56,8,0.0,6516.16
9618,US-202023-3021319,2024-07-17,2024-07-21,标准级,佘丽-15925,佘丽,消费者,安达,黑龙江,中国,东北,办公用-标签-10004317,办公用品,标签,"Novimex 有色标签, 红色",171.36,3,0.0,16.8
9619,US-202023-1346492,2024-03-02,2024-03-08,标准级,郝廉-17260,郝廉,消费者,自贡,四川,中国,西南,家具-椅子-10004563,家具,椅子,"Office Star 沙滩椅, 可调",486.612,3,0.4,-137.928
9623,CN-202023-3006635,2024-06-10,2024-06-12,二级,钱伟-21430,钱伟,公司,吉首,湖南,中国,中南,办公用-纸张-10004087,办公用品,纸张,"Eaton 计划信息表, 回收",382.48,4,0.0,34.16
9631,CN-202023-5929986,2024-09-15,2024-09-20,二级,俞蔓-18040,俞蔓楚,公司,珠海,广东,中国,中南,办公用-信封-10003240,办公用品,信封,"Kraft 局间信封, 回收",426.72,2,0.0,119.28
9632,CN-202023-5929986,2024-09-15,2024-09-20,二级,俞蔓-18040,俞蔓楚,公司,珠海,广东,中国,中南,办公用-器具-10003572,办公用品,器具,"Breville 咖啡研磨机, 黑色",286.02,1,0.0,77.14
9633,CN-202023-5929986,2024-09-15,2024-09-20,二级,俞蔓-18040,俞蔓楚,公司,珠海,广东,中国,中南,办公用-信封-10004939,办公用品,信封,"Kraft 商业信封, 红色",466.2,5,0.0,46.2
9634,CN-202023-5929986,2024-09-15,2024-09-20,二级,俞蔓-18040,俞蔓楚,公司,珠海,广东,中国,中南,办公用-收纳-10001047,办公用品,收纳具,"Smead 锁柜, 蓝色",6481.72,7,0.0,2981.16
9635,CN-202023-5929986,2024-09-15,2024-09-20,二级,俞蔓-18040,俞蔓楚,公司,珠海,广东,中国,中南,技术-设备-10004777,技术,设备,"StarTech 计算器, 红色",519.54,3,0.0,88.2
9636,CN-202023-4150128,2024-02-26,2024-03-02,标准级,唐安-10240,唐安,消费者,湘乡,湖南,中国,中南,办公用-系固-10001719,办公用品,系固件,"Accos 回形针, 混合尺寸",268.1,5,0.0,88.2
9637,CN-202023-4150128,2024-02-26,2024-03-02,标准级,唐安-10240,唐安,消费者,湘乡,湖南,中国,中南,办公用-器具-10004391,办公用品,器具,"Hamilton Beach 烤面包机, 白色",2337.3,9,0.0,840.42
9640,CN-202023-2699733,2024-06-03,2024-06-07,标准级,陈磊-15970,陈磊,消费者,阿城,黑龙江,中国,东北,办公用-装订-10004615,办公用品,装订机,"Wilson Jones 订书机, 耐用",470.96,2,0.0,169.4
9655,CN-202023-3490468,2024-02-28,2024-03-07,标准级,谢斯-20950,谢斯云,公司,余姚,浙江,中国,华东,家具-书架-10002588,家具,书架,"Dania 书库, 传统",3044.16,3,0.4,-507.36
9656,CN-202023-3490468,2024-02-28,2024-03-07,标准级,谢斯-20950,谢斯云,公司,余姚,浙江,中国,华东,技术-电话-10000691,技术,电话,"摩托罗拉 耳机, 蓝色",1116.36,5,0.4,-688.94
9658,US-202023-3171627,2024-11-04,2024-11-08,标准级,邓珊-19915,邓珊,消费者,济宁,山东,中国,华东,技术-电话-10002266,技术,电话,"苹果 充电器, 整包",5938.8,2,0.0,1841.0
9659,US-202023-3171627,2024-11-04,2024-11-08,标准级,邓珊-19915,邓珊,消费者,济宁,山东,中国,华东,家具-椅子-10004870,家具,椅子,"Harbour Creations 凳子, 黑色",1658.44,2,0.0,364.84
9660,CN-202023-1786532,2024-11-02,2024-11-07,标准级,付荣-19690,付荣,消费者,珠海,广东,中国,中南,办公用-器具-10000176,办公用品,器具,"Breville 烤面包机, 黑色",1776.6,5,0.0,390.6
9661,CN-202023-1786532,2024-11-02,2024-11-07,标准级,付荣-19690,付荣,消费者,珠海,广东,中国,中南,家具-用具-10004678,家具,用具,"Eldon 闹钟, 优质",1801.24,7,0.0,53.9
9662,CN-202023-1786532,2024-11-02,2024-11-07,标准级,付荣-19690,付荣,消费者,珠海,广东,中国,中南,办公用-美术-10001035,办公用品,美术,"Boston 荧光笔, 金属",450.912,6,0.2,22.512
9663,CN-202023-4750815,2024-12-03,2024-12-05,一级,余毅-12535,余毅,公司,涟源,湖南,中国,中南,办公用-美术-10002705,办公用品,美术,"Sanford 荧光笔, 蓝色",176.4,3,0.2,37.38
9664,CN-202023-4750815,2024-12-03,2024-12-05,一级,余毅-12535,余毅,公司,涟源,湖南,中国,中南,办公用-信封-10003644,办公用品,信封,"Kraft 外皮和封条, 回收",180.04,2,0.0,50.4
9674,CN-202023-4662338,2024-08-12,2024-08-12,当日,曹伟-21580,曹伟,消费者,宜春,江西,中国,华东,家具-椅子-10004899,家具,椅子,"Hon 凳子, 每套两件",774.2,1,0.0,201.18
9675,US-202023-1389726,2024-10-27,2024-10-29,一级,黄康-15355,黄康,消费者,菏泽,山东,中国,华东,家具-椅子-10002994,家具,椅子,"Office Star 折叠椅, 黑色",833.28,2,0.0,58.24
9676,US-202023-1389726,2024-10-27,2024-10-29,一级,黄康-15355,黄康,消费者,菏泽,山东,中国,华东,办公用-装订-10000762,办公用品,装订机,"Ibico 装订机盖, 回收",130.76,2,0.0,23.52
9677,US-202023-1389726,2024-10-27,2024-10-29,一级,黄康-15355,黄康,消费者,菏泽,山东,中国,华东,办公用-器具-10000427,办公用品,器具,"Hoover 咖啡研磨机, 黑色",955.08,3,0.0,276.78
9679,CN-202023-1156969,2024-11-12,2024-11-16,标准级,白德-12205,白德伟,消费者,哈尔滨,黑龙江,中国,东北,家具-椅子-10002013,家具,椅子,"Harbour Creations 凳子, 红色",4202.8,5,0.0,840.0
9687,US-202023-1610589,2024-11-05,2024-11-09,标准级,潘磊-16075,潘磊,消费者,天津,天津,中国,华北,家具-用具-10004691,家具,用具,"Tenex 框架, 耐用",998.76,2,0.0,49.84
9688,CN-202023-5869494,2024-09-18,2024-09-21,一级,俞丹-12025,俞丹,消费者,青岛,山东,中国,华东,家具-用具-10003909,家具,用具,"Eldon 分层置放架, 一包多件",294.56,2,0.0,38.08
9694,CN-202023-1573785,2024-01-21,2024-01-27,标准级,龙谦-19300,龙谦,消费者,汪清,吉林,中国,东北,技术-配件-10002209,技术,配件,"罗技 鼠标, 耐用",550.48,4,0.0,192.64
9695,CN-202023-1573785,2024-01-21,2024-01-27,标准级,龙谦-19300,龙谦,消费者,汪清,吉林,中国,东北,家具-桌子-10001852,家具,桌子,"Bevis 会议桌, 组装",6476.61,2,0.25,-431.83
9696,CN-202023-5629911,2024-04-01,2024-04-05,二级,施梦-18235,施梦,公司,长沙,湖南,中国,中南,办公用-用品-10002325,办公用品,用品,"Stiletto 尺子, 工业",77.0,1,0.0,16.1
9697,CN-202023-5629911,2024-04-01,2024-04-05,二级,施梦-18235,施梦,公司,长沙,湖南,中国,中南,办公用-装订-10004585,办公用品,装订机,"Ibico 打孔机, 回收",1006.46,7,0.0,180.32
9698,CN-202023-5629911,2024-04-01,2024-04-05,二级,施梦-18235,施梦,公司,长沙,湖南,中国,中南,家具-椅子-10004046,家具,椅子,"SAFCO 摇椅, 红色",566.622,1,0.1,107.002
9699,CN-202023-5629911,2024-04-01,2024-04-05,二级,施梦-18235,施梦,公司,长沙,湖南,中国,中南,家具-桌子-10004119,家具,桌子,"Chromcraft 圆桌, 长方形",6505.38,4,0.25,-954.38
9700,CN-202023-1510100,2024-05-14,2024-05-19,标准级,蒋安-10120,蒋安,小型企业,六合,吉林,中国,东北,办公用-收纳-10003808,办公用品,收纳具,"Fellowes 盘, 蓝色",1339.1,5,0.0,307.3
9707,US-202023-4896054,2024-11-06,2024-11-08,一级,巩关-15595,巩关茵,公司,萍乡,江西,中国,华东,办公用-装订-10000364,办公用品,装订机,"Ibico 孔加固材料, 耐用",158.48,4,0.0,71.12
9708,US-202023-4896054,2024-11-06,2024-11-08,一级,巩关-15595,巩关茵,公司,萍乡,江西,中国,华东,技术-复印-10003118,技术,复印机,"Brother 传真复印机, 红色",3540.88,4,0.0,1132.88
9709,US-202023-4896054,2024-11-06,2024-11-08,一级,巩关-15595,巩关茵,公司,萍乡,江西,中国,华东,办公用-装订-10003764,办公用品,装订机,"Acco 装订机盖, 回收",383.04,6,0.0,187.32
9710,US-202023-4896054,2024-11-06,2024-11-08,一级,巩关-15595,巩关茵,公司,萍乡,江西,中国,华东,家具-椅子-10004059,家具,椅子,"Novimex 扶手椅, 每套两件",6442.8,3,0.0,1094.94
9716,US-202023-2084652,2024-04-27,2024-04-28,一级,陶昌-11065,陶昌,消费者,常州,江苏,中国,华东,办公用-装订-10002095,办公用品,装订机,"Cardinal 打孔机, 耐用",84.84,1,0.4,-5.74
9717,US-202023-2084652,2024-04-27,2024-04-28,一级,陶昌-11065,陶昌,消费者,常州,江苏,中国,华东,技术-复印-10001249,技术,复印机,"夏普 个人复印机, 数字化",669.984,2,0.4,-279.216
9718,US-202023-2084652,2024-04-27,2024-04-28,一级,陶昌-11065,陶昌,消费者,常州,江苏,中国,华东,家具-用具-10002448,家具,用具,"Tenex 闹钟, 优质",136.836,1,0.4,-32.004
9719,CN-202023-2386979,2024-05-14,2024-05-16,一级,邱丽-17620,邱丽雪,公司,焦作,河南,中国,中南,家具-椅子-10002025,家具,椅子,"Novimex 折叠椅, 可调",711.648,2,0.1,308.168
9720,CN-202023-2386979,2024-05-14,2024-05-16,一级,邱丽-17620,邱丽雪,公司,焦作,河南,中国,中南,办公用-纸张-10000778,办公用品,纸张,"施乐 备忘录便条, 回收",313.6,5,0.0,37.1
9727,CN-202023-5592498,2024-06-03,2024-06-07,标准级,钱伟-21430,钱伟,公司,大同,安徽,中国,华东,办公用-收纳-10004593,办公用品,收纳具,"Smead 文件车, 单宽度",2996.7,5,0.0,988.4
9728,CN-202023-5592498,2024-06-03,2024-06-07,标准级,钱伟-21430,钱伟,公司,大同,安徽,中国,华东,技术-复印-10002540,技术,复印机,"惠普 传真复印机, 彩色",1627.08,2,0.0,553.0
9747,CN-202023-5468349,2024-12-25,2024-12-31,标准级,袁梅-18130,袁梅,公司,石嘴山,宁夏,中国,西北,办公用-纸张-10002058,办公用品,纸张,"Green Bar 计划信息表, 回收",221.2,2,0.0,94.92
9748,CN-202023-4271574,2024-11-14,2024-11-21,标准级,邵鹏-19075,邵鹏,消费者,沈阳,辽宁,中国,东北,办公用-信封-10003367,办公用品,信封,"Cameo 局间信封, 回收",647.22,3,0.0,317.1
9749,CN-202023-4271574,2024-11-14,2024-11-21,标准级,邵鹏-19075,邵鹏,消费者,沈阳,辽宁,中国,东北,家具-椅子-10002697,家具,椅子,"Novimex 摇椅, 每套两件",1122.912,3,0.4,-337.008
9752,CN-202023-1830721,2024-03-31,2024-04-06,标准级,夏芯-13960,夏芯,消费者,上海,上海,中国,华东,办公用-信封-10000396,办公用品,信封,"Ames 商业信封, 每套 50 个",478.24,7,0.0,56.84
9753,CN-202023-1830721,2024-03-31,2024-04-06,标准级,夏芯-13960,夏芯,消费者,上海,上海,中国,华东,办公用-标签-10004820,办公用品,标签,"Hon 有色标签, 白色",59.78,1,0.0,19.6
9754,CN-202023-3781306,2024-08-06,2024-08-08,一级,许凤-12835,许凤,公司,曲靖,云南,中国,西南,办公用-系固-10001956,办公用品,系固件,"OIC 回形针, 金属",67.9,1,0.0,8.82
9757,CN-202023-4080057,2024-02-08,2024-02-14,标准级,陶惠-14440,陶惠,消费者,郴州,湖南,中国,中南,家具-书架-10003195,家具,书架,"Sauder 墙角架, 黑色",2774.8,4,0.0,1053.92
9759,CN-202023-4261740,2024-09-09,2024-09-14,标准级,邵黎-16420,邵黎明,公司,常州,江苏,中国,华东,办公用-收纳-10001996,办公用品,收纳具,"Fellowes 搁板, 金属",1062.32,4,0.0,63.28
9767,CN-202023-4475873,2024-06-08,2024-06-10,二级,任灵-17560,任灵,小型企业,抚顺,辽宁,中国,东北,技术-复印-10001701,技术,复印机,"Brother 墨水, 数字化",822.864,2,0.4,68.544
9768,CN-202023-4475873,2024-06-08,2024-06-10,二级,任灵-17560,任灵,小型企业,抚顺,辽宁,中国,东北,办公用-装订-10000322,办公用品,装订机,"Ibico 标签, 透明",70.308,3,0.4,-31.752
9771,CN-202023-1151037,2024-05-15,2024-05-17,一级,邢盛-20335,邢盛,消费者,成都,四川,中国,西南,办公用-装订-10000366,办公用品,装订机,"Avery 孔加固材料, 回收",53.424,4,0.4,-22.736
9784,US-202023-5252007,2024-04-01,2024-04-05,标准级,邹丽-17680,邹丽雪,小型企业,浯溪,湖南,中国,中南,技术-电话-10002032,技术,电话,"苹果 耳机, 蓝色",683.76,2,0.0,204.96
9785,CN-202023-4195666,2024-09-18,2024-09-23,标准级,彭琼-19645,彭琼,公司,汕头,广东,中国,中南,办公用-装订-10001165,办公用品,装订机,"Cardinal 打孔机, 回收",136.08,1,0.0,27.16
9786,CN-202023-4195666,2024-09-18,2024-09-23,标准级,彭琼-19645,彭琼,公司,汕头,广东,中国,中南,办公用-美术-10001691,办公用品,美术,"Sanford 钢笔, 混合尺寸",53.312,1,0.2,-0.728
9792,CN-202023-2303851,2024-10-28,2024-11-03,标准级,顾磊-16030,顾磊,消费者,天津,天津,中国,华北,办公用-收纳-10002943,办公用品,收纳具,"Smead 文件车, 蓝色",1198.4,2,0.0,455.28
9794,CN-202023-2257547,2024-05-28,2024-06-02,标准级,邢毅-12475,邢毅,消费者,唐山,河北,中国,华北,办公用-器具-10002669,办公用品,器具,"Breville 烤面包机, 白色",3842.3,11,0.0,1498.42
9799,CN-202023-1150523,2024-03-27,2024-03-29,一级,袁德-12130,袁德,消费者,襄樊,湖北,中国,中南,办公用-装订-10002707,办公用品,装订机,"Ibico 标签, 耐用",174.888,6,0.4,-58.632
9800,CN-202023-1150523,2024-03-27,2024-03-29,一级,袁德-12130,袁德,消费者,襄樊,湖北,中国,中南,办公用-信封-10004110,办公用品,信封,"Ames 搭扣信封, 银色",134.4,3,0.0,1.26
9804,CN-202023-5266113,2024-12-22,2024-12-24,二级,麦虢-13510,麦虢,公司,无锡,江苏,中国,华东,技术-设备-10002438,技术,设备,"StarTech 打印机, 多色",3586.38,5,0.4,-598.22
9806,US-202023-4479623,2024-05-08,2024-05-14,标准级,白锦-14905,白锦,消费者,义乌,浙江,中国,华东,办公用-装订-10002538,办公用品,装订机,"Acco 装订机, 透明",163.632,4,0.4,-109.088
9807,US-202023-4479623,2024-05-08,2024-05-14,标准级,白锦-14905,白锦,消费者,义乌,浙江,中国,华东,技术-复印-10003118,技术,复印机,"Brother 传真复印机, 红色",3186.792,6,0.4,-425.208
9808,CN-202023-3664982,2024-05-25,2024-05-31,标准级,邓保-10375,邓保,消费者,成都,四川,中国,西南,办公用-信封-10000067,办公用品,信封,"Ames 局间信封, 红色",454.16,2,0.0,145.32
9812,CN-202023-2117709,2024-11-30,2024-12-04,标准级,熊晨-11155,熊晨,消费者,青岛,山东,中国,华东,办公用-美术-10004953,办公用品,美术,"BIC 速写本, 蓝色",227.08,1,0.0,58.94
9813,CN-202023-2117709,2024-11-30,2024-12-04,标准级,熊晨-11155,熊晨,消费者,青岛,山东,中国,华东,家具-用具-10001578,家具,用具,"Deflect-O 闹钟, 一包多件",705.18,3,0.0,309.96
9816,CN-202023-2166981,2024-12-04,2024-12-10,标准级,夏梦-18175,夏梦,小型企业,宜春,江西,中国,华东,办公用-系固-10000170,办公用品,系固件,"Stockwell 图钉, 混合尺寸",153.72,3,0.0,28.98
9817,CN-202023-4856468,2024-10-12,2024-10-14,二级,蒋光-13360,蒋光,小型企业,宜春,黑龙江,中国,东北,办公用-用品-10000855,办公用品,用品,"Fiskars 剪刀, 钢",315.84,3,0.0,37.8
9818,CN-202023-4856468,2024-10-12,2024-10-14,二级,蒋光-13360,蒋光,小型企业,宜春,黑龙江,中国,东北,办公用-收纳-10001112,办公用品,收纳具,"Fellowes 盒, 工业",376.32,4,0.0,90.16
9819,CN-202023-4856468,2024-10-12,2024-10-14,二级,蒋光-13360,蒋光,小型企业,宜春,黑龙江,中国,东北,办公用-信封-10004154,办公用品,信封,"Ames 马尼拉纸信封, 每套 50 个",345.66,3,0.0,41.16
9820,CN-202023-4856468,2024-10-12,2024-10-14,二级,蒋光-13360,蒋光,小型企业,宜春,黑龙江,中国,东北,办公用-系固-10004607,办公用品,系固件,"Stockwell 橡皮筋, 金属",155.4,2,0.0,3.08
9821,CN-202023-4302272,2024-12-21,2024-12-25,标准级,龙婷-21115,龙婷,公司,北京,北京,中国,华北,技术-配件-10003130,技术,配件,"罗技 键区, 回收",1029.7,5,0.0,452.9
9825,CN-202023-3503696,2024-06-16,2024-06-21,标准级,薛博-10510,薛博,消费者,深圳,广东,中国,中南,办公用-美术-10003628,办公用品,美术,"Boston 荧光笔, 蓝色",493.136,7,0.2,110.936
9829,CN-202023-5480180,2024-06-11,2024-06-16,标准级,罗嫒-10060,罗嫒,小型企业,磐石,吉林,中国,东北,家具-书架-10004836,家具,书架,"Safco 书架, 传统",3476.2,5,0.0,1494.5
9830,CN-202023-5480180,2024-06-11,2024-06-16,标准级,罗嫒-10060,罗嫒,小型企业,磐石,吉林,中国,东北,技术-复印-10004302,技术,复印机,"Brother 无线传真机, 数字化",3532.2,2,0.0,1306.76
9831,CN-202023-5480180,2024-06-11,2024-06-16,标准级,罗嫒-10060,罗嫒,小型企业,磐石,吉林,中国,东北,技术-电话-10004671,技术,电话,"苹果 信号增强器, 全尺寸",4506.04,7,0.0,1937.46
9841,CN-202023-4020885,2024-12-08,2024-12-12,二级,邢谦-19270,邢谦,公司,泉州,福建,中国,华东,办公用-装订-10000127,办公用品,装订机,"Acco 标签, 透明",75.04,2,0.0,35.0
9846,CN-202023-5579550,2024-09-25,2024-09-28,二级,涂珑-17875,涂珑,小型企业,湘潭,湖南,中国,中南,家具-椅子-10003772,家具,椅子,"SAFCO 摇椅, 每套两件",2304.288,4,0.1,332.528
9849,CN-202023-4114478,2024-12-15,2024-12-17,一级,龙锦-14875,龙锦,小型企业,开封,河南,中国,中南,办公用-装订-10002049,办公用品,装订机,"Ibico 装订机盖, 透明",61.18,1,0.0,10.36
9854,CN-202023-2166981,2024-10-28,2024-10-30,二级,范彩-10615,范彩,公司,浯溪,湖南,中国,中南,办公用-收纳-10004372,办公用品,收纳具,"Eldon 盘, 单宽度",224.0,1,0.0,78.4
9856,CN-202023-3478143,2024-01-09,2024-01-14,二级,唐栋-12325,唐栋,小型企业,海林,黑龙江,中国,东北,技术-复印-10000827,技术,复印机,"惠普 复印机, 彩色",2287.88,2,0.0,68.6
9857,CN-202023-3478143,2024-01-09,2024-01-14,二级,唐栋-12325,唐栋,小型企业,海林,黑龙江,中国,东北,办公用-标签-10003583,办公用品,标签,"Hon 圆形标签, 红色",60.48,2,0.0,21.56
9858,CN-202023-3478143,2024-01-09,2024-01-14,二级,唐栋-12325,唐栋,小型企业,海林,黑龙江,中国,东北,技术-配件-10004781,技术,配件,"贝尔金 路由器, 实惠",3622.5,3,0.0,325.92
9859,CN-202023-3478143,2024-01-09,2024-01-14,二级,唐栋-12325,唐栋,小型企业,海林,黑龙江,中国,东北,办公用-标签-10004327,办公用品,标签,"Novimex 文件夹标签, 可调",172.2,6,0.0,77.28
9860,CN-202023-2877606,2024-09-12,2024-09-16,标准级,贺荣-19705,贺荣,小型企业,安顺,贵州,中国,西南,家具-用具-10004104,家具,用具,"Tenex 相框, 黑色",483.84,2,0.0,106.4
9861,CN-202023-2877606,2024-09-12,2024-09-16,标准级,贺荣-19705,贺荣,小型企业,安顺,贵州,中国,西南,家具-书架-10000835,家具,书架,"Dania 搁架, 金属",2363.34,3,0.0,283.5
9862,CN-202023-2877606,2024-09-12,2024-09-16,标准级,贺荣-19705,贺荣,小型企业,安顺,贵州,中国,西南,办公用-用品-10001414,办公用品,用品,"Kleencut 修剪器, 锯齿状",1067.64,6,0.0,266.28
9863,CN-202023-2877606,2024-09-12,2024-09-16,标准级,贺荣-19705,贺荣,小型企业,安顺,贵州,中国,西南,办公用-装订-10000648,办公用品,装订机,"Cardinal 装订机盖, 实惠",280.0,5,0.0,123.2
9864,US-202023-3700485,2024-04-18,2024-04-24,标准级,谢雯-21700,谢雯,小型企业,凌源,辽宁,中国,东北,办公用-系固-10002481,办公用品,系固件,"Accos 橡皮筋, 金属",235.2,5,0.4,-90.3
9865,US-202023-3700485,2024-04-18,2024-04-24,标准级,谢雯-21700,谢雯,小型企业,凌源,辽宁,中国,东北,技术-配件-10003558,技术,配件,"SanDisk 闪存驱动器, 可编程",344.736,3,0.4,34.356
9889,US-202023-4479623,2024-12-18,2024-12-24,标准级,牛黎-16390,牛黎明,公司,姜堰,江苏,中国,华东,办公用-收纳-10002846,办公用品,收纳具,"Rogers 搁板, 工业",2045.26,7,0.0,40.18
9893,CN-202023-5929986,2024-04-02,2024-04-07,标准级,龙廷-21295,龙廷,消费者,潍坊,山东,中国,华东,家具-用具-10001014,家具,用具,"Deflect-O 相框, 黑色",1453.2,6,0.0,57.96
9894,CN-202023-5929986,2024-04-02,2024-04-07,标准级,龙廷-21295,龙廷,消费者,潍坊,山东,中国,华东,办公用-用品-10001725,办公用品,用品,"Fiskars 尺子, 钢",387.24,6,0.0,142.8
9895,CN-202023-4037167,2024-01-28,2024-01-28,当日,巩凤-12880,巩凤,公司,朝阳,辽宁,中国,东北,办公用-信封-10002222,办公用品,信封,"Kraft 马尼拉纸信封, 银色",674.1,5,0.0,168.0
9896,CN-202023-2313079,2024-09-10,2024-09-16,标准级,曹琼-19675,曹琼,小型企业,临水,河北,中国,华北,办公用-系固-10002230,办公用品,系固件,"Stockwell 橡皮筋, 混合尺寸",130.48,2,0.0,54.6
9897,CN-202023-2313079,2024-09-10,2024-09-16,标准级,曹琼-19675,曹琼,小型企业,临水,河北,中国,华北,办公用-美术-10003822,办公用品,美术,"BIC 钢笔, 蓝色",199.92,3,0.0,89.88
9898,CN-202023-2313079,2024-09-10,2024-09-16,标准级,曹琼-19675,曹琼,小型企业,临水,河北,中国,华北,家具-书架-10002456,家具,书架,"Safco 书架, 金属",692.72,1,0.0,256.2
9899,CN-202023-2313079,2024-09-10,2024-09-16,标准级,曹琼-19675,曹琼,小型企业,临水,河北,中国,华北,办公用-纸张-10000976,办公用品,纸张,"SanDisk 笔记本, 回收",693.7,5,0.0,179.9
9900,CN-202023-2313079,2024-09-10,2024-09-16,标准级,曹琼-19675,曹琼,小型企业,临水,河北,中国,华北,家具-书架-10002251,家具,书架,"Sauder 书架, 传统",4796.12,7,0.0,1629.74
9901,CN-202023-2313079,2024-09-10,2024-09-16,标准级,曹琼-19675,曹琼,小型企业,临水,河北,中国,华北,家具-用具-10001632,家具,用具,"Eldon 分层置放架, 优质",421.68,3,0.0,75.6
9909,CN-202023-3374395,2024-12-30,2025-01-04,标准级,曾锦-14935,曾锦,公司,椒江,浙江,中国,华东,办公用-装订-10004829,办公用品,装订机,"Avery 孔加固材料, 透明",21.672,2,0.4,-6.048
9915,CN-202023-2766233,2024-06-08,2024-06-12,标准级,麦虢-13510,麦虢,公司,九台,吉林,中国,东北,家具-用具-10003733,家具,用具,"Deflect-O 闹钟, 黑色",469.56,2,0.0,131.32
9916,CN-202023-1312334,2024-05-08,2024-05-13,标准级,康青-19585,康青,消费者,讷河,黑龙江,中国,东北,办公用-纸张-10002250,办公用品,纸张,"Green Bar 信纸, 回收",450.8,2,0.0,144.2
9917,CN-202023-1312334,2024-05-08,2024-05-13,标准级,康青-19585,康青,消费者,讷河,黑龙江,中国,东北,办公用-信封-10000356,办公用品,信封,"GlobeWeis 商业信封, 红色",682.08,7,0.0,238.14
9922,CN-202023-3832812,2024-07-01,2024-07-04,一级,廖保-10330,廖保,消费者,甘南,黑龙江,中国,东北,技术-设备-10002746,技术,设备,"松下 收据打印机, 耐用",2823.8,5,0.0,987.7
9923,CN-202023-4309040,2024-04-30,2024-05-04,标准级,柯婵-10930,柯婵,小型企业,武汉,湖北,中国,中南,办公用-装订-10002707,办公用品,装订机,"Ibico 标签, 耐用",58.296,2,0.4,-19.544
9924,CN-202023-4309040,2024-04-30,2024-05-04,标准级,柯婵-10930,柯婵,小型企业,武汉,湖北,中国,中南,办公用-收纳-10000871,办公用品,收纳具,"Eldon 盒, 工业",150.36,3,0.0,28.56
9936,US-202023-5728538,2024-04-25,2024-04-30,标准级,涂伟-21640,涂伟,消费者,埠河,湖北,中国,中南,办公用-收纳-10001488,办公用品,收纳具,"Fellowes 搁板, 单宽度",810.18,3,0.0,331.8
9938,CN-202023-5927801,2024-08-11,2024-08-17,标准级,施丽-17380,施丽丽,公司,厦门,福建,中国,华东,办公用-纸张-10002247,办公用品,纸张,"施乐 令, 每包 12 个",426.72,3,0.0,119.28
9940,CN-202023-5632123,2024-08-25,2024-08-26,一级,康青-19585,康青,消费者,东台,江苏,中国,华东,办公用-装订-10000548,办公用品,装订机,"Avery 孔加固材料, 实惠",111.132,9,0.4,10.332
9941,CN-202023-5591469,2024-05-21,2024-05-25,标准级,谭立-16855,谭立,公司,厦门,福建,中国,华东,家具-用具-10003781,家具,用具,"Eldon 分层置放架, 耐用",399.42,3,0.0,119.7
9942,CN-202023-2969769,2024-12-10,2024-12-15,二级,任临-17440,任临耀,公司,朝阳,辽宁,中国,东北,办公用-信封-10001487,办公用品,信封,"GlobeWeis 外皮和封条, 银色",333.06,3,0.0,166.32
9943,CN-202023-4850175,2024-02-25,2024-03-02,标准级,何惠-14395,何惠,公司,郸城,河南,中国,中南,技术-配件-10000459,技术,配件,"Memorex 路由器, 实惠",8042.86,7,0.0,2894.92
9944,CN-202023-4850175,2024-02-25,2024-03-02,标准级,何惠-14395,何惠,公司,郸城,河南,中国,中南,家具-书架-10003555,家具,书架,"Sauder 柜, 金属",1550.64,2,0.0,666.68
9945,CN-202023-4850175,2024-02-25,2024-03-02,标准级,何惠-14395,何惠,公司,郸城,河南,中国,中南,办公用-系固-10003118,办公用品,系固件,"Stockwell 夹子, 混合尺寸",389.2,5,0.0,116.2
9946,CN-202023-4850175,2024-02-25,2024-03-02,标准级,何惠-14395,何惠,公司,郸城,河南,中国,中南,技术-电话-10000619,技术,电话,"三星 音频基座, 整包",1557.92,2,0.0,46.48
9947,CN-202023-4850175,2024-02-25,2024-03-02,标准级,何惠-14395,何惠,公司,郸城,河南,中国,中南,家具-用具-10001122,家具,用具,"Rubvermaid 分层置放架, 一包多件",588.0,5,0.0,29.4
9948,CN-202023-4850175,2024-02-25,2024-03-02,标准级,何惠-14395,何惠,公司,郸城,河南,中国,中南,办公用-纸张-10004686,办公用品,纸张,"SanDisk 信纸, 多色",697.62,3,0.0,188.16
9949,CN-202023-4850175,2024-02-25,2024-03-02,标准级,何惠-14395,何惠,公司,郸城,河南,中国,中南,办公用-信封-10001674,办公用品,信封,"Jiffy 外皮和封条, 红色",329.7,3,0.0,82.32
9950,CN-202023-4850175,2024-02-25,2024-03-02,标准级,何惠-14395,何惠,公司,郸城,河南,中国,中南,家具-椅子-10001397,家具,椅子,"Novimex 摇椅, 可调",1687.392,3,0.1,-19.068
9951,CN-202023-1646975,2024-03-16,2024-03-16,当日,黄芳-12760,黄芳,公司,南洲,湖南,中国,中南,办公用-装订-10003973,办公用品,装订机,"Ibico 装订机, 实惠",72.24,1,0.0,20.86
9952,CN-202023-1646975,2024-03-16,2024-03-16,当日,黄芳-12760,黄芳,公司,南洲,湖南,中国,中南,技术-设备-10004777,技术,设备,"StarTech 计算器, 红色",1039.08,6,0.0,176.4
9953,US-202023-5792032,2024-11-04,2024-11-09,标准级,周木-18400,周木兰,消费者,沈阳,辽宁,中国,东北,办公用-用品-10002305,办公用品,用品,"Elite 美工刀, 蓝色",879.228,9,0.4,-411.012
9969,CN-202023-5488732,2024-06-27,2024-07-02,标准级,冯立-16735,冯立,消费者,哈尔滨,黑龙江,中国,东北,办公用-用品-10004807,办公用品,用品,"Stiletto 剪刀, 锯齿状",473.9,5,0.0,226.8
9970,CN-202023-1187433,2024-01-30,2024-02-04,标准级,邢立-16645,邢立荣,消费者,成都,四川,中国,西南,办公用-器具-10003386,办公用品,器具,"Breville 烤面包机, 红色",1718.304,8,0.4,171.584
9971,CN-202023-1187433,2024-01-30,2024-02-04,标准级,邢立-16645,邢立荣,消费者,成都,四川,中国,西南,家具-用具-10002886,家具,用具,"Eldon 闹钟, 一包多件",475.272,3,0.4,-103.068
9980,US-202023-4180783,2024-09-10,2024-09-10,当日,邹丽-17680,邹丽雪,小型企业,晋江,福建,中国,华东,办公用-器具-10000501,办公用品,器具,"Hamilton Beach 炉灶, 红色",7592.76,3,0.0,0.0
9981,US-202023-4180783,2024-09-10,2024-09-10,当日,邹丽-17680,邹丽雪,小型企业,晋江,福建,中国,华东,技术-电话-10004726,技术,电话,"苹果 音频基座, 整包",1558.48,2,0.0,295.96
9982,CN-202023-1628412,2024-08-27,2024-08-31,标准级,孙荷-13750,孙荷,公司,呼和浩特,内蒙古,中国,华北,办公用-系固-10002716,办公用品,系固件,"Stockwell 夹子, 金属",108.36,2,0.4,-63.28
9995,CN-202023-5146329,2024-09-17,2024-09-20,一级,武明-18385,武明媚,消费者,讷河,黑龙江,中国,东北,家具-桌子-10002211,家具,桌子,"Barricks 电脑桌, 白色",3360.21,2,0.25,-268.87
9996,CN-202023-4318875,2024-05-28,2024-06-02,标准级,巩光-13435,巩光,消费者,义乌,浙江,中国,华东,技术-配件-10003923,技术,配件,"SanDisk 记忆卡, 实惠",944.244,3,0.4,-314.916
9997,CN-202023-4318875,2024-05-28,2024-06-02,标准级,巩光-13435,巩光,消费者,义乌,浙江,中国,华东,办公用-收纳-10003383,办公用品,收纳具,"Eldon 盘, 蓝色",447.72,2,0.0,35.56
9998,CN-202023-4318875,2024-05-28,2024-06-02,标准级,巩光-13435,巩光,消费者,义乌,浙江,中国,华东,家具-椅子-10002448,家具,椅子,"SAFCO 折叠椅, 红色",239.988,1,0.4,-88.032
9999,CN-202023-4318875,2024-05-28,2024-06-02,标准级,巩光-13435,巩光,消费者,义乌,浙江,中国,华东,技术-配件-10002808,技术,配件,"罗技 路由器, 耐用",4851.588,7,0.4,-1617.392
