ROW_ID,ORDER_ID,ORDER_DATE,SHIP_DATE,SHIP_METHOD,CUSTOMER_ID,CUSTOMER_NAME,CUST_CATEGORY,CITY,PROVINCE,COUNTRY,REGION,PRODUCT_ID,CATEGORY,SUB_CATEGORY,PRODUCT_NAME,SALES,QUANTITY,DISCOUNT,PROFIT
6,CN-202021-4497736,2022-10-27,2022-10-31,标准级,俞明-18325,俞明,消费者,景德镇,江西,中国,华东,技术-设备-10001640,技术,设备,"柯尼卡 打印机, 红色",11129.58,9,0.0,3783.78
7,CN-202021-4497736,2022-10-27,2022-10-31,标准级,俞明-18325,俞明,消费者,景德镇,江西,中国,华东,办公用-装订-10001029,办公用品,装订机,"Ibico 订书机, 实惠",479.92,2,0.0,172.76
8,CN-202021-4497736,2022-10-27,2022-10-31,标准级,俞明-18325,俞明,消费者,景德镇,江西,中国,华东,家具-椅子-10000578,家具,椅子,"SAFCO 扶手椅, 可调",8659.84,4,0.0,2684.08
9,CN-202021-4497736,2022-10-27,2022-10-31,标准级,俞明-18325,俞明,消费者,景德镇,江西,中国,华东,办公用-纸张-10001629,办公用品,纸张,"Green Bar 计划信息表, 多色",588.0,5,0.0,46.9
10,CN-202021-4497736,2022-10-27,2022-10-31,标准级,俞明-18325,俞明,消费者,景德镇,江西,中国,华东,办公用-系固-10004801,办公用品,系固件,"Stockwell 橡皮筋, 整包",154.28,2,0.0,33.88
13,CN-202021-2752724,2022-06-05,2022-06-09,标准级,赵婵-10885,赵婵,消费者,青岛,山东,中国,华东,办公用-信封-10000017,办公用品,信封,"Jiffy 局间信封, 银色",683.76,3,0.0,88.62
14,CN-202021-2752724,2022-06-05,2022-06-09,标准级,赵婵-10885,赵婵,消费者,青岛,山东,中国,华东,技术-配件-10004920,技术,配件,"SanDisk 键区, 可编程",1326.5,5,0.0,344.4
15,CN-202021-2752724,2022-06-05,2022-06-09,标准级,赵婵-10885,赵婵,消费者,青岛,山东,中国,华东,技术-电话-10004349,技术,电话,"诺基亚 充电器, 蓝色",5936.56,2,0.0,2849.28
70,CN-202021-3188191,2022-09-27,2022-10-02,二级,涂博-10585,涂博,消费者,滕州,山东,中国,华东,办公用-标签-10004567,办公用品,标签,"Smead 有色标签, 红色",300.3,5,0.0,149.8
71,CN-202021-5717181,2022-09-15,2022-09-18,一级,钟庆-19510,钟庆缘,小型企业,北京,北京,中国,华北,办公用-信封-10002784,办公用品,信封,"Kraft 搭扣信封, 红色",292.6,5,0.0,125.3
72,CN-202021-5717181,2022-09-15,2022-09-18,一级,钟庆-19510,钟庆缘,小型企业,北京,北京,中国,华北,家具-书架-10000904,家具,书架,"宜家 书架, 传统",572.04,1,0.0,62.86
83,US-202021-1803838,2022-08-22,2022-08-27,二级,谢雯-21700,谢雯,小型企业,叶柏寿,辽宁,中国,东北,技术-复印-10004933,技术,复印机,"夏普 墨水, 每套两件",696.696,2,0.4,-395.024
84,US-202021-1803838,2022-08-22,2022-08-27,二级,谢雯-21700,谢雯,小型企业,叶柏寿,辽宁,中国,东北,办公用-标签-10002776,办公用品,标签,"Novimex 圆形标签, 可调",58.38,3,0.0,26.04
100,CN-202021-1973789,2022-01-25,2022-01-28,一级,涂博-10585,涂博,消费者,泉州,福建,中国,华东,办公用-用品-10000800,办公用品,用品,"Elite 修剪器, 工业",606.06,3,0.0,48.3
101,CN-202021-1973789,2022-01-25,2022-01-28,一级,涂博-10585,涂博,消费者,泉州,福建,中国,华东,办公用-器具-10004620,办公用品,器具,"Cuisinart 咖啡研磨机, 红色",720.72,4,0.0,222.88
106,CN-202021-5378913,2022-10-10,2022-10-12,一级,彭伟-21550,彭伟,小型企业,七台河,黑龙江,中国,东北,家具-椅子-10004126,家具,椅子,"Novimex 折叠椅, 黑色",2606.8,7,0.0,155.82
107,CN-202021-5378913,2022-10-10,2022-10-12,一级,彭伟-21550,彭伟,小型企业,七台河,黑龙江,中国,东北,技术-配件-10004359,技术,配件,"Memorex 键区, 回收",803.04,4,0.0,96.32
118,CN-202021-3269021,2022-10-08,2022-10-08,当日,冯丽-17350,冯丽丽,消费者,镇江,江苏,中国,华东,办公用-信封-10002440,办公用品,信封,"Ames 外皮和封条, 回收",489.72,6,0.0,166.32
119,CN-202021-3269021,2022-10-08,2022-10-08,当日,冯丽-17350,冯丽丽,消费者,镇江,江苏,中国,华东,技术-设备-10003147,技术,设备,"StarTech 收据打印机, 红色",301.644,1,0.4,-170.996
120,CN-202021-3269021,2022-10-08,2022-10-08,当日,冯丽-17350,冯丽丽,消费者,镇江,江苏,中国,华东,办公用-信封-10000118,办公用品,信封,"GlobeWeis 马尼拉纸信封, 银色",278.04,2,0.0,27.72
121,CN-202021-3269021,2022-10-08,2022-10-08,当日,冯丽-17350,冯丽丽,消费者,镇江,江苏,中国,华东,技术-配件-10002633,技术,配件,"罗技 记忆卡, 耐用",1160.208,4,0.4,173.488
122,CN-202021-3269021,2022-10-08,2022-10-08,当日,冯丽-17350,冯丽丽,消费者,镇江,江苏,中国,华东,技术-电话-10002475,技术,电话,"诺基亚 办公室电话机, 全尺寸",1301.832,7,0.4,-195.608
123,CN-202021-3269021,2022-10-08,2022-10-08,当日,冯丽-17350,冯丽丽,消费者,镇江,江苏,中国,华东,办公用-收纳-10000793,办公用品,收纳具,"Smead 锁柜, 单宽度",2778.3,3,0.0,222.18
124,CN-202021-3269021,2022-10-08,2022-10-08,当日,冯丽-17350,冯丽丽,消费者,镇江,江苏,中国,华东,办公用-信封-10000562,办公用品,信封,"Kraft 搭扣信封, 银色",212.8,4,0.0,97.44
125,CN-202021-3269021,2022-10-08,2022-10-08,当日,冯丽-17350,冯丽丽,消费者,镇江,江苏,中国,华东,办公用-用品-10004613,办公用品,用品,"Elite 美工刀, 工业",204.456,2,0.4,-47.824
126,CN-202021-2594036,2022-02-15,2022-02-21,标准级,雷木-18415,雷木兰,消费者,杭州,浙江,中国,华东,家具-椅子-10001116,家具,椅子,"Hon 摇椅, 红色",731.472,2,0.4,60.872
131,CN-202021-2554132,2022-07-17,2022-07-17,当日,吕凤-12910,吕凤,小型企业,珠海,广东,中国,中南,办公用-标签-10002989,办公用品,标签,"Hon 运输标签, 白色",477.54,9,0.0,56.7
135,CN-202021-2084652,2022-10-05,2022-10-11,标准级,薛婷-21070,薛婷,消费者,常州,江苏,中国,华东,家具-椅子-10001258,家具,椅子,"Harbour Creations 扶手椅, 可调",6665.4,5,0.4,555.1
136,CN-202021-2084652,2022-10-05,2022-10-11,标准级,薛婷-21070,薛婷,消费者,常州,江苏,中国,华东,家具-用具-10000958,家具,用具,"Advantus 门挡, 耐用",353.304,3,0.4,-164.976
137,CN-202021-2084652,2022-10-05,2022-10-11,标准级,薛婷-21070,薛婷,消费者,常州,江苏,中国,华东,办公用-标签-10004025,办公用品,标签,"Harbour Creations 合法证物标签, 红色",100.52,2,0.0,31.92
138,US-202021-1904299,2022-02-16,2022-02-22,标准级,牛晒-19810,牛晒明,小型企业,张家港,江苏,中国,华东,办公用-系固-10004120,办公用品,系固件,"OIC 橡皮筋, 金属",96.264,2,0.4,-35.336
151,CN-202021-5873075,2022-10-15,2022-10-20,二级,施丽-17380,施丽丽,公司,肇源,黑龙江,中国,东北,办公用-器具-10004829,办公用品,器具,"Breville 微波炉, 银色",15526.28,11,0.0,1085.7
154,CN-202021-5173564,2022-12-05,2022-12-10,标准级,秦淑-20440,秦淑芳,公司,鹤岗,黑龙江,中国,东北,办公用-美术-10002705,办公用品,美术,"Sanford 荧光笔, 蓝色",235.2,4,0.2,49.84
162,CN-202021-2810282,2022-05-20,2022-05-24,标准级,巩安-10180,巩安,小型企业,高密,山东,中国,华东,技术-复印-10004433,技术,复印机,"Brother 墨水, 红色",1358.0,2,0.0,285.04
174,CN-202021-5591357,2022-03-22,2022-03-25,二级,巩虢-13495,巩虢,公司,西安,陕西,中国,西北,技术-复印-10004166,技术,复印机,"惠普 传真复印机, 红色",2395.26,3,0.0,694.26
191,CN-202021-5172330,2022-05-12,2022-05-18,标准级,徐关-15655,徐关茵,公司,石家庄,河北,中国,华北,办公用-纸张-10002493,办公用品,纸张,"Enermax 备忘录便条, 优质",146.16,2,0.0,29.12
198,CN-202021-2831197,2022-03-07,2022-03-12,标准级,黄丽-15820,黄丽,消费者,哈尔滨,黑龙江,中国,东北,办公用-美术-10001717,办公用品,美术,"Boston 钢笔, 混合尺寸",64.96,1,0.2,8.82
199,CN-202021-2831197,2022-03-07,2022-03-12,标准级,黄丽-15820,黄丽,消费者,哈尔滨,黑龙江,中国,东北,办公用-用品-10004143,办公用品,用品,"Kleencut 美工刀, 锯齿状",438.9,3,0.0,149.1
204,CN-202021-3065733,2022-01-03,2022-01-08,二级,黄丽-15820,黄丽,消费者,廊坊,河北,中国,华北,办公用-标签-10002581,办公用品,标签,"Avery 可去除的标签, 可调",161.28,4,0.0,72.24
210,US-202021-5033587,2022-03-26,2022-04-02,标准级,彭丽-17650,彭丽雪,小型企业,肃州,甘肃,中国,西北,办公用-用品-10001051,办公用品,用品,"Kleencut 开信刀, 钢",666.792,9,0.4,-379.008
211,US-202021-5033587,2022-03-26,2022-04-02,标准级,彭丽-17650,彭丽雪,小型企业,肃州,甘肃,中国,西北,办公用-收纳-10001478,办公用品,收纳具,"Fellowes 锁柜, 工业",2909.34,3,0.0,1396.08
245,CN-202021-1255631,2022-07-19,2022-07-23,标准级,白斯-20995,白斯云,消费者,莱州,山东,中国,华东,办公用-标签-10000748,办公用品,标签,"Harbour Creations 可去除的标签, 可调",231.0,6,0.0,25.2
246,CN-202021-1255631,2022-07-19,2022-07-23,标准级,白斯-20995,白斯云,消费者,莱州,山东,中国,华东,技术-电话-10003837,技术,电话,"思科 信号增强器, 整包",2835.84,4,0.0,141.68
252,CN-202021-3694355,2022-01-16,2022-01-20,标准级,廖宣-20905,廖宣,消费者,西安,陕西,中国,西北,办公用-系固-10003093,办公用品,系固件,"OIC 图钉, 整包",393.96,6,0.0,82.32
257,US-202021-1388500,2022-05-10,2022-05-14,标准级,徐虢-13600,徐虢,公司,潼川,四川,中国,西南,办公用-用品-10003385,办公用品,用品,"Elite 剪刀, 工业",202.86,3,0.4,-67.62
260,CN-202021-3103245,2022-03-28,2022-04-04,标准级,沈聪-11710,沈聪,消费者,泰兴,江苏,中国,华东,办公用-标签-10004577,办公用品,标签,"Novimex 可去除的标签, 耐用",191.52,4,0.0,24.64
261,CN-202021-3103245,2022-03-28,2022-04-04,标准级,沈聪-11710,沈聪,消费者,泰兴,江苏,中国,华东,办公用-纸张-10004837,办公用品,纸张,"SanDisk 笔记本, 优质",139.16,1,0.0,20.86
270,CN-202021-4251154,2022-05-28,2022-05-30,一级,吕关-15640,吕关茵,小型企业,肃州,甘肃,中国,西北,家具-书架-10001313,家具,书架,"Bush 书架, 白色",2470.188,7,0.4,81.928
296,CN-202021-3028018,2022-08-10,2022-08-16,标准级,陈安-10090,陈安,消费者,昆明,云南,中国,西南,技术-复印-10001050,技术,复印机,"Brother 传真机, 彩色",2389.184,2,0.2,656.824
297,CN-202021-3028018,2022-08-10,2022-08-16,标准级,陈安-10090,陈安,消费者,昆明,云南,中国,西南,技术-电话-10001017,技术,电话,"三星 办公室电话机, 混合尺寸",952.98,3,0.0,104.58
330,CN-202021-2556865,2022-09-18,2022-09-20,一级,吕欢-14140,吕欢悦,小型企业,天津,天津,中国,华北,办公用-信封-10004907,办公用品,信封,"Ames 局间信封, 银色",887.04,4,0.0,88.48
334,CN-202021-3819209,2022-09-19,2022-09-23,标准级,袁关-15670,袁关茵,消费者,牡丹江,黑龙江,中国,东北,技术-电话-10002069,技术,电话,"苹果 音频基座, 混合尺寸",1584.24,2,0.0,253.4
363,US-202021-1964482,2022-09-22,2022-09-26,标准级,林关-15625,林关茵,消费者,永川,重庆,中国,西南,技术-复印-10003382,技术,复印机,"佳能 传真复印机, 红色",2830.464,4,0.2,-142.016
364,US-202021-1964482,2022-09-22,2022-09-26,标准级,林关-15625,林关茵,消费者,永川,重庆,中国,西南,办公用-美术-10004953,办公用品,美术,"BIC 速写本, 蓝色",681.24,3,0.0,176.82
365,CN-202021-1966706,2022-09-07,2022-09-11,标准级,贾松-20590,贾松,消费者,双阳,吉林,中国,东北,办公用-收纳-10003557,办公用品,收纳具,"Fellowes 搁板, 蓝色",539.84,2,0.0,145.6
366,CN-202021-1966706,2022-09-07,2022-09-11,标准级,贾松-20590,贾松,消费者,双阳,吉林,中国,东北,办公用-信封-10001487,办公用品,信封,"GlobeWeis 外皮和封条, 银色",222.04,2,0.0,110.88
394,CN-202021-3381572,2022-09-28,2022-10-02,标准级,佘平-19165,佘平,消费者,开化,云南,中国,西南,办公用-器具-10000222,办公用品,器具,"KitchenAid 微波炉, 银色",5806.64,4,0.0,1799.84
395,CN-202021-3381572,2022-09-28,2022-10-02,标准级,佘平-19165,佘平,消费者,开化,云南,中国,西南,家具-书架-10000674,家具,书架,"Bush 搁架, 传统",1598.52,2,0.0,335.44
403,US-202021-1498643,2022-11-26,2022-12-01,标准级,俞蔓-18040,俞蔓楚,公司,铁岭,辽宁,中国,东北,办公用-器具-10002966,办公用品,器具,"Cuisinart 冰箱, 红色",9723.168,7,0.4,-0.392
404,US-202021-1498643,2022-11-26,2022-12-01,标准级,俞蔓-18040,俞蔓楚,公司,铁岭,辽宁,中国,东北,办公用-系固-10002531,办公用品,系固件,"Stockwell 回形针, 金属",152.544,4,0.4,-74.256
405,US-202021-1498643,2022-11-26,2022-12-01,标准级,俞蔓-18040,俞蔓楚,公司,铁岭,辽宁,中国,东北,办公用-信封-10002033,办公用品,信封,"Ames 外皮和封条, 红色",726.18,7,0.0,311.64
406,US-202021-1498643,2022-11-26,2022-12-01,标准级,俞蔓-18040,俞蔓楚,公司,铁岭,辽宁,中国,东北,技术-配件-10002236,技术,配件,"贝尔金 路由器, 可编程",1457.4,2,0.4,-73.08
407,US-202021-1498643,2022-11-26,2022-12-01,标准级,俞蔓-18040,俞蔓楚,公司,铁岭,辽宁,中国,东北,技术-电话-10004871,技术,电话,"三星 充电器, 蓝色",12468.54,7,0.4,-4988.2
408,US-202021-1498643,2022-11-26,2022-12-01,标准级,俞蔓-18040,俞蔓楚,公司,铁岭,辽宁,中国,东北,办公用-信封-10001476,办公用品,信封,"Kraft 外皮和封条, 红色",336.42,3,0.0,84.0
409,US-202021-1498643,2022-11-26,2022-12-01,标准级,俞蔓-18040,俞蔓楚,公司,铁岭,辽宁,中国,东北,办公用-美术-10000757,办公用品,美术,"Boston 记号笔, 混合尺寸",137.9,5,0.8,-345.1
428,CN-202021-4725073,2022-11-06,2022-11-08,一级,周柏-18925,周柏,小型企业,梧州,广西,中国,中南,办公用-装订-10001165,办公用品,装订机,"Cardinal 打孔机, 回收",408.24,3,0.0,81.48
429,CN-202021-4725073,2022-11-06,2022-11-08,一级,周柏-18925,周柏,小型企业,梧州,广西,中国,中南,技术-复印-10003306,技术,复印机,"Hewlett 传真复印机, 每套两件",8100.54,9,0.0,1619.1
437,CN-202021-3656854,2022-02-24,2022-02-28,标准级,叶实-20290,叶实,公司,宜春,黑龙江,中国,东北,技术-电话-10002321,技术,电话,"诺基亚 信号增强器, 混合尺寸",5852.7,9,0.0,233.1
438,CN-202021-3656854,2022-02-24,2022-02-28,标准级,叶实-20290,叶实,公司,宜春,黑龙江,中国,东北,办公用-器具-10002966,办公用品,器具,"Cuisinart 冰箱, 红色",4630.08,2,0.0,1851.92
439,CN-202021-3656854,2022-02-24,2022-02-28,标准级,叶实-20290,叶实,公司,宜春,黑龙江,中国,东北,办公用-系固-10000554,办公用品,系固件,"Stockwell 橡皮筋, 每包 12 个",297.92,4,0.0,11.76
440,CN-202021-3656854,2022-02-24,2022-02-28,标准级,叶实-20290,叶实,公司,宜春,黑龙江,中国,东北,办公用-系固-10003116,办公用品,系固件,"OIC 订书钉, 每包 12 个",201.04,4,0.0,73.92
441,CN-202021-3656854,2022-02-24,2022-02-28,标准级,叶实-20290,叶实,公司,宜春,黑龙江,中国,东北,家具-书架-10000557,家具,书架,"Sauder 搁架, 金属",6338.64,7,0.0,886.9
442,CN-202021-3656854,2022-02-24,2022-02-28,标准级,叶实-20290,叶实,公司,宜春,黑龙江,中国,东北,办公用-纸张-10000589,办公用品,纸张,"SanDisk 笔记本, 多色",291.48,2,0.0,128.24
453,CN-202021-5740094,2022-01-26,2022-01-28,二级,戴康-15415,戴康,消费者,上海,上海,中国,华东,办公用-收纳-10003897,办公用品,收纳具,"Rogers 搁板, 金属",3141.6,11,0.0,532.84
454,CN-202021-5740094,2022-01-26,2022-01-28,二级,戴康-15415,戴康,消费者,上海,上海,中国,华东,办公用-美术-10002228,办公用品,美术,"BIC 荧光笔, 混合尺寸",722.26,7,0.0,150.92
455,CN-202021-5740094,2022-01-26,2022-01-28,二级,戴康-15415,戴康,消费者,上海,上海,中国,华东,家具-椅子-10000979,家具,椅子,"Hon 凳子, 可调",775.32,1,0.0,240.24
456,CN-202021-5740094,2022-01-26,2022-01-28,二级,戴康-15415,戴康,消费者,上海,上海,中国,华东,家具-椅子-10003780,家具,椅子,"Harbour Creations 扶手椅, 红色",13261.08,6,0.0,5834.64
459,CN-202021-4214931,2022-12-03,2022-12-07,标准级,程德-12040,程德,小型企业,醴陵,湖南,中国,中南,办公用-收纳-10002943,办公用品,收纳具,"Smead 文件车, 蓝色",599.2,1,0.0,227.64
482,CN-202021-4214287,2022-09-16,2022-09-20,标准级,夏芯-13960,夏芯,消费者,滕州,山东,中国,华东,办公用-用品-10003822,办公用品,用品,"Acme 开信刀, 蓝色",281.96,2,0.0,47.88
518,CN-202021-2770008,2022-10-15,2022-10-15,当日,康丽-15865,康丽,消费者,浯溪,湖南,中国,中南,办公用-信封-10004503,办公用品,信封,"Jiffy 商业信封, 回收",206.64,3,0.0,57.54
519,CN-202021-2770008,2022-10-15,2022-10-15,当日,康丽-15865,康丽,消费者,浯溪,湖南,中国,中南,办公用-纸张-10003708,办公用品,纸张,"Eaton 计划信息表, 每包 12 个",807.52,7,0.0,40.18
520,CN-202021-3589017,2022-01-21,2022-01-26,二级,巩辉-12595,巩辉,消费者,宿州,安徽,中国,华东,办公用-美术-10004953,办公用品,美术,"BIC 速写本, 蓝色",363.328,2,0.2,27.048
522,CN-202021-4870971,2022-11-05,2022-11-11,标准级,谢斯-20950,谢斯云,公司,宜春,黑龙江,中国,东北,办公用-用品-10002106,办公用品,用品,"Stiletto 修剪器, 钢",1180.2,6,0.0,47.04
535,CN-202021-5308381,2022-08-27,2022-08-29,二级,罗君-15235,罗君,消费者,磐石,吉林,中国,东北,办公用-信封-10004487,办公用品,信封,"Kraft 邮寄品, 银色",1495.2,8,0.0,328.16
536,CN-202021-5308381,2022-08-27,2022-08-29,二级,罗君-15235,罗君,消费者,磐石,吉林,中国,东北,家具-椅子-10004110,家具,椅子,"SAFCO 沙滩椅, 可调",1211.7,5,0.0,472.5
537,CN-202021-5308381,2022-08-27,2022-08-29,二级,罗君-15235,罗君,消费者,磐石,吉林,中国,东北,家具-椅子-10002321,家具,椅子,"Novimex 椅垫, 可调",274.54,1,0.0,128.94
550,CN-202021-3420308,2022-12-12,2022-12-16,标准级,韦诚-11365,韦诚,公司,鹤壁,河南,中国,中南,家具-书架-10003501,家具,书架,"宜家 搁架, 白色",1613.36,2,0.0,806.68
551,CN-202021-3420308,2022-12-12,2022-12-16,标准级,韦诚-11365,韦诚,公司,鹤壁,河南,中国,中南,家具-书架-10004132,家具,书架,"Safco 书库, 金属",7266.0,4,0.0,799.12
552,CN-202021-3420308,2022-12-12,2022-12-16,标准级,韦诚-11365,韦诚,公司,鹤壁,河南,中国,中南,家具-书架-10004714,家具,书架,"Sauder 柜, 传统",2333.52,3,0.0,396.48
554,CN-202021-1021233,2022-12-22,2022-12-26,标准级,麦德-12085,麦德,公司,哈尔滨,黑龙江,中国,东北,办公用-美术-10002785,办公用品,美术,"Binney & Smith 钢笔, 混合尺寸",338.688,6,0.2,92.568
560,US-202021-5007229,2022-06-15,2022-06-21,标准级,陶博-10570,陶博,消费者,杭州,浙江,中国,华东,家具-椅子-10001132,家具,椅子,"Hon 椅垫, 黑色",297.36,2,0.4,-119.0
561,US-202021-5007229,2022-06-15,2022-06-21,标准级,陶博-10570,陶博,消费者,杭州,浙江,中国,华东,办公用-信封-10003939,办公用品,信封,"Cameo 商业信封, 回收",147.0,2,0.0,29.4
562,CN-202021-2919347,2022-04-03,2022-04-05,一级,陶博-10570,陶博,消费者,厦门,福建,中国,华东,技术-设备-10003033,技术,设备,"StarTech 喷墨打印机, 耐用",5635.28,4,0.0,2028.32
579,CN-202021-4292548,2022-06-26,2022-06-28,二级,毛丽-16225,毛丽美,公司,临清,山东,中国,华东,办公用-器具-10004119,办公用品,器具,"Hoover 搅拌机, 白色",889.56,2,0.0,329.0
580,CN-202021-4292548,2022-06-26,2022-06-28,二级,毛丽-16225,毛丽美,公司,临清,山东,中国,华东,办公用-美术-10002057,办公用品,美术,"Binney & Smith 画布, 整包",481.88,2,0.0,96.32
581,CN-202021-4292548,2022-06-26,2022-06-28,二级,毛丽-16225,毛丽美,公司,临清,山东,中国,华东,家具-用具-10002002,家具,用具,"Deflect-O 门挡, 优质",595.98,3,0.0,154.56
582,CN-202021-4292548,2022-06-26,2022-06-28,二级,毛丽-16225,毛丽美,公司,临清,山东,中国,华东,家具-书架-10001061,家具,书架,"Safco 古典书架, 金属",26548.34,13,0.0,3982.16
583,CN-202021-4292548,2022-06-26,2022-06-28,二级,毛丽-16225,毛丽美,公司,临清,山东,中国,华东,办公用-信封-10001526,办公用品,信封,"GlobeWeis 外皮和封条, 回收",282.66,3,0.0,13.86
584,CN-202021-4292548,2022-06-26,2022-06-28,二级,毛丽-16225,毛丽美,公司,临清,山东,中国,华东,办公用-纸张-10001162,办公用品,纸张,"Enermax 令, 每包 12 个",456.54,3,0.0,49.98
585,CN-202021-4292548,2022-06-26,2022-06-28,二级,毛丽-16225,毛丽美,公司,临清,山东,中国,华东,技术-复印-10001796,技术,复印机,"佳能 传真机, 数字化",2968.28,2,0.0,831.04
617,CN-202021-4944475,2022-11-15,2022-11-22,标准级,谢聪-11665,谢聪,消费者,洛阳,广东,中国,中南,家具-桌子-10000300,家具,桌子,"Chromcraft 会议桌, 组装",9178.47,3,0.25,1101.03
630,CN-202021-5128542,2022-03-23,2022-03-29,标准级,袁梅-18130,袁梅,公司,渭南,陕西,中国,西北,技术-设备-10002164,技术,设备,"松下 打印机, 耐用",4976.72,4,0.0,596.96
631,CN-202021-5128542,2022-03-23,2022-03-29,标准级,袁梅-18130,袁梅,公司,渭南,陕西,中国,西北,办公用-纸张-10002327,办公用品,纸张,"Enermax 信纸, 每包 12 个",717.36,3,0.0,150.36
632,CN-202021-5128542,2022-03-23,2022-03-29,标准级,袁梅-18130,袁梅,公司,渭南,陕西,中国,西北,办公用-纸张-10004938,办公用品,纸张,"SanDisk 信纸, 回收",451.08,2,0.0,45.08
633,CN-202021-2975416,2022-02-08,2022-02-11,一级,吕欢-14155,吕欢悦,消费者,昆明,云南,中国,西南,家具-用具-10003276,家具,用具,"Tenex 分层置放架, 优质",222.6,2,0.0,106.68
639,CN-202021-3378788,2022-09-20,2022-09-22,一级,吴磊-16165,吴磊,公司,北京,北京,中国,华北,办公用-收纳-10003906,办公用品,收纳具,"Fellowes 文件车, 蓝色",3203.9,5,0.0,63.7
640,CN-202021-3378788,2022-09-20,2022-09-22,一级,吴磊-16165,吴磊,公司,北京,北京,中国,华北,办公用-收纳-10001047,办公用品,收纳具,"Smead 锁柜, 蓝色",1851.92,2,0.0,851.76
641,CN-202021-3378788,2022-09-20,2022-09-22,一级,吴磊-16165,吴磊,公司,北京,北京,中国,华北,技术-电话-10002929,技术,电话,"三星 耳机, 蓝色",683.2,2,0.0,68.32
644,CN-202021-5450028,2022-12-03,2022-12-08,标准级,韦松-20770,韦松,公司,南宁,广西,中国,中南,办公用-信封-10001500,办公用品,信封,"Ames 外皮和封条, 银色",295.26,3,0.0,20.58
645,CN-202021-5450028,2022-12-03,2022-12-08,标准级,韦松-20770,韦松,公司,南宁,广西,中国,中南,办公用-标签-10002476,办公用品,标签,"Avery 圆形标签, 白色",233.24,7,0.0,64.68
658,CN-202021-4150128,2022-11-26,2022-11-29,一级,白德-12205,白德伟,消费者,烟台,山东,中国,华东,家具-用具-10003967,家具,用具,"Eldon 相框, 优质",794.22,3,0.0,79.38
659,CN-202021-4150128,2022-11-26,2022-11-29,一级,白德-12205,白德伟,消费者,烟台,山东,中国,华东,办公用-收纳-10000306,办公用品,收纳具,"Smead 文件夹, 单宽度",327.04,4,0.0,117.6
660,CN-202021-4150128,2022-11-26,2022-11-29,一级,白德-12205,白德伟,消费者,烟台,山东,中国,华东,办公用-收纳-10003152,办公用品,收纳具,"Smead 盒, 金属",91.84,2,0.0,20.16
661,CN-202021-4150128,2022-11-26,2022-11-29,一级,白德-12205,白德伟,消费者,烟台,山东,中国,华东,家具-椅子-10003019,家具,椅子,"Harbour Creations 摇椅, 红色",4804.94,7,0.0,576.24
662,CN-202021-4150128,2022-11-26,2022-11-29,一级,白德-12205,白德伟,消费者,烟台,山东,中国,华东,办公用-美术-10003381,办公用品,美术,"Binney & Smith 速写本, 整包",434.84,2,0.0,38.92
663,CN-202021-4150128,2022-11-26,2022-11-29,一级,白德-12205,白德伟,消费者,烟台,山东,中国,华东,办公用-收纳-10000923,办公用品,收纳具,"Tenex 文件车, 工业",3140.9,5,0.0,1162.0
664,CN-202021-4150128,2022-11-26,2022-11-29,一级,白德-12205,白德伟,消费者,烟台,山东,中国,华东,办公用-系固-10004197,办公用品,系固件,"OIC 回形针, 每包 12 个",323.4,5,0.0,44.8
665,CN-202021-4150128,2022-11-26,2022-11-29,一级,白德-12205,白德伟,消费者,烟台,山东,中国,华东,办公用-标签-10003114,办公用品,标签,"Novimex 文件夹标签, 白色",192.5,5,0.0,0.0
666,CN-202021-4150128,2022-11-26,2022-11-29,一级,白德-12205,白德伟,消费者,烟台,山东,中国,华东,技术-设备-10004500,技术,设备,"松下 电话, 耐用",396.48,1,0.0,47.46
669,CN-202021-3781425,2022-10-31,2022-11-04,标准级,钟虹-13795,钟虹,小型企业,重庆,重庆,中国,西南,办公用-美术-10003026,办公用品,美术,"Binney & Smith 记号笔, 混合尺寸",1018.08,8,0.0,406.56
682,CN-202021-3297567,2022-09-14,2022-09-21,标准级,孟虢-13540,孟虢,消费者,津市,湖南,中国,中南,办公用-标签-10000389,办公用品,标签,"Smead 合法证物标签, 白色",362.6,7,0.0,21.56
683,CN-202021-3297567,2022-09-14,2022-09-21,标准级,孟虢-13540,孟虢,消费者,津市,湖南,中国,中南,办公用-纸张-10004354,办公用品,纸张,"Enermax 备忘录便条, 每包 12 个",831.6,9,0.0,107.1
686,CN-202021-1564715,2022-12-11,2022-12-16,二级,段杰-14800,段杰,公司,临朐,山东,中国,华东,办公用-信封-10003153,办公用品,信封,"Ames 商业信封, 银色",159.04,2,0.0,31.64
697,US-202021-4246507,2022-06-23,2022-06-27,二级,曹娜-18580,曹娜,公司,本溪,辽宁,中国,东北,办公用-器具-10000850,办公用品,器具,"KitchenAid 炉灶, 白色",4773.636,3,0.4,-1750.644
698,US-202021-4246507,2022-06-23,2022-06-27,二级,曹娜-18580,曹娜,公司,本溪,辽宁,中国,东北,家具-书架-10004603,家具,书架,"Bush 古典书架, 传统",1155.504,1,0.4,-346.696
699,US-202021-4246507,2022-06-23,2022-06-27,二级,曹娜-18580,曹娜,公司,本溪,辽宁,中国,东北,办公用-纸张-10004671,办公用品,纸张,"Enermax 信纸, 优质",219.8,1,0.0,65.94
700,US-202021-4246507,2022-06-23,2022-06-27,二级,曹娜-18580,曹娜,公司,本溪,辽宁,中国,东北,办公用-标签-10001778,办公用品,标签,"Harbour Creations 文件夹标签, 耐用",85.12,2,0.0,12.6
701,US-202021-4246507,2022-06-23,2022-06-27,二级,曹娜-18580,曹娜,公司,本溪,辽宁,中国,东北,家具-书架-10003619,家具,书架,"Sauder 书库, 传统",5426.82,5,0.4,271.32
703,CN-202021-4302272,2022-09-12,2022-09-16,标准级,潘博-10540,潘博,消费者,平顶山,河南,中国,中南,办公用-纸张-10003382,办公用品,纸张,"施乐 计划信息表, 多色",203.28,2,0.0,64.96
715,CN-202021-5869494,2022-03-05,2022-03-10,标准级,钱涛-21145,钱涛,公司,益阳,湖南,中国,中南,办公用-收纳-10004698,办公用品,收纳具,"Eldon 锁柜, 蓝色",923.58,1,0.0,230.86
716,CN-202021-5869494,2022-03-05,2022-03-10,标准级,钱涛-21145,钱涛,公司,益阳,湖南,中国,中南,家具-椅子-10001812,家具,椅子,"Harbour Creations 折叠椅, 可调",1686.384,4,0.1,393.344
717,CN-202021-5869494,2022-03-05,2022-03-10,标准级,钱涛-21145,钱涛,公司,益阳,湖南,中国,中南,技术-复印-10000801,技术,复印机,"Hewlett 传真机, 每套两件",4478.88,3,0.0,178.92
726,US-202021-3074981,2022-09-11,2022-09-15,标准级,倪爽-20545,倪爽,公司,肃州,甘肃,中国,西北,办公用-用品-10001696,办公用品,用品,"Stiletto 开信刀, 蓝色",238.392,3,0.4,-119.448
728,CN-202021-3382200,2022-09-27,2022-09-29,一级,袁平-19210,袁平,公司,西安,陕西,中国,西北,办公用-装订-10003400,办公用品,装订机,"Acco 打孔机, 耐用",590.24,4,0.0,94.08
735,US-202021-5922906,2022-04-04,2022-04-07,二级,廖珊-19870,廖珊,小型企业,潼川,四川,中国,西南,技术-电话-10001777,技术,电话,"摩托罗拉 办公室电话机, 整包",201.18,1,0.4,-117.46
736,US-202021-5922906,2022-04-04,2022-04-07,二级,廖珊-19870,廖珊,小型企业,潼川,四川,中国,西南,办公用-信封-10002675,办公用品,信封,"Ames 邮寄品, 银色",1071.0,6,0.0,449.4
739,CN-202021-1392177,2022-01-29,2022-01-30,一级,佟虹-13885,佟虹,小型企业,富阳,浙江,中国,华东,办公用-标签-10003922,办公用品,标签,"Smead 可去除的标签, 耐用",711.48,14,0.0,268.52
775,CN-202021-4526574,2022-12-12,2022-12-14,二级,余嫒-10075,余嫒,公司,上海,上海,中国,华东,技术-复印-10000179,技术,复印机,"Brother 传真机, 红色",2956.24,2,0.0,354.48
776,CN-202021-4526574,2022-12-12,2022-12-14,二级,余嫒-10075,余嫒,公司,上海,上海,中国,华东,办公用-标签-10000078,办公用品,标签,"Novimex 可去除的标签, 红色",90.44,2,0.0,37.8
777,CN-202021-4526574,2022-12-12,2022-12-14,二级,余嫒-10075,余嫒,公司,上海,上海,中国,华东,办公用-系固-10001646,办公用品,系固件,"OIC 夹子, 整包",553.56,6,0.0,204.12
778,CN-202021-4526574,2022-12-12,2022-12-14,二级,余嫒-10075,余嫒,公司,上海,上海,中国,华东,技术-复印-10003118,技术,复印机,"Brother 传真复印机, 红色",1770.44,2,0.0,566.44
779,CN-202021-4526574,2022-12-12,2022-12-14,二级,余嫒-10075,余嫒,公司,上海,上海,中国,华东,家具-用具-10000470,家具,用具,"Advantus 框架, 优质",1024.24,2,0.0,337.96
780,CN-202021-4526574,2022-12-12,2022-12-14,二级,余嫒-10075,余嫒,公司,上海,上海,中国,华东,技术-配件-10001134,技术,配件,"Enermax 鼠标, 回收",533.4,3,0.0,10.5
781,CN-202021-4526574,2022-12-12,2022-12-14,二级,余嫒-10075,余嫒,公司,上海,上海,中国,华东,技术-配件-10000932,技术,配件,"SanDisk 键盘, 回收",2220.12,6,0.0,754.32
784,CN-202021-4054371,2022-07-06,2022-07-08,一级,邓黎-16465,邓黎明,消费者,天津,天津,中国,华北,家具-用具-10004104,家具,用具,"Tenex 相框, 黑色",967.68,4,0.0,212.8
786,CN-202021-5616321,2022-10-02,2022-10-07,标准级,钱珊-19855,钱珊,公司,长春,吉林,中国,东北,家具-用具-10000140,家具,用具,"Advantus 相框, 黑色",1236.2,5,0.0,407.4
787,CN-202021-5616321,2022-10-02,2022-10-07,标准级,钱珊-19855,钱珊,公司,长春,吉林,中国,东北,家具-书架-10002197,家具,书架,"宜家 搁架, 金属",2377.2,3,0.0,261.24
795,CN-202021-2462555,2022-10-01,2022-10-05,标准级,巩嫒-10045,巩嫒,公司,汕尾,广东,中国,中南,家具-书架-10002499,家具,书架,"Safco 搁架, 白色",2789.64,3,0.0,334.74
796,CN-202021-2462555,2022-10-01,2022-10-05,标准级,巩嫒-10045,巩嫒,公司,汕尾,广东,中国,中南,家具-书架-10001313,家具,书架,"Bush 书架, 白色",1764.42,3,0.0,740.88
801,CN-202021-4451680,2022-08-31,2022-09-05,标准级,钟虹-13795,钟虹,小型企业,赤峰,内蒙古,中国,华北,办公用-信封-10003890,办公用品,信封,"Ames 马尼拉纸信封, 红色",395.22,3,0.0,149.94
802,CN-202021-4451680,2022-08-31,2022-09-05,标准级,钟虹-13795,钟虹,小型企业,赤峰,内蒙古,中国,华北,技术-设备-10000548,技术,设备,"柯尼卡 收据打印机, 耐用",685.272,2,0.4,45.472
807,CN-202021-3261036,2022-04-06,2022-04-08,二级,柯娜-18520,柯娜,消费者,牡丹江,黑龙江,中国,东北,办公用-标签-10004462,办公用品,标签,"Hon 合法证物标签, 可调",163.52,4,0.0,48.72
808,CN-202021-5542988,2022-10-05,2022-10-10,标准级,袁岱-11905,袁岱,小型企业,铜仁,贵州,中国,西南,办公用-标签-10000834,办公用品,标签,"Hon 有色标签, 红色",58.94,1,0.0,27.58
809,CN-202021-4092793,2022-08-14,2022-08-18,二级,袁松-20785,袁松,消费者,汕头,广东,中国,中南,办公用-器具-10001619,办公用品,器具,"Breville 咖啡研磨机, 白色",560.0,2,0.0,123.2
810,CN-202021-5869022,2022-05-01,2022-05-03,一级,丁武-21925,丁武,消费者,青岛,山东,中国,华东,办公用-系固-10001221,办公用品,系固件,"Stockwell 按钉, 金属",202.86,3,0.0,97.02
811,CN-202021-5869022,2022-05-01,2022-05-03,一级,丁武-21925,丁武,消费者,青岛,山东,中国,华东,技术-设备-10001951,技术,设备,"StarTech 喷墨打印机, 多色",4224.78,3,0.0,548.94
812,CN-202021-5869022,2022-05-01,2022-05-03,一级,丁武-21925,丁武,消费者,青岛,山东,中国,华东,办公用-装订-10002471,办公用品,装订机,"Acco 订书机, 实惠",238.42,1,0.0,73.78
813,CN-202021-5869022,2022-05-01,2022-05-03,一级,丁武-21925,丁武,消费者,青岛,山东,中国,华东,家具-用具-10003114,家具,用具,"Advantus 闹钟, 一包多件",240.1,1,0.0,84.0
814,CN-202021-5869022,2022-05-01,2022-05-03,一级,丁武-21925,丁武,消费者,青岛,山东,中国,华东,办公用-用品-10001056,办公用品,用品,"Stiletto 大剪刀, 蓝色",897.68,4,0.0,430.64
827,CN-202021-5320363,2022-09-11,2022-09-16,标准级,袁临-17485,袁临耀,消费者,大同,山西,中国,华北,办公用-美术-10001035,办公用品,美术,"Boston 荧光笔, 金属",187.88,2,0.0,45.08
828,CN-202021-5320363,2022-09-11,2022-09-16,标准级,袁临-17485,袁临耀,消费者,大同,山西,中国,华北,家具-用具-10004691,家具,用具,"Tenex 框架, 耐用",499.38,1,0.0,24.92
829,CN-202021-5320363,2022-09-11,2022-09-16,标准级,袁临-17485,袁临耀,消费者,大同,山西,中国,华北,家具-书架-10002588,家具,书架,"Dania 书库, 传统",6764.8,4,0.0,2029.44
830,CN-202021-5320363,2022-09-11,2022-09-16,标准级,袁临-17485,袁临耀,消费者,大同,山西,中国,华北,办公用-器具-10004554,办公用品,器具,"Hoover 炉灶, 黑色",13251.0,5,0.0,3710.0
831,CN-202021-5320363,2022-09-11,2022-09-16,标准级,袁临-17485,袁临耀,消费者,大同,山西,中国,华北,家具-书架-10004015,家具,书架,"Bush 墙角架, 传统",2314.48,4,0.0,578.48
834,CN-202021-4596452,2022-09-14,2022-09-18,标准级,韦锦-14950,韦锦,消费者,哈尔滨,黑龙江,中国,东北,家具-用具-10002645,家具,用具,"Advantus 灯泡, 耐用",239.4,3,0.0,0.0
838,CN-202021-2558627,2022-06-08,2022-06-10,二级,曹伟-21580,曹伟,消费者,苏州,江苏,中国,华东,家具-用具-10002431,家具,用具,"Rubvermaid 灯泡, 一包多件",529.2,10,0.4,61.6
840,US-202021-1455125,2022-10-09,2022-10-11,二级,洪毅-12490,洪毅,公司,和田,新疆,中国,西北,家具-桌子-10001991,家具,桌子,"Lesro 电脑桌, 长方形",1192.548,1,0.4,-357.812
841,CN-202021-4054371,2022-03-13,2022-03-19,标准级,潘雯-21775,潘雯,公司,株洲,湖南,中国,中南,家具-椅子-10001559,家具,椅子,"Novimex 椅垫, 红色",1893.024,8,0.1,504.224
842,CN-202021-4054371,2022-03-13,2022-03-19,标准级,潘雯-21775,潘雯,公司,株洲,湖南,中国,中南,家具-椅子-10004899,家具,椅子,"Hon 凳子, 每套两件",2090.34,3,0.1,371.28
843,CN-202021-4054371,2022-03-13,2022-03-19,标准级,潘雯-21775,潘雯,公司,株洲,湖南,中国,中南,家具-用具-10002425,家具,用具,"Advantus 闹钟, 优质",700.14,3,0.0,216.72
844,CN-202021-4054371,2022-03-13,2022-03-19,标准级,潘雯-21775,潘雯,公司,株洲,湖南,中国,中南,办公用-纸张-10004404,办公用品,纸张,"Eaton 计划信息表, 优质",192.08,2,0.0,42.0
845,CN-202021-4054371,2022-03-13,2022-03-19,标准级,潘雯-21775,潘雯,公司,株洲,湖南,中国,中南,办公用-美术-10001943,办公用品,美术,"Sanford 荧光笔, 金属",190.512,3,0.2,6.972
873,CN-202021-5533473,2022-06-13,2022-06-17,标准级,夏娜-18475,夏娜,小型企业,镇赉,吉林,中国,东北,技术-配件-10001045,技术,配件,"SanDisk 记忆卡, 可编程",2126.32,4,0.0,786.24
874,CN-202021-5533473,2022-06-13,2022-06-17,标准级,夏娜-18475,夏娜,小型企业,镇赉,吉林,中国,东北,技术-电话-10002447,技术,电话,"苹果 信号增强器, 整包",1914.36,3,0.0,440.16
888,CN-202021-3954075,2022-11-13,2022-11-13,当日,徐虢-13600,徐虢,公司,平顶山,河南,中国,中南,技术-电话-10001957,技术,电话,"摩托罗拉 智能手机, 整包",1212.12,2,0.0,315.0
890,CN-202021-3904829,2022-10-09,2022-10-13,标准级,郝绅-19930,郝绅,消费者,廊坊,河北,中国,华北,家具-书架-10003449,家具,书架,"Bush 柜, 黑色",3376.8,5,0.0,674.8
891,CN-202021-3904829,2022-10-09,2022-10-13,标准级,郝绅-19930,郝绅,消费者,廊坊,河北,中国,华北,办公用-信封-10004257,办公用品,信封,"Jiffy 局间信封, 每套 50 个",433.44,2,0.0,125.44
892,CN-202021-3904829,2022-10-09,2022-10-13,标准级,郝绅-19930,郝绅,消费者,廊坊,河北,中国,华北,技术-配件-10003779,技术,配件,"Enermax 键盘, 可编程",792.96,2,0.0,103.04
896,CN-202021-3138520,2022-11-30,2022-12-02,一级,潘盛-20380,潘盛,消费者,深圳,广东,中国,中南,办公用-装订-10003973,办公用品,装订机,"Ibico 装订机, 实惠",144.48,2,0.0,41.72
897,CN-202021-3138520,2022-11-30,2022-12-02,一级,潘盛-20380,潘盛,消费者,深圳,广东,中国,中南,家具-椅子-10000676,家具,椅子,"SAFCO 椅垫, 可调",785.106,3,0.1,313.866
898,CN-202021-3138520,2022-11-30,2022-12-02,一级,潘盛-20380,潘盛,消费者,深圳,广东,中国,中南,技术-复印-10001050,技术,复印机,"Brother 传真机, 彩色",7466.2,5,0.0,3135.3
899,CN-202021-3138520,2022-11-30,2022-12-02,一级,潘盛-20380,潘盛,消费者,深圳,广东,中国,中南,办公用-收纳-10001047,办公用品,收纳具,"Smead 锁柜, 蓝色",5555.76,6,0.0,2555.28
905,CN-202021-4978724,2022-06-20,2022-06-24,标准级,贾廉-17215,贾廉,消费者,昭通,云南,中国,西南,技术-配件-10003923,技术,配件,"SanDisk 记忆卡, 实惠",1049.16,2,0.0,209.72
906,CN-202021-4978724,2022-06-20,2022-06-24,标准级,贾廉-17215,贾廉,消费者,昭通,云南,中国,西南,办公用-美术-10002367,办公用品,美术,"Boston 铅笔刀, 蓝色",135.1,1,0.0,41.86
907,CN-202021-4978724,2022-06-20,2022-06-24,标准级,贾廉-17215,贾廉,消费者,昭通,云南,中国,西南,家具-用具-10003236,家具,用具,"Rubvermaid 框架, 一包多件",2565.5,5,0.0,1282.4
927,CN-202021-4595101,2022-06-07,2022-06-12,标准级,施梦-18235,施梦,公司,重庆,重庆,中国,西南,办公用-装订-10002129,办公用品,装订机,"Ibico 订书机, 耐用",493.92,2,0.0,103.6
928,CN-202021-2606671,2022-10-06,2022-10-08,二级,柯婷-21100,柯婷,消费者,梧州,广西,中国,中南,办公用-标签-10000895,办公用品,标签,"Harbour Creations 有色标签, 可调",50.4,1,0.0,7.56
929,CN-202021-2606671,2022-10-06,2022-10-08,二级,柯婷-21100,柯婷,消费者,梧州,广西,中国,中南,办公用-装订-10003861,办公用品,装订机,"Avery 打孔机, 实惠",130.06,1,0.0,6.44
946,CN-202021-1525230,2022-06-28,2022-07-01,一级,施奇-11410,施奇,消费者,临水,河北,中国,华北,技术-电话-10002475,技术,电话,"诺基亚 办公室电话机, 全尺寸",1239.84,4,0.0,384.16
948,CN-202021-3900153,2022-04-09,2022-04-15,标准级,宋栋-12310,宋栋,公司,莱芜,山东,中国,华东,办公用-美术-10000715,办公用品,美术,"Sanford 画布, 蓝色",235.76,1,0.0,21.14
953,CN-202021-2063413,2022-07-16,2022-07-21,标准级,田磊-16120,田磊,小型企业,海口,海南,中国,西南,技术-配件-10004442,技术,配件,"贝尔金 路由器, 耐用",6042.4,5,0.0,2537.5
957,CN-202021-3122687,2022-08-02,2022-08-04,二级,肖崆-15520,肖崆,消费者,兰州,甘肃,中国,西北,技术-电话-10003014,技术,电话,"思科 智能手机, 混合尺寸",1978.62,5,0.4,131.32
960,CN-202021-1301703,2022-09-29,2022-09-29,当日,袁梅-18130,袁梅,公司,长沙,湖南,中国,中南,办公用-收纳-10000932,办公用品,收纳具,"Rogers 文件夹, 蓝色",429.66,3,0.0,206.22
961,CN-202021-5731370,2022-06-13,2022-06-17,标准级,卢伟-21520,卢伟,消费者,南昌,江西,中国,华东,家具-用具-10000751,家具,用具,"Deflect-O 门挡, 耐用",573.72,3,0.0,257.88
962,CN-202021-2547654,2022-08-03,2022-08-06,一级,谷莲-16990,谷莲,公司,洛阳,河南,中国,中南,技术-配件-10002633,技术,配件,"罗技 记忆卡, 耐用",1933.68,4,0.0,946.96
963,US-202021-5199872,2022-05-01,2022-05-06,标准级,孙雯-21805,孙雯,公司,沈阳,辽宁,中国,东北,办公用-美术-10003594,办公用品,美术,"Boston 铅笔刀, 混合尺寸",269.892,9,0.8,-743.148
970,CN-202021-4986506,2022-11-08,2022-11-13,标准级,邵娜-18565,邵娜,小型企业,富拉尔基区,黑龙江,中国,东北,办公用-器具-10003836,办公用品,器具,"Hoover 咖啡研磨机, 白色",2186.38,7,0.0,1027.04
971,US-202021-1346492,2022-01-20,2022-01-24,标准级,朱丽-17335,朱丽丽,小型企业,武汉,湖北,中国,中南,家具-椅子-10003910,家具,椅子,"SAFCO 凳子, 可调",2386.02,5,0.4,-556.78
972,US-202021-1346492,2022-01-20,2022-01-24,标准级,朱丽-17335,朱丽丽,小型企业,武汉,湖北,中国,中南,家具-用具-10000812,家具,用具,"Advantus 分层置放架, 耐用",131.04,2,0.4,-19.88
973,CN-202021-2606671,2022-08-02,2022-08-04,二级,白婵-10975,白婵,公司,上海,上海,中国,华东,办公用-器具-10002669,办公用品,器具,"Breville 烤面包机, 白色",1746.5,5,0.0,681.1
975,US-202021-2642546,2022-04-25,2022-04-28,一级,邓黎-16465,邓黎明,消费者,沈阳,辽宁,中国,东北,办公用-器具-10000613,办公用品,器具,"Hamilton Beach 搅拌机, 黑色",394.632,2,0.4,-204.008
976,US-202021-2642546,2022-04-25,2022-04-28,一级,邓黎-16465,邓黎明,消费者,沈阳,辽宁,中国,东北,办公用-收纳-10004747,办公用品,收纳具,"Eldon 文件夹, 单宽度",238.14,3,0.0,76.02
981,CN-202021-4825687,2022-03-03,2022-03-06,二级,牛德-12190,牛德伟,消费者,昆明,云南,中国,西南,办公用-装订-10000287,办公用品,装订机,"Wilson Jones 孔加固材料, 实惠",147.98,7,0.0,35.28
995,US-202021-2609031,2022-03-08,2022-03-11,一级,封乐-17740,封乐,消费者,泰州,江苏,中国,华东,办公用-系固-10001646,办公用品,系固件,"OIC 夹子, 整包",166.068,3,0.4,-8.652
996,US-202021-2609031,2022-03-08,2022-03-11,一级,封乐-17740,封乐,消费者,泰州,江苏,中国,华东,办公用-收纳-10002744,办公用品,收纳具,"Eldon 盒, 单宽度",192.08,4,0.0,22.96
997,US-202021-2609031,2022-03-08,2022-03-11,一级,封乐-17740,封乐,消费者,泰州,江苏,中国,华东,技术-电话-10001777,技术,电话,"摩托罗拉 办公室电话机, 整包",402.36,2,0.4,-234.92
1001,CN-202021-5837615,2022-02-04,2022-02-09,标准级,洪康-15370,洪康,消费者,贵阳,贵州,中国,西南,家具-椅子-10000123,家具,椅子,"Hon 扶手椅, 黑色",6365.94,3,0.0,1464.12
1002,CN-202021-5105254,2022-11-01,2022-11-08,标准级,范娜-18445,范娜,小型企业,耒阳,湖南,中国,中南,办公用-系固-10001342,办公用品,系固件,"Stockwell 按钉, 整包",130.48,2,0.0,59.92
1003,CN-202021-5105254,2022-11-01,2022-11-08,标准级,范娜-18445,范娜,小型企业,耒阳,湖南,中国,中南,办公用-装订-10000225,办公用品,装订机,"Cardinal 装订机盖, 透明",267.4,5,0.0,90.3
1010,CN-202021-5926511,2022-06-13,2022-06-19,标准级,严聪-11740,严聪,消费者,宿州,安徽,中国,华东,办公用-美术-10004617,办公用品,美术,"Boston 钢笔, 金属",231.168,4,0.2,25.648
1022,CN-202021-3526566,2022-12-05,2022-12-10,二级,何芯-13945,何芯,消费者,唐山,河北,中国,华北,家具-书架-10004493,家具,书架,"Dania 书架, 传统",1702.26,3,0.0,323.4
1023,CN-202021-3526566,2022-12-05,2022-12-10,二级,何芯-13945,何芯,消费者,唐山,河北,中国,华北,技术-复印-10001635,技术,复印机,"佳能 复印机, 红色",7289.52,6,0.0,72.24
1032,CN-202021-4360038,2022-02-22,2022-02-22,当日,曾康-15445,曾康,消费者,滴道,黑龙江,中国,东北,家具-用具-10004218,家具,用具,"Tenex 相框, 一包多件",484.4,2,0.0,145.32
1033,CN-202021-4360038,2022-02-22,2022-02-22,当日,曾康-15445,曾康,消费者,滴道,黑龙江,中国,东北,办公用-器具-10002760,办公用品,器具,"Hoover 搅拌机, 红色",4081.14,9,0.0,1876.14
1051,CN-202021-1786532,2022-02-11,2022-02-15,二级,陈磊-15970,陈磊,消费者,南平,福建,中国,华东,家具-椅子-10002415,家具,椅子,"Novimex 摇椅, 红色",1840.02,3,0.0,551.88
1052,CN-202021-5036114,2022-12-06,2022-12-08,二级,蒋光-13360,蒋光,小型企业,佳木斯,黑龙江,中国,东北,家具-书架-10001519,家具,书架,"Safco 柜, 白色",4798.08,6,0.0,479.64
1053,CN-202021-5036114,2022-12-06,2022-12-08,二级,蒋光-13360,蒋光,小型企业,佳木斯,黑龙江,中国,东北,办公用-收纳-10004698,办公用品,收纳具,"Eldon 锁柜, 蓝色",1847.16,2,0.0,461.72
1054,CN-202021-5036114,2022-12-06,2022-12-08,二级,蒋光-13360,蒋光,小型企业,佳木斯,黑龙江,中国,东北,技术-电话-10001437,技术,电话,"诺基亚 信号增强器, 全尺寸",3858.12,6,0.0,771.12
1055,CN-202021-5036114,2022-12-06,2022-12-08,二级,蒋光-13360,蒋光,小型企业,佳木斯,黑龙江,中国,东北,技术-设备-10003259,技术,设备,"StarTech 喷墨打印机, 白色",9805.88,7,0.0,2352.98
1056,CN-202021-5036114,2022-12-06,2022-12-08,二级,蒋光-13360,蒋光,小型企业,佳木斯,黑龙江,中国,东北,技术-复印-10000779,技术,复印机,"夏普 个人复印机, 红色",1103.2,2,0.0,386.12
1073,CN-202021-5844177,2022-10-27,2022-10-29,二级,柯丽-15880,柯丽,消费者,上海,上海,中国,华东,技术-电话-10003796,技术,电话,"思科 办公室电话机, 蓝色",2252.88,6,0.0,269.64
1074,CN-202021-5648514,2022-01-14,2022-01-18,标准级,贺平-19105,贺平,消费者,阜阳,安徽,中国,华东,家具-用具-10003555,家具,用具,"Rubvermaid 闹钟, 一包多件",234.36,1,0.0,21.0
1085,CN-202021-2447332,2022-12-24,2022-12-30,标准级,蒋安-10120,蒋安,小型企业,徐州,江苏,中国,华东,办公用-信封-10004013,办公用品,信封,"GlobeWeis 外皮和封条, 每套 50 个",598.92,6,0.0,35.28
1096,CN-202021-1301703,2022-03-20,2022-03-25,标准级,陶莞-13300,陶莞颖,公司,商丘,河南,中国,中南,家具-用具-10001318,家具,用具,"Tenex 相框, 耐用",1368.36,6,0.0,163.8
1097,CN-202021-1301703,2022-03-20,2022-03-25,标准级,陶莞-13300,陶莞颖,公司,商丘,河南,中国,中南,技术-复印-10003823,技术,复印机,"惠普 墨水, 彩色",3036.6,5,0.0,1335.6
1103,CN-202021-2904914,2022-10-10,2022-10-16,标准级,潘涛-21205,潘涛,公司,清远,广东,中国,中南,家具-书架-10004880,家具,书架,"宜家 书库, 白色",5122.74,3,0.0,1434.3
1104,CN-202021-2904914,2022-10-10,2022-10-16,标准级,潘涛-21205,潘涛,公司,清远,广东,中国,中南,家具-椅子-10002476,家具,椅子,"Office Star 折叠椅, 红色",770.364,2,0.1,76.804
1108,CN-202021-2581069,2022-03-05,2022-03-12,标准级,佘升-20170,佘升,消费者,株洲,湖南,中国,中南,家具-用具-10003663,家具,用具,"Eldon 框架, 一包多件",2713.9,5,0.0,949.2
1123,CN-202021-4092793,2022-11-26,2022-11-29,二级,潘博-10540,潘博,消费者,无锡,江苏,中国,华东,家具-书架-10003011,家具,书架,"Sauder 书架, 黑色",829.752,2,0.4,68.992
1151,CN-202021-4961841,2022-09-03,2022-09-10,标准级,黄盛-20350,黄盛,小型企业,上海,上海,中国,华东,技术-设备-10004928,技术,设备,"柯尼卡 打印机, 白色",7455.0,6,0.0,1416.24
1153,CN-202021-5533473,2022-06-01,2022-06-03,一级,吕婵-10840,吕婵娟,消费者,兰州,甘肃,中国,西北,技术-设备-10003147,技术,设备,"StarTech 收据打印机, 红色",603.288,2,0.4,-341.992
1154,CN-202021-5533473,2022-06-01,2022-06-03,一级,吕婵-10840,吕婵娟,消费者,兰州,甘肃,中国,西北,办公用-纸张-10004521,办公用品,纸张,"Green Bar 信纸, 优质",451.64,2,0.0,157.92
1193,US-202021-2136895,2022-07-17,2022-07-19,一级,邵伟-21565,邵伟,公司,成都,四川,中国,西南,技术-复印-10004968,技术,复印机,"惠普 墨水, 每套两件",1081.08,3,0.4,-666.96
1205,CN-202021-2776676,2022-05-28,2022-06-01,二级,巩德-12070,巩德,小型企业,三亚,海南,中国,中南,办公用-系固-10004142,办公用品,系固件,"Accos 按钉, 整包",203.28,3,0.0,40.32
1206,CN-202021-2776676,2022-05-28,2022-06-01,二级,巩德-12070,巩德,小型企业,三亚,海南,中国,中南,家具-椅子-10001310,家具,椅子,"SAFCO 沙滩椅, 每套两件",217.098,1,0.1,94.038
1207,CN-202021-2776676,2022-05-28,2022-06-01,二级,巩德-12070,巩德,小型企业,三亚,海南,中国,中南,家具-桌子-10000627,家具,桌子,"Lesro 圆桌, 组装",1587.18,1,0.25,-190.54
1208,CN-202021-2776676,2022-05-28,2022-06-01,二级,巩德-12070,巩德,小型企业,三亚,海南,中国,中南,技术-配件-10003981,技术,配件,"Memorex 记忆卡, 可编程",1937.04,4,0.0,755.44
1209,CN-202021-2776676,2022-05-28,2022-06-01,二级,巩德-12070,巩德,小型企业,三亚,海南,中国,中南,办公用-标签-10000355,办公用品,标签,"Hon 有色标签, 耐用",431.2,7,0.0,158.76
1212,CN-202021-4575912,2022-06-11,2022-06-17,标准级,袁关-15670,袁关茵,消费者,肇源,黑龙江,中国,东北,办公用-装订-10002474,办公用品,装订机,"Wilson Jones 打孔机, 回收",793.8,6,0.0,293.16
1213,CN-202021-3577786,2022-05-17,2022-05-19,二级,何虢-13480,何虢,小型企业,汕头,广东,中国,中南,办公用-用品-10002349,办公用品,用品,"Kleencut 剪刀, 钢",303.66,3,0.0,27.3
1214,CN-202021-3577786,2022-05-17,2022-05-19,二级,何虢-13480,何虢,小型企业,汕头,广东,中国,中南,办公用-标签-10000869,办公用品,标签,"Novimex 有色标签, 耐用",119.56,2,0.0,59.64
1218,CN-202021-4861225,2022-04-27,2022-05-02,标准级,白立-16660,白立荣,消费者,铁力,黑龙江,中国,东北,办公用-标签-10002018,办公用品,标签,"Novimex 合法证物标签, 可调",273.42,7,0.0,56.84
1220,CN-202021-1891447,2022-10-17,2022-10-21,标准级,范雯-21685,范雯,小型企业,邓州,河南,中国,中南,技术-复印-10002364,技术,复印机,"Hewlett 复印机, 每套两件",3691.38,3,0.0,1734.6
1221,CN-202021-1891447,2022-10-17,2022-10-21,标准级,范雯-21685,范雯,小型企业,邓州,河南,中国,中南,办公用-纸张-10003365,办公用品,纸张,"Enermax 计划信息表, 优质",105.0,1,0.0,0.0
1222,CN-202021-1891447,2022-10-17,2022-10-21,标准级,范雯-21685,范雯,小型企业,邓州,河南,中国,中南,办公用-美术-10003504,办公用品,美术,"BIC 画布, 蓝色",1603.84,8,0.2,-321.44
1223,CN-202021-1891447,2022-10-17,2022-10-21,标准级,范雯-21685,范雯,小型企业,邓州,河南,中国,中南,技术-配件-10003355,技术,配件,"Enermax 闪存驱动器, 耐用",194.74,1,0.0,38.92
1228,CN-202021-3581392,2022-12-14,2022-12-21,标准级,顾君-15220,顾君,公司,洛阳,福建,中国,华东,技术-配件-10000300,技术,配件,"贝尔金 记忆卡, 实惠",2678.9,5,0.0,1017.8
1229,CN-202021-2686699,2022-07-17,2022-07-24,标准级,巩松-20680,巩松,小型企业,长清,山东,中国,华东,家具-用具-10003459,家具,用具,"Rubvermaid 框架, 优质",4557.42,9,0.0,273.42
1230,CN-202021-2686699,2022-07-17,2022-07-24,标准级,巩松-20680,巩松,小型企业,长清,山东,中国,华东,办公用-标签-10004164,办公用品,标签,"Hon 文件夹标签, 可调",91.56,3,0.0,13.44
1232,CN-202021-4162714,2022-10-05,2022-10-07,一级,洪毅-12490,洪毅,公司,阳江,广东,中国,中南,办公用-标签-10004567,办公用品,标签,"Smead 有色标签, 红色",180.18,3,0.0,89.88
1233,CN-202021-4162714,2022-10-05,2022-10-07,一级,洪毅-12490,洪毅,公司,阳江,广东,中国,中南,技术-电话-10002604,技术,电话,"摩托罗拉 信号增强器, 蓝色",2003.82,3,0.0,220.08
1234,CN-202021-4162714,2022-10-05,2022-10-07,一级,洪毅-12490,洪毅,公司,阳江,广东,中国,中南,办公用-装订-10004829,办公用品,装订机,"Avery 孔加固材料, 透明",36.12,2,0.0,8.4
1235,CN-202021-4162714,2022-10-05,2022-10-07,一级,洪毅-12490,洪毅,公司,阳江,广东,中国,中南,办公用-美术-10003504,办公用品,美术,"BIC 画布, 蓝色",601.44,3,0.2,-120.54
1236,CN-202021-4162714,2022-10-05,2022-10-07,一级,洪毅-12490,洪毅,公司,阳江,广东,中国,中南,办公用-用品-10004471,办公用品,用品,"Kleencut 大剪刀, 钢",1292.76,6,0.0,581.28
1237,CN-202021-4162714,2022-10-05,2022-10-07,一级,洪毅-12490,洪毅,公司,阳江,广东,中国,中南,技术-复印-10004582,技术,复印机,"夏普 复印机, 红色",2217.6,2,0.0,0.0
1238,CN-202021-4162714,2022-10-05,2022-10-07,一级,洪毅-12490,洪毅,公司,阳江,广东,中国,中南,办公用-用品-10000784,办公用品,用品,"Acme 修剪器, 锯齿状",577.92,3,0.0,196.14
1246,CN-202021-5579550,2022-09-01,2022-09-03,二级,廖珊-19870,廖珊,小型企业,太原,山西,中国,华北,家具-椅子-10001397,家具,椅子,"Novimex 摇椅, 可调",1874.88,3,0.0,168.42
1247,CN-202021-5579550,2022-09-01,2022-09-03,二级,廖珊-19870,廖珊,小型企业,太原,山西,中国,华北,办公用-装订-10000225,办公用品,装订机,"Cardinal 装订机盖, 透明",267.4,5,0.0,90.3
1249,CN-202021-2324964,2022-12-12,2022-12-18,标准级,白立-16825,白立,公司,枣庄,山东,中国,华东,技术-配件-10003923,技术,配件,"SanDisk 记忆卡, 实惠",2098.32,4,0.0,419.44
1250,CN-202021-2324964,2022-12-12,2022-12-18,标准级,白立-16825,白立,公司,枣庄,山东,中国,华东,办公用-装订-10002021,办公用品,装订机,"Wilson Jones 装订机, 透明",116.48,2,0.0,52.36
1257,CN-202021-1231498,2022-04-21,2022-04-25,标准级,涂丽-15955,涂丽,消费者,浯溪,湖南,中国,中南,办公用-信封-10001478,办公用品,信封,"Cameo 邮寄品, 每套 50 个",534.24,3,0.0,256.2
1258,CN-202021-1231498,2022-04-21,2022-04-25,标准级,涂丽-15955,涂丽,消费者,浯溪,湖南,中国,中南,技术-设备-10004736,技术,设备,"冲电器 卡片打印机, 耐用",9853.2,12,0.0,4729.2
1266,CN-202021-4893747,2022-07-28,2022-07-28,当日,肖良-17125,肖良,消费者,即墨,山东,中国,华东,家具-用具-10001467,家具,用具,"Advantus 分层置放架, 一包多件",370.02,3,0.0,96.18
1267,CN-202021-4893747,2022-07-28,2022-07-28,当日,肖良-17125,肖良,消费者,即墨,山东,中国,华东,技术-设备-10000554,技术,设备,"爱普生 卡片打印机, 红色",4678.8,6,0.0,2292.36
1282,CN-202021-5525339,2022-10-06,2022-10-10,标准级,罗琼-19615,罗琼,消费者,宿州,安徽,中国,华东,技术-复印-10003723,技术,复印机,"Hewlett 个人复印机, 数字化",1343.16,2,0.0,671.44
1283,CN-202021-5525339,2022-10-06,2022-10-10,标准级,罗琼-19615,罗琼,消费者,宿州,安徽,中国,华东,办公用-信封-10004057,办公用品,信封,"GlobeWeis 马尼拉纸信封, 回收",366.66,3,0.0,47.46
1284,CN-202021-5525339,2022-10-06,2022-10-10,标准级,罗琼-19615,罗琼,消费者,宿州,安徽,中国,华东,办公用-美术-10004489,办公用品,美术,"Boston 画布, 金属",204.96,1,0.2,0.0
1285,CN-202021-5525339,2022-10-06,2022-10-10,标准级,罗琼-19615,罗琼,消费者,宿州,安徽,中国,华东,办公用-纸张-10002986,办公用品,纸张,"施乐 信纸, 回收",628.32,3,0.0,49.98
1312,CN-202021-4356406,2022-08-07,2022-08-13,标准级,邓保-10375,邓保,消费者,青岛,山东,中国,华东,技术-复印-10000491,技术,复印机,"惠普 传真机, 彩色",1406.44,1,0.0,576.52
1313,CN-202021-4356406,2022-08-07,2022-08-13,标准级,邓保-10375,邓保,消费者,青岛,山东,中国,华东,技术-电话-10001992,技术,电话,"三星 充电器, 全尺寸",8924.16,3,0.0,1784.58
1328,CN-202021-4856468,2022-03-01,2022-03-08,标准级,陈嫒-10015,陈嫒,消费者,商丘,河南,中国,中南,办公用-器具-10003386,办公用品,器具,"Breville 烤面包机, 红色",1073.94,3,0.0,493.92
1334,CN-202021-5630783,2022-03-15,2022-03-20,标准级,樊彩-10630,樊彩,小型企业,上梅,湖南,中国,中南,办公用-纸张-10001957,办公用品,纸张,"Enermax 令, 回收",264.88,2,0.0,23.8
1358,CN-202021-4719760,2022-05-25,2022-05-28,二级,柯强-19360,柯强,消费者,钦州,广西,中国,中南,家具-用具-10001150,家具,用具,"Tenex 闹钟, 耐用",661.92,3,0.0,145.32
1365,CN-202021-3737485,2022-05-29,2022-06-05,标准级,邵兰-15715,邵兰,消费者,石家庄,河北,中国,华北,办公用-美术-10003726,办公用品,美术,"Boston 钢笔, 蓝色",331.8,5,0.0,46.2
1366,CN-202021-3737485,2022-05-29,2022-06-05,标准级,邵兰-15715,邵兰,消费者,石家庄,河北,中国,华北,办公用-收纳-10003456,办公用品,收纳具,"Eldon 文件车, 单宽度",2984.8,5,0.0,1193.5
1367,CN-202021-3737485,2022-05-29,2022-06-05,标准级,邵兰-15715,邵兰,消费者,石家庄,河北,中国,华北,办公用-器具-10002796,办公用品,器具,"Hamilton Beach 烤面包机, 银色",543.76,2,0.0,86.8
1368,CN-202021-3737485,2022-05-29,2022-06-05,标准级,邵兰-15715,邵兰,消费者,石家庄,河北,中国,华北,办公用-收纳-10001690,办公用品,收纳具,"Eldon 搁板, 蓝色",451.92,2,0.0,54.04
1369,CN-202021-3737485,2022-05-29,2022-06-05,标准级,邵兰-15715,邵兰,消费者,石家庄,河北,中国,华北,办公用-器具-10004589,办公用品,器具,"Cuisinart 烤面包机, 红色",1247.4,5,0.0,373.8
1401,CN-202021-5822232,2022-12-21,2022-12-26,标准级,梁安-10195,梁安,公司,溪美,福建,中国,华东,技术-复印-10001543,技术,复印机,"佳能 个人复印机, 彩色",672.84,1,0.0,208.46
1402,CN-202021-5822232,2022-12-21,2022-12-26,标准级,梁安-10195,梁安,公司,溪美,福建,中国,华东,办公用-装订-10000762,办公用品,装订机,"Ibico 装订机盖, 回收",65.38,1,0.0,11.76
1416,CN-202021-2720607,2022-12-05,2022-12-09,标准级,贺晨-11125,贺晨,小型企业,昆明,云南,中国,西南,办公用-系固-10002481,办公用品,系固件,"Accos 橡皮筋, 金属",235.2,3,0.0,39.9
1417,CN-202021-2720607,2022-12-05,2022-12-09,标准级,贺晨-11125,贺晨,小型企业,昆明,云南,中国,西南,办公用-用品-10001508,办公用品,用品,"Acme 修剪器, 钢",820.96,4,0.0,180.32
1420,CN-202021-3643443,2022-08-13,2022-08-16,一级,袁栋-12355,袁栋,消费者,西安,陕西,中国,西北,技术-配件-10002318,技术,配件,"贝尔金 键区, 回收",777.84,3,0.0,155.4
1421,CN-202021-3643443,2022-08-13,2022-08-16,一级,袁栋-12355,袁栋,消费者,西安,陕西,中国,西北,办公用-器具-10003382,办公用品,器具,"Breville 烤面包机, 银色",722.96,2,0.0,144.48
1426,US-202021-2875530,2022-04-24,2022-04-28,标准级,郝涛-21175,郝涛,公司,枝江,湖北,中国,中南,家具-书架-10001468,家具,书架,"宜家 柜, 传统",398.832,1,0.4,-53.228
1427,CN-202021-2932548,2022-06-15,2022-06-20,标准级,韦锦-14950,韦锦,消费者,阆中,四川,中国,西南,办公用-收纳-10004933,办公用品,收纳具,"Fellowes 盘, 单宽度",803.88,3,0.0,55.86
1429,CN-202021-5822232,2022-10-08,2022-10-14,标准级,贾君-15160,贾君,消费者,青岛,山东,中国,华东,家具-用具-10004607,家具,用具,"Deflect-O 框架, 一包多件",3082.8,6,0.0,523.32
1445,CN-202021-2662386,2022-12-10,2022-12-12,一级,钱婵-10780,钱婵娟,公司,清远,广东,中国,中南,办公用-标签-10000344,办公用品,标签,"Avery 运输标签, 可调",182.0,4,0.0,14.56
1446,CN-202021-2662386,2022-12-10,2022-12-12,一级,钱婵-10780,钱婵娟,公司,清远,广东,中国,中南,办公用-信封-10004944,办公用品,信封,"Cameo 外皮和封条, 回收",277.2,3,0.0,80.22
1447,CN-202021-2662386,2022-12-10,2022-12-12,一级,钱婵-10780,钱婵娟,公司,清远,广东,中国,中南,办公用-系固-10002226,办公用品,系固件,"Advantus 图钉, 金属",319.9,5,0.0,82.6
1448,CN-202021-2662386,2022-12-10,2022-12-12,一级,钱婵-10780,钱婵娟,公司,清远,广东,中国,中南,技术-配件-10004442,技术,配件,"贝尔金 路由器, 耐用",1208.48,1,0.0,507.5
1449,CN-202021-2662386,2022-12-10,2022-12-12,一级,钱婵-10780,钱婵娟,公司,清远,广东,中国,中南,技术-设备-10001533,技术,设备,"松下 电话, 白色",777.0,2,0.0,54.32
1450,CN-202021-2662386,2022-12-10,2022-12-12,一级,钱婵-10780,钱婵娟,公司,清远,广东,中国,中南,办公用-装订-10004336,办公用品,装订机,"Acco 装订机盖, 实惠",248.64,4,0.0,47.04
1451,CN-202021-2662386,2022-12-10,2022-12-12,一级,钱婵-10780,钱婵娟,公司,清远,广东,中国,中南,技术-设备-10004659,技术,设备,"爱普生 卡片打印机, 耐用",4761.96,6,0.0,1047.48
1458,CN-202021-5837615,2022-11-07,2022-11-11,标准级,庄伟-21460,庄伟,小型企业,高州,广东,中国,中南,办公用-纸张-10001757,办公用品,纸张,"SanDisk 计划信息表, 回收",553.7,5,0.0,198.8
1462,CN-202021-4769676,2022-07-19,2022-07-21,二级,冯婷-21040,冯婷,小型企业,大连,辽宁,中国,东北,办公用-收纳-10002355,办公用品,收纳具,"Rogers 文件车, 蓝色",1321.6,2,0.0,13.16
1466,CN-202021-2477297,2022-12-15,2022-12-15,当日,田丽-16270,田丽美,消费者,广州,广东,中国,中南,家具-用具-10004691,家具,用具,"Tenex 框架, 耐用",1997.52,4,0.0,99.68
1467,CN-202021-2477297,2022-12-15,2022-12-15,当日,田丽-16270,田丽美,消费者,广州,广东,中国,中南,技术-复印-10000951,技术,复印机,"惠普 传真机, 数字化",4194.12,3,0.0,1215.9
1468,CN-202021-2477297,2022-12-15,2022-12-15,当日,田丽-16270,田丽美,消费者,广州,广东,中国,中南,办公用-美术-10000574,办公用品,美术,"Sanford 铅笔刀, 金属",202.272,2,0.2,42.952
1469,CN-202021-2477297,2022-12-15,2022-12-15,当日,田丽-16270,田丽美,消费者,广州,广东,中国,中南,家具-书架-10004771,家具,书架,"宜家 搁架, 传统",3179.68,4,0.0,1144.64
1474,CN-202021-1410437,2022-03-12,2022-03-16,标准级,田淑-20470,田淑芳,消费者,广州,广东,中国,中南,办公用-系固-10002492,办公用品,系固件,"Advantus 夹子, 金属",543.48,6,0.0,173.88
1475,CN-202021-1410437,2022-03-12,2022-03-16,标准级,田淑-20470,田淑芳,消费者,广州,广东,中国,中南,家具-椅子-10002450,家具,椅子,"Hon 折叠椅, 红色",1709.82,5,0.1,512.82
1479,CN-202021-5102195,2022-07-18,2022-07-22,二级,唐栋-12325,唐栋,小型企业,惠州,广东,中国,中南,办公用-系固-10003379,办公用品,系固件,"Advantus 夹子, 混合尺寸",312.48,4,0.0,34.16
1483,CN-202021-3436186,2022-07-20,2022-07-25,二级,俞平-19195,俞平,小型企业,鹤壁,河南,中国,中南,家具-椅子-10002532,家具,椅子,"Hon 椅垫, 可调",731.052,3,0.1,324.912
1484,CN-202021-3436186,2022-07-20,2022-07-25,二级,俞平-19195,俞平,小型企业,鹤壁,河南,中国,中南,办公用-信封-10003644,办公用品,信封,"Kraft 外皮和封条, 回收",450.1,5,0.0,126.0
1485,CN-202021-5260002,2022-12-25,2022-12-25,当日,何晨-11140,何晨,消费者,毕节,贵州,中国,西南,技术-电话-10004837,技术,电话,"思科 耳机, 整包",1652.56,4,0.0,462.56
1487,CN-202021-3322413,2022-12-04,2022-12-08,标准级,麦虢-13510,麦虢,公司,武汉,湖北,中国,中南,办公用-信封-10000562,办公用品,信封,"Kraft 搭扣信封, 银色",106.4,2,0.0,48.72
1490,CN-202021-1924488,2022-06-27,2022-07-03,标准级,巩凤-12880,巩凤,公司,福州,福建,中国,华东,办公用-标签-10001659,办公用品,标签,"Harbour Creations 圆形标签, 可调",21.7,1,0.0,10.08
1513,CN-202021-1574908,2022-11-03,2022-11-08,标准级,邢德-12160,邢德伟,消费者,湛江,广东,中国,中南,技术-复印-10004980,技术,复印机,"佳能 复印机, 彩色",4920.16,4,0.0,1180.48
1514,CN-202021-3581392,2022-10-11,2022-10-17,标准级,程蔓-17935,程蔓楚,消费者,德惠,吉林,中国,东北,办公用-系固-10004323,办公用品,系固件,"OIC 按钉, 混合尺寸",57.68,1,0.0,14.42
1526,CN-202021-4461870,2022-06-19,2022-06-21,二级,万刚-13195,万刚,公司,扬州,江苏,中国,华东,办公用-纸张-10004623,办公用品,纸张,"施乐 计划信息表, 回收",378.56,4,0.0,128.24
1535,CN-202021-5844177,2022-03-01,2022-03-01,当日,熊宣-20875,熊宣,消费者,广元,四川,中国,西南,办公用-收纳-10004913,办公用品,收纳具,"Eldon 文件车, 金属",1777.44,3,0.0,693.0
1536,CN-202021-5844177,2022-03-01,2022-03-01,当日,熊宣-20875,熊宣,消费者,广元,四川,中国,西南,家具-椅子-10000128,家具,椅子,"Novimex 沙滩椅, 可调",135.66,1,0.4,-85.96
1537,CN-202021-3122639,2022-08-01,2022-08-05,标准级,佘升-20170,佘升,消费者,汕头,广东,中国,中南,技术-复印-10004864,技术,复印机,"Hewlett 传真机, 红色",2969.12,2,0.0,1098.44
1538,CN-202021-3122639,2022-08-01,2022-08-05,标准级,佘升-20170,佘升,消费者,汕头,广东,中国,中南,办公用-系固-10000988,办公用品,系固件,"Stockwell 夹子, 每包 12 个",426.3,5,0.0,153.3
1539,CN-202021-4537572,2022-04-02,2022-04-07,标准级,叶莲-17095,叶莲,消费者,天津,天津,中国,华北,技术-设备-10003030,技术,设备,"松下 电话, 红色",1147.86,3,0.0,401.52
1540,CN-202021-2571041,2022-09-17,2022-09-20,一级,冯莲-16945,冯莲,公司,池州,安徽,中国,华东,办公用-收纳-10002943,办公用品,收纳具,"Smead 文件车, 蓝色",3595.2,6,0.0,1365.84
1541,CN-202021-4433229,2022-06-25,2022-06-28,一级,施立-16690,施立伟,公司,惠城,广东,中国,中南,办公用-信封-10002707,办公用品,信封,"Cameo 局间信封, 每套 50 个",221.34,1,0.0,84.0
1542,CN-202021-4433229,2022-06-25,2022-06-28,一级,施立-16690,施立伟,公司,惠城,广东,中国,中南,技术-设备-10002738,技术,设备,"爱普生 电话, 耐用",1892.1,5,0.0,926.8
1543,CN-202021-4433229,2022-06-25,2022-06-28,一级,施立-16690,施立伟,公司,惠城,广东,中国,中南,办公用-美术-10001370,办公用品,美术,"Stanley 记号笔, 金属",175.168,2,0.2,-39.592
1544,CN-202021-4448319,2022-05-15,2022-05-19,二级,庄丹-11935,庄丹,消费者,兰西,黑龙江,中国,东北,家具-椅子-10002919,家具,椅子,"Harbour Creations 沙滩椅, 可调",598.36,2,0.0,107.52
1545,CN-202021-5102195,2022-08-11,2022-08-15,标准级,黄娟-15130,黄娟,消费者,浯溪,湖南,中国,中南,家具-书架-10001133,家具,书架,"Sauder 书库, 白色",10924.2,6,0.0,1419.6
1554,CN-202021-1850111,2022-11-07,2022-11-11,二级,许安-10165,许安,消费者,临沂,山东,中国,华东,技术-复印-10002448,技术,复印机,"夏普 传真机, 数字化",4134.06,3,0.0,1322.58
1567,CN-202021-4595101,2022-08-20,2022-08-24,标准级,刘立-16810,刘立,消费者,泉州,福建,中国,华东,办公用-收纳-10003897,办公用品,收纳具,"Rogers 搁板, 金属",285.6,1,0.0,48.44
1568,CN-202021-4595101,2022-08-20,2022-08-24,标准级,刘立-16810,刘立,消费者,泉州,福建,中国,华东,办公用-标签-10000574,办公用品,标签,"Harbour Creations 运输标签, 红色",157.92,3,0.0,31.5
1569,CN-202021-4595101,2022-08-20,2022-08-24,标准级,刘立-16810,刘立,消费者,泉州,福建,中国,华东,家具-书架-10004006,家具,书架,"Sauder 柜, 黑色",3920.7,5,0.0,744.8
1570,CN-202021-4595101,2022-08-20,2022-08-24,标准级,刘立-16810,刘立,消费者,泉州,福建,中国,华东,家具-用具-10004691,家具,用具,"Tenex 框架, 耐用",1498.14,3,0.0,74.76
1571,CN-202021-4595101,2022-08-20,2022-08-24,标准级,刘立-16810,刘立,消费者,泉州,福建,中国,华东,办公用-用品-10001508,办公用品,用品,"Acme 修剪器, 钢",205.24,1,0.0,45.08
1572,CN-202021-5477816,2022-01-26,2022-01-28,一级,戴珑-17860,戴珑,公司,晋江,福建,中国,华东,办公用-用品-10001871,办公用品,用品,"Fiskars 开信刀, 蓝色",782.04,6,0.0,171.36
1573,CN-202021-5477816,2022-01-26,2022-01-28,一级,戴珑-17860,戴珑,公司,晋江,福建,中国,华东,办公用-纸张-10002399,办公用品,纸张,"Green Bar 备忘录便条, 回收",393.4,5,0.0,0.0
1581,CN-202021-5966135,2022-12-13,2022-12-17,二级,白斯-20995,白斯云,消费者,岭东,黑龙江,中国,东北,技术-设备-10001533,技术,设备,"松下 电话, 白色",2719.5,7,0.0,190.12
1582,CN-202021-5966135,2022-12-13,2022-12-17,二级,白斯-20995,白斯云,消费者,岭东,黑龙江,中国,东北,办公用-信封-10004068,办公用品,信封,"Ames 搭扣信封, 回收",196.0,7,0.0,27.44
1583,CN-202021-5966135,2022-12-13,2022-12-17,二级,白斯-20995,白斯云,消费者,岭东,黑龙江,中国,东北,办公用-系固-10000170,办公用品,系固件,"Stockwell 图钉, 混合尺寸",51.24,1,0.0,9.66
1607,CN-202021-2977814,2022-07-04,2022-07-07,二级,施强-19390,施强,消费者,塘沽,天津,中国,华北,办公用-装订-10003846,办公用品,装订机,"Cardinal 装订机, 耐用",143.08,2,0.0,35.56
1608,CN-202021-2977814,2022-07-04,2022-07-07,二级,施强-19390,施强,消费者,塘沽,天津,中国,华北,技术-设备-10003259,技术,设备,"StarTech 喷墨打印机, 白色",4202.52,3,0.0,1008.42
1613,CN-202021-3132720,2022-06-23,2022-06-28,标准级,罗君-15235,罗君,消费者,威海,山东,中国,华东,办公用-美术-10001717,办公用品,美术,"Boston 钢笔, 混合尺寸",324.8,4,0.0,100.24
1614,CN-202021-3132720,2022-06-23,2022-06-28,标准级,罗君-15235,罗君,消费者,威海,山东,中国,华东,办公用-收纳-10003456,办公用品,收纳具,"Eldon 文件车, 单宽度",1790.88,3,0.0,716.1
1615,CN-202021-3132720,2022-06-23,2022-06-28,标准级,罗君-15235,罗君,消费者,威海,山东,中国,华东,办公用-装订-10000287,办公用品,装订机,"Wilson Jones 孔加固材料, 实惠",84.56,4,0.0,20.16
1616,CN-202021-3132720,2022-06-23,2022-06-28,标准级,罗君-15235,罗君,消费者,威海,山东,中国,华东,家具-用具-10000470,家具,用具,"Advantus 框架, 优质",1024.24,2,0.0,337.96
1617,CN-202021-3132720,2022-06-23,2022-06-28,标准级,罗君-15235,罗君,消费者,威海,山东,中国,华东,技术-电话-10004300,技术,电话,"苹果 智能手机, 整包",2879.1,5,0.0,431.2
1619,CN-202021-4373153,2022-04-04,2022-04-04,当日,邱升-20035,邱升,小型企业,南宁,广西,中国,中南,家具-桌子-10004552,家具,桌子,"Lesro 培训桌, 白色",3793.86,4,0.25,1264.34
1622,US-202021-3670764,2022-06-18,2022-06-24,标准级,邵彩-10720,邵彩,小型企业,扬州,江苏,中国,华东,办公用-系固-10004283,办公用品,系固件,"OIC 橡皮筋, 每包 12 个",46.2,1,0.4,-2.38
1623,US-202021-3670764,2022-06-18,2022-06-24,标准级,邵彩-10720,邵彩,小型企业,扬州,江苏,中国,华东,办公用-信封-10001476,办公用品,信封,"Kraft 外皮和封条, 红色",672.84,6,0.0,168.0
1624,US-202021-3670764,2022-06-18,2022-06-24,标准级,邵彩-10720,邵彩,小型企业,扬州,江苏,中国,华东,技术-电话-10000920,技术,电话,"三星 智能手机, 蓝色",690.144,2,0.4,-46.256
1625,US-202021-3670764,2022-06-18,2022-06-24,标准级,邵彩-10720,邵彩,小型企业,扬州,江苏,中国,华东,办公用-装订-10004829,办公用品,装订机,"Avery 孔加固材料, 透明",21.672,2,0.4,-6.048
1626,US-202021-3670764,2022-06-18,2022-06-24,标准级,邵彩-10720,邵彩,小型企业,扬州,江苏,中国,华东,家具-椅子-10002246,家具,椅子,"Novimex 沙滩椅, 每套两件",1214.892,9,0.4,-61.488
1627,US-202021-3670764,2022-06-18,2022-06-24,标准级,邵彩-10720,邵彩,小型企业,扬州,江苏,中国,华东,技术-电话-10001992,技术,电话,"三星 充电器, 全尺寸",8924.16,5,0.4,-2975.14
1628,US-202021-3670764,2022-06-18,2022-06-24,标准级,邵彩-10720,邵彩,小型企业,扬州,江苏,中国,华东,家具-用具-10000812,家具,用具,"Advantus 分层置放架, 耐用",393.12,6,0.4,-59.64
1629,CN-202021-4214287,2022-08-28,2022-09-02,标准级,卢壁-10450,卢壁,消费者,池州,安徽,中国,华东,家具-椅子-10000989,家具,椅子,"Office Star 摇椅, 每套两件",5344.64,8,0.0,160.16
1635,CN-202021-3405401,2022-04-13,2022-04-17,标准级,罗琼-19615,罗琼,消费者,太原,山西,中国,华北,办公用-装订-10004028,办公用品,装订机,"Wilson Jones 打孔机, 实惠",522.48,4,0.0,41.44
1639,CN-202021-2098822,2022-09-12,2022-09-17,标准级,周康-15340,周康,消费者,南昌,江西,中国,华东,办公用-信封-10002784,办公用品,信封,"Kraft 搭扣信封, 红色",117.04,2,0.0,50.12
1646,CN-202021-1090625,2022-06-11,2022-06-15,标准级,任杰-14755,任杰,消费者,济南,山东,中国,华东,办公用-装订-10003441,办公用品,装订机,"Avery 标签, 耐用",219.24,6,0.0,41.16
1647,CN-202021-3342061,2022-01-18,2022-01-22,标准级,蒋冬-12370,蒋冬露,消费者,沧州,河北,中国,华北,办公用-装订-10003513,办公用品,装订机,"Acco 标签, 耐用",188.16,4,0.0,48.72
1648,CN-202021-1646975,2022-04-09,2022-04-12,一级,巩辉-12595,巩辉,消费者,百色,广西,中国,中南,办公用-器具-10000857,办公用品,器具,"Cuisinart 冰箱, 黑色",6937.14,3,0.0,138.6
1649,CN-202021-1646975,2022-04-09,2022-04-12,一级,巩辉-12595,巩辉,消费者,百色,广西,中国,中南,办公用-美术-10002494,办公用品,美术,"BIC 铅笔刀, 蓝色",649.824,6,0.2,121.464
1652,CN-202021-4240650,2022-12-10,2022-12-12,一级,孟虢-13540,孟虢,消费者,塘沽,天津,中国,华北,办公用-美术-10003822,办公用品,美术,"BIC 钢笔, 蓝色",199.92,3,0.0,89.88
1653,CN-202021-4240650,2022-12-10,2022-12-12,一级,孟虢-13540,孟虢,消费者,塘沽,天津,中国,华北,家具-椅子-10002550,家具,椅子,"Office Star 沙滩椅, 黑色",1236.9,5,0.0,556.5
1657,US-202021-3566090,2022-10-24,2022-10-29,标准级,潘健-14575,潘健,消费者,温州,浙江,中国,华东,办公用-美术-10002569,办公用品,美术,"Stanley 画布, 金属",94.696,2,0.8,-179.984
1658,US-202021-3566090,2022-10-24,2022-10-29,标准级,潘健-14575,潘健,消费者,温州,浙江,中国,华东,技术-设备-10004791,技术,设备,"StarTech 卡片打印机, 红色",3148.74,7,0.4,-1049.58
1659,US-202021-3566090,2022-10-24,2022-10-29,标准级,潘健-14575,潘健,消费者,温州,浙江,中国,华东,办公用-用品-10003797,办公用品,用品,"Acme 尺子, 蓝色",374.304,8,0.4,-131.936
1672,US-202021-4764837,2022-10-09,2022-10-14,标准级,陈磊-15970,陈磊,消费者,兰州,甘肃,中国,西北,技术-配件-10003567,技术,配件,"罗技 鼠标, 回收",227.556,3,0.4,-26.964
1673,US-202021-4764837,2022-10-09,2022-10-14,标准级,陈磊-15970,陈磊,消费者,兰州,甘肃,中国,西北,技术-电话-10002929,技术,电话,"三星 耳机, 蓝色",204.96,1,0.4,-102.48
1674,US-202021-3291123,2022-07-11,2022-07-14,二级,龙婷-21115,龙婷,公司,营口,辽宁,中国,东北,技术-配件-10004986,技术,配件,"贝尔金 路由器, 回收",718.368,1,0.4,-35.952
1675,US-202021-3291123,2022-07-11,2022-07-14,二级,龙婷-21115,龙婷,公司,营口,辽宁,中国,东北,办公用-美术-10000664,办公用品,美术,"Boston 荧光笔, 混合尺寸",41.16,2,0.8,-140.0
1698,CN-202021-2130965,2022-01-20,2022-01-26,标准级,邱博-10495,邱博,公司,吴川,广东,中国,中南,技术-设备-10003256,技术,设备,"柯尼卡 电话, 多色",402.22,1,0.0,72.38
1714,CN-202021-4448319,2022-05-31,2022-06-05,标准级,殷崆-15565,殷崆,消费者,涟源,湖南,中国,中南,办公用-器具-10001448,办公用品,器具,"Hamilton Beach 冰箱, 银色",9349.76,4,0.0,934.64
1715,CN-202021-4448319,2022-05-31,2022-06-05,标准级,殷崆-15565,殷崆,消费者,涟源,湖南,中国,中南,办公用-信封-10003334,办公用品,信封,"Cameo 马尼拉纸信封, 红色",142.52,1,0.0,12.74
1716,CN-202021-4448319,2022-05-31,2022-06-05,标准级,殷崆-15565,殷崆,消费者,涟源,湖南,中国,中南,技术-复印-10000795,技术,复印机,"夏普 无线传真机, 数字化",3318.56,2,0.0,1227.8
1739,CN-202021-4493648,2022-05-22,2022-05-26,标准级,方惠-14350,方惠,消费者,武汉,湖北,中国,中南,办公用-系固-10002197,办公用品,系固件,"Stockwell 回形针, 整包",155.568,4,0.4,22.848
1745,CN-202021-3649263,2022-05-16,2022-05-23,标准级,何根-13225,何根基,公司,南阳,河南,中国,中南,技术-配件-10002679,技术,配件,"Enermax 路由器, 实惠",7233.24,6,0.0,1663.2
1746,CN-202021-3649263,2022-05-16,2022-05-23,标准级,何根-13225,何根基,公司,南阳,河南,中国,中南,家具-椅子-10004718,家具,椅子,"Novimex 折叠椅, 红色",690.732,2,0.1,-46.228
1747,CN-202021-3649263,2022-05-16,2022-05-23,标准级,何根-13225,何根基,公司,南阳,河南,中国,中南,办公用-收纳-10002355,办公用品,收纳具,"Rogers 文件车, 蓝色",2643.2,4,0.0,26.32
1768,CN-202021-2828219,2022-06-20,2022-06-22,二级,邱廉-17200,邱廉,公司,保定,河北,中国,华北,办公用-用品-10002441,办公用品,用品,"Fiskars 尺子, 蓝色",134.68,2,0.0,7.84
1771,CN-202021-2117709,2022-11-26,2022-11-28,二级,徐黎-16330,徐黎明,公司,重庆,重庆,中国,西南,办公用-器具-10003836,办公用品,器具,"Hoover 微波炉, 黑色",2875.32,2,0.0,373.52
1803,CN-202021-5665875,2022-05-24,2022-05-28,标准级,麦虢-13510,麦虢,公司,榆林,陕西,中国,西北,技术-复印-10003316,技术,复印机,"惠普 复印机, 每套两件",5686.1,5,0.0,568.4
1804,CN-202021-5665875,2022-05-24,2022-05-28,标准级,麦虢-13510,麦虢,公司,榆林,陕西,中国,西北,家具-桌子-10001198,家具,桌子,"Chromcraft 电脑桌, 组装",6228.6,5,0.4,-104.3
1811,CN-202021-3216455,2022-12-04,2022-12-08,标准级,范彩-10615,范彩,公司,广州,广东,中国,中南,办公用-用品-10000553,办公用品,用品,"Kleencut 美工刀, 蓝色",1940.4,12,0.0,949.2
1812,CN-202021-3216455,2022-12-04,2022-12-08,标准级,范彩-10615,范彩,公司,广州,广东,中国,中南,技术-配件-10002207,技术,配件,"Enermax 键区, 实惠",2140.32,8,0.0,42.56
1813,CN-202021-3216455,2022-12-04,2022-12-08,标准级,范彩-10615,范彩,公司,广州,广东,中国,中南,家具-椅子-10000168,家具,椅子,"Novimex 椅垫, 每套两件",492.156,2,0.1,174.916
1837,CN-202021-2491194,2022-03-26,2022-03-26,当日,康娇-14680,康娇,消费者,绍兴,浙江,中国,华东,办公用-信封-10004437,办公用品,信封,"Jiffy 局间信封, 回收",422.24,2,0.0,8.4
1838,CN-202021-2491194,2022-03-26,2022-03-26,当日,康娇-14680,康娇,消费者,绍兴,浙江,中国,华东,办公用-标签-10004733,办公用品,标签,"Avery 有色标签, 白色",124.04,2,0.0,61.88
1839,CN-202021-2491194,2022-03-26,2022-03-26,当日,康娇-14680,康娇,消费者,绍兴,浙江,中国,华东,办公用-用品-10002649,办公用品,用品,"Kleencut 修剪器, 钢",914.592,8,0.4,-228.928
1859,CN-202021-4595101,2022-06-18,2022-06-19,一级,贾君-15160,贾君,消费者,苏州,江苏,中国,华东,办公用-信封-10003367,办公用品,信封,"Cameo 局间信封, 回收",1078.7,5,0.0,528.5
1860,CN-202021-4080706,2022-08-06,2022-08-10,二级,周诚-11290,周诚,消费者,重庆,重庆,中国,西南,办公用-收纳-10004334,办公用品,收纳具,"Rogers 锁柜, 蓝色",1975.12,2,0.0,730.52
1872,US-202021-5315398,2022-08-06,2022-08-09,二级,陈忠-11470,陈忠,公司,义乌,浙江,中国,华东,技术-复印-10004302,技术,复印机,"Brother 无线传真机, 数字化",6357.96,6,0.4,-318.36
1880,CN-202021-5940390,2022-08-25,2022-08-27,一级,马雯-21760,马雯,公司,莱阳,山东,中国,华东,办公用-装订-10004369,办公用品,装订机,"Cardinal 装订机, 回收",132.44,2,0.0,42.28
1881,CN-202021-5940390,2022-08-25,2022-08-27,一级,马雯-21760,马雯,公司,莱阳,山东,中国,华东,办公用-装订-10000363,办公用品,装订机,"Cardinal 装订机, 实惠",129.08,2,0.0,28.28
1882,US-202021-1576836,2022-08-13,2022-08-18,标准级,麦实-20230,麦实,公司,武汉,湖北,中国,中南,家具-椅子-10003019,家具,椅子,"Harbour Creations 摇椅, 红色",2059.26,5,0.4,-961.24
1883,CN-202021-5022660,2022-12-11,2022-12-17,标准级,曹灵-17590,曹灵,公司,哈尔滨,黑龙江,中国,东北,办公用-系固-10000647,办公用品,系固件,"OIC 订书钉, 金属",106.96,2,0.0,7.28
1884,CN-202021-5022660,2022-12-11,2022-12-17,标准级,曹灵-17590,曹灵,公司,哈尔滨,黑龙江,中国,东北,技术-电话-10004197,技术,电话,"摩托罗拉 耳机, 混合尺寸",1541.68,4,0.0,616.56
1885,CN-202021-5022660,2022-12-11,2022-12-17,标准级,曹灵-17590,曹灵,公司,哈尔滨,黑龙江,中国,东北,办公用-纸张-10001831,办公用品,纸张,"SanDisk 令, 优质",278.04,2,0.0,77.84
1886,CN-202021-3245528,2022-11-16,2022-11-22,标准级,周木-18400,周木兰,消费者,汉中,陕西,中国,西北,办公用-用品-10002859,办公用品,用品,"Fiskars 大剪刀, 工业",1609.16,7,0.0,417.48
1887,CN-202021-2989709,2022-04-21,2022-04-23,二级,谭乐-17815,谭乐,消费者,宜昌,湖北,中国,中南,办公用-纸张-10002857,办公用品,纸张,"SanDisk 令, 多色",291.2,2,0.0,125.16
1888,CN-202021-2989709,2022-04-21,2022-04-23,二级,谭乐-17815,谭乐,消费者,宜昌,湖北,中国,中南,办公用-装订-10002223,办公用品,装订机,"Avery 装订机, 回收",37.128,1,0.4,-24.752
1889,CN-202021-5278404,2022-11-21,2022-11-27,标准级,吕婵-10840,吕婵娟,消费者,大庆,黑龙江,中国,东北,家具-椅子-10001896,家具,椅子,"Office Star 椅垫, 黑色",591.64,2,0.0,224.56
1896,CN-202021-5642637,2022-12-25,2022-12-30,二级,赖聪-11680,赖聪,消费者,深圳,广东,中国,中南,技术-电话-10003674,技术,电话,"三星 耳机, 全尺寸",1390.48,4,0.0,444.64
1897,CN-202021-5642637,2022-12-25,2022-12-30,二级,赖聪-11680,赖聪,消费者,深圳,广东,中国,中南,办公用-用品-10002448,办公用品,用品,"Elite 修剪器, 钢",766.64,4,0.0,198.8
1910,US-202021-4092734,2022-06-11,2022-06-16,标准级,白栋-12295,白栋,消费者,武汉,湖北,中国,中南,办公用-装订-10001547,办公用品,装订机,"Ibico 孔加固材料, 回收",41.16,2,0.4,-4.2
1911,US-202021-4092734,2022-06-11,2022-06-16,标准级,白栋-12295,白栋,消费者,武汉,湖北,中国,中南,家具-椅子-10003144,家具,椅子,"Harbour Creations 扶手椅, 黑色",1319.304,1,0.4,-0.056
1933,CN-202021-3065733,2022-11-23,2022-11-28,二级,邓惠-14470,邓惠,消费者,长沙,湖南,中国,中南,办公用-收纳-10000938,办公用品,收纳具,"Rogers 文件夹, 工业",581.84,4,0.0,63.84
1936,CN-202021-4150128,2022-12-07,2022-12-13,标准级,曹达-11800,曹达侠,小型企业,营口,辽宁,中国,东北,家具-书架-10002588,家具,书架,"Dania 书库, 传统",5073.6,5,0.4,-845.6
1937,CN-202021-4150128,2022-12-07,2022-12-13,标准级,曹达-11800,曹达侠,小型企业,营口,辽宁,中国,东北,办公用-系固-10000767,办公用品,系固件,"Advantus 订书钉, 每包 12 个",316.932,11,0.4,-148.148
1954,CN-202021-5747151,2022-03-22,2022-03-26,标准级,王嘉-14530,王嘉丽,公司,叶柏寿,辽宁,中国,东北,办公用-纸张-10003176,办公用品,纸张,"SanDisk 计划信息表, 优质",444.64,4,0.0,101.92
1991,CN-202021-2351493,2022-09-01,2022-09-04,二级,袁德-12115,袁德,消费者,江门,广东,中国,中南,家具-书架-10003617,家具,书架,"Bush 书架, 黑色",1165.36,2,0.0,291.2
1993,US-202021-5943918,2022-08-21,2022-08-25,标准级,冯巧-19450,冯巧,消费者,江油,四川,中国,西南,家具-椅子-10002994,家具,椅子,"Office Star 折叠椅, 黑色",999.936,4,0.4,-550.144
1994,US-202021-5943918,2022-08-21,2022-08-25,标准级,冯巧-19450,冯巧,消费者,江油,四川,中国,西南,办公用-用品-10001618,办公用品,用品,"Acme 大剪刀, 蓝色",698.88,5,0.4,-337.82
1995,US-202021-5510381,2022-09-08,2022-09-11,一级,葛欢-14215,葛欢,公司,南通,江苏,中国,华东,家具-桌子-10001906,家具,桌子,"Bevis 咖啡桌, 黑色",2969.68,5,0.6,-4083.52
2008,CN-202021-3436186,2022-08-24,2022-08-26,一级,程聪-11620,程聪,消费者,朝阳,辽宁,中国,东北,办公用-收纳-10004477,办公用品,收纳具,"Tenex 文件夹, 金属",312.06,3,0.0,27.72
2009,US-202021-3670764,2022-09-20,2022-09-26,标准级,康丽-15850,康丽,消费者,公主岭,吉林,中国,东北,办公用-美术-10002415,办公用品,美术,"Boston 画布, 混合尺寸",424.256,2,0.2,58.296
2018,CN-202021-3132720,2022-05-11,2022-05-16,标准级,麦磊-16060,麦磊,消费者,天津,天津,中国,华北,家具-用具-10003781,家具,用具,"Eldon 分层置放架, 耐用",1464.54,11,0.0,438.9
2019,CN-202021-3132720,2022-05-11,2022-05-16,标准级,麦磊-16060,麦磊,消费者,天津,天津,中国,华北,办公用-装订-10002129,办公用品,装订机,"Ibico 订书机, 耐用",246.96,1,0.0,51.8
2032,CN-202021-2979175,2022-11-17,2022-11-23,标准级,邓保-10375,邓保,消费者,天津,天津,中国,华北,办公用-信封-10004832,办公用品,信封,"Kraft 商业信封, 银色",615.44,7,0.0,251.86
2033,CN-202021-2979175,2022-11-17,2022-11-23,标准级,邓保-10375,邓保,消费者,天津,天津,中国,华北,家具-椅子-10000979,家具,椅子,"Hon 凳子, 可调",6977.88,9,0.0,2162.16
2034,CN-202021-2979175,2022-11-17,2022-11-23,标准级,邓保-10375,邓保,消费者,天津,天津,中国,华北,办公用-器具-10001372,办公用品,器具,"Cuisinart 炉灶, 黑色",5018.72,2,0.0,551.88
2039,CN-202021-1363241,2022-06-28,2022-07-04,标准级,范晒-19780,范晒明,消费者,桂林,广西,中国,中南,技术-电话-10002475,技术,电话,"诺基亚 办公室电话机, 全尺寸",1549.8,5,0.0,480.2
2051,CN-202021-1086295,2022-08-23,2022-08-30,标准级,秦刚-13075,秦刚,公司,辽源,吉林,中国,东北,家具-用具-10003967,家具,用具,"Eldon 相框, 优质",264.74,1,0.0,26.46
2061,US-202021-3550359,2022-09-11,2022-09-15,二级,朱丽-17335,朱丽丽,小型企业,兰州,甘肃,中国,西北,办公用-用品-10003797,办公用品,用品,"Acme 尺子, 蓝色",93.576,2,0.4,-32.984
2074,CN-202021-5445015,2022-07-25,2022-07-28,一级,黄婷-21085,黄婷,消费者,深圳,广东,中国,中南,办公用-收纳-10000793,办公用品,收纳具,"Smead 锁柜, 单宽度",1852.2,2,0.0,148.12
2086,CN-202021-1564715,2022-04-01,2022-04-05,标准级,邓达-11785,邓达侠,消费者,长春,吉林,中国,东北,办公用-系固-10003277,办公用品,系固件,"Stockwell 图钉, 每包 12 个",117.32,2,0.0,50.4
2087,CN-202021-1564715,2022-04-01,2022-04-05,标准级,邓达-11785,邓达侠,消费者,长春,吉林,中国,东北,技术-设备-10004709,技术,设备,"冲电器 喷墨打印机, 耐用",4399.08,3,0.0,703.5
2088,CN-202021-1564715,2022-04-01,2022-04-05,标准级,邓达-11785,邓达侠,消费者,长春,吉林,中国,东北,家具-用具-10004872,家具,用具,"Advantus 框架, 一包多件",1037.68,2,0.0,456.4
2111,CN-202021-4461870,2022-10-19,2022-10-26,标准级,王立-16585,王立勤,公司,枣庄,山东,中国,华东,技术-设备-10003833,技术,设备,"柯尼卡 卡片打印机, 耐用",2454.06,3,0.0,147.0
2112,CN-202021-2957814,2022-03-12,2022-03-14,一级,陶丽-17665,陶丽雪,公司,内江,四川,中国,西南,办公用-收纳-10000932,办公用品,收纳具,"Rogers 文件夹, 蓝色",1145.76,8,0.0,549.92
2113,CN-202021-2957814,2022-03-12,2022-03-14,一级,陶丽-17665,陶丽雪,公司,内江,四川,中国,西南,办公用-用品-10000347,办公用品,用品,"Stiletto 尺子, 锯齿状",194.544,6,0.4,-81.816
2114,CN-202021-2571041,2022-02-28,2022-03-05,标准级,周诚-11290,周诚,消费者,上海,上海,中国,华东,办公用-信封-10002118,办公用品,信封,"Kraft 局间信封, 红色",470.96,2,0.0,51.8
2117,CN-202021-1640388,2022-06-13,2022-06-18,标准级,许凤-12835,许凤,公司,邯郸,河北,中国,华北,家具-椅子-10003780,家具,椅子,"Harbour Creations 扶手椅, 红色",6630.54,3,0.0,2917.32
2118,CN-202021-1640388,2022-06-13,2022-06-18,标准级,许凤-12835,许凤,公司,邯郸,河北,中国,华北,办公用-装订-10003973,办公用品,装订机,"Ibico 装订机, 实惠",433.44,6,0.0,125.16
2119,CN-202021-2386979,2022-12-07,2022-12-14,标准级,严盛-20410,严盛,消费者,昭通,云南,中国,西南,家具-用具-10003581,家具,用具,"Deflect-O 门挡, 一包多件",1232.28,6,0.0,320.04
2120,CN-202021-2386979,2022-12-07,2022-12-14,标准级,严盛-20410,严盛,消费者,昭通,云南,中国,西南,家具-椅子-10002343,家具,椅子,"Office Star 沙滩椅, 红色",776.16,3,0.0,194.04
2121,CN-202021-2386979,2022-12-07,2022-12-14,标准级,严盛-20410,严盛,消费者,昭通,云南,中国,西南,家具-桌子-10004946,家具,桌子,"Barricks 木桌, 长方形",5762.4,4,0.4,192.08
2122,CN-202021-2386979,2022-12-07,2022-12-14,标准级,严盛-20410,严盛,消费者,昭通,云南,中国,西南,办公用-装订-10001898,办公用品,装订机,"Wilson Jones 孔加固材料, 透明",130.34,7,0.0,51.94
2123,CN-202021-1785047,2022-05-03,2022-05-10,标准级,麦虢-13525,麦虢,公司,长治,山西,中国,华北,家具-用具-10002926,家具,用具,"Deflect-O 分层置放架, 一包多件",473.2,4,0.0,155.68
2124,CN-202021-1785047,2022-05-03,2022-05-10,标准级,麦虢-13525,麦虢,公司,长治,山西,中国,华北,家具-椅子-10001064,家具,椅子,"Harbour Creations 折叠椅, 每套两件",1401.96,3,0.0,84.0
2125,CN-202021-1785047,2022-05-03,2022-05-10,标准级,麦虢-13525,麦虢,公司,长治,山西,中国,华北,家具-桌子-10002191,家具,桌子,"Hon 木桌, 长方形",9255.75,5,0.25,2714.95
2128,CN-202021-3230543,2022-05-19,2022-05-23,标准级,徐虢-13600,徐虢,公司,上海,上海,中国,华东,家具-书架-10001586,家具,书架,"Dania 墙角架, 白色",4651.36,8,0.0,1441.44
2129,CN-202021-3230543,2022-05-19,2022-05-23,标准级,徐虢-13600,徐虢,公司,上海,上海,中国,华东,办公用-美术-10000948,办公用品,美术,"Boston 速写本, 整包",456.12,2,0.0,127.68
2130,CN-202021-3230543,2022-05-19,2022-05-23,标准级,徐虢-13600,徐虢,公司,上海,上海,中国,华东,技术-电话-10000698,技术,电话,"思科 充电器, 蓝色",6079.64,2,0.0,243.04
2131,CN-202021-1756643,2022-05-24,2022-05-27,二级,倪芬-12790,倪芬,小型企业,昆明,云南,中国,西南,家具-椅子-10000671,家具,椅子,"Hon 折叠椅, 黑色",1843.1,5,0.0,91.7
2132,CN-202021-1756643,2022-05-24,2022-05-27,二级,倪芬-12790,倪芬,小型企业,昆明,云南,中国,西南,家具-用具-10003733,家具,用具,"Deflect-O 闹钟, 黑色",704.34,3,0.0,196.98
2140,US-202021-5579979,2022-02-22,2022-03-01,标准级,范宁-18685,范宁,小型企业,呼和浩特,内蒙古,中国,华北,家具-用具-10003344,家具,用具,"Advantus 闹钟, 耐用",271.152,2,0.4,-27.328
2141,US-202021-5579979,2022-02-22,2022-03-01,标准级,范宁-18685,范宁,小型企业,呼和浩特,内蒙古,中国,华北,办公用-信封-10003687,办公用品,信封,"Cameo 局间信封, 红色",951.44,4,0.0,104.16
2142,US-202021-5579979,2022-02-22,2022-03-01,标准级,范宁-18685,范宁,小型企业,呼和浩特,内蒙古,中国,华北,家具-书架-10002807,家具,书架,"Safco 墙角架, 金属",2918.832,7,0.4,437.472
2143,US-202021-5579979,2022-02-22,2022-03-01,标准级,范宁-18685,范宁,小型企业,呼和浩特,内蒙古,中国,华北,办公用-系固-10002504,办公用品,系固件,"Stockwell 订书钉, 混合尺寸",69.3,3,0.4,-46.2
2146,CN-202021-2491194,2022-01-14,2022-01-19,二级,邓秋-11590,邓秋,公司,内江,四川,中国,西南,办公用-纸张-10004686,办公用品,纸张,"SanDisk 信纸, 多色",697.62,3,0.0,188.16
2147,CN-202021-2491194,2022-01-14,2022-01-19,二级,邓秋-11590,邓秋,公司,内江,四川,中国,西南,家具-书架-10002576,家具,书架,"Sauder 古典书架, 传统",3662.316,3,0.4,-915.684
2148,CN-202021-2491194,2022-01-14,2022-01-19,二级,邓秋-11590,邓秋,公司,内江,四川,中国,西南,办公用-装订-10000219,办公用品,装订机,"Ibico 装订机, 回收",221.76,5,0.4,-30.24
2156,CN-202021-5359666,2022-06-04,2022-06-11,标准级,熊临-17410,熊临耀,消费者,长春,吉林,中国,东北,技术-复印-10003306,技术,复印机,"Hewlett 传真复印机, 每套两件",900.06,1,0.0,179.9
2171,CN-202021-2468928,2022-09-03,2022-09-07,标准级,夏松-20665,夏松,小型企业,蒲庙,广西,中国,中南,技术-电话-10002973,技术,电话,"摩托罗拉 办公室电话机, 全尺寸",2045.4,6,0.0,940.8
2174,CN-202021-2330839,2022-12-31,2023-01-07,标准级,施平-19180,施平,小型企业,自贡,四川,中国,西南,家具-椅子-10002532,家具,椅子,"Hon 椅垫, 可调",324.912,2,0.4,54.152
2175,CN-202021-2330839,2022-12-31,2023-01-07,标准级,施平-19180,施平,小型企业,自贡,四川,中国,西南,办公用-装订-10001078,办公用品,装订机,"Ibico 订书机, 回收",144.984,1,0.4,-4.956
2176,CN-202021-2330839,2022-12-31,2023-01-07,标准级,施平-19180,施平,小型企业,自贡,四川,中国,西南,家具-书架-10004730,家具,书架,"Sauder 书架, 金属",819.168,2,0.4,-232.232
2177,CN-202021-2330839,2022-12-31,2023-01-07,标准级,施平-19180,施平,小型企业,自贡,四川,中国,西南,办公用-装订-10004132,办公用品,装订机,"Cardinal 孔加固材料, 实惠",74.76,5,0.4,-33.74
2186,CN-202021-3028018,2022-11-23,2022-11-29,标准级,汤欢-14185,汤欢悦,消费者,汉中,陕西,中国,西北,办公用-信封-10004832,办公用品,信封,"Kraft 商业信封, 银色",263.76,3,0.0,107.94
2188,CN-202021-3223872,2022-02-01,2022-02-03,一级,袁栋-12355,袁栋,消费者,恒山,黑龙江,中国,东北,办公用-系固-10001361,办公用品,系固件,"Accos 橡皮筋, 整包",233.52,3,0.0,27.72
2189,CN-202021-3223872,2022-02-01,2022-02-03,一级,袁栋-12355,袁栋,消费者,恒山,黑龙江,中国,东北,办公用-信封-10002839,办公用品,信封,"GlobeWeis 外皮和封条, 红色",349.02,3,0.0,170.94
2207,CN-202021-5672005,2022-08-20,2022-08-24,标准级,苏冬-12430,苏冬露,小型企业,韶关,广东,中国,中南,办公用-装订-10000364,办公用品,装订机,"Ibico 孔加固材料, 耐用",39.62,1,0.0,17.78
2208,CN-202021-5672005,2022-08-20,2022-08-24,标准级,苏冬-12430,苏冬露,小型企业,韶关,广东,中国,中南,办公用-系固-10003670,办公用品,系固件,"Advantus 按钉, 混合尺寸",110.88,2,0.0,49.84
2209,CN-202021-5672005,2022-08-20,2022-08-24,标准级,苏冬-12430,苏冬露,小型企业,韶关,广东,中国,中南,办公用-信封-10002009,办公用品,信封,"GlobeWeis 邮寄品, 回收",348.6,2,0.0,139.44
2210,CN-202021-5672005,2022-08-20,2022-08-24,标准级,苏冬-12430,苏冬露,小型企业,韶关,广东,中国,中南,办公用-器具-10002023,办公用品,器具,"Breville 冰箱, 白色",2414.86,1,0.0,265.58
2213,CN-202021-4641447,2022-06-26,2022-06-28,一级,郝绅-19930,郝绅,消费者,深圳,广东,中国,中南,办公用-系固-10004160,办公用品,系固件,"Accos 按钉, 每包 12 个",260.4,4,0.0,0.0
2214,CN-202021-4641447,2022-06-26,2022-06-28,一级,郝绅-19930,郝绅,消费者,深圳,广东,中国,中南,家具-用具-10004563,家具,用具,"Rubvermaid 相框, 耐用",455.28,2,0.0,49.84
2220,US-202021-1108121,2022-09-25,2022-09-29,标准级,田磊-16120,田磊,小型企业,成都,四川,中国,西南,办公用-美术-10000848,办公用品,美术,"Boston 记号笔, 整包",74.592,3,0.8,-164.388
2221,US-202021-1108121,2022-09-25,2022-09-29,标准级,田磊-16120,田磊,小型企业,成都,四川,中国,西南,办公用-装订-10001901,办公用品,装订机,"Cardinal 标签, 实惠",101.64,5,0.4,-24.36
2227,CN-202021-5774848,2022-04-07,2022-04-12,二级,孟斯-20980,孟斯云,公司,昆明,云南,中国,西南,办公用-用品-10004482,办公用品,用品,"Kleencut 尺子, 锯齿状",143.64,3,0.0,71.82
2228,CN-202021-5774848,2022-04-07,2022-04-12,二级,孟斯-20980,孟斯云,公司,昆明,云南,中国,西南,办公用-美术-10002911,办公用品,美术,"Stanley 荧光笔, 金属",521.36,7,0.0,150.92
2229,CN-202021-5774848,2022-04-07,2022-04-12,二级,孟斯-20980,孟斯云,公司,昆明,云南,中国,西南,家具-椅子-10004343,家具,椅子,"Novimex 椅垫, 黑色",1509.48,6,0.0,59.64
2230,CN-202021-5774848,2022-04-07,2022-04-12,二级,孟斯-20980,孟斯云,公司,昆明,云南,中国,西南,办公用-纸张-10001302,办公用品,纸张,"Eaton 笔记本, 优质",124.04,1,0.0,38.36
2231,CN-202021-4433229,2022-11-30,2022-12-03,二级,曹丽-16510,曹丽娜,消费者,洛阳,河南,中国,中南,家具-用具-10001796,家具,用具,"Eldon 灯泡, 黑色",117.6,1,0.0,51.66
2233,US-202021-3964185,2022-01-30,2022-02-04,二级,佟斯-21025,佟斯云,小型企业,大连,辽宁,中国,东北,办公用-装订-10004939,办公用品,装订机,"Ibico 打孔机, 耐用",626.22,7,0.4,-376.32
2234,US-202021-3964185,2022-01-30,2022-02-04,二级,佟斯-21025,佟斯云,小型企业,大连,辽宁,中国,东北,办公用-装订-10000765,办公用品,装订机,"Wilson Jones 孔加固材料, 回收",13.692,1,0.4,-8.708
2235,US-202021-3964185,2022-01-30,2022-02-04,二级,佟斯-21025,佟斯云,小型企业,大连,辽宁,中国,东北,技术-电话-10003432,技术,电话,"三星 音频基座, 蓝色",3269.868,7,0.4,-1362.592
2247,CN-202021-3476344,2022-08-06,2022-08-10,标准级,杨诚-11380,杨诚,公司,任丘,河北,中国,华北,家具-用具-10003663,家具,用具,"Eldon 框架, 一包多件",1628.34,3,0.0,569.52
2248,CN-202021-3476344,2022-08-06,2022-08-10,标准级,杨诚-11380,杨诚,公司,任丘,河北,中国,华北,技术-复印-10004864,技术,复印机,"Hewlett 传真机, 红色",2969.12,2,0.0,1098.44
2253,CN-202021-3404134,2022-11-03,2022-11-03,当日,姚柏-19015,姚柏,消费者,颍上城关镇,安徽,中国,华东,家具-椅子-10003805,家具,椅子,"Hon 扶手椅, 每套两件",6431.46,3,0.0,2443.56
2255,US-202021-2605699,2022-10-07,2022-10-11,标准级,钟庆-19510,钟庆缘,小型企业,泰州,江苏,中国,华东,家具-椅子-10003772,家具,椅子,"SAFCO 摇椅, 每套两件",1920.24,5,0.4,-544.46
2256,US-202021-2605699,2022-10-07,2022-10-11,标准级,钟庆-19510,钟庆缘,小型企业,泰州,江苏,中国,华东,家具-书架-10002899,家具,书架,"宜家 古典书架, 传统",6917.4,6,0.4,-1614.48
2257,US-202021-2605699,2022-10-07,2022-10-11,标准级,钟庆-19510,钟庆缘,小型企业,泰州,江苏,中国,华东,办公用-收纳-10000871,办公用品,收纳具,"Eldon 盒, 工业",250.6,5,0.0,47.6
2258,CN-202021-5266113,2022-11-22,2022-11-26,标准级,楚丽-17320,楚丽丽,小型企业,长春,吉林,中国,东北,办公用-美术-10002672,办公用品,美术,"Sanford 画布, 金属",193.312,1,0.2,7.112
2259,CN-202021-5266113,2022-11-22,2022-11-26,标准级,楚丽-17320,楚丽丽,小型企业,长春,吉林,中国,东北,办公用-收纳-10004212,办公用品,收纳具,"Fellowes 锁柜, 蓝色",5805.24,6,0.0,0.0
2266,CN-202021-4164715,2022-09-11,2022-09-13,一级,陈锦-14830,陈锦,公司,大同,山西,中国,华北,办公用-纸张-10002934,办公用品,纸张,"施乐 信纸, 每包 12 个",1145.9,5,0.0,561.4
2267,CN-202021-4164715,2022-09-11,2022-09-13,一级,陈锦-14830,陈锦,公司,大同,山西,中国,华北,办公用-信封-10001917,办公用品,信封,"Kraft 局间信封, 每套 50 个",656.88,3,0.0,78.54
2268,CN-202021-3407073,2022-12-01,2022-12-07,标准级,刘婵-10945,刘婵,消费者,蒙阴,山东,中国,华东,办公用-装订-10002095,办公用品,装订机,"Cardinal 打孔机, 耐用",282.8,2,0.0,101.64
2269,US-202021-4988987,2022-01-12,2022-01-14,一级,常光-13345,常光,公司,合肥,安徽,中国,华东,办公用-美术-10001165,办公用品,美术,"Sanford 铅笔刀, 混合尺寸",541.52,5,0.2,-94.78
2270,US-202021-4988987,2022-01-12,2022-01-14,一级,常光-13345,常光,公司,合肥,安徽,中国,华东,办公用-纸张-10002363,办公用品,纸张,"施乐 笔记本, 优质",369.18,3,0.0,88.2
2271,US-202021-4988987,2022-01-12,2022-01-14,一级,常光-13345,常光,公司,合肥,安徽,中国,华东,办公用-纸张-10004354,办公用品,纸张,"Enermax 笔记本, 多色",139.58,1,0.0,68.32
2272,US-202021-4988987,2022-01-12,2022-01-14,一级,常光-13345,常光,公司,合肥,安徽,中国,华东,家具-用具-10002886,家具,用具,"Eldon 闹钟, 一包多件",792.12,3,0.0,213.78
2278,CN-202021-2770008,2022-11-23,2022-11-29,标准级,肖良-17125,肖良,消费者,商丘,河南,中国,中南,技术-设备-10003961,技术,设备,"StarTech 电话, 白色",1361.36,4,0.0,272.16
2292,CN-202021-1637441,2022-03-26,2022-03-31,二级,刘明-18295,刘明,公司,北京,北京,中国,华北,办公用-纸张-10001526,办公用品,纸张,"Enermax 备忘录便条, 回收",217.98,3,0.0,45.36
2294,CN-202021-2805987,2022-04-27,2022-05-04,标准级,戴虎-14065,戴虎,消费者,榆树,吉林,中国,东北,技术-设备-10004381,技术,设备,"松下 电话, 多色",1583.68,4,0.0,0.0
2298,CN-202021-1730893,2022-05-22,2022-05-25,二级,沈婷-21130,沈婷,消费者,龙泉,云南,中国,西南,办公用-用品-10003822,办公用品,用品,"Acme 开信刀, 蓝色",281.96,2,0.0,47.88
2299,CN-202021-1730893,2022-05-22,2022-05-25,二级,沈婷-21130,沈婷,消费者,龙泉,云南,中国,西南,办公用-收纳-10003152,办公用品,收纳具,"Smead 盒, 金属",137.76,3,0.0,30.24
2301,US-202021-3436770,2022-07-12,2022-07-16,标准级,韦君-15310,韦君,公司,北票,辽宁,中国,东北,办公用-器具-10003836,办公用品,器具,"Hoover 微波炉, 黑色",6038.172,7,0.4,-2718.128
2308,CN-202021-2396895,2022-03-20,2022-03-22,二级,薛关-15580,薛关茵,消费者,石河子,新疆,中国,西北,技术-设备-10002403,技术,设备,"StarTech 卡片打印机, 多色",763.0,1,0.0,350.98
2309,CN-202021-2396895,2022-03-20,2022-03-22,二级,薛关-15580,薛关茵,消费者,石河子,新疆,中国,西北,办公用-美术-10002566,办公用品,美术,"Stanley 荧光笔, 混合尺寸",166.88,2,0.0,19.88
2313,CN-202021-3984376,2022-06-29,2022-07-01,一级,冯丽-17350,冯丽丽,消费者,醴陵,湖南,中国,中南,办公用-收纳-10000186,办公用品,收纳具,"Eldon 搁板, 单宽度",226.1,1,0.0,99.4
2314,CN-202021-3984376,2022-06-29,2022-07-01,一级,冯丽-17350,冯丽丽,消费者,醴陵,湖南,中国,中南,技术-复印-10000308,技术,复印机,"夏普 墨水, 红色",5149.62,9,0.0,514.08
2315,CN-202021-3984376,2022-06-29,2022-07-01,一级,冯丽-17350,冯丽丽,消费者,醴陵,湖南,中国,中南,办公用-系固-10002857,办公用品,系固件,"Advantus 橡皮筋, 整包",387.1,5,0.0,127.4
2337,CN-202021-3017568,2022-09-12,2022-09-15,一级,李康-15385,李康,消费者,上海,上海,中国,华东,家具-用具-10003148,家具,用具,"Deflect-O 灯泡, 黑色",354.48,4,0.0,81.2
2338,CN-202021-3017568,2022-09-12,2022-09-15,一级,李康-15385,李康,消费者,上海,上海,中国,华东,办公用-纸张-10001319,办公用品,纸张,"Eaton 令, 回收",246.96,2,0.0,113.4
2339,CN-202021-3017568,2022-09-12,2022-09-15,一级,李康-15385,李康,消费者,上海,上海,中国,华东,办公用-收纳-10003434,办公用品,收纳具,"Rogers 锁柜, 金属",4916.1,5,0.0,343.7
2340,CN-202021-3017568,2022-09-12,2022-09-15,一级,李康-15385,李康,消费者,上海,上海,中国,华东,技术-电话-10003014,技术,电话,"思科 智能手机, 混合尺寸",1319.08,2,0.0,580.16
2341,CN-202021-3017568,2022-09-12,2022-09-15,一级,李康-15385,李康,消费者,上海,上海,中国,华东,办公用-用品-10000855,办公用品,用品,"Fiskars 剪刀, 钢",315.84,3,0.0,37.8
2342,CN-202021-3017568,2022-09-12,2022-09-15,一级,李康-15385,李康,消费者,上海,上海,中国,华东,办公用-信封-10002940,办公用品,信封,"GlobeWeis 马尼拉纸信封, 每套 50 个",511.28,4,0.0,117.04
2343,CN-202021-3017568,2022-09-12,2022-09-15,一级,李康-15385,李康,消费者,上海,上海,中国,华东,家具-用具-10003276,家具,用具,"Tenex 分层置放架, 优质",445.2,4,0.0,213.36
2351,US-202021-4364300,2022-02-16,2022-02-20,标准级,姚凤-13015,姚凤,消费者,襄樊,湖北,中国,中南,技术-电话-10000762,技术,电话,"摩托罗拉 充电器, 全尺寸",10818.864,6,0.4,-6131.496
2352,US-202021-4364300,2022-02-16,2022-02-20,标准级,姚凤-13015,姚凤,消费者,襄樊,湖北,中国,中南,办公用-收纳-10000938,办公用品,收纳具,"Rogers 文件夹, 工业",290.92,2,0.0,31.92
2353,US-202021-4364300,2022-02-16,2022-02-20,标准级,姚凤-13015,姚凤,消费者,襄樊,湖北,中国,中南,办公用-美术-10003735,办公用品,美术,"Binney & Smith 速写本, 蓝色",172.928,4,0.8,-268.352
2354,US-202021-4364300,2022-02-16,2022-02-20,标准级,姚凤-13015,姚凤,消费者,襄樊,湖北,中国,中南,办公用-装订-10003846,办公用品,装订机,"Cardinal 装订机, 耐用",42.924,1,0.4,-10.836
2376,CN-202021-5645996,2022-03-27,2022-04-03,标准级,徐虢-13600,徐虢,公司,鸡西,黑龙江,中国,东北,办公用-系固-10000833,办公用品,系固件,"Accos 橡皮筋, 每包 12 个",225.54,3,0.0,35.7
2377,CN-202021-5645996,2022-03-27,2022-04-03,标准级,徐虢-13600,徐虢,公司,鸡西,黑龙江,中国,东北,办公用-收纳-10002943,办公用品,收纳具,"Smead 文件车, 蓝色",1198.4,2,0.0,455.28
2378,CN-202021-5645996,2022-03-27,2022-04-03,标准级,徐虢-13600,徐虢,公司,鸡西,黑龙江,中国,东北,办公用-美术-10000715,办公用品,美术,"Sanford 画布, 蓝色",377.216,2,0.2,-52.024
2379,CN-202021-5645996,2022-03-27,2022-04-03,标准级,徐虢-13600,徐虢,公司,鸡西,黑龙江,中国,东北,办公用-美术-10001817,办公用品,美术,"Stanley 速写本, 混合尺寸",177.744,1,0.2,-4.536
2380,CN-202021-5645996,2022-03-27,2022-04-03,标准级,徐虢-13600,徐虢,公司,鸡西,黑龙江,中国,东北,办公用-系固-10000353,办公用品,系固件,"Stockwell 按钉, 金属",131.6,2,0.0,60.48
2381,CN-202021-5645996,2022-03-27,2022-04-03,标准级,徐虢-13600,徐虢,公司,鸡西,黑龙江,中国,东北,办公用-用品-10001683,办公用品,用品,"Stiletto 剪刀, 蓝色",1322.16,12,0.0,250.32
2382,CN-202021-3064630,2022-09-11,2022-09-13,二级,杨诚-11380,杨诚,公司,厦门,福建,中国,华东,办公用-系固-10002757,办公用品,系固件,"Stockwell 按钉, 混合尺寸",53.34,1,0.0,26.6
2383,CN-202021-3064630,2022-09-11,2022-09-13,二级,杨诚-11380,杨诚,公司,厦门,福建,中国,华东,办公用-标签-10002067,办公用品,标签,"Avery 运输标签, 红色",217.84,4,0.0,25.76
2384,CN-202021-3064630,2022-09-11,2022-09-13,二级,杨诚-11380,杨诚,公司,厦门,福建,中国,华东,技术-电话-10004578,技术,电话,"思科 智能手机, 蓝色",1292.48,2,0.0,258.44
2396,CN-202021-1424056,2022-08-10,2022-08-13,一级,黄涛-21190,黄涛,小型企业,济南,山东,中国,华东,办公用-标签-10003121,办公用品,标签,"Avery 有色标签, 红色",183.54,3,0.0,31.08
2397,CN-202021-1424056,2022-08-10,2022-08-13,一级,黄涛-21190,黄涛,小型企业,济南,山东,中国,华东,办公用-信封-10001224,办公用品,信封,"Jiffy 局间信封, 红色",1632.68,7,0.0,97.02
2398,CN-202021-1424056,2022-08-10,2022-08-13,一级,黄涛-21190,黄涛,小型企业,济南,山东,中国,华东,家具-用具-10004734,家具,用具,"Tenex 框架, 优质",1013.6,2,0.0,60.76
2400,CN-202021-2698139,2022-05-04,2022-05-08,标准级,贾丹-11920,贾丹,消费者,泉州,福建,中国,华东,办公用-装订-10002373,办公用品,装订机,"Cardinal 装订机盖, 回收",173.04,3,0.0,86.52
2406,CN-202021-1516102,2022-11-20,2022-11-23,二级,邵绅-19990,邵绅,消费者,福州,福建,中国,华东,办公用-收纳-10002706,办公用品,收纳具,"Eldon 盘, 金属",439.04,2,0.0,197.4
2407,CN-202021-1516102,2022-11-20,2022-11-23,二级,邵绅-19990,邵绅,消费者,福州,福建,中国,华东,办公用-纸张-10002247,办公用品,纸张,"施乐 令, 每包 12 个",568.96,4,0.0,159.04
2408,CN-202021-1516102,2022-11-20,2022-11-23,二级,邵绅-19990,邵绅,消费者,福州,福建,中国,华东,技术-复印-10004447,技术,复印机,"佳能 复印机, 每套两件",1223.32,1,0.0,330.26
2409,CN-202021-1516102,2022-11-20,2022-11-23,二级,邵绅-19990,邵绅,消费者,福州,福建,中国,华东,技术-电话-10001542,技术,电话,"思科 办公室电话机, 混合尺寸",1555.12,4,0.0,62.16
2410,CN-202021-1516102,2022-11-20,2022-11-23,二级,邵绅-19990,邵绅,消费者,福州,福建,中国,华东,办公用-标签-10001292,办公用品,标签,"Smead 文件夹标签, 白色",290.08,7,0.0,31.36
2411,CN-202021-1516102,2022-11-20,2022-11-23,二级,邵绅-19990,邵绅,消费者,福州,福建,中国,华东,办公用-用品-10001725,办公用品,用品,"Fiskars 尺子, 钢",129.08,2,0.0,47.6
2419,CN-202021-1658434,2022-11-07,2022-11-11,标准级,贾柏-18910,贾柏,小型企业,上海,上海,中国,华东,办公用-信封-10002118,办公用品,信封,"Kraft 局间信封, 红色",235.48,1,0.0,25.9
2424,US-202021-3734004,2022-06-22,2022-06-26,标准级,潘彩-10690,潘彩,公司,武汉,湖北,中国,中南,办公用-器具-10001448,办公用品,器具,"Hamilton Beach 冰箱, 银色",2804.928,2,0.4,-1402.632
2425,US-202021-3734004,2022-06-22,2022-06-26,标准级,潘彩-10690,潘彩,公司,武汉,湖北,中国,中南,家具-用具-10004104,家具,用具,"Tenex 相框, 黑色",145.152,1,0.4,-43.568
2426,US-202021-3734004,2022-06-22,2022-06-26,标准级,潘彩-10690,潘彩,公司,武汉,湖北,中国,中南,家具-书架-10000929,家具,书架,"Dania 搁架, 黑色",955.92,2,0.4,95.48
2452,CN-202021-5642637,2022-10-15,2022-10-15,当日,邱刚-13120,邱刚,公司,莘县,山东,中国,华东,办公用-装订-10003441,办公用品,装订机,"Avery 标签, 耐用",365.4,10,0.0,68.6
2453,CN-202021-4733722,2022-10-18,2022-10-22,标准级,肖崆-15520,肖崆,消费者,蒙阴,山东,中国,华东,技术-配件-10002594,技术,配件,"SanDisk 键盘, 耐用",381.22,1,0.0,11.34
2454,CN-202021-1410437,2022-03-22,2022-03-23,一级,麦磊-16060,麦磊,消费者,韶关,广东,中国,中南,家具-椅子-10000671,家具,椅子,"Hon 折叠椅, 黑色",663.516,2,0.1,-37.044
2464,CN-202021-5385461,2022-10-02,2022-10-03,当日,柯婵-10930,柯婵,小型企业,上海,上海,中国,华东,办公用-美术-10003207,办公用品,美术,"Stanley 铅笔刀, 金属",729.12,6,0.0,174.72
2468,CN-202021-1198697,2022-08-03,2022-08-05,一级,徐嘉-14515,徐嘉丽,消费者,洛阳,河南,中国,中南,办公用-装订-10003504,办公用品,装订机,"Ibico 装订机, 耐用",396.2,5,0.0,138.6
2469,CN-202021-1198697,2022-08-03,2022-08-05,一级,徐嘉-14515,徐嘉丽,消费者,洛阳,河南,中国,中南,家具-椅子-10000374,家具,椅子,"Harbour Creations 椅垫, 可调",625.716,2,0.1,250.236
2475,US-202021-5834341,2022-11-22,2022-11-29,标准级,毛刚-13165,毛刚,消费者,宁波,浙江,中国,华东,办公用-器具-10000088,办公用品,器具,"Breville 搅拌机, 红色",1263.36,5,0.4,-632.24
2476,US-202021-5834341,2022-11-22,2022-11-29,标准级,毛刚-13165,毛刚,消费者,宁波,浙江,中国,华东,办公用-收纳-10004768,办公用品,收纳具,"Tenex 搁板, 金属",1253.7,5,0.0,501.2
2481,CN-202021-5687295,2022-02-02,2022-02-06,标准级,袁关-15670,袁关茵,消费者,汪清,吉林,中国,东北,办公用-收纳-10004690,办公用品,收纳具,"Fellowes 盘, 工业",810.18,3,0.0,356.16
2487,CN-202021-2881872,2022-07-14,2022-07-18,标准级,邵鹏-19075,邵鹏,消费者,洛阳,河南,中国,中南,办公用-器具-10000176,办公用品,器具,"Breville 烤面包机, 黑色",2842.56,8,0.0,624.96
2488,CN-202021-2881872,2022-07-14,2022-07-18,标准级,邵鹏-19075,邵鹏,消费者,洛阳,河南,中国,中南,办公用-信封-10000832,办公用品,信封,"Ames 商业信封, 红色",254.52,3,0.0,81.06
2489,CN-202021-2881872,2022-07-14,2022-07-18,标准级,邵鹏-19075,邵鹏,消费者,洛阳,河南,中国,中南,家具-书架-10002984,家具,书架,"Safco 柜, 黑色",1588.44,2,0.0,142.8
2498,US-202021-3025510,2022-09-26,2022-09-26,当日,唐宁-18745,唐宁,公司,南充,四川,中国,西南,办公用-用品-10000784,办公用品,用品,"Acme 修剪器, 锯齿状",115.584,1,0.4,-11.676
2499,US-202021-3025510,2022-09-26,2022-09-26,当日,唐宁-18745,唐宁,公司,南充,四川,中国,西南,家具-书架-10000557,家具,书架,"Sauder 搁架, 金属",1086.624,2,0.4,-471.016
2500,US-202021-3025510,2022-09-26,2022-09-26,当日,唐宁-18745,唐宁,公司,南充,四川,中国,西南,技术-设备-10000530,技术,设备,"冲电器 喷墨打印机, 多色",5276.88,6,0.4,-1935.36
2501,US-202021-3025510,2022-09-26,2022-09-26,当日,唐宁-18745,唐宁,公司,南充,四川,中国,西南,办公用-装订-10002699,办公用品,装订机,"Wilson Jones 装订机, 耐用",203.28,5,0.4,-135.52
2502,US-202021-3025510,2022-09-26,2022-09-26,当日,唐宁-18745,唐宁,公司,南充,四川,中国,西南,技术-配件-10001091,技术,配件,"Memorex 记忆卡, 实惠",859.068,3,0.4,-544.152
2503,US-202021-3025510,2022-09-26,2022-09-26,当日,唐宁-18745,唐宁,公司,南充,四川,中国,西南,办公用-装订-10002118,办公用品,装订机,"Avery 打孔机, 透明",535.668,7,0.4,-36.652
2505,US-202021-4230867,2022-09-20,2022-09-24,二级,袁丽-16210,袁丽华,公司,抚顺,辽宁,中国,东北,办公用-系固-10000170,办公用品,系固件,"Stockwell 图钉, 混合尺寸",92.232,3,0.4,-32.508
2507,CN-202021-4084381,2022-10-23,2022-10-29,标准级,钱宁-18655,钱宁,公司,唐山,河北,中国,华北,技术-电话-10002318,技术,电话,"摩托罗拉 音频基座, 混合尺寸",4934.16,6,0.0,1627.92
2508,US-202021-2075782,2022-06-04,2022-06-09,标准级,冯松-20635,冯松,公司,镇江,江苏,中国,华东,办公用-装订-10002996,办公用品,装订机,"Cardinal 标签, 透明",188.16,10,0.4,-110.04
2516,CN-202021-5105254,2022-08-27,2022-08-31,标准级,钱珊-19855,钱珊,公司,宝应,江苏,中国,华东,办公用-装订-10001029,办公用品,装订机,"Ibico 订书机, 实惠",719.88,5,0.4,-48.02
2526,CN-202021-5631342,2022-01-24,2022-01-27,一级,林德-12175,林德伟,公司,宿州,安徽,中国,华东,办公用-收纳-10004768,办公用品,收纳具,"Tenex 搁板, 金属",501.48,2,0.0,200.48
2534,CN-202021-5099065,2022-05-31,2022-06-02,一级,邱丽-17620,邱丽雪,公司,烟台,山东,中国,华东,办公用-器具-10000602,办公用品,器具,"Hamilton Beach 咖啡研磨机, 红色",398.16,2,0.0,71.4
2535,CN-202021-5099065,2022-05-31,2022-06-02,一级,邱丽-17620,邱丽雪,公司,烟台,山东,中国,华东,技术-配件-10001234,技术,配件,"Memorex 鼠标, 可编程",415.38,3,0.0,62.16
2538,CN-202021-5564146,2022-10-22,2022-10-23,一级,冯乐-17725,冯乐,消费者,上海,上海,中国,华东,技术-配件-10000065,技术,配件,"Memorex 闪存驱动器, 耐用",138.18,1,0.0,10.92
2539,CN-202021-5564146,2022-10-22,2022-10-23,一级,冯乐-17725,冯乐,消费者,上海,上海,中国,华东,家具-书架-10004836,家具,书架,"Safco 书架, 传统",3476.2,5,0.0,1494.5
2540,CN-202021-3815654,2022-05-24,2022-05-29,标准级,牛惠-14410,牛惠,小型企业,烟台,山东,中国,华东,办公用-装订-10004255,办公用品,装订机,"Acco 打孔机, 回收",142.24,1,0.0,54.04
2563,CN-202021-2699733,2022-04-11,2022-04-18,标准级,封乐-17740,封乐,消费者,广州,广东,中国,中南,办公用-系固-10003933,办公用品,系固件,"OIC 图钉, 每包 12 个",378.0,6,0.0,105.84
2564,CN-202021-2699733,2022-04-11,2022-04-18,标准级,封乐-17740,封乐,消费者,广州,广东,中国,中南,办公用-器具-10002468,办公用品,器具,"Cuisinart 烤面包机, 白色",722.4,3,0.0,122.64
2566,CN-202021-2245112,2022-08-10,2022-08-15,标准级,曹鹏-19090,曹鹏,消费者,枣庄,山东,中国,华东,办公用-标签-10004648,办公用品,标签,"Novimex 圆形标签, 红色",28.42,1,0.0,12.74
2570,CN-202021-5445015,2022-11-13,2022-11-15,二级,余舟-11455,余舟,小型企业,彭城,河北,中国,华北,家具-椅子-10001896,家具,椅子,"Office Star 椅垫, 黑色",1183.28,4,0.0,449.12
2571,CN-202021-1244124,2022-12-22,2022-12-26,标准级,毛保-10360,毛保,公司,莆田,福建,中国,华东,技术-电话-10000244,技术,电话,"摩托罗拉 信号增强器, 整包",2673.44,4,0.0,400.96
2572,CN-202021-2210906,2022-05-17,2022-05-24,标准级,陶博-10570,陶博,消费者,青州,山东,中国,华东,办公用-装订-10002538,办公用品,装订机,"Acco 装订机, 透明",204.54,3,0.0,0.0
2573,CN-202021-2210906,2022-05-17,2022-05-24,标准级,陶博-10570,陶博,消费者,青州,山东,中国,华东,办公用-器具-10003386,办公用品,器具,"Breville 烤面包机, 红色",2863.84,8,0.0,1317.12
2574,CN-202021-2210906,2022-05-17,2022-05-24,标准级,陶博-10570,陶博,消费者,青州,山东,中国,华东,办公用-器具-10003836,办公用品,器具,"Hoover 微波炉, 黑色",5750.64,4,0.0,747.04
2575,CN-202021-2210906,2022-05-17,2022-05-24,标准级,陶博-10570,陶博,消费者,青州,山东,中国,华东,办公用-收纳-10004913,办公用品,收纳具,"Eldon 文件车, 金属",7702.24,13,0.0,3003.0
2576,CN-202021-2210906,2022-05-17,2022-05-24,标准级,陶博-10570,陶博,消费者,青州,山东,中国,华东,办公用-用品-10002441,办公用品,用品,"Fiskars 尺子, 蓝色",134.68,2,0.0,7.84
2595,CN-202021-3216455,2022-10-15,2022-10-20,标准级,薛光-13405,薛光,消费者,浯溪,湖南,中国,中南,办公用-系固-10002857,办公用品,系固件,"Advantus 橡皮筋, 整包",309.68,4,0.0,101.92
2596,CN-202021-3216455,2022-10-15,2022-10-20,标准级,薛光-13405,薛光,消费者,浯溪,湖南,中国,中南,技术-电话-10003598,技术,电话,"摩托罗拉 办公室电话机, 蓝色",3013.92,9,0.0,0.0
2617,CN-202021-2810282,2022-05-15,2022-05-22,标准级,韦磊-16135,韦磊,小型企业,朝阳,辽宁,中国,东北,家具-用具-10002675,家具,用具,"Eldon 相框, 耐用",463.176,3,0.4,-170.184
2618,CN-202021-4537572,2022-09-07,2022-09-11,标准级,彭丽-17650,彭丽雪,小型企业,自贡,四川,中国,西南,办公用-标签-10000673,办公用品,标签,"Harbour Creations 文件夹标签, 白色",244.44,6,0.0,102.48
2619,CN-202021-4537572,2022-09-07,2022-09-11,标准级,彭丽-17650,彭丽雪,小型企业,自贡,四川,中国,西南,技术-复印-10000179,技术,复印机,"Brother 传真机, 红色",3547.488,4,0.4,-1656.032
2620,CN-202021-4479160,2022-04-03,2022-04-07,标准级,潘莞-13285,潘莞颖,消费者,曲靖,云南,中国,西南,家具-椅子-10004126,家具,椅子,"Novimex 折叠椅, 黑色",2979.2,8,0.0,178.08
2632,CN-202021-2766233,2022-05-04,2022-05-08,标准级,韩廉-17230,韩廉,消费者,海口,海南,中国,西南,办公用-美术-10003726,办公用品,美术,"Boston 钢笔, 蓝色",132.72,2,0.0,18.48
2633,CN-202021-2766233,2022-05-04,2022-05-08,标准级,韩廉-17230,韩廉,消费者,海口,海南,中国,西南,办公用-信封-10000814,办公用品,信封,"Cameo 商业信封, 红色",95.62,1,0.0,41.02
2634,CN-202021-2766233,2022-05-04,2022-05-08,标准级,韩廉-17230,韩廉,消费者,海口,海南,中国,西南,办公用-用品-10002431,办公用品,用品,"Kleencut 剪刀, 锯齿状",177.24,2,0.0,54.88
2635,CN-202021-2766233,2022-05-04,2022-05-08,标准级,韩廉-17230,韩廉,消费者,海口,海南,中国,西南,办公用-标签-10000069,办公用品,标签,"Novimex 文件夹标签, 红色",112.98,3,0.0,47.04
2636,CN-202021-4842730,2022-03-15,2022-03-19,标准级,谭珊-19900,谭珊,消费者,肃州,甘肃,中国,西北,办公用-纸张-10001162,办公用品,纸张,"Enermax 令, 每包 12 个",304.36,2,0.0,33.32
2639,CN-202021-3526566,2022-11-25,2022-11-27,一级,秦蔓-17920,秦蔓楚,消费者,天津,天津,中国,华北,技术-复印-10004759,技术,复印机,"夏普 复印机, 数字化",3346.56,3,0.0,200.76
2640,CN-202021-3526566,2022-11-25,2022-11-27,一级,秦蔓-17920,秦蔓楚,消费者,天津,天津,中国,华北,办公用-系固-10004262,办公用品,系固件,"Advantus 回形针, 混合尺寸",266.0,5,0.0,55.3
2641,CN-202021-3526566,2022-11-25,2022-11-27,一级,秦蔓-17920,秦蔓楚,消费者,天津,天津,中国,华北,家具-桌子-10001094,家具,桌子,"Lesro 培训桌, 长方形",932.295,1,0.25,-211.365
2656,US-202021-5037027,2022-12-20,2022-12-24,二级,周木-18400,周木兰,消费者,呼和浩特,内蒙古,中国,华北,办公用-系固-10002857,办公用品,系固件,"Advantus 橡皮筋, 整包",92.904,2,0.4,-10.976
2665,CN-202021-1357144,2022-10-02,2022-10-06,标准级,林关-15625,林关茵,消费者,重庆,重庆,中国,西南,办公用-器具-10002060,办公用品,器具,"Hamilton Beach 咖啡研磨机, 银色",405.16,2,0.0,36.4
2671,CN-202021-1887568,2022-11-19,2022-11-23,标准级,柳明-18310,柳明,小型企业,廊坊,河北,中国,华北,办公用-美术-10000708,办公用品,美术,"Stanley 记号笔, 混合尺寸",473.76,4,0.0,160.72
2673,CN-202021-4171126,2022-11-27,2022-12-03,标准级,杨晨-11215,杨晨,小型企业,徐州,江苏,中国,华东,家具-书架-10001313,家具,书架,"Bush 书架, 白色",1058.652,3,0.4,35.112
2674,CN-202021-2936253,2022-03-29,2022-04-03,标准级,付涛-21160,付涛,公司,保定,河北,中国,华北,技术-配件-10003885,技术,配件,"Enermax 闪存驱动器, 可编程",1204.56,6,0.0,252.84
2678,CN-202021-3569535,2022-11-01,2022-11-07,标准级,封乐-17740,封乐,消费者,成都,四川,中国,西南,技术-配件-10004442,技术,配件,"贝尔金 路由器, 耐用",2175.264,3,0.4,72.324
2685,CN-202021-2633315,2022-05-24,2022-05-31,标准级,唐忠-11545,唐忠,公司,廉州镇,广西,中国,中南,办公用-系固-10003317,办公用品,系固件,"Accos 夹子, 金属",273.0,3,0.0,136.5
2686,CN-202021-2633315,2022-05-24,2022-05-31,标准级,唐忠-11545,唐忠,公司,廉州镇,广西,中国,中南,家具-椅子-10001676,家具,椅子,"Hon 沙滩椅, 可调",600.264,3,0.1,53.004
2687,CN-202021-2633315,2022-05-24,2022-05-31,标准级,唐忠-11545,唐忠,公司,廉州镇,广西,中国,中南,办公用-收纳-10004893,办公用品,收纳具,"Tenex 盒, 蓝色",77.0,1,0.0,29.96
2688,CN-202021-2633315,2022-05-24,2022-05-31,标准级,唐忠-11545,唐忠,公司,廉州镇,广西,中国,中南,办公用-收纳-10003906,办公用品,收纳具,"Fellowes 文件车, 蓝色",1922.34,3,0.0,38.22
2692,CN-202021-2531621,2022-07-13,2022-07-20,标准级,周柏-18925,周柏,小型企业,信阳,河南,中国,中南,办公用-系固-10004655,办公用品,系固件,"Stockwell 夹子, 金属",265.44,3,0.0,132.72
2694,CN-202021-1599696,2022-05-28,2022-06-03,标准级,贺斯-20935,贺斯云,消费者,天津,天津,中国,华北,办公用-标签-10000389,办公用品,标签,"Smead 合法证物标签, 白色",103.6,2,0.0,6.16
2695,CN-202021-1599696,2022-05-28,2022-06-03,标准级,贺斯-20935,贺斯云,消费者,天津,天津,中国,华北,家具-桌子-10004719,家具,桌子,"Bevis 圆桌, 黑色",5440.995,3,0.25,1088.115
2696,CN-202021-1599696,2022-05-28,2022-06-03,标准级,贺斯-20935,贺斯云,消费者,天津,天津,中国,华北,办公用-系固-10002326,办公用品,系固件,"Accos 订书钉, 混合尺寸",117.6,3,0.0,56.28
2697,CN-202021-1599696,2022-05-28,2022-06-03,标准级,贺斯-20935,贺斯云,消费者,天津,天津,中国,华北,办公用-用品-10003907,办公用品,用品,"Kleencut 开信刀, 锯齿状",443.52,4,0.0,208.32
2725,CN-202021-2171205,2022-03-05,2022-03-09,标准级,巩安-10180,巩安,小型企业,太原,山西,中国,华北,家具-书架-10000466,家具,书架,"宜家 古典书架, 黑色",1927.8,1,0.0,693.98
2726,CN-202021-1086295,2022-12-31,2023-01-02,二级,苏升-20185,苏升,消费者,钦州,广西,中国,中南,技术-设备-10000989,技术,设备,"柯尼卡 卡片打印机, 红色",2412.48,3,0.0,47.88
2732,CN-202021-1525230,2022-05-31,2022-06-04,标准级,丁妮-18610,丁妮,公司,哈尔滨,黑龙江,中国,东北,技术-配件-10000513,技术,配件,"贝尔金 键区, 实惠",1617.0,6,0.0,339.36
2733,CN-202021-1525230,2022-05-31,2022-06-04,标准级,丁妮-18610,丁妮,公司,哈尔滨,黑龙江,中国,东北,办公用-标签-10004408,办公用品,标签,"Smead 文件夹标签, 红色",81.2,2,0.0,9.52
2745,CN-202021-4162714,2022-09-05,2022-09-11,标准级,薛博-10510,薛博,消费者,湛江,广东,中国,中南,办公用-收纳-10004245,办公用品,收纳具,"Smead 搁板, 工业",691.74,3,0.0,41.16
2746,CN-202021-4162714,2022-09-05,2022-09-11,标准级,薛博-10510,薛博,消费者,湛江,广东,中国,中南,技术-复印-10003316,技术,复印机,"惠普 复印机, 每套两件",2274.44,2,0.0,227.36
2750,CN-202021-1391849,2022-12-04,2022-12-06,一级,邢良-17140,邢良,消费者,上海,上海,中国,华东,办公用-系固-10003018,办公用品,系固件,"Advantus 图钉, 混合尺寸",515.2,10,0.0,163.8
2751,CN-202021-1391849,2022-12-04,2022-12-06,一级,邢良-17140,邢良,消费者,上海,上海,中国,华东,家具-用具-10001977,家具,用具,"Eldon 框架, 优质",536.06,1,0.0,246.54
2769,CN-202021-4759076,2022-03-02,2022-03-05,一级,贺丹-11950,贺丹,消费者,南平,福建,中国,华东,办公用-系固-10002197,办公用品,系固件,"Stockwell 回形针, 整包",64.82,1,0.0,31.64
2779,CN-202021-5082514,2022-11-22,2022-11-28,标准级,陈昌-11035,陈昌,消费者,乌海,内蒙古,中国,华北,家具-椅子-10004390,家具,椅子,"SAFCO 扶手椅, 每套两件",2596.608,2,0.4,302.848
2780,CN-202021-5082514,2022-11-22,2022-11-28,标准级,陈昌-11035,陈昌,消费者,乌海,内蒙古,中国,华北,办公用-标签-10004207,办公用品,标签,"Novimex 有色标签, 可调",337.12,7,0.0,2.94
2797,CN-202021-2477297,2022-09-27,2022-10-01,二级,陶恒-13645,陶恒,消费者,西安,陕西,中国,西北,办公用-信封-10004848,办公用品,信封,"Cameo 搭扣信封, 回收",193.9,5,0.0,1.4
2800,CN-202021-4141331,2022-08-14,2022-08-19,二级,田江-14635,田江丽,公司,韶关,广东,中国,中南,家具-椅子-10001207,家具,椅子,"Office Star 扶手椅, 可调",7894.656,4,0.1,3245.536
2810,CN-202021-2919347,2022-01-23,2022-01-27,标准级,许根-13240,许根基,小型企业,鹤岗,黑龙江,中国,东北,家具-书架-10000192,家具,书架,"Sauder 古典书架, 金属",2032.1,1,0.0,142.24
2811,CN-202021-2919347,2022-01-23,2022-01-27,标准级,许根-13240,许根基,小型企业,鹤岗,黑龙江,中国,东北,办公用-美术-10001467,办公用品,美术,"Boston 速写本, 蓝色",362.88,2,0.2,-68.04
2812,CN-202021-2919347,2022-01-23,2022-01-27,标准级,许根-13240,许根基,小型企业,鹤岗,黑龙江,中国,东北,办公用-标签-10001607,办公用品,标签,"Avery 圆形标签, 可调",23.52,1,0.0,0.42
2813,CN-202021-2919347,2022-01-23,2022-01-27,标准级,许根-13240,许根基,小型企业,鹤岗,黑龙江,中国,东北,办公用-系固-10001319,办公用品,系固件,"OIC 夹子, 混合尺寸",160.72,2,0.0,15.96
2814,CN-202021-2919347,2022-01-23,2022-01-27,标准级,许根-13240,许根基,小型企业,鹤岗,黑龙江,中国,东北,家具-用具-10002981,家具,用具,"Deflect-O 门挡, 黑色",615.3,3,0.0,49.14
2820,CN-202021-4190541,2022-06-11,2022-06-16,二级,林丹-11980,林丹,消费者,上虞,浙江,中国,华东,办公用-信封-10002653,办公用品,信封,"Jiffy 马尼拉纸信封, 回收",231.56,2,0.0,104.16
2836,CN-202021-5726249,2022-08-04,2022-08-11,标准级,田妮-18595,田妮,小型企业,南宁,广西,中国,中南,技术-配件-10002176,技术,配件,"贝尔金 鼠标, 耐用",190.96,1,0.0,43.82
2843,CN-202021-2737126,2022-07-03,2022-07-08,二级,卢淑-20455,卢淑芳,消费者,浯溪,湖南,中国,中南,办公用-用品-10000784,办公用品,用品,"Acme 修剪器, 锯齿状",577.92,3,0.0,196.14
2844,CN-202021-2737126,2022-07-03,2022-07-08,二级,卢淑-20455,卢淑芳,消费者,浯溪,湖南,中国,中南,技术-配件-10000196,技术,配件,"罗技 闪存驱动器, 可编程",597.52,4,0.0,119.28
2878,CN-202021-4985754,2022-11-07,2022-11-09,二级,佟斯-21025,佟斯云,小型企业,平顶山,河南,中国,中南,办公用-器具-10001435,办公用品,器具,"KitchenAid 烤面包机, 银色",803.32,2,0.0,337.12
2879,CN-202021-4985754,2022-11-07,2022-11-09,二级,佟斯-21025,佟斯云,小型企业,平顶山,河南,中国,中南,办公用-器具-10000663,办公用品,器具,"Hamilton Beach 微波炉, 白色",1309.7,1,0.0,248.78
2880,CN-202021-4240650,2022-01-06,2022-01-11,二级,尹凤-13045,尹凤,公司,深圳,广东,中国,中南,家具-书架-10003307,家具,书架,"Sauder 书库, 金属",5419.26,3,0.0,2167.62
2881,CN-202021-4240650,2022-01-06,2022-01-11,二级,尹凤-13045,尹凤,公司,深圳,广东,中国,中南,技术-复印-10003723,技术,复印机,"Hewlett 个人复印机, 数字化",2014.74,3,0.0,1007.16
2900,CN-202021-1734605,2022-04-18,2022-04-23,标准级,殷莲-17110,殷莲,消费者,重庆,重庆,中国,西南,技术-配件-10001332,技术,配件,"罗技 路由器, 可编程",5805.8,5,0.0,1044.4
2901,CN-202021-1734605,2022-04-18,2022-04-23,标准级,殷莲-17110,殷莲,消费者,重庆,重庆,中国,西南,办公用-用品-10001876,办公用品,用品,"Stiletto 大剪刀, 钢",886.48,4,0.0,52.64
2902,CN-202021-1734605,2022-04-18,2022-04-23,标准级,殷莲-17110,殷莲,消费者,重庆,重庆,中国,西南,办公用-装订-10000048,办公用品,装订机,"Acco 标签, 回收",125.16,3,0.0,15.96
2908,CN-202021-4258082,2022-12-04,2022-12-04,当日,殷康-15460,殷康,公司,绵阳,四川,中国,西南,办公用-收纳-10003644,办公用品,收纳具,"Fellowes 盘, 金属",526.96,2,0.0,200.2
2909,CN-202021-4258082,2022-12-04,2022-12-04,当日,殷康-15460,殷康,公司,绵阳,四川,中国,西南,家具-书架-10003501,家具,书架,"宜家 搁架, 白色",2420.04,5,0.4,403.34
2910,CN-202021-4258082,2022-12-04,2022-12-04,当日,殷康-15460,殷康,公司,绵阳,四川,中国,西南,家具-椅子-10001676,家具,椅子,"Hon 沙滩椅, 可调",800.352,6,0.4,-294.168
2911,CN-202021-4258082,2022-12-04,2022-12-04,当日,殷康-15460,殷康,公司,绵阳,四川,中国,西南,办公用-装订-10002996,办公用品,装订机,"Cardinal 标签, 透明",37.632,2,0.4,-22.008
2914,CN-202021-4688195,2022-03-27,2022-03-27,当日,陶惠-14455,陶惠,小型企业,郑州,河南,中国,中南,家具-用具-10000601,家具,用具,"Advantus 相框, 耐用",466.76,2,0.0,168.0
2921,CN-202021-5378913,2022-03-19,2022-03-19,当日,付丽-15790,付丽,消费者,湘潭,湖南,中国,中南,家具-椅子-10004718,家具,椅子,"Novimex 折叠椅, 红色",4835.124,14,0.1,-323.596
2922,CN-202021-5378913,2022-03-19,2022-03-19,当日,付丽-15790,付丽,消费者,湘潭,湖南,中国,中南,办公用-信封-10002658,办公用品,信封,"Cameo 局间信封, 银色",697.62,3,0.0,230.16
2923,CN-202021-5378913,2022-03-19,2022-03-19,当日,付丽-15790,付丽,消费者,湘潭,湖南,中国,中南,办公用-纸张-10004455,办公用品,纸张,"Eaton 令, 多色",130.48,1,0.0,41.72
2937,CN-202021-4150128,2022-11-13,2022-11-18,二级,黎雯-21745,黎雯,公司,抚顺,辽宁,中国,东北,办公用-系固-10003889,办公用品,系固件,"OIC 图钉, 金属",119.196,3,0.4,-10.164
2938,CN-202021-4150128,2022-11-13,2022-11-18,二级,黎雯-21745,黎雯,公司,抚顺,辽宁,中国,东北,办公用-系固-10003871,办公用品,系固件,"Stockwell 订书钉, 每包 12 个",143.22,5,0.4,-91.28
2939,CN-202021-4150128,2022-11-13,2022-11-18,二级,黎雯-21745,黎雯,公司,抚顺,辽宁,中国,东北,家具-书架-10003307,家具,书架,"Sauder 书库, 金属",2167.704,2,0.4,-0.056
2940,CN-202021-4150128,2022-11-13,2022-11-18,二级,黎雯-21745,黎雯,公司,抚顺,辽宁,中国,东北,办公用-装订-10004560,办公用品,装订机,"Wilson Jones 装订机盖, 耐用",71.064,2,0.4,-2.576
2941,CN-202021-4150128,2022-11-13,2022-11-18,二级,黎雯-21745,黎雯,公司,抚顺,辽宁,中国,东北,办公用-装订-10002373,办公用品,装订机,"Cardinal 装订机盖, 回收",103.824,3,0.4,17.304
2944,CN-202021-5598912,2022-09-07,2022-09-12,二级,陶惠-14440,陶惠,消费者,佳木斯,黑龙江,中国,东北,家具-椅子-10003097,家具,椅子,"Hon 折叠椅, 可调",2741.06,7,0.0,1013.32
2945,CN-202021-5598912,2022-09-07,2022-09-12,二级,陶惠-14440,陶惠,消费者,佳木斯,黑龙江,中国,东北,办公用-信封-10000020,办公用品,信封,"Ames 搭扣信封, 每套 50 个",33.6,1,0.0,14.7
2946,CN-202021-5598912,2022-09-07,2022-09-12,二级,陶惠-14440,陶惠,消费者,佳木斯,黑龙江,中国,东北,技术-电话-10003806,技术,电话,"苹果 办公室电话机, 混合尺寸",635.88,2,0.0,266.84
2947,CN-202021-5598912,2022-09-07,2022-09-12,二级,陶惠-14440,陶惠,消费者,佳木斯,黑龙江,中国,东北,技术-配件-10002236,技术,配件,"贝尔金 路由器, 可编程",3643.5,3,0.0,1347.78
2948,CN-202021-5598912,2022-09-07,2022-09-12,二级,陶惠-14440,陶惠,消费者,佳木斯,黑龙江,中国,东北,技术-配件-10000540,技术,配件,"SanDisk 鼠标, 可编程",371.56,2,0.0,33.32
2949,CN-202021-5598912,2022-09-07,2022-09-12,二级,陶惠-14440,陶惠,消费者,佳木斯,黑龙江,中国,东北,办公用-收纳-10003407,办公用品,收纳具,"Tenex 盒, 金属",435.96,6,0.0,139.44
2951,CN-202021-4497265,2022-02-22,2022-02-26,标准级,罗霖-17530,罗霖,消费者,平度,山东,中国,华东,家具-椅子-10003329,家具,椅子,"SAFCO 椅垫, 每套两件",1158.64,4,0.0,161.84
2952,CN-202021-4497265,2022-02-22,2022-02-26,标准级,罗霖-17530,罗霖,消费者,平度,山东,中国,华东,办公用-用品-10000963,办公用品,用品,"Fiskars 开信刀, 钢",255.08,2,0.0,99.4
2953,CN-202021-4497265,2022-02-22,2022-02-26,标准级,罗霖-17530,罗霖,消费者,平度,山东,中国,华东,家具-用具-10003555,家具,用具,"Rubvermaid 闹钟, 一包多件",2109.24,9,0.0,189.0
2954,CN-202021-4497265,2022-02-22,2022-02-26,标准级,罗霖-17530,罗霖,消费者,平度,山东,中国,华东,办公用-装订-10000440,办公用品,装订机,"Avery 装订机盖, 耐用",58.66,1,0.0,16.38
2955,CN-202021-4497265,2022-02-22,2022-02-26,标准级,罗霖-17530,罗霖,消费者,平度,山东,中国,华东,家具-书架-10001213,家具,书架,"宜家 书架, 黑色",3470.04,6,0.0,1700.16
2975,CN-202021-3490090,2022-11-01,2022-11-08,标准级,施立-16690,施立伟,公司,忻州,湖北,中国,中南,办公用-标签-10004932,办公用品,标签,"Novimex 运输标签, 红色",100.8,2,0.0,42.28
2976,CN-202021-3490090,2022-11-01,2022-11-08,标准级,施立-16690,施立伟,公司,忻州,湖北,中国,中南,办公用-收纳-10000480,办公用品,收纳具,"Tenex 锁柜, 蓝色",1905.4,2,0.0,952.56
2977,CN-202021-3490090,2022-11-01,2022-11-08,标准级,施立-16690,施立伟,公司,忻州,湖北,中国,中南,家具-用具-10001578,家具,用具,"Deflect-O 闹钟, 一包多件",846.216,6,0.4,55.776
2979,CN-202021-1069751,2022-07-02,2022-07-07,二级,韩廉-17230,韩廉,消费者,深圳,广东,中国,中南,办公用-装订-10004464,办公用品,装订机,"Wilson Jones 标签, 实惠",120.4,4,0.0,48.16
2980,CN-202021-1069751,2022-07-02,2022-07-07,二级,韩廉-17230,韩廉,消费者,深圳,广东,中国,中南,技术-复印-10004286,技术,复印机,"Hewlett 墨水, 彩色",1401.12,2,0.0,168.0
2981,CN-202021-1069751,2022-07-02,2022-07-07,二级,韩廉-17230,韩廉,消费者,深圳,广东,中国,中南,办公用-标签-10000058,办公用品,标签,"Novimex 运输标签, 白色",358.68,7,0.0,168.56
2982,CN-202021-1069751,2022-07-02,2022-07-07,二级,韩廉-17230,韩廉,消费者,深圳,广东,中国,中南,办公用-用品-10004642,办公用品,用品,"Fiskars 修剪器, 钢",583.8,3,0.0,238.98
2983,CN-202021-1069751,2022-07-02,2022-07-07,二级,韩廉-17230,韩廉,消费者,深圳,广东,中国,中南,家具-书架-10003617,家具,书架,"Bush 书架, 黑色",1165.36,2,0.0,291.2
2991,CN-202021-5966135,2022-07-25,2022-07-29,标准级,黄娜-18505,黄娜,消费者,濮阳,河南,中国,中南,办公用-美术-10000387,办公用品,美术,"BIC 荧光笔, 金属",150.752,2,0.2,43.232
2992,CN-202021-5966135,2022-07-25,2022-07-29,标准级,黄娜-18505,黄娜,消费者,濮阳,河南,中国,中南,办公用-器具-10000254,办公用品,器具,"KitchenAid 咖啡研磨机, 白色",1600.9,5,0.0,287.7
2996,CN-202021-3813285,2022-11-29,2022-12-05,标准级,许辉-12565,许辉,消费者,南麻,山东,中国,华东,办公用-装订-10004585,办公用品,装订机,"Ibico 打孔机, 回收",287.56,2,0.0,51.52
2998,CN-202021-3138520,2022-04-13,2022-04-17,标准级,殷保-10390,殷保,消费者,成都,四川,中国,西南,家具-椅子-10002078,家具,椅子,"Office Star 凳子, 黑色",2401.14,5,0.4,-1560.86
2999,CN-202021-3138520,2022-04-13,2022-04-17,标准级,殷保-10390,殷保,消费者,成都,四川,中国,西南,技术-电话-10000073,技术,电话,"摩托罗拉 信号增强器, 混合尺寸",1634.976,4,0.4,-572.544
3003,US-202021-2470286,2022-11-06,2022-11-10,标准级,白忠-11515,白忠,消费者,利川,湖北,中国,中南,办公用-美术-10000396,办公用品,美术,"Stanley 钢笔, 混合尺寸",24.696,2,0.8,-78.064
3004,CN-202021-5088485,2022-08-31,2022-09-06,标准级,薛柏-18985,薛柏,小型企业,北京,北京,中国,华北,办公用-装订-10002049,办公用品,装订机,"Ibico 装订机盖, 透明",183.54,3,0.0,31.08
3005,CN-202021-5717181,2022-03-22,2022-03-26,标准级,邹伟-21610,邹伟,消费者,长沙,湖南,中国,中南,办公用-用品-10000030,办公用品,用品,"Acme 尺子, 锯齿状",563.22,9,0.0,212.94
3006,CN-202021-5717181,2022-03-22,2022-03-26,标准级,邹伟-21610,邹伟,消费者,长沙,湖南,中国,中南,办公用-器具-10000945,办公用品,器具,"KitchenAid 微波炉, 红色",7240.8,5,0.0,3040.8
3007,CN-202021-5717181,2022-03-22,2022-03-26,标准级,邹伟-21610,邹伟,消费者,长沙,湖南,中国,中南,家具-用具-10002284,家具,用具,"Rubvermaid 闹钟, 优质",455.28,2,0.0,18.2
3008,CN-202021-5717181,2022-03-22,2022-03-26,标准级,邹伟-21610,邹伟,消费者,长沙,湖南,中国,中南,办公用-器具-10003572,办公用品,器具,"Breville 咖啡研磨机, 黑色",1430.1,5,0.0,385.7
3033,CN-202021-5623341,2022-10-27,2022-10-30,一级,田磊-16120,田磊,小型企业,青岛,山东,中国,华东,办公用-美术-10000575,办公用品,美术,"Binney & Smith 画布, 金属",1718.92,7,0.0,119.56
3034,CN-202021-5623341,2022-10-27,2022-10-30,一级,田磊-16120,田磊,小型企业,青岛,山东,中国,华东,家具-书架-10001371,家具,书架,"Safco 古典书架, 传统",6134.1,3,0.0,1656.06
3035,CN-202021-3819209,2022-07-17,2022-07-24,标准级,余嫒-10075,余嫒,公司,鸡东,黑龙江,中国,东北,办公用-用品-10002091,办公用品,用品,"Fiskars 美工刀, 工业",519.96,3,0.0,62.16
3036,CN-202021-3819209,2022-07-17,2022-07-24,标准级,余嫒-10075,余嫒,公司,鸡东,黑龙江,中国,东北,技术-设备-10003033,技术,设备,"StarTech 喷墨打印机, 耐用",8452.92,6,0.0,3042.48
3046,CN-202021-5180154,2022-12-12,2022-12-17,标准级,胡凤-12850,胡凤,消费者,长春,吉林,中国,东北,家具-桌子-10004227,家具,桌子,"Bevis 圆桌, 长方形",16246.44,9,0.25,2814.84
3052,CN-202021-2852208,2022-09-26,2022-10-03,标准级,孙辉-12625,孙辉,小型企业,深圳,广东,中国,中南,办公用-器具-10002486,办公用品,器具,"Hoover 烤面包机, 银色",393.82,1,0.0,153.58
3053,CN-202021-2852208,2022-09-26,2022-10-03,标准级,孙辉-12625,孙辉,小型企业,深圳,广东,中国,中南,家具-桌子-10003557,家具,桌子,"Chromcraft 培训桌, 组装",4993.8,5,0.25,-1332.1
3055,US-202021-4719054,2022-11-05,2022-11-07,二级,徐蔓-17965,徐蔓楚,公司,蚌埠,安徽,中国,华东,办公用-美术-10000566,办公用品,美术,"Binney & Smith 荧光笔, 整包",251.776,4,0.2,-25.424
3057,CN-202021-5779998,2022-10-12,2022-10-12,当日,徐君-15295,徐君,消费者,南宁,广西,中国,中南,家具-椅子-10000210,家具,椅子,"Harbour Creations 扶手椅, 每套两件",5995.836,3,0.1,599.256
3096,CN-202021-4537572,2022-01-18,2022-01-23,二级,钱宁-18655,钱宁,公司,天津,天津,中国,华北,办公用-收纳-10002706,办公用品,收纳具,"Eldon 盘, 金属",878.08,4,0.0,394.8
3097,CN-202021-4537572,2022-01-18,2022-01-23,二级,钱宁-18655,钱宁,公司,天津,天津,中国,华北,办公用-收纳-10001197,办公用品,收纳具,"Eldon 锁柜, 单宽度",5542.32,6,0.0,2604.84
3098,CN-202021-4537572,2022-01-18,2022-01-23,二级,钱宁-18655,钱宁,公司,天津,天津,中国,华北,办公用-收纳-10003557,办公用品,收纳具,"Fellowes 搁板, 蓝色",269.92,1,0.0,72.8
3105,CN-202021-4027651,2022-07-04,2022-07-07,二级,毛升-20155,毛升,小型企业,萍乡,江西,中国,华东,办公用-用品-10004652,办公用品,用品,"Stiletto 开信刀, 钢",777.84,6,0.0,38.64
3106,CN-202021-4027651,2022-07-04,2022-07-07,二级,毛升-20155,毛升,小型企业,萍乡,江西,中国,华东,技术-配件-10000668,技术,配件,"SanDisk 路由器, 可编程",1203.3,1,0.0,336.84
3134,CN-202021-3064630,2022-11-17,2022-11-17,当日,白聪-11695,白聪,公司,北京,北京,中国,华北,家具-书架-10000835,家具,书架,"Dania 搁架, 金属",2363.34,3,0.0,283.5
3135,CN-202021-3064630,2022-11-17,2022-11-17,当日,白聪-11695,白聪,公司,北京,北京,中国,华北,家具-书架-10004733,家具,书架,"宜家 古典书架, 白色",3866.52,2,0.0,1082.48
3164,CN-202021-3476344,2022-12-19,2022-12-24,标准级,吕欢-14155,吕欢悦,消费者,兴城,辽宁,中国,东北,技术-复印-10003759,技术,复印机,"Hewlett 复印机, 红色",733.236,1,0.4,-48.944
3165,CN-202021-3476344,2022-12-19,2022-12-24,标准级,吕欢-14155,吕欢悦,消费者,兴城,辽宁,中国,东北,家具-书架-10000167,家具,书架,"Dania 书架, 黑色",1376.928,4,0.4,-505.232
3166,CN-202021-3476344,2022-12-19,2022-12-24,标准级,吕欢-14155,吕欢悦,消费者,兴城,辽宁,中国,东北,办公用-美术-10003689,办公用品,美术,"BIC 荧光笔, 蓝色",53.004,3,0.8,-162.036
3196,CN-202021-2648094,2022-10-09,2022-10-14,标准级,黄康-15355,黄康,消费者,铜川,陕西,中国,西北,家具-用具-10002448,家具,用具,"Tenex 闹钟, 优质",228.06,1,0.0,59.22
3197,CN-202021-2648094,2022-10-09,2022-10-14,标准级,黄康-15355,黄康,消费者,铜川,陕西,中国,西北,办公用-装订-10000548,办公用品,装订机,"Avery 孔加固材料, 实惠",20.58,1,0.0,9.38
3210,CN-202021-5266113,2022-09-26,2022-09-28,二级,贾伟-21415,贾伟,消费者,上海,上海,中国,华东,办公用-器具-10001974,办公用品,器具,"Cuisinart 咖啡研磨机, 黑色",177.52,1,0.0,17.64
3211,CN-202021-4226799,2022-11-01,2022-11-05,标准级,程欢-14110,程欢悦,消费者,天津,天津,中国,华北,办公用-信封-10001614,办公用品,信封,"Cameo 搭扣信封, 红色",669.9,11,0.0,328.02
3213,CN-202021-1455994,2022-08-24,2022-08-28,标准级,杨欢-14275,杨欢,公司,德州,山东,中国,华东,办公用-收纳-10000409,办公用品,收纳具,"Smead 盘, 金属",665.7,3,0.0,266.28
3214,CN-202021-1455994,2022-08-24,2022-08-28,标准级,杨欢-14275,杨欢,公司,德州,山东,中国,华东,家具-用具-10002855,家具,用具,"Deflect-O 分层置放架, 黑色",118.02,1,0.0,44.8
3215,CN-202021-1455994,2022-08-24,2022-08-28,标准级,杨欢-14275,杨欢,公司,德州,山东,中国,华东,办公用-纸张-10003968,办公用品,纸张,"SanDisk 备忘录便条, 优质",237.72,3,0.0,11.76
3216,CN-202021-1455994,2022-08-24,2022-08-28,标准级,杨欢-14275,杨欢,公司,德州,山东,中国,华东,技术-配件-10000668,技术,配件,"SanDisk 路由器, 可编程",6016.5,5,0.0,1684.2
3219,US-202021-3325239,2022-04-28,2022-05-01,二级,邢立-16645,邢立荣,消费者,营口,辽宁,中国,东北,家具-用具-10001348,家具,用具,"Advantus 相框, 一包多件",148.512,1,0.4,-59.528
3220,CN-202021-2306215,2022-03-22,2022-03-24,二级,陈晨-11095,陈晨,公司,广元,四川,中国,西南,办公用-收纳-10002440,办公用品,收纳具,"Tenex 文件车, 蓝色",3755.64,6,0.0,299.88
3221,CN-202021-2306215,2022-03-22,2022-03-24,二级,陈晨-11095,陈晨,公司,广元,四川,中国,西南,办公用-纸张-10003833,办公用品,纸张,"Enermax 计划信息表, 多色",223.16,2,0.0,33.32
3222,CN-202021-2306215,2022-03-22,2022-03-24,二级,陈晨-11095,陈晨,公司,广元,四川,中国,西南,技术-电话-10004558,技术,电话,"思科 办公室电话机, 整包",451.08,2,0.4,-180.6
3223,CN-202021-2306215,2022-03-22,2022-03-24,二级,陈晨-11095,陈晨,公司,广元,四川,中国,西南,家具-用具-10000294,家具,用具,"Tenex 灯泡, 一包多件",106.344,2,0.4,-31.976
3224,CN-202021-2306215,2022-03-22,2022-03-24,二级,陈晨-11095,陈晨,公司,广元,四川,中国,西南,办公用-收纳-10000409,办公用品,收纳具,"Smead 盘, 金属",221.9,1,0.0,88.76
3225,CN-202021-2306215,2022-03-22,2022-03-24,二级,陈晨-11095,陈晨,公司,广元,四川,中国,西南,技术-电话-10003828,技术,电话,"摩托罗拉 充电器, 混合尺寸",14460.096,8,0.4,-6748.224
3226,CN-202021-2306215,2022-03-22,2022-03-24,二级,陈晨-11095,陈晨,公司,广元,四川,中国,西南,家具-桌子-10001906,家具,桌子,"Bevis 咖啡桌, 黑色",1187.872,2,0.6,-1633.408
3227,CN-202021-2306215,2022-03-22,2022-03-24,二级,陈晨-11095,陈晨,公司,广元,四川,中国,西南,办公用-信封-10003132,办公用品,信封,"Jiffy 搭扣信封, 每套 50 个",278.32,7,0.0,74.48
3242,CN-202021-1261828,2022-02-13,2022-02-19,标准级,孙荷-13750,孙荷,公司,北京,北京,中国,华北,办公用-标签-10004705,办公用品,标签,"Harbour Creations 合法证物标签, 可调",41.3,1,0.0,0.28
3263,CN-202021-2904914,2022-06-30,2022-07-04,标准级,肖菊-15010,肖菊,公司,南宁,广西,中国,中南,办公用-纸张-10004404,办公用品,纸张,"Eaton 计划信息表, 优质",288.12,3,0.0,63.0
3264,CN-202021-2904914,2022-06-30,2022-07-04,标准级,肖菊-15010,肖菊,公司,南宁,广西,中国,中南,技术-电话-10004846,技术,电话,"摩托罗拉 音频基座, 蓝色",2427.18,3,0.0,1164.66
3265,CN-202021-2904914,2022-06-30,2022-07-04,标准级,肖菊-15010,肖菊,公司,南宁,广西,中国,中南,家具-椅子-10000951,家具,椅子,"Hon 椅垫, 红色",699.678,3,0.1,155.358
3266,CN-202021-2989709,2022-07-26,2022-07-28,二级,楚丽-17320,楚丽丽,小型企业,扬州,江苏,中国,华东,家具-书架-10004006,家具,书架,"Sauder 柜, 黑色",2352.42,5,0.4,-823.48
3267,CN-202021-2989709,2022-07-26,2022-07-28,二级,楚丽-17320,楚丽丽,小型企业,扬州,江苏,中国,华东,家具-用具-10004678,家具,用具,"Eldon 闹钟, 优质",463.176,3,0.4,-285.684
3268,CN-202021-2989709,2022-07-26,2022-07-28,二级,楚丽-17320,楚丽丽,小型企业,扬州,江苏,中国,华东,家具-椅子-10004006,家具,椅子,"Novimex 扶手椅, 黑色",6377.28,5,0.4,-106.82
3269,CN-202021-2989709,2022-07-26,2022-07-28,二级,楚丽-17320,楚丽丽,小型企业,扬州,江苏,中国,华东,技术-复印-10004286,技术,复印机,"Hewlett 墨水, 彩色",840.672,2,0.4,-392.448
3270,CN-202021-2989709,2022-07-26,2022-07-28,二级,楚丽-17320,楚丽丽,小型企业,扬州,江苏,中国,华东,办公用-标签-10004976,办公用品,标签,"Hon 可去除的标签, 红色",188.16,4,0.0,40.88
3271,CN-202021-2989709,2022-07-26,2022-07-28,二级,楚丽-17320,楚丽丽,小型企业,扬州,江苏,中国,华东,家具-用具-10001078,家具,用具,"Advantus 灯泡, 优质",156.996,3,0.4,-78.624
3280,CN-202021-4433229,2022-09-10,2022-09-13,二级,贾嫒-10030,贾嫒,公司,南岔,黑龙江,中国,东北,办公用-装订-10001901,办公用品,装订机,"Acco 孔加固材料, 回收",98.28,3,0.0,1.68
3281,CN-202021-4433229,2022-09-10,2022-09-13,二级,贾嫒-10030,贾嫒,公司,南岔,黑龙江,中国,东北,办公用-装订-10004255,办公用品,装订机,"Acco 打孔机, 回收",995.68,7,0.0,378.28
3292,CN-202021-4247811,2022-09-21,2022-09-27,标准级,俞荷-13780,俞荷,消费者,金昌,甘肃,中国,西北,办公用-收纳-10000984,办公用品,收纳具,"Eldon 文件夹, 工业",733.32,9,0.0,292.32
3302,CN-202021-1187433,2022-11-16,2022-11-20,标准级,洪康-15370,洪康,消费者,浦阳,浙江,中国,华东,办公用-收纳-10000335,办公用品,收纳具,"Tenex 盘, 金属",497.28,2,0.0,193.76
3303,CN-202021-1187433,2022-11-16,2022-11-20,标准级,洪康-15370,洪康,消费者,浦阳,浙江,中国,华东,办公用-信封-10002707,办公用品,信封,"Cameo 局间信封, 每套 50 个",442.68,2,0.0,168.0
3308,CN-202021-1361457,2022-08-28,2022-08-28,当日,熊荣-19720,熊荣,消费者,天津,天津,中国,华北,办公用-系固-10004160,办公用品,系固件,"Accos 按钉, 每包 12 个",195.3,3,0.0,0.0
3312,CN-202021-2548759,2022-08-28,2022-09-01,标准级,白松-20740,白松,小型企业,广州,广东,中国,中南,办公用-收纳-10001690,办公用品,收纳具,"Eldon 搁板, 蓝色",451.92,2,0.0,54.04
3313,CN-202021-2548759,2022-08-28,2022-09-01,标准级,白松-20740,白松,小型企业,广州,广东,中国,中南,家具-椅子-10002286,家具,椅子,"SAFCO 椅垫, 红色",753.732,3,0.1,91.812
3314,CN-202021-2548759,2022-08-28,2022-09-01,标准级,白松-20740,白松,小型企业,广州,广东,中国,中南,办公用-装订-10003846,办公用品,装订机,"Cardinal 装订机, 耐用",214.62,3,0.0,53.34
3315,CN-202021-2548759,2022-08-28,2022-09-01,标准级,白松-20740,白松,小型企业,广州,广东,中国,中南,办公用-装订-10002870,办公用品,装订机,"Ibico 标签, 回收",86.52,2,0.0,22.4
3316,CN-202021-1091379,2022-05-24,2022-05-28,标准级,潘荷-13735,潘荷,小型企业,保定,河北,中国,华北,办公用-用品-10002903,办公用品,用品,"Elite 大剪刀, 锯齿状",611.94,3,0.0,213.78
3317,CN-202021-1091379,2022-05-24,2022-05-28,标准级,潘荷-13735,潘荷,小型企业,保定,河北,中国,华北,办公用-装订-10000333,办公用品,装订机,"Cardinal 订书机, 回收",467.88,2,0.0,116.76
3329,CN-202021-2881872,2022-10-03,2022-10-08,标准级,常明-18340,常明媚,消费者,昌图,辽宁,中国,东北,办公用-用品-10004796,办公用品,用品,"Stiletto 大剪刀, 工业",556.752,4,0.4,-232.288
3345,CN-202021-5493255,2022-01-12,2022-01-17,二级,何芯-13945,何芯,消费者,重庆,重庆,中国,西南,技术-电话-10002893,技术,电话,"三星 智能手机, 全尺寸",1162.28,2,0.0,150.92
3347,US-202021-4092734,2022-02-18,2022-02-20,二级,付聪-11650,付聪,公司,武汉,湖北,中国,中南,办公用-信封-10000222,办公用品,信封,"Ames 商业信封, 回收",125.44,2,0.0,7.28
3386,CN-202021-3690158,2022-03-31,2022-04-05,标准级,贾嫒-10030,贾嫒,公司,周口,河南,中国,中南,办公用-信封-10000687,办公用品,信封,"Jiffy 马尼拉纸信封, 每套 50 个",364.14,3,0.0,65.52
3387,CN-202021-3690158,2022-03-31,2022-04-05,标准级,贾嫒-10030,贾嫒,公司,周口,河南,中国,中南,家具-用具-10000041,家具,用具,"Advantus 框架, 耐用",4037.6,8,0.0,1089.76
3394,CN-202021-4752200,2022-04-12,2022-04-16,二级,付霖-17515,付霖,公司,临沂,山东,中国,华东,家具-书架-10002353,家具,书架,"Bush 书库, 传统",8500.8,5,0.0,3910.2
3402,CN-202021-3534471,2022-06-05,2022-06-09,二级,孙荷-13750,孙荷,公司,上海,上海,中国,华东,家具-书架-10000720,家具,书架,"Bush 柜, 白色",680.82,1,0.0,197.4
3403,CN-202021-3534471,2022-06-05,2022-06-09,二级,孙荷-13750,孙荷,公司,上海,上海,中国,华东,家具-椅子-10002168,家具,椅子,"Hon 凳子, 黑色",2257.08,3,0.0,22.26
3414,CN-202021-2396895,2022-05-22,2022-05-27,标准级,孙诚-11320,孙诚,消费者,滁州,安徽,中国,华东,技术-配件-10002594,技术,配件,"SanDisk 键盘, 耐用",3049.76,8,0.0,90.72
3415,CN-202021-2396895,2022-05-22,2022-05-27,标准级,孙诚-11320,孙诚,消费者,滁州,安徽,中国,华东,办公用-信封-10003132,办公用品,信封,"Jiffy 搭扣信封, 每套 50 个",159.04,4,0.0,42.56
3416,CN-202021-2396895,2022-05-22,2022-05-27,标准级,孙诚-11320,孙诚,消费者,滁州,安徽,中国,华东,家具-书架-10001035,家具,书架,"Bush 柜, 金属",666.54,1,0.0,166.6
3417,CN-202021-2396895,2022-05-22,2022-05-27,标准级,孙诚-11320,孙诚,消费者,滁州,安徽,中国,华东,办公用-用品-10004353,办公用品,用品,"Elite 开信刀, 工业",269.92,2,0.0,118.72
3418,CN-202021-2396895,2022-05-22,2022-05-27,标准级,孙诚-11320,孙诚,消费者,滁州,安徽,中国,华东,办公用-信封-10003939,办公用品,信封,"Cameo 商业信封, 回收",220.5,3,0.0,44.1
3438,US-202021-5960733,2022-08-31,2022-09-04,标准级,周柏-18925,周柏,小型企业,广元,四川,中国,西南,技术-设备-10003259,技术,设备,"StarTech 喷墨打印机, 白色",1681.008,2,0.4,-448.392
3441,US-202021-2203847,2022-12-28,2023-01-01,标准级,付惠-14365,付惠,公司,大连,辽宁,中国,东北,办公用-装订-10003973,办公用品,装订机,"Ibico 装订机, 实惠",173.376,4,0.4,-32.144
3442,US-202021-2203847,2022-12-28,2023-01-01,标准级,付惠-14365,付惠,公司,大连,辽宁,中国,东北,家具-书架-10004006,家具,书架,"Sauder 柜, 黑色",1411.452,3,0.4,-494.088
3443,CN-202021-1850111,2022-07-31,2022-07-31,当日,苏磊-16090,苏磊,消费者,椒江,浙江,中国,华东,办公用-收纳-10002440,办公用品,收纳具,"Tenex 文件车, 蓝色",2503.76,4,0.0,199.92
3444,CN-202021-1850111,2022-07-31,2022-07-31,当日,苏磊-16090,苏磊,消费者,椒江,浙江,中国,华东,家具-用具-10000753,家具,用具,"Deflect-O 灯泡, 一包多件",266.7,5,0.4,-4.9
3445,CN-202021-5672005,2022-10-25,2022-10-29,标准级,郝升-20095,郝升,消费者,拉萨,西藏,中国,西南,家具-椅子-10003748,家具,椅子,"Harbour Creations 折叠椅, 红色",456.82,1,0.0,191.8
3446,CN-202021-5672005,2022-10-25,2022-10-29,标准级,郝升-20095,郝升,消费者,拉萨,西藏,中国,西南,办公用-装订-10002580,办公用品,装订机,"Wilson Jones 订书机, 透明",451.92,2,0.0,108.36
3466,CN-202021-1058371,2022-11-06,2022-11-09,二级,倪乐-17800,倪乐,小型企业,江门,广东,中国,中南,办公用-信封-10001318,办公用品,信封,"GlobeWeis 搭扣信封, 回收",121.8,3,0.0,18.06
3469,US-202021-3924364,2022-05-07,2022-05-12,标准级,郝柏-18940,郝柏,消费者,宁波,浙江,中国,华东,办公用-用品-10003240,办公用品,用品,"Kleencut 尺子, 蓝色",75.936,2,0.4,-29.344
3470,CN-202021-3509971,2022-02-09,2022-02-14,标准级,丁娇-14695,丁娇,公司,西安,陕西,中国,西北,办公用-标签-10000748,办公用品,标签,"Harbour Creations 可去除的标签, 可调",77.0,2,0.0,8.4
3471,CN-202021-4957098,2022-11-26,2022-11-30,标准级,袁敬-14980,袁敬,消费者,徐州,江苏,中国,华东,技术-复印-10000302,技术,复印机,"Hewlett 个人复印机, 每套两件",807.912,2,0.4,53.592
3473,CN-202021-1498954,2022-12-12,2022-12-14,二级,牛惠-14410,牛惠,小型企业,桂林,广西,中国,中南,家具-椅子-10004040,家具,椅子,"Harbour Creations 折叠椅, 黑色",3207.456,8,0.1,142.016
3480,CN-202021-5477816,2022-01-23,2022-01-25,二级,柯强-19360,柯强,消费者,惠州,广东,中国,中南,家具-桌子-10004719,家具,桌子,"Bevis 圆桌, 黑色",9068.325,5,0.25,1813.525
3518,CN-202021-2852208,2022-05-09,2022-05-14,标准级,徐杰-14740,徐杰,公司,洛阳,福建,中国,华东,办公用-信封-10002073,办公用品,信封,"Kraft 局间信封, 银色",230.16,1,0.0,50.54
3519,CN-202021-2852208,2022-05-09,2022-05-14,标准级,徐杰-14740,徐杰,公司,洛阳,福建,中国,华东,办公用-美术-10003419,办公用品,美术,"Stanley 记号笔, 整包",209.72,2,0.0,27.16
3523,CN-202021-1261828,2022-09-01,2022-09-06,二级,夏惠-14320,夏惠英,消费者,哈尔滨,黑龙江,中国,东北,办公用-收纳-10004402,办公用品,收纳具,"Smead 盘, 单宽度",679.14,3,0.0,128.94
3538,US-202021-3291123,2022-12-27,2022-12-27,当日,廖保-10330,廖保,消费者,无锡,江苏,中国,华东,办公用-信封-10000469,办公用品,信封,"Kraft 邮寄品, 红色",1345.54,7,0.0,484.12
3539,US-202021-3291123,2022-12-27,2022-12-27,当日,廖保-10330,廖保,消费者,无锡,江苏,中国,华东,办公用-信封-10001882,办公用品,信封,"Ames 邮寄品, 红色",919.1,5,0.0,394.8
3540,US-202021-3291123,2022-12-27,2022-12-27,当日,廖保-10330,廖保,消费者,无锡,江苏,中国,华东,办公用-信封-10001091,办公用品,信封,"Kraft 商业信封, 回收",284.48,4,0.0,90.72
3541,US-202021-3291123,2022-12-27,2022-12-27,当日,廖保-10330,廖保,消费者,无锡,江苏,中国,华东,家具-椅子-10004718,家具,椅子,"Novimex 折叠椅, 红色",920.976,4,0.4,-552.944
3542,US-202021-3291123,2022-12-27,2022-12-27,当日,廖保-10330,廖保,消费者,无锡,江苏,中国,华东,办公用-装订-10003504,办公用品,装订机,"Ibico 装订机, 耐用",95.088,2,0.4,-7.952
3546,CN-202021-5468349,2022-12-18,2022-12-20,一级,陈婉-21340,陈婉,消费者,晋江,福建,中国,华东,技术-复印-10002908,技术,复印机,"佳能 复印机, 数字化",6108.2,5,0.0,1099.0
3548,CN-202021-4178476,2022-02-02,2022-02-06,标准级,郭冬-12415,郭冬露,消费者,天津,天津,中国,华北,技术-复印-10004759,技术,复印机,"夏普 复印机, 数字化",1115.52,1,0.0,66.92
3565,CN-202021-3407073,2022-10-29,2022-11-02,标准级,陶昌-11065,陶昌,消费者,平庄,内蒙古,中国,华北,办公用-装订-10002545,办公用品,装订机,"Wilson Jones 订书机, 实惠",411.264,3,0.4,20.244
3567,CN-202021-2823186,2022-04-02,2022-04-06,标准级,田临-17470,田临耀,小型企业,鹤壁,河南,中国,中南,办公用-装订-10004167,办公用品,装订机,"Ibico 孔加固材料, 实惠",130.48,4,0.0,1.12
3568,CN-202021-4046246,2022-06-12,2022-06-19,标准级,常松-20575,常松,消费者,惠城,广东,中国,中南,技术-复印-10004447,技术,复印机,"佳能 复印机, 每套两件",3669.96,3,0.0,990.78
3581,CN-202021-3381572,2022-10-16,2022-10-21,标准级,陶恒-13645,陶恒,消费者,南昌,江西,中国,华东,办公用-收纳-10003186,办公用品,收纳具,"Rogers 盘, 单宽度",575.96,2,0.0,230.16
3582,CN-202021-3381572,2022-10-16,2022-10-21,标准级,陶恒-13645,陶恒,消费者,南昌,江西,中国,华东,家具-椅子-10000670,家具,椅子,"Office Star 凳子, 可调",2470.02,3,0.0,666.54
3583,CN-202021-3381572,2022-10-16,2022-10-21,标准级,陶恒-13645,陶恒,消费者,南昌,江西,中国,华东,办公用-装订-10004615,办公用品,装订机,"Wilson Jones 订书机, 耐用",1412.88,6,0.0,508.2
3598,CN-202021-5869022,2022-05-24,2022-05-28,标准级,许凤-12835,许凤,公司,濮阳,河南,中国,中南,家具-椅子-10001676,家具,椅子,"Hon 沙滩椅, 可调",800.352,4,0.1,70.672
3599,CN-202021-1435617,2022-11-15,2022-11-22,标准级,孙诚-11320,孙诚,消费者,上海,上海,中国,华东,家具-椅子-10002532,家具,椅子,"Hon 椅垫, 可调",541.52,2,0.0,270.76
3604,CN-202021-2998954,2022-05-22,2022-05-26,二级,陶莞-13300,陶莞颖,公司,运城,山西,中国,华北,办公用-信封-10000222,办公用品,信封,"Ames 商业信封, 回收",125.44,2,0.0,7.28
3607,CN-202021-5533473,2022-08-29,2022-09-03,标准级,陈惠-14290,陈惠英,小型企业,深圳,广东,中国,中南,家具-书架-10000759,家具,书架,"Sauder 书库, 黑色",21782.88,12,0.0,3049.2
3642,US-202021-5491871,2022-10-12,2022-10-13,一级,秦君-15175,秦君,小型企业,成都,四川,中国,西南,办公用-装订-10003973,办公用品,装订机,"Ibico 装订机, 实惠",476.784,11,0.4,-88.396
3643,US-202021-5491871,2022-10-12,2022-10-13,一级,秦君-15175,秦君,小型企业,成都,四川,中国,西南,办公用-收纳-10003557,办公用品,收纳具,"Fellowes 搁板, 蓝色",809.76,3,0.0,218.4
3644,US-202021-5491871,2022-10-12,2022-10-13,一级,秦君-15175,秦君,小型企业,成都,四川,中国,西南,办公用-装订-10001901,办公用品,装订机,"Acco 孔加固材料, 回收",58.968,3,0.4,-37.632
3659,CN-202021-1966627,2022-06-18,2022-06-18,当日,楚伟-21445,楚伟,公司,菏泽,山东,中国,华东,办公用-用品-10003575,办公用品,用品,"Stiletto 尺子, 蓝色",208.32,3,0.0,74.76
3660,CN-202021-1966627,2022-06-18,2022-06-18,当日,楚伟-21445,楚伟,公司,菏泽,山东,中国,华东,办公用-美术-10003628,办公用品,美术,"Boston 荧光笔, 蓝色",264.18,3,0.0,100.38
3661,CN-202021-1966627,2022-06-18,2022-06-18,当日,楚伟-21445,楚伟,公司,菏泽,山东,中国,华东,办公用-用品-10003717,办公用品,用品,"Elite 开信刀, 蓝色",127.4,1,0.0,1.26
3662,CN-202021-1966627,2022-06-18,2022-06-18,当日,楚伟-21445,楚伟,公司,菏泽,山东,中国,华东,办公用-器具-10001375,办公用品,器具,"Hamilton Beach 微波炉, 红色",2636.76,2,0.0,395.36
3669,CN-202021-3649263,2022-09-22,2022-09-24,二级,蒋安-10120,蒋安,小型企业,鞍山,辽宁,中国,东北,技术-复印-10001141,技术,复印机,"Brother 传真复印机, 每套两件",2680.86,5,0.4,-670.74
3670,CN-202021-1318873,2022-10-30,2022-11-03,标准级,陶武-21880,陶武,公司,济南,山东,中国,华东,家具-椅子-10004563,家具,椅子,"Office Star 沙滩椅, 可调",811.02,3,0.0,186.48
3671,CN-202021-1318873,2022-10-30,2022-11-03,标准级,陶武-21880,陶武,公司,济南,山东,中国,华东,办公用-信封-10000491,办公用品,信封,"Jiffy 搭扣信封, 回收",136.64,4,0.0,14.56
3672,CN-202021-1318873,2022-10-30,2022-11-03,标准级,陶武-21880,陶武,公司,济南,山东,中国,华东,家具-椅子-10002697,家具,椅子,"Novimex 摇椅, 每套两件",4366.88,7,0.0,960.4
3692,CN-202021-1187433,2022-11-02,2022-11-08,标准级,程蔓-17935,程蔓楚,消费者,乌达,内蒙古,中国,华北,办公用-装订-10002921,办公用品,装订机,"Wilson Jones 打孔机, 透明",538.02,7,0.4,-170.52
3693,CN-202021-1187433,2022-11-02,2022-11-08,标准级,程蔓-17935,程蔓楚,消费者,乌达,内蒙古,中国,华北,办公用-器具-10000022,办公用品,器具,"Hoover 冰箱, 白色",2936.64,2,0.4,489.44
3709,US-202021-2353754,2022-10-23,2022-10-29,标准级,佟斯-21025,佟斯云,小型企业,杭州,浙江,中国,华东,办公用-装订-10000994,办公用品,装订机,"Avery 装订机, 耐用",120.96,3,0.4,-12.18
3710,US-202021-2353754,2022-10-23,2022-10-29,标准级,佟斯-21025,佟斯云,小型企业,杭州,浙江,中国,华东,办公用-装订-10002707,办公用品,装订机,"Ibico 标签, 耐用",145.74,5,0.4,-48.86
3714,CN-202021-5300830,2022-10-24,2022-10-29,标准级,段强-19420,段强,公司,长沙,湖南,中国,中南,办公用-美术-10002159,办公用品,美术,"BIC 钢笔, 金属",290.08,5,0.2,101.08
3715,CN-202021-5300830,2022-10-24,2022-10-29,标准级,段强-19420,段强,公司,长沙,湖南,中国,中南,办公用-用品-10000963,办公用品,用品,"Fiskars 开信刀, 钢",382.62,3,0.0,149.1
3716,CN-202021-5300830,2022-10-24,2022-10-29,标准级,段强-19420,段强,公司,长沙,湖南,中国,中南,办公用-信封-10001526,办公用品,信封,"GlobeWeis 外皮和封条, 回收",188.44,2,0.0,9.24
3717,CN-202021-2720607,2022-05-29,2022-06-02,标准级,洪康-15370,洪康,消费者,秦皇岛,河北,中国,华北,家具-书架-10001278,家具,书架,"Bush 搁架, 黑色",4833.36,6,0.0,1401.12
3718,CN-202021-3922494,2022-05-23,2022-05-26,二级,周柏-18925,周柏,小型企业,烟台,山东,中国,华东,技术-配件-10004714,技术,配件,"罗技 键区, 实惠",1296.96,6,0.0,388.92
3719,CN-202021-3922494,2022-05-23,2022-05-26,二级,周柏-18925,周柏,小型企业,烟台,山东,中国,华东,办公用-美术-10001683,办公用品,美术,"Boston 画布, 蓝色",1251.6,5,0.0,162.4
3720,CN-202021-4687313,2022-10-29,2022-11-02,标准级,田丽-16495,田丽娜,公司,深圳,广东,中国,中南,家具-椅子-10002544,家具,椅子,"SAFCO 凳子, 黑色",2085.426,3,0.1,138.726
3721,CN-202021-5359666,2022-10-23,2022-10-23,当日,薛博-10510,薛博,消费者,天津,天津,中国,华北,办公用-纸张-10002346,办公用品,纸张,"Eaton 信纸, 回收",1472.94,7,0.0,721.28
3722,CN-202021-5359666,2022-10-23,2022-10-23,当日,薛博-10510,薛博,消费者,天津,天津,中国,华北,办公用-信封-10004088,办公用品,信封,"GlobeWeis 商业信封, 银色",368.48,4,0.0,80.64
3723,US-202021-2995973,2022-06-01,2022-06-07,标准级,李康-15385,李康,消费者,武汉,湖北,中国,中南,办公用-美术-10003314,办公用品,美术,"BIC 记号笔, 混合尺寸",221.088,8,0.8,-708.512
3724,CN-202021-1070056,2022-05-04,2022-05-07,一级,胡凤-12850,胡凤,消费者,东莞,广东,中国,中南,办公用-信封-10001989,办公用品,信封,"Jiffy 外皮和封条, 回收",87.78,1,0.0,8.68
3730,CN-202021-4875771,2022-12-27,2023-01-01,标准级,傅晨-11110,傅晨,公司,四平,吉林,中国,东北,家具-椅子-10002025,家具,椅子,"Novimex 折叠椅, 可调",2767.52,7,0.0,1355.34
3732,CN-202021-2584532,2022-11-22,2022-11-26,标准级,段杰-14800,段杰,公司,哈尔滨,黑龙江,中国,东北,家具-椅子-10003748,家具,椅子,"Harbour Creations 折叠椅, 红色",913.64,2,0.0,383.6
3733,CN-202021-5378913,2022-11-26,2022-11-30,标准级,邱刚-13120,邱刚,公司,成都,四川,中国,西南,办公用-系固-10001927,办公用品,系固件,"Accos 订书钉, 整包",153.3,5,0.4,17.5
3734,CN-202021-5378913,2022-11-26,2022-11-30,标准级,邱刚-13120,邱刚,公司,成都,四川,中国,西南,家具-椅子-10001310,家具,椅子,"SAFCO 沙滩椅, 每套两件",1013.124,7,0.4,151.704
3735,CN-202021-5378913,2022-11-26,2022-11-30,标准级,邱刚-13120,邱刚,公司,成都,四川,中国,西南,办公用-用品-10001168,办公用品,用品,"Acme 美工刀, 蓝色",211.68,2,0.4,-95.48
3736,CN-202021-5378913,2022-11-26,2022-11-30,标准级,邱刚-13120,邱刚,公司,成都,四川,中国,西南,办公用-器具-10002567,办公用品,器具,"Hoover 烤面包机, 黑色",697.788,3,0.4,92.988
3737,CN-202021-5378913,2022-11-26,2022-11-30,标准级,邱刚-13120,邱刚,公司,成都,四川,中国,西南,办公用-标签-10003550,办公用品,标签,"Avery 合法证物标签, 白色",264.6,5,0.0,65.8
3738,CN-202021-5378913,2022-11-26,2022-11-30,标准级,邱刚-13120,邱刚,公司,成都,四川,中国,西南,办公用-纸张-10004748,办公用品,纸张,"Eaton 羊皮纸, 优质",62.86,1,0.0,30.1
3760,CN-202021-3526566,2022-03-12,2022-03-17,标准级,常宣-20800,常宣,消费者,重庆,重庆,中国,西南,办公用-装订-10000850,办公用品,装订机,"Wilson Jones 装订机盖, 回收",161.7,3,0.0,28.98
3761,CN-202021-3526566,2022-03-12,2022-03-17,标准级,常宣-20800,常宣,消费者,重庆,重庆,中国,西南,办公用-美术-10002911,办公用品,美术,"Stanley 荧光笔, 金属",372.4,5,0.0,107.8
3764,CN-202021-1511005,2022-08-18,2022-08-25,标准级,万兰-15730,万兰,消费者,苏州,江苏,中国,华东,办公用-纸张-10000816,办公用品,纸张,"Green Bar 令, 优质",416.64,3,0.0,107.94
3765,CN-202021-1511005,2022-08-18,2022-08-25,标准级,万兰-15730,万兰,消费者,苏州,江苏,中国,华东,办公用-装订-10001078,办公用品,装订机,"Ibico 订书机, 回收",434.952,3,0.4,-14.868
3769,CN-202021-3898543,2022-06-12,2022-06-17,标准级,陈娟-15100,陈娟,消费者,上海,上海,中国,华东,技术-电话-10003347,技术,电话,"摩托罗拉 信号增强器, 全尺寸",2695.84,4,0.0,1078.0
3776,CN-202021-5598912,2022-05-18,2022-05-22,标准级,吕君-15250,吕君,消费者,安阳,河南,中国,中南,家具-椅子-10002209,家具,椅子,"Office Star 扶手椅, 每套两件",3945.312,2,0.1,175.112
3777,CN-202021-5598912,2022-05-18,2022-05-22,标准级,吕君-15250,吕君,消费者,安阳,河南,中国,中南,家具-用具-10004269,家具,用具,"Rubvermaid 灯泡, 优质",814.8,10,0.0,382.2
3779,CN-202021-5848215,2022-09-10,2022-09-16,标准级,薛磊-15985,薛磊,消费者,呼和浩特,内蒙古,中国,华北,办公用-装订-10002575,办公用品,装订机,"Wilson Jones 打孔机, 耐用",247.716,3,0.4,24.696
3787,CN-202021-4161431,2022-08-21,2022-08-25,二级,麦虹-13855,麦虹,公司,新乡,河南,中国,中南,办公用-装订-10001505,办公用品,装订机,"Cardinal 孔加固材料, 回收",133.0,5,0.0,63.7
3788,CN-202021-4161431,2022-08-21,2022-08-25,二级,麦虹-13855,麦虹,公司,新乡,河南,中国,中南,家具-椅子-10002670,家具,椅子,"Harbour Creations 沙滩椅, 每套两件",804.762,3,0.1,80.262
3795,US-202021-1573785,2022-10-09,2022-10-09,当日,贺丹-11950,贺丹,消费者,包头,内蒙古,中国,华北,家具-椅子-10002368,家具,椅子,"Office Star 扶手椅, 红色",6544.02,5,0.4,-545.58
3810,US-202021-4590873,2022-06-08,2022-06-12,标准级,毛丽-16225,毛丽美,公司,仙居,浙江,中国,华东,技术-复印-10001543,技术,复印机,"佳能 个人复印机, 彩色",807.408,2,0.4,-121.352
3824,CN-202021-1137701,2022-08-14,2022-08-19,标准级,余嫒-10075,余嫒,公司,凤城,辽宁,中国,东北,办公用-信封-10004437,办公用品,信封,"Jiffy 局间信封, 回收",633.36,3,0.0,12.6
3825,CN-202021-1137701,2022-08-14,2022-08-19,标准级,余嫒-10075,余嫒,公司,凤城,辽宁,中国,东北,家具-用具-10001426,家具,用具,"Rubvermaid 灯泡, 耐用",88.872,2,0.4,4.312
3829,CN-202021-4713954,2022-07-05,2022-07-05,当日,薛健-14560,薛健,公司,抚顺,辽宁,中国,东北,办公用-纸张-10003543,办公用品,纸张,"Enermax 笔记本, 优质",399.0,3,0.0,47.88
3834,CN-202021-5873075,2022-06-01,2022-06-05,标准级,徐谙-18895,徐谙,消费者,乐山,四川,中国,西南,家具-用具-10001122,家具,用具,"Rubvermaid 分层置放架, 一包多件",493.92,7,0.4,-288.12
3836,CN-202021-3378788,2022-10-02,2022-10-05,二级,陈霖-17500,陈霖,消费者,西安,陕西,中国,西北,技术-配件-10000300,技术,配件,"贝尔金 记忆卡, 实惠",1071.56,2,0.0,407.12
3844,CN-202021-3133210,2022-04-01,2022-04-07,标准级,任婵-10795,任婵娟,公司,太原,山西,中国,华北,办公用-装订-10004585,办公用品,装订机,"Ibico 打孔机, 回收",1150.24,8,0.0,206.08
3845,CN-202021-3133210,2022-04-01,2022-04-07,标准级,任婵-10795,任婵娟,公司,太原,山西,中国,华北,技术-复印-10003121,技术,复印机,"佳能 墨水, 数字化",5480.16,8,0.0,2574.88
3856,CN-202021-5468349,2022-08-07,2022-08-13,标准级,邓达-11785,邓达侠,消费者,合肥,安徽,中国,华东,办公用-纸张-10001831,办公用品,纸张,"SanDisk 令, 优质",556.08,4,0.0,155.68
3857,CN-202021-5468349,2022-08-07,2022-08-13,标准级,邓达-11785,邓达侠,消费者,合肥,安徽,中国,华东,家具-椅子-10003266,家具,椅子,"Harbour Creations 沙滩椅, 黑色",828.66,3,0.0,132.3
3858,CN-202021-5468349,2022-08-07,2022-08-13,标准级,邓达-11785,邓达侠,消费者,合肥,安徽,中国,华东,技术-复印-10001080,技术,复印机,"夏普 无线传真机, 彩色",10006.08,6,0.0,99.96
3859,CN-202021-5468349,2022-08-07,2022-08-13,标准级,邓达-11785,邓达侠,消费者,合肥,安徽,中国,华东,办公用-收纳-10000735,办公用品,收纳具,"Fellowes 文件夹, 单宽度",370.02,3,0.0,129.36
3860,CN-202021-5468349,2022-08-07,2022-08-13,标准级,邓达-11785,邓达侠,消费者,合肥,安徽,中国,华东,办公用-信封-10004278,办公用品,信封,"GlobeWeis 邮寄品, 银色",764.4,4,0.0,45.36
3865,CN-202021-4078386,2022-11-05,2022-11-12,标准级,肖保-10315,肖保,消费者,上海,上海,中国,华东,家具-椅子-10004282,家具,椅子,"Novimex 凳子, 红色",2302.44,3,0.0,183.96
3866,CN-202021-4078386,2022-11-05,2022-11-12,标准级,肖保-10315,肖保,消费者,上海,上海,中国,华东,办公用-纸张-10003091,办公用品,纸张,"施乐 笔记本, 回收",367.92,3,0.0,139.44
3867,CN-202021-3216455,2022-05-10,2022-05-14,标准级,常明-18340,常明媚,消费者,浯溪,湖南,中国,中南,办公用-标签-10000355,办公用品,标签,"Hon 有色标签, 耐用",492.8,8,0.0,181.44
3873,CN-202021-5631342,2022-12-18,2022-12-22,二级,邱荷-13690,邱荷,消费者,宁海,浙江,中国,华东,办公用-标签-10001969,办公用品,标签,"Harbour Creations 圆形标签, 红色",30.66,1,0.0,12.46
3874,CN-202021-5631342,2022-12-18,2022-12-22,二级,邱荷-13690,邱荷,消费者,宁海,浙江,中国,华东,办公用-系固-10002481,办公用品,系固件,"Accos 橡皮筋, 金属",141.12,3,0.4,-54.18
3900,CN-202021-2018203,2022-11-30,2022-12-02,二级,顾升-20125,顾升,小型企业,潼川,四川,中国,西南,办公用-收纳-10003484,办公用品,收纳具,"Tenex 盘, 单宽度",506.24,2,0.0,161.84
3925,CN-202021-3988119,2022-10-31,2022-11-02,二级,贺绅-19945,贺绅,消费者,丰镇,内蒙古,中国,华北,办公用-标签-10001201,办公用品,标签,"Avery 合法证物标签, 红色",52.08,1,0.0,5.6
3932,CN-202021-4759076,2022-12-16,2022-12-20,标准级,卢伟-21520,卢伟,消费者,淮南,安徽,中国,华东,办公用-收纳-10002430,办公用品,收纳具,"Rogers 文件车, 单宽度",1321.88,2,0.0,528.64
3933,CN-202021-4759076,2022-12-16,2022-12-20,标准级,卢伟-21520,卢伟,消费者,淮南,安徽,中国,华东,家具-用具-10000239,家具,用具,"Tenex 分层置放架, 耐用",207.76,2,0.0,37.24
3934,CN-202021-4759076,2022-12-16,2022-12-20,标准级,卢伟-21520,卢伟,消费者,淮南,安徽,中国,华东,办公用-信封-10001868,办公用品,信封,"Jiffy 商业信封, 红色",182.0,2,0.0,89.04
3935,CN-202021-4759076,2022-12-16,2022-12-20,标准级,卢伟-21520,卢伟,消费者,淮南,安徽,中国,华东,办公用-系固-10001658,办公用品,系固件,"Stockwell 回形针, 整包",441.0,7,0.0,92.12
3936,CN-202021-4759076,2022-12-16,2022-12-20,标准级,卢伟-21520,卢伟,消费者,淮南,安徽,中国,华东,办公用-纸张-10004686,办公用品,纸张,"SanDisk 信纸, 多色",697.62,3,0.0,188.16
3937,CN-202021-4759076,2022-12-16,2022-12-20,标准级,卢伟-21520,卢伟,消费者,淮南,安徽,中国,华东,办公用-装订-10002164,办公用品,装订机,"Avery 装订机, 透明",115.36,2,0.0,40.32
3947,CN-202021-5533473,2022-11-06,2022-11-06,当日,顾莲-16975,顾莲,小型企业,广州,广东,中国,中南,技术-电话-10004837,技术,电话,"思科 耳机, 整包",3718.26,9,0.0,1040.76
3953,CN-202021-4292548,2022-11-02,2022-11-05,二级,余舟-11455,余舟,小型企业,乐山,四川,中国,西南,办公用-用品-10002903,办公用品,用品,"Elite 大剪刀, 锯齿状",611.94,5,0.4,-51.66
3954,CN-202021-4292548,2022-11-02,2022-11-05,二级,余舟-11455,余舟,小型企业,乐山,四川,中国,西南,办公用-信封-10002222,办公用品,信封,"Kraft 马尼拉纸信封, 银色",134.82,1,0.0,33.6
3955,CN-202021-4292548,2022-11-02,2022-11-05,二级,余舟-11455,余舟,小型企业,乐山,四川,中国,西南,办公用-美术-10004690,办公用品,美术,"Binney & Smith 铅笔刀, 金属",52.136,2,0.8,-203.504
3957,CN-202021-3132230,2022-05-29,2022-06-04,标准级,康青-19585,康青,消费者,成都,四川,中国,西南,技术-复印-10001197,技术,复印机,"佳能 传真复印机, 数字化",2673.72,5,0.4,44.52
3960,US-202021-5334809,2022-09-25,2022-09-30,标准级,陈磊-15970,陈磊,消费者,江都,江苏,中国,华东,技术-电话-10004122,技术,电话,"诺基亚 耳机, 混合尺寸",850.752,4,0.4,-241.248
3965,CN-202021-4195666,2022-10-23,2022-10-27,标准级,曾幂-18100,曾幂,消费者,贵阳,贵州,中国,西南,办公用-美术-10002408,办公用品,美术,"Stanley 铅笔刀, 整包",584.5,5,0.0,186.9
3966,CN-202021-2396895,2022-08-10,2022-08-14,二级,徐虢-13600,徐虢,公司,济南,山东,中国,华东,办公用-纸张-10004731,办公用品,纸张,"Enermax 羊皮纸, 每包 12 个",273.42,3,0.0,103.74
3967,CN-202021-2396895,2022-08-10,2022-08-14,二级,徐虢-13600,徐虢,公司,济南,山东,中国,华东,办公用-装订-10000850,办公用品,装订机,"Wilson Jones 装订机盖, 回收",161.7,3,0.0,28.98
3968,CN-202021-2396895,2022-08-10,2022-08-14,二级,徐虢-13600,徐虢,公司,济南,山东,中国,华东,办公用-装订-10001715,办公用品,装订机,"Avery 订书机, 透明",676.2,3,0.0,263.34
3969,CN-202021-2396895,2022-08-10,2022-08-14,二级,徐虢-13600,徐虢,公司,济南,山东,中国,华东,家具-桌子-10003440,家具,桌子,"Hon 电脑桌, 组装",2764.776,2,0.4,-507.024
3970,CN-202021-2396895,2022-08-10,2022-08-14,二级,徐虢-13600,徐虢,公司,济南,山东,中国,华东,技术-复印-10004359,技术,复印机,"夏普 传真机, 彩色",12477.78,9,0.0,2370.06
3971,CN-202021-2396895,2022-08-10,2022-08-14,二级,徐虢-13600,徐虢,公司,济南,山东,中国,华东,技术-设备-10001705,技术,设备,"StarTech 电话, 多色",1043.28,3,0.0,208.32
3972,CN-202021-2396895,2022-08-10,2022-08-14,二级,徐虢-13600,徐虢,公司,济南,山东,中国,华东,技术-复印-10000099,技术,复印机,"Brother 个人复印机, 红色",3950.52,6,0.0,789.6
3974,CN-202021-3649263,2022-06-26,2022-07-01,标准级,卢壁-10450,卢壁,消费者,上海,上海,中国,华东,办公用-标签-10001271,办公用品,标签,"Smead 有色标签, 白色",304.5,5,0.0,145.6
3980,CN-202021-5404138,2022-09-07,2022-09-12,标准级,邹凤-13000,邹凤,消费者,西乡,河南,中国,中南,办公用-系固-10002031,办公用品,系固件,"Advantus 按钉, 整包",269.36,4,0.0,18.48
3986,US-202021-5443541,2022-08-22,2022-08-28,标准级,陈荷-13675,陈荷,小型企业,沈阳,辽宁,中国,东北,办公用-用品-10004820,办公用品,用品,"Fiskars 尺子, 锯齿状",93.492,3,0.4,-11.088
3987,US-202021-5443541,2022-08-22,2022-08-28,标准级,陈荷-13675,陈荷,小型企业,沈阳,辽宁,中国,东北,家具-用具-10003545,家具,用具,"Tenex 相框, 优质",423.864,3,0.4,-0.336
3988,US-202021-5443541,2022-08-22,2022-08-28,标准级,陈荷-13675,陈荷,小型企业,沈阳,辽宁,中国,东北,家具-椅子-10001116,家具,椅子,"Hon 摇椅, 红色",2925.888,8,0.4,243.488
3989,US-202021-5443541,2022-08-22,2022-08-28,标准级,陈荷-13675,陈荷,小型企业,沈阳,辽宁,中国,东北,家具-椅子-10003692,家具,椅子,"SAFCO 扶手椅, 红色",3876.012,3,0.4,258.132
4000,CN-202021-1924488,2022-06-29,2022-07-04,二级,邵鹏-19075,邵鹏,消费者,浯溪,湖南,中国,中南,家具-椅子-10003570,家具,椅子,"Harbour Creations 凳子, 每套两件",2297.862,3,0.1,689.262
4001,CN-202021-1924488,2022-06-29,2022-07-04,二级,邵鹏-19075,邵鹏,消费者,浯溪,湖南,中国,中南,家具-椅子-10002448,家具,椅子,"SAFCO 折叠椅, 红色",359.982,1,0.1,31.962
4005,CN-202021-5385461,2022-12-17,2022-12-23,标准级,万莞-13330,万莞颖,消费者,重庆,重庆,中国,西南,家具-书架-10004733,家具,书架,"宜家 古典书架, 白色",5799.78,3,0.0,1623.72
4006,CN-202021-5385461,2022-12-17,2022-12-23,标准级,万莞-13330,万莞颖,消费者,重庆,重庆,中国,西南,办公用-信封-10004057,办公用品,信封,"GlobeWeis 马尼拉纸信封, 回收",366.66,3,0.0,47.46
4007,CN-202021-5385461,2022-12-17,2022-12-23,标准级,万莞-13330,万莞颖,消费者,重庆,重庆,中国,西南,家具-用具-10001796,家具,用具,"Eldon 灯泡, 黑色",235.2,2,0.0,103.32
4008,CN-202021-5385461,2022-12-17,2022-12-23,标准级,万莞-13330,万莞颖,消费者,重庆,重庆,中国,西南,办公用-标签-10000859,办公用品,标签,"Hon 合法证物标签, 白色",152.04,3,0.0,4.2
4015,CN-202021-5497693,2022-11-05,2022-11-11,标准级,田丽-16495,田丽娜,公司,西安,陕西,中国,西北,办公用-装订-10000994,办公用品,装订机,"Avery 装订机, 耐用",67.2,1,0.0,22.82
4016,CN-202021-5497693,2022-11-05,2022-11-11,标准级,田丽-16495,田丽娜,公司,西安,陕西,中国,西北,家具-椅子-10002778,家具,椅子,"Office Star 沙滩椅, 每套两件",269.22,1,0.0,37.66
4017,CN-202021-5497693,2022-11-05,2022-11-11,标准级,田丽-16495,田丽娜,公司,西安,陕西,中国,西北,技术-电话-10002745,技术,电话,"苹果 智能手机, 蓝色",2301.6,4,0.0,690.48
4033,CN-202021-2966078,2022-05-18,2022-05-23,标准级,严盛-20410,严盛,消费者,佛山,广东,中国,中南,办公用-系固-10001319,办公用品,系固件,"OIC 夹子, 混合尺寸",321.44,4,0.0,31.92
4034,CN-202021-2966078,2022-05-18,2022-05-23,标准级,严盛-20410,严盛,消费者,佛山,广东,中国,中南,办公用-用品-10001056,办公用品,用品,"Stiletto 大剪刀, 蓝色",897.68,4,0.0,430.64
4045,CN-202021-4992845,2022-10-08,2022-10-11,一级,付立-16750,付立,消费者,济水,河南,中国,中南,家具-椅子-10002837,家具,椅子,"Office Star 折叠椅, 可调",3165.12,8,0.1,140.0
4056,CN-202021-1136628,2022-08-15,2022-08-21,标准级,范恒-13615,范恒,消费者,岳阳,湖南,中国,中南,家具-书架-10004683,家具,书架,"Bush 古典书架, 黑色",5796.42,3,0.0,1333.08
4063,CN-202021-5113626,2022-01-25,2022-01-31,标准级,蒋雯-21670,蒋雯,消费者,岳阳,湖南,中国,中南,家具-椅子-10004046,家具,椅子,"SAFCO 摇椅, 红色",1133.244,2,0.1,214.004
4064,CN-202021-5113626,2022-01-25,2022-01-31,标准级,蒋雯-21670,蒋雯,消费者,岳阳,湖南,中国,中南,办公用-装订-10001505,办公用品,装订机,"Cardinal 孔加固材料, 回收",79.8,3,0.0,38.22
4072,CN-202021-3211633,2022-04-24,2022-05-01,标准级,贺舟-11425,贺舟,消费者,韶关,广东,中国,中南,家具-书架-10003100,家具,书架,"宜家 墙角架, 传统",1148.56,2,0.0,413.28
4073,CN-202021-3211633,2022-04-24,2022-05-01,标准级,贺舟-11425,贺舟,消费者,韶关,广东,中国,中南,技术-复印-10001249,技术,复印机,"夏普 个人复印机, 数字化",1674.96,3,0.0,251.16
4074,CN-202021-3807036,2022-11-13,2022-11-17,标准级,邱德-12055,邱德,小型企业,长春,吉林,中国,东北,办公用-器具-10003268,办公用品,器具,"Hamilton Beach 搅拌机, 红色",663.04,2,0.0,139.16
4075,CN-202021-3807036,2022-11-13,2022-11-17,标准级,邱德-12055,邱德,小型企业,长春,吉林,中国,东北,技术-配件-10003153,技术,配件,"贝尔金 键区, 耐用",1622.88,6,0.0,145.32
4091,CN-202021-5816959,2022-06-30,2022-07-01,一级,佟虹-13885,佟虹,小型企业,广州,广东,中国,中南,家具-用具-10002269,家具,用具,"Rubvermaid 闹钟, 耐用",660.66,3,0.0,78.96
4092,CN-202021-5816959,2022-06-30,2022-07-01,一级,佟虹-13885,佟虹,小型企业,广州,广东,中国,中南,办公用-装订-10002115,办公用品,装订机,"Acco 打孔机, 实惠",421.68,3,0.0,12.6
4093,CN-202021-5816959,2022-06-30,2022-07-01,一级,佟虹-13885,佟虹,小型企业,广州,广东,中国,中南,办公用-信封-10003153,办公用品,信封,"Ames 商业信封, 银色",159.04,2,0.0,31.64
4119,CN-202021-2468928,2022-09-07,2022-09-10,二级,邱德-12055,邱德,小型企业,广州,广东,中国,中南,家具-椅子-10003795,家具,椅子,"Harbour Creations 沙滩椅, 红色",776.412,3,0.1,206.892
4120,CN-202021-2468928,2022-09-07,2022-09-10,二级,邱德-12055,邱德,小型企业,广州,广东,中国,中南,办公用-纸张-10000628,办公用品,纸张,"施乐 备忘录便条, 多色",69.72,1,0.0,1.26
4125,CN-202021-5684742,2022-08-25,2022-08-30,标准级,邓立-16900,邓立,消费者,深圳,广东,中国,中南,技术-复印-10001968,技术,复印机,"惠普 复印机, 红色",2257.64,2,0.0,45.08
4136,CN-202021-2396895,2022-04-10,2022-04-12,一级,孔关-15610,孔关茵,公司,绵阳,四川,中国,西南,技术-配件-10001306,技术,配件,"罗技 键盘, 可编程",1035.3,5,0.4,-328.3
4137,CN-202021-2396895,2022-04-10,2022-04-12,一级,孔关-15610,孔关茵,公司,绵阳,四川,中国,西南,办公用-器具-10003452,办公用品,器具,"KitchenAid 搅拌机, 黑色",550.368,2,0.4,-0.112
4138,CN-202021-3172853,2022-09-14,2022-09-16,二级,柯丽-15880,柯丽,消费者,咸阳,陕西,中国,西北,办公用-信封-10002784,办公用品,信封,"Kraft 搭扣信封, 红色",409.64,7,0.0,175.42
4140,CN-202021-5630783,2022-04-24,2022-04-29,标准级,王立-16585,王立勤,公司,天津,天津,中国,华北,办公用-美术-10001814,办公用品,美术,"BIC 画布, 金属",769.44,3,0.0,223.02
4141,CN-202021-5630783,2022-04-24,2022-04-29,标准级,王立-16585,王立勤,公司,天津,天津,中国,华北,技术-配件-10000405,技术,配件,"SanDisk 路由器, 实惠",4785.2,4,0.0,239.12
4142,CN-202021-5630783,2022-04-24,2022-04-29,标准级,王立-16585,王立勤,公司,天津,天津,中国,华北,办公用-装订-10004453,办公用品,装订机,"Acco 订书机, 透明",1179.5,5,0.0,377.3
4144,CN-202021-5712655,2022-12-11,2022-12-16,标准级,沈强-19375,沈强,消费者,珠海,广东,中国,中南,家具-椅子-10002450,家具,椅子,"Hon 折叠椅, 红色",1367.856,4,0.1,410.256
4149,US-202021-3981825,2022-09-15,2022-09-17,二级,巩晒-19795,巩晒明,小型企业,廉江,广东,中国,中南,办公用-美术-10002566,办公用品,美术,"Stanley 荧光笔, 混合尺寸",467.264,7,0.2,-47.236
4152,US-202021-5235171,2022-05-08,2022-05-13,标准级,何虢-13480,何虢,小型企业,武汉,湖北,中国,中南,家具-椅子-10002913,家具,椅子,"Office Star 椅垫, 每套两件",381.192,2,0.4,-50.848
4153,US-202021-5235171,2022-05-08,2022-05-13,标准级,何虢-13480,何虢,小型企业,武汉,湖北,中国,中南,办公用-用品-10001876,办公用品,用品,"Stiletto 大剪刀, 钢",797.832,6,0.4,-452.928
4154,US-202021-5235171,2022-05-08,2022-05-13,标准级,何虢-13480,何虢,小型企业,武汉,湖北,中国,中南,办公用-美术-10002159,办公用品,美术,"BIC 钢笔, 金属",101.528,7,0.8,-163.072
4170,CN-202021-1350603,2022-03-15,2022-03-15,当日,郝立-16570,郝立勤,消费者,晋江,海南,中国,中南,家具-用具-10001977,家具,用具,"Eldon 框架, 优质",536.06,1,0.0,246.54
4208,CN-202021-2938026,2022-05-25,2022-05-29,标准级,李蔓-17995,李蔓楚,小型企业,西安,陕西,中国,西北,技术-电话-10000498,技术,电话,"苹果 信号增强器, 蓝色",1275.4,2,0.0,586.6
4209,CN-202021-1261828,2022-05-14,2022-05-19,二级,施莲-17065,施莲,消费者,郑州,河南,中国,中南,技术-配件-10000207,技术,配件,"Enermax 闪存驱动器, 实惠",1162.56,6,0.0,499.8
4226,CN-202021-5106829,2022-03-14,2022-03-16,一级,丁婵-10990,丁婵,公司,抚顺,辽宁,中国,东北,办公用-信封-10004263,办公用品,信封,"Cameo 商业信封, 银色",270.9,3,0.0,40.32
4239,CN-202021-1569506,2022-02-09,2022-02-14,标准级,殷丽-17695,殷丽雪,消费者,昆明,云南,中国,西南,办公用-系固-10004655,办公用品,系固件,"Stockwell 夹子, 金属",265.44,3,0.0,132.72
4240,CN-202021-1569506,2022-02-09,2022-02-14,标准级,殷丽-17695,殷丽雪,消费者,昆明,云南,中国,西南,家具-用具-10001878,家具,用具,"Rubvermaid 闹钟, 黑色",1872.64,8,0.0,92.96
4262,CN-202021-3557528,2022-02-14,2022-02-16,二级,许辉-12565,许辉,消费者,绍兴,浙江,中国,华东,办公用-收纳-10002935,办公用品,收纳具,"Tenex 锁柜, 单宽度",1905.68,2,0.0,800.24
4268,CN-202021-1398732,2022-09-27,2022-10-01,二级,袁平-19210,袁平,公司,武汉,湖北,中国,中南,家具-书架-10002353,家具,书架,"Bush 书库, 传统",2040.192,2,0.4,203.952
4269,CN-202021-1398732,2022-09-27,2022-10-01,二级,袁平-19210,袁平,公司,武汉,湖北,中国,中南,办公用-纸张-10000928,办公用品,纸张,"Eaton 令, 每包 12 个",286.44,2,0.0,91.56
4273,CN-202021-5099065,2022-03-21,2022-03-23,一级,姚柏-19015,姚柏,消费者,大理,云南,中国,西南,办公用-收纳-10004188,办公用品,收纳具,"Smead 文件夹, 蓝色",163.24,2,0.0,66.92
4275,CN-202021-5021484,2022-05-24,2022-05-28,标准级,曾伟-21595,曾伟,消费者,上海,上海,中国,华东,家具-书架-10002501,家具,书架,"Sauder 搁架, 白色",1839.6,2,0.0,386.12
4276,US-202021-2136895,2022-03-15,2022-03-20,标准级,何根-13225,何根基,公司,池州,安徽,中国,华东,办公用-器具-10001071,办公用品,器具,"KitchenAid 烤面包机, 红色",2787.12,7,0.0,390.04
4282,CN-202021-4162714,2022-10-03,2022-10-05,一级,牛惠-14410,牛惠,小型企业,苏州,江苏,中国,华东,技术-复印-10000604,技术,复印机,"夏普 传真复印机, 彩色",1428.336,3,0.4,-214.284
4283,CN-202021-4162714,2022-10-03,2022-10-05,一级,牛惠-14410,牛惠,小型企业,苏州,江苏,中国,华东,家具-书架-10000835,家具,书架,"Dania 搁架, 金属",1418.004,3,0.4,-661.836
4284,CN-202021-4162714,2022-10-03,2022-10-05,一级,牛惠-14410,牛惠,小型企业,苏州,江苏,中国,华东,办公用-美术-10002634,办公用品,美术,"BIC 钢笔, 整包",13.58,1,0.8,-48.3
4286,CN-202021-5313470,2022-08-14,2022-08-16,二级,曹伟-21580,曹伟,消费者,岳阳,湖南,中国,中南,办公用-用品-10002717,办公用品,用品,"Fiskars 剪刀, 蓝色",324.24,3,0.0,38.64
4287,CN-202021-5313470,2022-08-14,2022-08-16,二级,曹伟-21580,曹伟,消费者,岳阳,湖南,中国,中南,办公用-装订-10004453,办公用品,装订机,"Acco 订书机, 透明",1887.2,8,0.0,603.68
4288,CN-202021-5313470,2022-08-14,2022-08-16,二级,曹伟-21580,曹伟,消费者,岳阳,湖南,中国,中南,家具-书架-10004069,家具,书架,"宜家 书架, 金属",1708.56,3,0.0,16.8
4289,CN-202021-5313470,2022-08-14,2022-08-16,二级,曹伟-21580,曹伟,消费者,岳阳,湖南,中国,中南,办公用-标签-10003583,办公用品,标签,"Hon 圆形标签, 红色",30.24,1,0.0,10.78
4299,CN-202021-4662338,2022-03-10,2022-03-14,标准级,郭刚-13150,郭刚,公司,北京,北京,中国,华北,办公用-纸张-10004033,办公用品,纸张,"Eaton 信纸, 多色",652.26,3,0.0,71.4
4300,CN-202021-3850588,2022-10-30,2022-11-01,二级,邓惠-14470,邓惠,消费者,厦门,福建,中国,华东,办公用-装订-10000127,办公用品,装订机,"Acco 标签, 透明",187.6,5,0.0,87.5
4301,CN-202021-3850588,2022-10-30,2022-11-01,二级,邓惠-14470,邓惠,消费者,厦门,福建,中国,华东,办公用-装订-10002116,办公用品,装订机,"Ibico 孔加固材料, 透明",210.7,7,0.0,29.4
4303,CN-202021-5630783,2022-09-05,2022-09-10,二级,施黎-16435,施黎明,消费者,肇庆,广东,中国,中南,办公用-用品-10001618,办公用品,用品,"Acme 大剪刀, 蓝色",1630.72,7,0.0,179.34
4304,CN-202021-5630783,2022-09-05,2022-09-10,二级,施黎-16435,施黎明,消费者,肇庆,广东,中国,中南,家具-用具-10000812,家具,用具,"Advantus 分层置放架, 耐用",655.2,6,0.0,202.44
4305,CN-202021-5630783,2022-09-05,2022-09-10,二级,施黎-16435,施黎明,消费者,肇庆,广东,中国,中南,办公用-信封-10001478,办公用品,信封,"Cameo 邮寄品, 每套 50 个",534.24,3,0.0,256.2
4306,CN-202021-3216455,2022-06-14,2022-06-14,当日,贺立-16780,贺立,公司,厦门,福建,中国,华东,办公用-信封-10002698,办公用品,信封,"Kraft 马尼拉纸信封, 每套 50 个",618.1,5,0.0,216.3
4318,CN-202021-3777715,2022-01-10,2022-01-14,标准级,彭欢-14230,彭欢,公司,重庆,重庆,中国,西南,办公用-装订-10003947,办公用品,装订机,"Cardinal 孔加固材料, 耐用",287.28,9,0.0,5.04
4319,CN-202021-3777715,2022-01-10,2022-01-14,标准级,彭欢-14230,彭欢,公司,重庆,重庆,中国,西南,家具-用具-10002425,家具,用具,"Advantus 闹钟, 优质",466.76,2,0.0,144.48
4320,CN-202021-3777715,2022-01-10,2022-01-14,标准级,彭欢-14230,彭欢,公司,重庆,重庆,中国,西南,办公用-器具-10000176,办公用品,器具,"Breville 烤面包机, 黑色",2842.56,8,0.0,624.96
4328,CN-202021-3530738,2022-05-19,2022-05-23,标准级,毛丽-16225,毛丽美,公司,淮南,安徽,中国,华东,办公用-信封-10004154,办公用品,信封,"Ames 马尼拉纸信封, 每套 50 个",115.22,1,0.0,13.72
4329,CN-202021-3530738,2022-05-19,2022-05-23,标准级,毛丽-16225,毛丽美,公司,淮南,安徽,中国,华东,办公用-信封-10004589,办公用品,信封,"GlobeWeis 商业信封, 回收",376.6,5,0.0,112.7
4330,CN-202021-3530738,2022-05-19,2022-05-23,标准级,毛丽-16225,毛丽美,公司,淮南,安徽,中国,华东,办公用-用品-10004353,办公用品,用品,"Elite 开信刀, 工业",944.72,7,0.0,415.52
4331,CN-202021-3530738,2022-05-19,2022-05-23,标准级,毛丽-16225,毛丽美,公司,淮南,安徽,中国,华东,办公用-系固-10003277,办公用品,系固件,"Stockwell 图钉, 每包 12 个",58.66,1,0.0,25.2
4337,CN-202021-1826929,2022-11-14,2022-11-18,标准级,任灵-17560,任灵,小型企业,西安,陕西,中国,西北,家具-桌子-10004634,家具,桌子,"Hon 圆桌, 黑色",2889.096,2,0.4,144.256
4338,CN-202021-1826929,2022-11-14,2022-11-18,标准级,任灵-17560,任灵,小型企业,西安,陕西,中国,西北,家具-用具-10004087,家具,用具,"Eldon 门挡, 耐用",440.44,2,0.0,140.84
4347,US-202021-5340374,2022-05-16,2022-05-18,一级,佘丽-15925,佘丽,消费者,南充,四川,中国,西南,技术-复印-10004761,技术,复印机,"Brother 复印机, 红色",2917.488,4,0.4,-146.272
4348,CN-202021-3197896,2022-11-15,2022-11-19,标准级,戴松-20755,戴松,公司,深圳,广东,中国,中南,办公用-系固-10004097,办公用品,系固件,"Advantus 回形针, 每包 12 个",312.2,5,0.0,86.8
4349,CN-202021-3766882,2022-03-01,2022-03-05,标准级,贾松-20590,贾松,消费者,合肥,安徽,中国,华东,办公用-器具-10004620,办公用品,器具,"Cuisinart 咖啡研磨机, 红色",360.36,2,0.0,111.44
4350,CN-202021-3766882,2022-03-01,2022-03-05,标准级,贾松-20590,贾松,消费者,合肥,安徽,中国,华东,技术-电话-10003227,技术,电话,"诺基亚 信号增强器, 整包",5099.36,8,0.0,1682.24
4363,CN-202021-5088485,2022-08-13,2022-08-15,一级,涂珑-17875,涂珑,小型企业,汕头,广东,中国,中南,办公用-信封-10003425,办公用品,信封,"GlobeWeis 马尼拉纸信封, 红色",1154.72,8,0.0,484.96
4373,US-202021-1179561,2022-05-29,2022-06-04,标准级,施平-19180,施平,小型企业,武汉,湖北,中国,中南,办公用-器具-10003572,办公用品,器具,"Breville 咖啡研磨机, 黑色",858.06,5,0.4,-186.34
4377,CN-202021-5740094,2022-05-09,2022-05-15,标准级,贺恒-13630,贺恒,消费者,天津,天津,中国,华北,办公用-器具-10003836,办公用品,器具,"Hoover 咖啡研磨机, 白色",1874.04,6,0.0,880.32
4382,CN-202021-5544334,2022-10-31,2022-11-07,标准级,邢谦-19270,邢谦,公司,汕头,广东,中国,中南,办公用-收纳-10003711,办公用品,收纳具,"Rogers 盒, 蓝色",223.72,2,0.0,111.72
4383,CN-202021-5544334,2022-10-31,2022-11-07,标准级,邢谦-19270,邢谦,公司,汕头,广东,中国,中南,技术-配件-10004826,技术,配件,"罗技 键区, 耐用",434.28,2,0.0,38.92
4384,CN-202021-5544334,2022-10-31,2022-11-07,标准级,邢谦-19270,邢谦,公司,汕头,广东,中国,中南,技术-配件-10002207,技术,配件,"Enermax 键区, 实惠",535.08,2,0.0,10.64
4385,CN-202021-5544334,2022-10-31,2022-11-07,标准级,邢谦-19270,邢谦,公司,汕头,广东,中国,中南,办公用-标签-10001936,办公用品,标签,"Smead 圆形标签, 耐用",204.12,6,0.0,24.36
4386,US-202021-5960733,2022-11-21,2022-11-27,标准级,郭刚-13150,郭刚,公司,集宁,内蒙古,中国,华北,办公用-信封-10001899,办公用品,信封,"Cameo 马尼拉纸信封, 银色",411.6,3,0.0,7.98
4387,US-202021-5960733,2022-11-21,2022-11-27,标准级,郭刚-13150,郭刚,公司,集宁,内蒙古,中国,华北,家具-书架-10001035,家具,书架,"Bush 柜, 金属",799.848,2,0.4,-200.032
4388,US-202021-5960733,2022-11-21,2022-11-27,标准级,郭刚-13150,郭刚,公司,集宁,内蒙古,中国,华北,办公用-收纳-10003626,办公用品,收纳具,"Eldon 文件车, 工业",5990.6,10,0.0,658.0
4392,CN-202021-4323224,2022-05-09,2022-05-14,标准级,袁丽-16555,袁丽娜,公司,石桥,广东,中国,中南,办公用-收纳-10003897,办公用品,收纳具,"Rogers 搁板, 金属",285.6,1,0.0,48.44
4409,CN-202021-4461870,2022-11-05,2022-11-05,当日,卢淑-20455,卢淑芳,消费者,泰州,江苏,中国,华东,办公用-标签-10004762,办公用品,标签,"Hon 运输标签, 耐用",109.76,2,0.0,53.76
4431,US-202021-4246507,2022-06-29,2022-07-04,标准级,梁安-10195,梁安,公司,济南,山东,中国,华东,办公用-系固-10001719,办公用品,系固件,"Accos 回形针, 混合尺寸",160.86,3,0.0,52.92
4432,US-202021-4246507,2022-06-29,2022-07-04,标准级,梁安-10195,梁安,公司,济南,山东,中国,华东,家具-书架-10004965,家具,书架,"Safco 搁架, 黑色",924.42,1,0.0,166.32
4433,US-202021-4246507,2022-06-29,2022-07-04,标准级,梁安-10195,梁安,公司,济南,山东,中国,华东,办公用-用品-10000918,办公用品,用品,"Acme 美工刀, 锯齿状",322.0,2,0.0,99.68
4434,US-202021-4246507,2022-06-29,2022-07-04,标准级,梁安-10195,梁安,公司,济南,山东,中国,华东,家具-用具-10000140,家具,用具,"Advantus 相框, 黑色",247.24,1,0.0,81.48
4435,US-202021-4246507,2022-06-29,2022-07-04,标准级,梁安-10195,梁安,公司,济南,山东,中国,华东,技术-电话-10000462,技术,电话,"思科 音频基座, 混合尺寸",862.96,1,0.0,77.56
4436,US-202021-4246507,2022-06-29,2022-07-04,标准级,梁安-10195,梁安,公司,济南,山东,中国,华东,办公用-标签-10001500,办公用品,标签,"Smead 圆形标签, 红色",62.72,2,0.0,30.52
4440,CN-202021-4240650,2022-10-02,2022-10-08,标准级,陶莞-13315,陶莞颖,消费者,弥阳,云南,中国,西南,办公用-系固-10003020,办公用品,系固件,"Stockwell 订书钉, 每包 12 个",137.76,3,0.0,12.18
4441,CN-202021-2606671,2022-05-02,2022-05-07,标准级,杨诚-11380,杨诚,公司,高密,山东,中国,华东,办公用-美术-10003972,办公用品,美术,"Boston 铅笔刀, 整包",545.44,4,0.0,255.92
4443,CN-202021-1455994,2022-05-04,2022-05-08,标准级,宋良-17170,宋良,公司,成都,四川,中国,西南,家具-书架-10004330,家具,书架,"Safco 书架, 黑色",841.848,2,0.4,-477.232
4450,CN-202021-3649263,2022-10-03,2022-10-09,标准级,王庆-19555,王庆缘,消费者,上海,上海,中国,华东,办公用-器具-10002060,办公用品,器具,"Hamilton Beach 咖啡研磨机, 银色",405.16,2,0.0,36.4
4451,CN-202021-3649263,2022-10-03,2022-10-09,标准级,王庆-19555,王庆缘,消费者,上海,上海,中国,华东,技术-配件-10004611,技术,配件,"Memorex 键盘, 可编程",339.92,1,0.0,37.38
4464,CN-202021-2190451,2022-08-20,2022-08-27,标准级,邱谦-19240,邱谦,消费者,北京,北京,中国,华北,家具-用具-10000539,家具,用具,"Tenex 门挡, 一包多件",205.1,1,0.0,69.72
4465,CN-202021-2190451,2022-08-20,2022-08-27,标准级,邱谦-19240,邱谦,消费者,北京,北京,中国,华北,家具-书架-10003449,家具,书架,"Bush 柜, 黑色",4727.52,7,0.0,944.72
4468,CN-202021-2578637,2022-08-29,2022-09-04,标准级,洪光-13420,洪光,公司,宣化,河北,中国,华北,办公用-纸张-10000928,办公用品,纸张,"Eaton 令, 每包 12 个",286.44,2,0.0,91.56
4469,CN-202021-2578637,2022-08-29,2022-09-04,标准级,洪光-13420,洪光,公司,宣化,河北,中国,华北,办公用-纸张-10003981,办公用品,纸张,"Green Bar 羊皮纸, 优质",77.84,1,0.0,12.32
4470,CN-202021-2578637,2022-08-29,2022-09-04,标准级,洪光-13420,洪光,公司,宣化,河北,中国,华北,家具-书架-10004733,家具,书架,"宜家 古典书架, 白色",5799.78,3,0.0,1623.72
4471,CN-202021-2105676,2022-10-16,2022-10-19,二级,马丽-16480,马丽娜,消费者,重庆,重庆,中国,西南,办公用-系固-10004954,办公用品,系固件,"Stockwell 按钉, 混合尺寸",55.16,1,0.0,17.08
4473,CN-202021-1190387,2022-11-29,2022-12-03,标准级,潘惠-14425,潘惠,消费者,新乡,河南,中国,中南,办公用-美术-10000574,办公用品,美术,"Sanford 铅笔刀, 金属",202.272,2,0.2,42.952
4475,CN-202021-1318873,2022-11-16,2022-11-21,标准级,佟虹-13885,佟虹,小型企业,濮阳,河南,中国,中南,家具-椅子-10002532,家具,椅子,"Hon 椅垫, 可调",1218.42,5,0.1,541.52
4476,CN-202021-1318873,2022-11-16,2022-11-21,标准级,佟虹-13885,佟虹,小型企业,濮阳,河南,中国,中南,技术-复印-10001701,技术,复印机,"Brother 墨水, 数字化",685.72,1,0.0,308.56
4477,CN-202021-1318873,2022-11-16,2022-11-21,标准级,佟虹-13885,佟虹,小型企业,濮阳,河南,中国,中南,办公用-美术-10001943,办公用品,美术,"Sanford 荧光笔, 金属",190.512,3,0.2,6.972
4478,CN-202021-3476344,2022-08-20,2022-08-27,标准级,邹涛-21265,邹涛,公司,桦甸,吉林,中国,东北,办公用-信封-10000469,办公用品,信封,"Kraft 邮寄品, 红色",384.44,2,0.0,138.32
4479,CN-202021-3476344,2022-08-20,2022-08-27,标准级,邹涛-21265,邹涛,公司,桦甸,吉林,中国,东北,技术-设备-10000152,技术,设备,"爱普生 喷墨打印机, 耐用",2877.84,2,0.0,892.08
4489,CN-202021-2017739,2022-01-18,2022-01-24,标准级,陶丽-17665,陶丽雪,公司,龙凤,黑龙江,中国,东北,办公用-美术-10000948,办公用品,美术,"Boston 速写本, 整包",547.344,3,0.2,54.684
4494,CN-202021-5533473,2022-03-12,2022-03-16,标准级,徐菊-15070,徐菊,消费者,株洲,湖南,中国,中南,办公用-用品-10001618,办公用品,用品,"Acme 大剪刀, 蓝色",1164.8,5,0.0,128.1
4495,CN-202021-5533473,2022-03-12,2022-03-16,标准级,徐菊-15070,徐菊,消费者,株洲,湖南,中国,中南,技术-复印-10004535,技术,复印机,"佳能 墨水, 彩色",693.42,1,0.0,62.3
4514,CN-202021-2098822,2022-02-22,2022-02-25,一级,韦诚-11365,韦诚,公司,昭通,云南,中国,西南,办公用-纸张-10003210,办公用品,纸张,"Enermax 计划信息表, 每包 12 个",994.56,8,0.0,267.68
4519,CN-202021-2831197,2022-07-06,2022-07-09,一级,钟庆-19510,钟庆缘,小型企业,宾州,山东,中国,华东,办公用-系固-10000163,办公用品,系固件,"Accos 按钉, 混合尺寸",111.72,2,0.0,0.0
4520,CN-202021-2831197,2022-07-06,2022-07-09,一级,钟庆-19510,钟庆缘,小型企业,宾州,山东,中国,华东,办公用-用品-10001696,办公用品,用品,"Stiletto 开信刀, 蓝色",662.2,5,0.0,65.8
4525,CN-202021-3789495,2022-05-07,2022-05-11,标准级,黄涛-21190,黄涛,小型企业,宾州,山东,中国,华东,办公用-信封-10004840,办公用品,信封,"GlobeWeis 搭扣信封, 银色",229.6,4,0.0,89.04
4545,US-202021-2222921,2022-12-25,2022-12-30,标准级,孔辉-12610,孔辉,公司,成都,四川,中国,西南,家具-桌子-10000262,家具,桌子,"Chromcraft 木桌, 白色",3619.168,4,0.6,-3800.272
4549,CN-202021-1738807,2022-08-28,2022-09-02,标准级,邢德-12160,邢德伟,消费者,驻马店,河南,中国,中南,技术-复印-10004535,技术,复印机,"佳能 墨水, 彩色",2773.68,4,0.0,249.2
4550,CN-202021-1738807,2022-08-28,2022-09-02,标准级,邢德-12160,邢德伟,消费者,驻马店,河南,中国,中南,家具-椅子-10002532,家具,椅子,"Hon 椅垫, 可调",1949.472,8,0.1,866.432
4553,CN-202021-4769676,2022-06-20,2022-06-27,标准级,邱刚-13120,邱刚,公司,烟台,山东,中国,华东,技术-配件-10004728,技术,配件,"Enermax 记忆卡, 可编程",1081.64,2,0.0,205.24
4554,CN-202021-4769676,2022-06-20,2022-06-27,标准级,邱刚-13120,邱刚,公司,烟台,山东,中国,华东,技术-电话-10003227,技术,电话,"诺基亚 信号增强器, 整包",4461.94,7,0.0,1471.96
4560,CN-202021-1734605,2022-08-16,2022-08-20,标准级,钱婵-10780,钱婵娟,公司,南昌,江西,中国,华东,办公用-收纳-10000375,办公用品,收纳具,"Smead 搁板, 单宽度",228.48,1,0.0,68.46
4563,US-202021-5908054,2022-12-13,2022-12-16,一级,薛荷-13705,薛荷,公司,大连,辽宁,中国,东北,技术-复印-10001635,技术,复印机,"佳能 复印机, 红色",3644.76,5,0.4,-2369.64
4567,CN-202021-3561948,2022-06-20,2022-06-22,二级,邵彩-10720,邵彩,小型企业,珠海,广东,中国,中南,技术-配件-10002905,技术,配件,"Enermax 键盘, 实惠",2336.88,6,0.0,771.12
4572,CN-202021-1966627,2022-12-31,2023-01-03,一级,倪爽-20545,倪爽,公司,济宁,山东,中国,华东,技术-设备-10003030,技术,设备,"松下 电话, 红色",1913.1,5,0.0,669.2
4592,CN-202021-2330845,2022-08-02,2022-08-05,二级,孟珊-19885,孟珊,公司,哈尔滨,黑龙江,中国,东北,技术-电话-10002996,技术,电话,"三星 办公室电话机, 蓝色",913.08,3,0.0,0.0
4595,CN-202021-4150128,2022-12-10,2022-12-11,当日,常盛-20305,常盛,消费者,温州,浙江,中国,华东,家具-椅子-10002415,家具,椅子,"Novimex 摇椅, 红色",1472.016,4,0.4,-245.504
4596,US-202021-5334809,2022-08-23,2022-08-27,标准级,顾升-20125,顾升,小型企业,平南,广西,中国,中南,办公用-收纳-10004131,办公用品,收纳具,"Rogers 文件夹, 金属",694.4,5,0.0,256.9
4612,CN-202021-2918417,2022-05-14,2022-05-16,一级,彭婉-21370,彭婉,公司,长沙,湖南,中国,中南,办公用-纸张-10002317,办公用品,纸张,"SanDisk 备忘录便条, 回收",236.46,3,0.0,65.94
4631,CN-202021-4150128,2022-01-03,2022-01-08,二级,洪毅-12490,洪毅,公司,宁波,浙江,中国,华东,办公用-器具-10000979,办公用品,器具,"Cuisinart 搅拌机, 白色",729.456,4,0.4,-206.864
4632,CN-202021-4150128,2022-01-03,2022-01-08,二级,洪毅-12490,洪毅,公司,宁波,浙江,中国,华东,技术-配件-10003153,技术,配件,"贝尔金 键区, 耐用",811.44,5,0.4,-419.86
4633,CN-202021-4150128,2022-01-03,2022-01-08,二级,洪毅-12490,洪毅,公司,宁波,浙江,中国,华东,家具-椅子-10001460,家具,椅子,"Harbour Creations 摇椅, 可调",418.824,1,0.4,-195.496
4634,CN-202021-4150128,2022-01-03,2022-01-08,二级,洪毅-12490,洪毅,公司,宁波,浙江,中国,华东,家具-椅子-10000979,家具,椅子,"Hon 凳子, 可调",930.384,2,0.4,-139.776
4635,CN-202021-1966017,2022-11-13,2022-11-17,二级,徐虹-13840,徐虹,公司,郑州,河南,中国,中南,家具-椅子-10004059,家具,椅子,"Novimex 扶手椅, 每套两件",5798.52,3,0.1,450.66
4645,CN-202021-5308381,2022-01-11,2022-01-13,二级,邢良-17140,邢良,消费者,唐河,河南,中国,中南,办公用-美术-10002785,办公用品,美术,"Binney & Smith 钢笔, 混合尺寸",56.448,1,0.2,15.428
4656,CN-202021-2957814,2022-11-24,2022-11-26,一级,韦磊-16135,韦磊,小型企业,昌图,辽宁,中国,东北,技术-配件-10000138,技术,配件,"贝尔金 鼠标, 可编程",354.564,3,0.4,-189.336
4657,CN-202021-2957814,2022-11-24,2022-11-26,一级,韦磊-16135,韦磊,小型企业,昌图,辽宁,中国,东北,办公用-信封-10002674,办公用品,信封,"Ames 马尼拉纸信封, 银色",632.1,5,0.0,37.8
4658,CN-202021-2957814,2022-11-24,2022-11-26,一级,韦磊-16135,韦磊,小型企业,昌图,辽宁,中国,东北,技术-配件-10004884,技术,配件,"SanDisk 键区, 实惠",619.92,4,0.4,-20.72
4659,CN-202021-2957814,2022-11-24,2022-11-26,一级,韦磊-16135,韦磊,小型企业,昌图,辽宁,中国,东北,家具-椅子-10000989,家具,椅子,"Office Star 摇椅, 每套两件",2405.088,6,0.4,-1483.272
4660,CN-202021-2957814,2022-11-24,2022-11-26,一级,韦磊-16135,韦磊,小型企业,昌图,辽宁,中国,东北,家具-椅子-10000128,家具,椅子,"Novimex 沙滩椅, 可调",1220.94,9,0.4,-773.64
4667,CN-202021-2161331,2022-06-22,2022-06-29,标准级,韦诚-11365,韦诚,公司,青岛,山东,中国,华东,家具-椅子-10000210,家具,椅子,"Harbour Creations 扶手椅, 每套两件",4441.36,2,0.0,843.64
4676,CN-202021-1182921,2022-10-13,2022-10-16,二级,武廉-17305,武廉,消费者,阿里河,内蒙古,中国,华北,办公用-装订-10004464,办公用品,装订机,"Wilson Jones 标签, 实惠",90.3,5,0.4,0.0
4677,CN-202021-1182921,2022-10-13,2022-10-16,二级,武廉-17305,武廉,消费者,阿里河,内蒙古,中国,华北,办公用-美术-10000566,办公用品,美术,"Binney & Smith 荧光笔, 整包",78.68,5,0.8,-267.82
4678,CN-202021-1182921,2022-10-13,2022-10-16,二级,武廉-17305,武廉,消费者,阿里河,内蒙古,中国,华北,家具-桌子-10001658,家具,桌子,"Chromcraft 培训桌, 白色",5874.176,11,0.6,-5874.484
4679,CN-202021-1182921,2022-10-13,2022-10-16,二级,武廉-17305,武廉,消费者,阿里河,内蒙古,中国,华北,家具-椅子-10002013,家具,椅子,"Harbour Creations 凳子, 红色",504.336,1,0.4,-168.224
4680,US-202021-4150614,2022-05-04,2022-05-08,二级,邱梦-18160,邱梦,消费者,杭州,浙江,中国,华东,技术-复印-10000101,技术,复印机,"惠普 个人复印机, 彩色",2112.264,6,0.4,-986.496
4681,US-202021-4150614,2022-05-04,2022-05-08,二级,邱梦-18160,邱梦,消费者,杭州,浙江,中国,华东,办公用-美术-10004410,办公用品,美术,"Boston 画布, 整包",100.632,2,0.8,-362.488
4682,US-202021-4150614,2022-05-04,2022-05-08,二级,邱梦-18160,邱梦,消费者,杭州,浙江,中国,华东,办公用-信封-10002280,办公用品,信封,"Jiffy 搭扣信封, 红色",619.08,11,0.0,301.84
4683,US-202021-4150614,2022-05-04,2022-05-08,二级,邱梦-18160,邱梦,消费者,杭州,浙江,中国,华东,办公用-系固-10002716,办公用品,系固件,"Stockwell 夹子, 金属",216.72,4,0.4,-126.56
4684,CN-202021-2900587,2022-04-20,2022-04-25,标准级,白聪-11695,白聪,公司,潍坊,山东,中国,华东,办公用-信封-10003240,办公用品,信封,"Kraft 局间信封, 回收",853.44,4,0.0,238.56
4685,CN-202021-2900587,2022-04-20,2022-04-25,标准级,白聪-11695,白聪,公司,潍坊,山东,中国,华东,技术-电话-10004578,技术,电话,"思科 智能手机, 蓝色",1292.48,2,0.0,258.44
4700,CN-202021-4687313,2022-04-02,2022-04-07,标准级,余雯-21835,余雯,消费者,沈阳,辽宁,中国,东北,技术-配件-10001234,技术,配件,"Memorex 鼠标, 可编程",415.38,5,0.4,-173.32
4701,CN-202021-4687313,2022-04-02,2022-04-07,标准级,余雯-21835,余雯,消费者,沈阳,辽宁,中国,东北,技术-设备-10002232,技术,设备,"StarTech 收据打印机, 耐用",619.92,2,0.4,-82.88
4709,US-202021-3566090,2022-07-04,2022-07-06,一级,白立-16660,白立荣,消费者,信阳,河南,中国,中南,家具-书架-10002612,家具,书架,"Bush 墙角架, 金属",2304.4,4,0.0,506.8
4715,CN-202021-5874531,2022-05-09,2022-05-12,一级,田丹-11995,田丹,消费者,上海,上海,中国,华东,办公用-器具-10002746,办公用品,器具,"Cuisinart 咖啡研磨机, 银色",551.04,3,0.0,38.22
4737,CN-202021-2697955,2022-03-10,2022-03-16,标准级,徐虢-13600,徐虢,公司,佳木斯,黑龙江,中国,东北,家具-椅子-10002919,家具,椅子,"Harbour Creations 沙滩椅, 可调",897.54,3,0.0,161.28
4738,CN-202021-2697955,2022-03-10,2022-03-16,标准级,徐虢-13600,徐虢,公司,佳木斯,黑龙江,中国,东北,家具-椅子-10002994,家具,椅子,"Office Star 折叠椅, 黑色",2916.48,7,0.0,203.84
4742,US-202021-5586841,2022-08-21,2022-08-24,二级,彭绅-19975,彭绅,公司,西昌,四川,中国,西南,家具-椅子-10001358,家具,椅子,"SAFCO 凳子, 每套两件",3335.724,7,0.4,-1834.756
4743,US-202021-5586841,2022-08-21,2022-08-24,二级,彭绅-19975,彭绅,公司,西昌,四川,中国,西南,家具-书架-10001278,家具,书架,"Bush 搁架, 黑色",1450.008,3,0.4,-266.112
4744,CN-202021-3415334,2022-05-28,2022-06-01,标准级,袁丽-16555,袁丽娜,公司,郑州,河南,中国,中南,家具-书架-10002309,家具,书架,"宜家 墙角架, 黑色",1741.74,3,0.0,191.52
4745,CN-202021-3415334,2022-05-28,2022-06-01,标准级,袁丽-16555,袁丽娜,公司,郑州,河南,中国,中南,技术-电话-10003653,技术,电话,"三星 充电器, 混合尺寸",14910.0,5,0.0,6709.5
4746,CN-202021-3415334,2022-05-28,2022-06-01,标准级,袁丽-16555,袁丽娜,公司,郑州,河南,中国,中南,办公用-收纳-10003626,办公用品,收纳具,"Eldon 文件车, 工业",2995.3,5,0.0,329.0
4753,US-202021-1776641,2022-04-17,2022-04-20,一级,曾康-15445,曾康,消费者,咸宁,湖北,中国,中南,技术-设备-10003910,技术,设备,"冲电器 收据打印机, 多色",1720.74,5,0.4,-487.76
4758,CN-202021-1751343,2022-08-16,2022-08-18,一级,林谙-18790,林谙,小型企业,北京,北京,中国,华北,办公用-系固-10002024,办公用品,系固件,"Stockwell 按钉, 整包",268.24,4,0.0,82.88
4766,CN-202021-1141510,2022-10-04,2022-10-10,标准级,朱丽-17335,朱丽丽,小型企业,牡丹江,黑龙江,中国,东北,技术-配件-10003881,技术,配件,"Memorex 键盘, 耐用",667.8,2,0.0,260.4
4772,CN-202021-2324964,2022-08-09,2022-08-15,标准级,余雯-21835,余雯,消费者,鸡西,黑龙江,中国,东北,家具-桌子-10003557,家具,桌子,"Chromcraft 培训桌, 组装",3995.04,4,0.25,-1065.68
4782,US-202021-5315398,2022-06-12,2022-06-18,标准级,陶丽-17665,陶丽雪,公司,肃州,甘肃,中国,西北,办公用-装订-10001062,办公用品,装订机,"Acco 订书机, 回收",432.18,3,0.4,-122.64
4783,US-202021-5315398,2022-06-12,2022-06-18,标准级,陶丽-17665,陶丽雪,公司,肃州,甘肃,中国,西北,技术-电话-10000014,技术,电话,"苹果 办公室电话机, 整包",366.072,2,0.4,-109.928
4784,US-202021-5315398,2022-06-12,2022-06-18,标准级,陶丽-17665,陶丽雪,公司,肃州,甘肃,中国,西北,办公用-美术-10000263,办公用品,美术,"Boston 荧光笔, 整包",53.592,3,0.8,-211.848
4785,US-202021-5601190,2022-10-27,2022-10-31,标准级,常刚-13090,常刚,消费者,包头,内蒙古,中国,华北,技术-电话-10002699,技术,电话,"三星 音频基座, 全尺寸",1882.944,4,0.4,-659.456
4790,CN-202021-2596183,2022-01-31,2022-02-04,标准级,薛君-15205,薛君,消费者,丰县,江苏,中国,华东,办公用-纸张-10003915,办公用品,纸张,"SanDisk 信纸, 优质",903.84,4,0.0,153.44
4791,CN-202021-2596183,2022-01-31,2022-02-04,标准级,薛君-15205,薛君,消费者,丰县,江苏,中国,华东,家具-用具-10003344,家具,用具,"Advantus 闹钟, 耐用",949.032,7,0.4,-95.648
4792,CN-202021-2596183,2022-01-31,2022-02-04,标准级,薛君-15205,薛君,消费者,丰县,江苏,中国,华东,办公用-用品-10004456,办公用品,用品,"Fiskars 大剪刀, 锯齿状",372.456,3,0.4,5.796
4793,CN-202021-2596183,2022-01-31,2022-02-04,标准级,薛君-15205,薛君,消费者,丰县,江苏,中国,华东,办公用-收纳-10002430,办公用品,收纳具,"Rogers 文件车, 单宽度",3304.7,5,0.0,1321.6
4794,CN-202021-2596183,2022-01-31,2022-02-04,标准级,薛君-15205,薛君,消费者,丰县,江苏,中国,华东,技术-配件-10002013,技术,配件,"SanDisk 闪存驱动器, 实惠",442.848,4,0.4,-7.392
4795,CN-202021-2596183,2022-01-31,2022-02-04,标准级,薛君-15205,薛君,消费者,丰县,江苏,中国,华东,办公用-收纳-10004374,办公用品,收纳具,"Smead 文件车, 工业",3007.2,5,0.0,571.2
4796,CN-202021-2596183,2022-01-31,2022-02-04,标准级,薛君-15205,薛君,消费者,丰县,江苏,中国,华东,办公用-用品-10002431,办公用品,用品,"Kleencut 剪刀, 锯齿状",212.688,4,0.4,-32.032
4799,US-202021-4839636,2022-08-30,2022-09-03,二级,韦磊-16135,韦磊,小型企业,唐家庄,河北,中国,华北,家具-桌子-10000262,家具,桌子,"Chromcraft 木桌, 白色",5089.455,3,0.25,-475.125
4804,CN-202021-1754286,2022-10-12,2022-10-18,标准级,邱谦-19255,邱谦,公司,周口,河南,中国,中南,技术-配件-10004519,技术,配件,"罗技 鼠标, 实惠",409.92,3,0.0,118.86
4812,CN-202021-3188485,2022-08-13,2022-08-20,标准级,韩虎-14005,韩虎,小型企业,上海,上海,中国,华东,家具-椅子-10000951,家具,椅子,"Hon 椅垫, 红色",1295.7,5,0.0,388.5
4813,CN-202021-3188485,2022-08-13,2022-08-20,标准级,韩虎-14005,韩虎,小型企业,上海,上海,中国,华东,办公用-装订-10004840,办公用品,装订机,"Cardinal 孔加固材料, 透明",44.8,2,0.0,4.76
4823,US-202021-4800042,2022-12-29,2023-01-02,标准级,施菊-15040,施菊,消费者,扬州,江苏,中国,华东,办公用-装订-10002095,办公用品,装订机,"Cardinal 打孔机, 耐用",254.52,3,0.4,-17.22
4838,CN-202021-2661656,2022-11-28,2022-11-28,当日,邢伟-21505,邢伟,消费者,南宁,广西,中国,中南,家具-椅子-10000951,家具,椅子,"Hon 椅垫, 红色",1166.13,5,0.1,258.93
4841,CN-202021-5616321,2022-11-02,2022-11-06,标准级,涂伟-21640,涂伟,消费者,青岛,山东,中国,华东,技术-配件-10001403,技术,配件,"贝尔金 键盘, 可编程",796.88,2,0.0,135.24
4849,CN-202021-3192892,2022-01-04,2022-01-09,标准级,佘宁-18730,佘宁,消费者,开远,云南,中国,西南,家具-书架-10000339,家具,书架,"Dania 柜, 传统",1980.3,3,0.0,970.2
4850,CN-202021-3192892,2022-01-04,2022-01-09,标准级,佘宁-18730,佘宁,消费者,开远,云南,中国,西南,家具-椅子-10001595,家具,椅子,"Office Star 凳子, 红色",3246.88,4,0.0,1396.08
4851,CN-202021-3192892,2022-01-04,2022-01-09,标准级,佘宁-18730,佘宁,消费者,开远,云南,中国,西南,技术-电话-10004846,技术,电话,"摩托罗拉 音频基座, 蓝色",3236.24,4,0.0,1552.88
4852,CN-202021-3192892,2022-01-04,2022-01-09,标准级,佘宁-18730,佘宁,消费者,开远,云南,中国,西南,技术-设备-10004928,技术,设备,"柯尼卡 打印机, 白色",3727.5,3,0.0,708.12
4875,CN-202021-4893747,2022-09-27,2022-10-03,标准级,孟刚-13180,孟刚,公司,枣阳,湖北,中国,中南,办公用-装订-10002712,办公用品,装订机,"Ibico 标签, 实惠",74.844,3,0.4,-41.496
4876,CN-202021-4893747,2022-09-27,2022-10-03,标准级,孟刚-13180,孟刚,公司,枣阳,湖北,中国,中南,办公用-装订-10002545,办公用品,装订机,"Wilson Jones 订书机, 实惠",959.616,7,0.4,47.236
4877,CN-202021-4893747,2022-09-27,2022-10-03,标准级,孟刚-13180,孟刚,公司,枣阳,湖北,中国,中南,办公用-信封-10003279,办公用品,信封,"Kraft 邮寄品, 每套 50 个",527.1,3,0.0,47.04
4878,CN-202021-4893747,2022-09-27,2022-10-03,标准级,孟刚-13180,孟刚,公司,枣阳,湖北,中国,中南,家具-椅子-10004186,家具,椅子,"Novimex 凳子, 可调",1402.38,3,0.4,116.76
4902,CN-202021-2018203,2022-07-18,2022-07-22,标准级,谭立-16855,谭立,公司,自贡,四川,中国,西南,办公用-用品-10003562,办公用品,用品,"Fiskars 剪刀, 锯齿状",389.256,7,0.4,-201.684
4903,CN-202021-2018203,2022-07-18,2022-07-22,标准级,谭立-16855,谭立,公司,自贡,四川,中国,西南,技术-电话-10002996,技术,电话,"三星 办公室电话机, 蓝色",365.232,2,0.4,-243.488
4904,CN-202021-2018203,2022-07-18,2022-07-22,标准级,谭立-16855,谭立,公司,自贡,四川,中国,西南,技术-配件-10004102,技术,配件,"SanDisk 鼠标, 回收",505.68,5,0.4,-109.62
4905,CN-202021-2018203,2022-07-18,2022-07-22,标准级,谭立-16855,谭立,公司,自贡,四川,中国,西南,办公用-信封-10001478,办公用品,信封,"Cameo 邮寄品, 每套 50 个",712.32,4,0.0,341.6
4907,CN-202021-3640405,2022-06-26,2022-06-29,二级,杨立-16600,杨立勤,公司,日照,山东,中国,华东,办公用-用品-10002903,办公用品,用品,"Elite 大剪刀, 锯齿状",611.94,3,0.0,213.78
4908,CN-202021-3640405,2022-06-26,2022-06-29,二级,杨立-16600,杨立勤,公司,日照,山东,中国,华东,办公用-装订-10004840,办公用品,装订机,"Cardinal 孔加固材料, 透明",67.2,3,0.0,7.14
4918,CN-202021-4791939,2022-05-10,2022-05-16,标准级,郭博-10525,郭博,公司,醴陵,湖南,中国,中南,办公用-纸张-10004455,办公用品,纸张,"Eaton 令, 多色",652.4,5,0.0,208.6
4930,US-202021-4150614,2022-09-28,2022-10-01,一级,谷莲-16990,谷莲,公司,洛阳,河南,中国,中南,办公用-用品-10004143,办公用品,用品,"Kleencut 美工刀, 锯齿状",292.6,2,0.0,99.4
4931,US-202021-4150614,2022-09-28,2022-10-01,一级,谷莲-16990,谷莲,公司,洛阳,河南,中国,中南,家具-椅子-10001258,家具,椅子,"Harbour Creations 扶手椅, 可调",25995.06,13,0.1,10108.28
4932,US-202021-4150614,2022-09-28,2022-10-01,一级,谷莲-16990,谷莲,公司,洛阳,河南,中国,中南,技术-配件-10002209,技术,配件,"罗技 鼠标, 耐用",550.48,4,0.0,192.64
4938,CN-202021-2556865,2022-12-20,2022-12-24,标准级,韦磊-16135,韦磊,小型企业,太原,山西,中国,华北,办公用-信封-10000814,办公用品,信封,"Cameo 商业信封, 红色",573.72,6,0.0,246.12
4939,US-202021-1300278,2022-04-18,2022-04-24,标准级,方惠-14350,方惠,消费者,蔡甸,湖北,中国,中南,技术-设备-10004352,技术,设备,"松下 计算器, 多色",281.568,2,0.4,-93.912
4940,US-202021-1300278,2022-04-18,2022-04-24,标准级,方惠-14350,方惠,消费者,蔡甸,湖北,中国,中南,办公用-装订-10004074,办公用品,装订机,"Ibico 装订机盖, 耐用",42.42,1,0.4,7.0
4959,CN-202021-1501002,2022-02-03,2022-02-07,标准级,陈嫒-10015,陈嫒,消费者,济宁,山东,中国,华东,办公用-系固-10003387,办公用品,系固件,"Advantus 回形针, 金属",196.98,3,0.0,57.12
4960,CN-202021-1501002,2022-02-03,2022-02-07,标准级,陈嫒-10015,陈嫒,消费者,济宁,山东,中国,华东,技术-配件-10001234,技术,配件,"Memorex 鼠标, 可编程",276.92,2,0.0,41.44
4971,US-202021-2665116,2022-12-20,2022-12-24,二级,韩莲-16960,韩莲,小型企业,包头,内蒙古,中国,华北,家具-椅子-10000989,家具,椅子,"Office Star 摇椅, 每套两件",2004.24,5,0.4,-1236.06
4977,CN-202021-2543675,2022-06-15,2022-06-19,标准级,贾柏-18910,贾柏,小型企业,济宁,山东,中国,华东,家具-书架-10000942,家具,书架,"Dania 柜, 黑色",666.4,1,0.0,166.6
4978,CN-202021-2543675,2022-06-15,2022-06-19,标准级,贾柏-18910,贾柏,小型企业,济宁,山东,中国,华东,办公用-用品-10004475,办公用品,用品,"Kleencut 剪刀, 蓝色",104.02,1,0.0,37.38
4979,CN-202021-2543675,2022-06-15,2022-06-19,标准级,贾柏-18910,贾柏,小型企业,济宁,山东,中国,华东,家具-书架-10003961,家具,书架,"Safco 古典书架, 白色",10282.3,5,0.0,1027.6
4980,CN-202021-2543675,2022-06-15,2022-06-19,标准级,贾柏-18910,贾柏,小型企业,济宁,山东,中国,华东,办公用-用品-10002649,办公用品,用品,"Kleencut 修剪器, 钢",1905.4,10,0.0,476.0
4981,CN-202021-2543675,2022-06-15,2022-06-19,标准级,贾柏-18910,贾柏,小型企业,济宁,山东,中国,华东,家具-椅子-10000128,家具,椅子,"Novimex 沙滩椅, 可调",1582.7,7,0.0,31.36
4982,CN-202021-2543675,2022-06-15,2022-06-19,标准级,贾柏-18910,贾柏,小型企业,济宁,山东,中国,华东,家具-书架-10003555,家具,书架,"Sauder 柜, 金属",4651.92,6,0.0,2000.04
4983,CN-202021-2543675,2022-06-15,2022-06-19,标准级,贾柏-18910,贾柏,小型企业,济宁,山东,中国,华东,办公用-系固-10004460,办公用品,系固件,"Advantus 订书钉, 金属",153.72,3,0.0,44.52
4984,CN-202021-2543675,2022-06-15,2022-06-19,标准级,贾柏-18910,贾柏,小型企业,济宁,山东,中国,华东,办公用-美术-10003504,办公用品,美术,"BIC 画布, 蓝色",1503.6,6,0.0,59.64
4985,CN-202021-2543675,2022-06-15,2022-06-19,标准级,贾柏-18910,贾柏,小型企业,济宁,山东,中国,华东,技术-配件-10002092,技术,配件,"Memorex 记忆卡, 耐用",956.48,2,0.0,296.24
4986,CN-202021-2543675,2022-06-15,2022-06-19,标准级,贾柏-18910,贾柏,小型企业,济宁,山东,中国,华东,技术-电话-10004909,技术,电话,"诺基亚 办公室电话机, 蓝色",607.88,2,0.0,97.16
4987,US-202021-5334809,2022-06-18,2022-06-19,一级,姚秋-11605,姚秋,消费者,皇岗,广东,中国,中南,办公用-系固-10002483,办公用品,系固件,"Stockwell 回形针, 混合尺寸",211.68,4,0.0,86.24
4988,US-202021-5334809,2022-06-18,2022-06-19,一级,姚秋-11605,姚秋,消费者,皇岗,广东,中国,中南,办公用-装订-10003079,办公用品,装订机,"Acco 标签, 实惠",120.12,3,0.0,55.02
4996,US-202021-2222921,2022-05-15,2022-05-19,标准级,韦君-15310,韦君,公司,招远,山东,中国,华东,家具-书架-10002499,家具,书架,"Safco 搁架, 白色",8368.92,9,0.0,1004.22
4997,CN-202021-1308033,2022-02-18,2022-02-22,标准级,蒋光-13360,蒋光,小型企业,马坝,广东,中国,中南,家具-用具-10003670,家具,用具,"Rubvermaid 门挡, 一包多件",818.72,4,0.0,302.4
4998,CN-202021-1308033,2022-02-18,2022-02-22,标准级,蒋光-13360,蒋光,小型企业,马坝,广东,中国,中南,办公用-纸张-10002616,办公用品,纸张,"Eaton 信纸, 每包 12 个",690.48,3,0.0,123.9
5003,CN-202021-2381293,2022-01-27,2022-02-02,标准级,谢君-15190,谢君,消费者,沈阳,辽宁,中国,东北,办公用-收纳-10001690,办公用品,收纳具,"Eldon 搁板, 蓝色",1581.72,7,0.0,189.14
5004,CN-202021-2381293,2022-01-27,2022-02-02,标准级,谢君-15190,谢君,消费者,沈阳,辽宁,中国,东北,办公用-信封-10003544,办公用品,信封,"Cameo 马尼拉纸信封, 每套 50 个",252.0,2,0.0,100.8
5007,CN-202021-1646975,2022-10-31,2022-11-04,二级,何惠-14395,何惠,公司,成都,四川,中国,西南,办公用-装订-10000366,办公用品,装订机,"Avery 孔加固材料, 回收",40.068,3,0.4,-17.052
5008,CN-202021-1646975,2022-10-31,2022-11-04,二级,何惠-14395,何惠,公司,成都,四川,中国,西南,办公用-纸张-10000111,办公用品,纸张,"Green Bar 令, 每包 12 个",791.0,5,0.0,46.9
5009,CN-202021-1646975,2022-10-31,2022-11-04,二级,何惠-14395,何惠,公司,成都,四川,中国,西南,技术-电话-10002475,技术,电话,"诺基亚 办公室电话机, 全尺寸",1301.832,7,0.4,-195.608
5010,CN-202021-1646975,2022-10-31,2022-11-04,二级,何惠-14395,何惠,公司,成都,四川,中国,西南,办公用-装订-10001257,办公用品,装订机,"Ibico 打孔机, 实惠",341.04,4,0.4,-119.84
5011,CN-202021-1646975,2022-10-31,2022-11-04,二级,何惠-14395,何惠,公司,成都,四川,中国,西南,技术-复印-10000154,技术,复印机,"Hewlett 个人复印机, 红色",1196.748,3,0.4,-518.952
5012,CN-202021-1646975,2022-10-31,2022-11-04,二级,何惠-14395,何惠,公司,成都,四川,中国,西南,办公用-信封-10004154,办公用品,信封,"Ames 马尼拉纸信封, 每套 50 个",345.66,3,0.0,41.16
5013,CN-202021-1646975,2022-10-31,2022-11-04,二级,何惠-14395,何惠,公司,成都,四川,中国,西南,办公用-纸张-10004623,办公用品,纸张,"施乐 计划信息表, 回收",378.56,4,0.0,128.24
5021,CN-202021-4427946,2022-05-10,2022-05-15,标准级,彭博-10555,彭博,公司,齐齐哈尔,黑龙江,中国,东北,家具-椅子-10000979,家具,椅子,"Hon 凳子, 可调",3876.6,5,0.0,1201.2
5022,CN-202021-4427946,2022-05-10,2022-05-15,标准级,彭博-10555,彭博,公司,齐齐哈尔,黑龙江,中国,东北,办公用-系固-10001322,办公用品,系固件,"Accos 回形针, 每包 12 个",125.72,2,0.0,54.04
5047,CN-202021-3240329,2022-09-27,2022-09-28,一级,薛荷-13705,薛荷,公司,宝山,黑龙江,中国,东北,办公用-美术-10002471,办公用品,美术,"Boston 记号笔, 蓝色",295.344,3,0.2,55.104
5048,CN-202021-3240329,2022-09-27,2022-09-28,一级,薛荷-13705,薛荷,公司,宝山,黑龙江,中国,东北,家具-椅子-10000341,家具,椅子,"Office Star 椅垫, 红色",921.48,3,0.0,36.54
5049,CN-202021-4950934,2022-03-23,2022-03-27,标准级,马丽-16480,马丽娜,消费者,广州,广东,中国,中南,家具-书架-10004224,家具,书架,"Dania 书库, 白色",3405.92,2,0.0,1123.92
5060,CN-202021-1357144,2022-10-06,2022-10-11,标准级,邱芯-13930,邱芯,消费者,南台,辽宁,中国,东北,技术-电话-10000762,技术,电话,"摩托罗拉 充电器, 全尺寸",5409.432,3,0.4,-3065.748
5061,CN-202021-1357144,2022-10-06,2022-10-11,标准级,邱芯-13930,邱芯,消费者,南台,辽宁,中国,东北,技术-配件-10002880,技术,配件,"Enermax 鼠标, 耐用",340.2,3,0.4,-187.32
5063,CN-202021-3127854,2022-11-13,2022-11-13,当日,邱升-20035,邱升,小型企业,宾州,山东,中国,华东,家具-用具-10001632,家具,用具,"Eldon 分层置放架, 优质",281.12,2,0.0,50.4
5071,CN-202021-1163629,2022-10-20,2022-10-24,二级,袁临-17485,袁临耀,消费者,周口,河南,中国,中南,技术-配件-10001709,技术,配件,"Enermax 记忆卡, 回收",1570.8,3,0.0,596.82
5072,CN-202021-1163629,2022-10-20,2022-10-24,二级,袁临-17485,袁临耀,消费者,周口,河南,中国,中南,家具-书架-10003273,家具,书架,"Bush 古典书架, 白色",5812.8,3,0.0,290.64
5076,CN-202021-3284020,2022-06-20,2022-06-25,标准级,贺婉-21355,贺婉,公司,毕节,贵州,中国,西南,办公用-标签-10000480,办公用品,标签,"Smead 有色标签, 可调",153.3,3,0.0,64.26
5077,CN-202021-3284020,2022-06-20,2022-06-25,标准级,贺婉-21355,贺婉,公司,毕节,贵州,中国,西南,办公用-美术-10001243,办公用品,美术,"BIC 记号笔, 金属",516.88,4,0.0,20.16
5078,CN-202021-3284020,2022-06-20,2022-06-25,标准级,贺婉-21355,贺婉,公司,毕节,贵州,中国,西南,办公用-纸张-10004404,办公用品,纸张,"Eaton 计划信息表, 优质",96.04,1,0.0,21.0
5079,CN-202021-3284020,2022-06-20,2022-06-25,标准级,贺婉-21355,贺婉,公司,毕节,贵州,中国,西南,办公用-收纳-10003040,办公用品,收纳具,"Tenex 锁柜, 工业",954.94,1,0.0,219.52
5080,CN-202021-3284020,2022-06-20,2022-06-25,标准级,贺婉-21355,贺婉,公司,毕节,贵州,中国,西南,技术-复印-10001249,技术,复印机,"夏普 个人复印机, 数字化",1339.968,3,0.2,-83.832
5081,CN-202021-3284020,2022-06-20,2022-06-25,标准级,贺婉-21355,贺婉,公司,毕节,贵州,中国,西南,技术-电话-10002777,技术,电话,"三星 办公室电话机, 整包",1828.68,6,0.0,822.36
5098,CN-202021-1969167,2022-11-05,2022-11-10,标准级,施莲-17065,施莲,消费者,玉溪,云南,中国,西南,办公用-装订-10004481,办公用品,装订机,"Acco 孔加固材料, 实惠",31.08,1,0.0,12.74
5139,CN-202021-1900777,2022-09-15,2022-09-22,标准级,麦虢-13525,麦虢,公司,本溪,辽宁,中国,东北,技术-电话-10000345,技术,电话,"苹果 充电器, 混合尺寸",3578.736,2,0.4,178.696
5140,CN-202021-1900777,2022-09-15,2022-09-22,标准级,麦虢-13525,麦虢,公司,本溪,辽宁,中国,东北,家具-书架-10003232,家具,书架,"宜家 书库, 黑色",1021.272,1,0.4,-612.808
5149,US-202021-1761745,2022-08-25,2022-08-28,二级,陈宣-20815,陈宣,公司,苏州,江苏,中国,华东,技术-复印-10004286,技术,复印机,"Hewlett 墨水, 彩色",420.336,1,0.4,-196.224
5150,US-202021-1761745,2022-08-25,2022-08-28,二级,陈宣-20815,陈宣,公司,苏州,江苏,中国,华东,家具-书架-10002197,家具,书架,"宜家 搁架, 金属",1901.76,4,0.4,-919.52
5164,CN-202021-4292548,2022-11-02,2022-11-06,标准级,楚丽-17320,楚丽丽,小型企业,丹东,辽宁,中国,东北,家具-椅子-10003809,家具,椅子,"Office Star 摇椅, 红色",1578.192,4,0.4,-894.768
5165,CN-202021-4292548,2022-11-02,2022-11-06,标准级,楚丽-17320,楚丽丽,小型企业,丹东,辽宁,中国,东北,家具-用具-10001014,家具,用具,"Deflect-O 相框, 黑色",581.28,4,0.4,-348.88
5166,CN-202021-4292548,2022-11-02,2022-11-06,标准级,楚丽-17320,楚丽丽,小型企业,丹东,辽宁,中国,东北,技术-设备-10002765,技术,设备,"爱普生 打印机, 白色",1461.768,2,0.4,-901.432
5167,CN-202021-4292548,2022-11-02,2022-11-06,标准级,楚丽-17320,楚丽丽,小型企业,丹东,辽宁,中国,东北,办公用-收纳-10004768,办公用品,收纳具,"Tenex 搁板, 金属",752.22,3,0.0,300.72
5174,CN-202021-4759076,2022-10-25,2022-11-01,标准级,常君-15145,常君,公司,长沙,湖南,中国,中南,办公用-用品-10001059,办公用品,用品,"Acme 大剪刀, 锯齿状",870.24,4,0.0,339.36
5175,CN-202021-4759076,2022-10-25,2022-11-01,标准级,常君-15145,常君,公司,长沙,湖南,中国,中南,办公用-器具-10004222,办公用品,器具,"KitchenAid 咖啡研磨机, 黑色",1304.8,4,0.0,117.04
5176,CN-202021-4759076,2022-10-25,2022-11-01,标准级,常君-15145,常君,公司,长沙,湖南,中国,中南,办公用-纸张-10000715,办公用品,纸张,"Eaton 羊皮纸, 多色",208.32,3,0.0,37.38
5177,CN-202021-4759076,2022-10-25,2022-11-01,标准级,常君-15145,常君,公司,长沙,湖南,中国,中南,技术-电话-10003757,技术,电话,"三星 智能手机, 整包",1151.08,2,0.0,68.88
5178,CN-202021-5834678,2022-01-24,2022-01-28,标准级,李彩-10675,李彩,消费者,桦甸,吉林,中国,东北,办公用-用品-10003907,办公用品,用品,"Kleencut 开信刀, 锯齿状",554.4,5,0.0,260.4
5179,CN-202021-5834678,2022-01-24,2022-01-28,标准级,李彩-10675,李彩,消费者,桦甸,吉林,中国,东北,办公用-收纳-10003671,办公用品,收纳具,"Tenex 盘, 蓝色",758.94,3,0.0,371.7
5180,CN-202021-5834678,2022-01-24,2022-01-28,标准级,李彩-10675,李彩,消费者,桦甸,吉林,中国,东北,家具-用具-10003148,家具,用具,"Deflect-O 灯泡, 黑色",88.62,1,0.0,20.3
5181,CN-202021-5834678,2022-01-24,2022-01-28,标准级,李彩-10675,李彩,消费者,桦甸,吉林,中国,东北,办公用-器具-10001247,办公用品,器具,"Hamilton Beach 搅拌机, 银色",1005.06,3,0.0,291.06
5182,CN-202021-5834678,2022-01-24,2022-01-28,标准级,李彩-10675,李彩,消费者,桦甸,吉林,中国,东北,家具-用具-10004607,家具,用具,"Deflect-O 框架, 一包多件",1541.4,3,0.0,261.66
5183,CN-202021-5834678,2022-01-24,2022-01-28,标准级,李彩-10675,李彩,消费者,桦甸,吉林,中国,东北,家具-椅子-10004186,家具,椅子,"Novimex 凳子, 可调",1558.2,2,0.0,701.12
5188,CN-202021-4791939,2022-06-18,2022-06-21,二级,马实-20215,马实,消费者,平顶山,河南,中国,中南,办公用-收纳-10004708,办公用品,收纳具,"Fellowes 文件车, 工业",2572.08,4,0.0,1182.72
5189,CN-202021-5895003,2022-06-26,2022-06-28,一级,秦宁-18670,秦宁,消费者,安阳,河南,中国,中南,家具-用具-10000140,家具,用具,"Advantus 相框, 黑色",494.48,2,0.0,162.96
5190,CN-202021-5895003,2022-06-26,2022-06-28,一级,秦宁-18670,秦宁,消费者,安阳,河南,中国,中南,家具-椅子-10001559,家具,椅子,"Novimex 椅垫, 红色",709.884,3,0.1,189.084
5191,CN-202021-5895003,2022-06-26,2022-06-28,一级,秦宁-18670,秦宁,消费者,安阳,河南,中国,中南,家具-桌子-10000067,家具,桌子,"Hon 圆桌, 长方形",3594.36,2,0.25,-1054.48
5192,US-202021-1346492,2022-08-11,2022-08-13,二级,刘明-18295,刘明,公司,内江,四川,中国,西南,办公用-用品-10002441,办公用品,用品,"Fiskars 尺子, 蓝色",40.404,1,0.4,-23.016
5193,US-202021-1346492,2022-08-11,2022-08-13,二级,刘明-18295,刘明,公司,内江,四川,中国,西南,技术-复印-10004582,技术,复印机,"夏普 复印机, 红色",665.28,1,0.4,-443.52
5194,US-202021-1346492,2022-08-11,2022-08-13,二级,刘明-18295,刘明,公司,内江,四川,中国,西南,办公用-用品-10000918,办公用品,用品,"Acme 美工刀, 锯齿状",289.8,3,0.4,-43.68
5195,US-202021-1346492,2022-08-11,2022-08-13,二级,刘明-18295,刘明,公司,内江,四川,中国,西南,家具-书架-10003555,家具,书架,"Sauder 柜, 金属",2791.152,6,0.4,139.272
5196,CN-202021-2248987,2022-08-31,2022-09-07,标准级,武廉-17305,武廉,消费者,运城,山西,中国,华北,技术-配件-10004442,技术,配件,"贝尔金 路由器, 耐用",2416.96,2,0.0,1015.0
5201,US-202021-4412722,2022-03-10,2022-03-14,标准级,叶莲-17095,叶莲,消费者,成都,四川,中国,西南,技术-复印-10001927,技术,复印机,"夏普 墨水, 数字化",2084.04,6,0.4,-764.4
5202,CN-202021-2737126,2022-10-24,2022-10-27,一级,黄娜-18505,黄娜,消费者,大连湾,辽宁,中国,东北,家具-椅子-10000951,家具,椅子,"Hon 椅垫, 红色",932.904,6,0.4,-155.736
5203,CN-202021-2737126,2022-10-24,2022-10-27,一级,黄娜-18505,黄娜,消费者,大连湾,辽宁,中国,东北,办公用-收纳-10002430,办公用品,收纳具,"Rogers 文件车, 单宽度",660.94,1,0.0,264.32
5204,CN-202021-2737126,2022-10-24,2022-10-27,一级,黄娜-18505,黄娜,消费者,大连湾,辽宁,中国,东北,办公用-美术-10001742,办公用品,美术,"Sanford 画布, 整包",331.828,7,0.8,-1211.672
5205,CN-202021-2737126,2022-10-24,2022-10-27,一级,黄娜-18505,黄娜,消费者,大连湾,辽宁,中国,东北,办公用-纸张-10003176,办公用品,纸张,"SanDisk 计划信息表, 优质",1333.92,12,0.0,305.76
5209,CN-202021-5784606,2022-06-02,2022-06-04,二级,付惠-14365,付惠,公司,鄂州,湖北,中国,中南,办公用-标签-10002702,办公用品,标签,"Smead 可去除的标签, 可调",78.4,2,0.0,33.6
5210,CN-202021-5784606,2022-06-02,2022-06-04,二级,付惠-14365,付惠,公司,鄂州,湖北,中国,中南,技术-复印-10003216,技术,复印机,"Hewlett 传真机, 彩色",3599.232,4,0.4,59.472
5215,CN-202021-3700485,2022-11-12,2022-11-16,标准级,钟松-20620,钟松,公司,上海,上海,中国,华东,技术-配件-10000911,技术,配件,"Memorex 路由器, 回收",2277.52,2,0.0,1115.8
5218,CN-202021-1925348,2022-11-14,2022-11-19,标准级,付荣-19690,付荣,消费者,惠城,广东,中国,中南,办公用-收纳-10001617,办公用品,收纳具,"Tenex 锁柜, 金属",2845.08,3,0.0,1422.54
5219,CN-202021-1925348,2022-11-14,2022-11-19,标准级,付荣-19690,付荣,消费者,惠城,广东,中国,中南,办公用-收纳-10004714,办公用品,收纳具,"Smead 盒, 单宽度",151.2,3,0.0,66.36
5221,CN-202021-1391849,2022-06-08,2022-06-14,标准级,薛芳-12745,薛芳,公司,随州,湖北,中国,中南,技术-复印-10001211,技术,复印机,"夏普 墨水, 彩色",1057.14,3,0.4,-70.56
5222,CN-202021-3676119,2022-07-31,2022-08-05,标准级,曹伟-21580,曹伟,消费者,西安,陕西,中国,西北,办公用-用品-10004613,办公用品,用品,"Elite 美工刀, 工业",511.14,3,0.0,132.72
5223,CN-202021-3676119,2022-07-31,2022-08-05,标准级,曹伟-21580,曹伟,消费者,西安,陕西,中国,西北,办公用-纸张-10003708,办公用品,纸张,"Eaton 计划信息表, 每包 12 个",346.08,3,0.0,17.22
5224,CN-202021-5779998,2022-04-24,2022-04-26,一级,殷菊-15085,殷菊,消费者,福州,福建,中国,华东,办公用-美术-10002911,办公用品,美术,"Stanley 荧光笔, 金属",446.88,6,0.0,129.36
5225,CN-202021-2558996,2022-06-28,2022-07-03,二级,袁丽-16210,袁丽华,公司,阳江,广东,中国,中南,办公用-器具-10000088,办公用品,器具,"Breville 搅拌机, 红色",2105.6,5,0.0,210.0
5226,CN-202021-2558996,2022-06-28,2022-07-03,二级,袁丽-16210,袁丽华,公司,阳江,广东,中国,中南,技术-电话-10002893,技术,电话,"三星 智能手机, 全尺寸",2905.7,5,0.0,377.3
5229,CN-202021-1398732,2022-05-31,2022-06-04,标准级,郝廉-17245,郝廉,消费者,上海,上海,中国,华东,办公用-装订-10000363,办公用品,装订机,"Cardinal 装订机, 实惠",193.62,3,0.0,42.42
5250,CN-202021-1637441,2022-12-30,2022-12-31,一级,杨栋-12340,杨栋,公司,北京,北京,中国,华北,办公用-美术-10001817,办公用品,美术,"Stanley 荧光笔, 蓝色",68.6,1,0.0,7.42
5253,CN-202021-1297686,2022-12-12,2022-12-17,标准级,宋良-17170,宋良,公司,新乡,河南,中国,中南,家具-用具-10001348,家具,用具,"Advantus 相框, 一包多件",495.04,2,0.0,78.96
5259,CN-202021-2286344,2022-05-26,2022-05-28,二级,韦磊-16135,韦磊,小型企业,银川,宁夏,中国,西北,办公用-装订-10000225,办公用品,装订机,"Cardinal 装订机盖, 透明",160.44,3,0.0,54.18
5269,CN-202021-1137701,2022-12-28,2023-01-03,标准级,林关-15625,林关茵,消费者,禹城,山东,中国,华东,办公用-收纳-10003484,办公用品,收纳具,"Tenex 盘, 单宽度",253.12,1,0.0,80.92
5270,CN-202021-1137701,2022-12-28,2023-01-03,标准级,林关-15625,林关茵,消费者,禹城,山东,中国,华东,办公用-美术-10000805,办公用品,美术,"Binney & Smith 荧光笔, 蓝色",696.78,9,0.0,347.76
5271,CN-202021-2265001,2022-01-03,2022-01-07,标准级,薛磊-15985,薛磊,消费者,湛江,广东,中国,中南,家具-椅子-10002532,家具,椅子,"Hon 椅垫, 可调",243.684,1,0.1,108.304
5272,CN-202021-2265001,2022-01-03,2022-01-07,标准级,薛磊-15985,薛磊,消费者,湛江,广东,中国,中南,办公用-纸张-10003382,办公用品,纸张,"施乐 计划信息表, 多色",304.92,3,0.0,97.44
5287,CN-202021-5486414,2022-03-01,2022-03-06,标准级,薛柏-18985,薛柏,小型企业,石家庄,河北,中国,华北,办公用-美术-10003314,办公用品,美术,"BIC 记号笔, 混合尺寸",414.54,3,0.0,65.94
5288,CN-202021-2508741,2022-10-03,2022-10-05,一级,佘凤-12955,佘凤,公司,黄石,湖北,中国,中南,办公用-收纳-10000871,办公用品,收纳具,"Eldon 盒, 工业",400.96,8,0.0,76.16
5289,CN-202021-2508741,2022-10-03,2022-10-05,一级,佘凤-12955,佘凤,公司,黄石,湖北,中国,中南,技术-电话-10004349,技术,电话,"诺基亚 充电器, 蓝色",5342.904,3,0.4,711.984
5290,CN-202021-2508741,2022-10-03,2022-10-05,一级,佘凤-12955,佘凤,公司,黄石,湖北,中国,中南,技术-电话-10002846,技术,电话,"三星 音频基座, 混合尺寸",2375.52,5,0.4,38.92
5291,CN-202021-2508741,2022-10-03,2022-10-05,一级,佘凤-12955,佘凤,公司,黄石,湖北,中国,中南,技术-配件-10002428,技术,配件,"罗技 闪存驱动器, 回收",396.48,5,0.4,-225.12
5292,CN-202021-2508741,2022-10-03,2022-10-05,一级,佘凤-12955,佘凤,公司,黄石,湖北,中国,中南,办公用-系固-10004244,办公用品,系固件,"Advantus 橡皮筋, 混合尺寸",157.248,4,0.4,-102.592
5303,CN-202021-2536645,2022-01-26,2022-02-02,标准级,曹娜-18580,曹娜,公司,海口,海南,中国,中南,家具-椅子-10004186,家具,椅子,"Novimex 凳子, 可调",701.19,1,0.1,272.65
5316,CN-202021-3585437,2022-02-21,2022-02-26,二级,薛婷-21070,薛婷,消费者,唐山,河北,中国,华北,办公用-用品-10002091,办公用品,用品,"Fiskars 美工刀, 工业",693.28,4,0.0,82.88
5330,US-202021-4375818,2022-09-10,2022-09-15,标准级,杨欢-14275,杨欢,公司,绵阳,四川,中国,西南,办公用-装订-10001898,办公用品,装订机,"Wilson Jones 孔加固材料, 透明",55.86,5,0.4,-0.14
5339,CN-202021-1778069,2022-08-27,2022-09-03,标准级,谭琼-19660,谭琼,小型企业,广州,广东,中国,中南,办公用-信封-10002675,办公用品,信封,"Ames 邮寄品, 银色",714.0,4,0.0,299.6
5343,CN-202021-3577786,2022-12-08,2022-12-14,标准级,楚虢-13465,楚虢,消费者,朝阳,辽宁,中国,东北,技术-电话-10001957,技术,电话,"摩托罗拉 智能手机, 整包",1818.18,3,0.0,472.5
5346,CN-202021-5112322,2022-03-17,2022-03-19,二级,郝廉-17245,郝廉,消费者,六合,吉林,中国,东北,办公用-器具-10002516,办公用品,器具,"KitchenAid 搅拌机, 银色",1394.4,3,0.0,194.88
5358,CN-202021-1058371,2022-11-01,2022-11-05,标准级,谭乐-17815,谭乐,消费者,新乡,河南,中国,中南,办公用-收纳-10003456,办公用品,收纳具,"Eldon 文件车, 单宽度",2984.8,5,0.0,1193.5
5380,CN-202021-2506507,2022-11-01,2022-11-06,标准级,袁平-19210,袁平,公司,海口,海南,中国,西南,办公用-标签-10003939,办公用品,标签,"Harbour Creations 有色标签, 红色",118.72,2,0.0,11.76
5381,CN-202021-2506507,2022-11-01,2022-11-06,标准级,袁平-19210,袁平,公司,海口,海南,中国,西南,家具-书架-10001540,家具,书架,"Dania 古典书架, 白色",5785.92,3,0.0,1272.6
5387,US-202021-3361827,2022-09-13,2022-09-19,标准级,彭娜-18550,彭娜,消费者,文登,山东,中国,华东,家具-桌子-10000441,家具,桌子,"Barricks 圆桌, 白色",2820.72,2,0.4,-1128.4
5388,CN-202021-2881872,2022-11-08,2022-11-13,二级,潘惠-14425,潘惠,消费者,北票,辽宁,中国,东北,办公用-装订-10003846,办公用品,装订机,"Cardinal 装订机, 耐用",128.772,3,0.4,-32.508
5398,US-202021-4015472,2022-06-16,2022-06-21,二级,彭娜-18550,彭娜,消费者,抚顺,辽宁,中国,东北,家具-书架-10003100,家具,书架,"宜家 墙角架, 传统",2067.408,6,0.4,-138.432
5400,CN-202021-2102819,2022-08-15,2022-08-17,二级,田谙-18865,田谙,消费者,宜春,黑龙江,中国,东北,办公用-纸张-10001831,办公用品,纸张,"SanDisk 令, 优质",695.1,5,0.0,194.6
5401,CN-202021-2102819,2022-08-15,2022-08-17,二级,田谙-18865,田谙,消费者,宜春,黑龙江,中国,东北,家具-书架-10000759,家具,书架,"Sauder 书库, 黑色",7260.96,4,0.0,1016.4
5402,US-202021-5315398,2022-02-24,2022-02-27,一级,陶博-10570,陶博,消费者,拜泉,黑龙江,中国,东北,办公用-纸张-10000715,办公用品,纸张,"Eaton 羊皮纸, 多色",277.76,4,0.0,49.84
5416,US-202021-3550359,2022-12-28,2023-01-02,标准级,谭珊-19900,谭珊,消费者,石马,福建,中国,华东,办公用-系固-10003093,办公用品,系固件,"OIC 图钉, 整包",131.32,2,0.0,27.44
5423,CN-202021-5896840,2022-08-05,2022-08-09,标准级,彭欢-14230,彭欢,公司,许昌,河南,中国,中南,技术-复印-10002061,技术,复印机,"Hewlett 无线传真机, 彩色",8904.7,5,0.0,3205.3
5424,CN-202021-4759076,2022-05-08,2022-05-13,二级,施平-19180,施平,小型企业,延吉,吉林,中国,东北,办公用-器具-10000427,办公用品,器具,"Hoover 咖啡研磨机, 黑色",1591.8,5,0.0,461.3
5428,CN-202021-4226799,2022-05-23,2022-05-28,标准级,潘盛-20380,潘盛,消费者,厦门,福建,中国,华东,技术-电话-10003816,技术,电话,"摩托罗拉 耳机, 全尺寸",1134.42,3,0.0,272.16
5429,CN-202021-4226799,2022-05-23,2022-05-28,标准级,潘盛-20380,潘盛,消费者,厦门,福建,中国,华东,办公用-美术-10004772,办公用品,美术,"Stanley 钢笔, 金属",316.68,6,0.0,18.48
5442,CN-202021-1529712,2022-11-15,2022-11-20,标准级,陈健-14545,陈健,公司,东营,山东,中国,华东,技术-电话-10004858,技术,电话,"思科 耳机, 蓝色",2063.6,5,0.0,969.5
5443,CN-202021-1529712,2022-11-15,2022-11-20,标准级,陈健-14545,陈健,公司,东营,山东,中国,华东,技术-电话-10004899,技术,电话,"苹果 智能手机, 混合尺寸",2943.5,5,0.0,470.4
5444,CN-202021-1529712,2022-11-15,2022-11-20,标准级,陈健-14545,陈健,公司,东营,山东,中国,华东,办公用-纸张-10002471,办公用品,纸张,"施乐 备忘录便条, 每包 12 个",164.92,2,0.0,82.32
5445,CN-202021-1529712,2022-11-15,2022-11-20,标准级,陈健-14545,陈健,公司,东营,山东,中国,华东,家具-书架-10004330,家具,书架,"Safco 书架, 黑色",3507.7,5,0.0,210.0
5446,CN-202021-1529712,2022-11-15,2022-11-20,标准级,陈健-14545,陈健,公司,东营,山东,中国,华东,技术-复印-10004064,技术,复印机,"佳能 传真复印机, 每套两件",4464.6,5,0.0,178.5
5447,CN-202021-1529712,2022-11-15,2022-11-20,标准级,陈健-14545,陈健,公司,东营,山东,中国,华东,办公用-标签-10002378,办公用品,标签,"Smead 文件夹标签, 耐用",86.52,2,0.0,17.08
5448,CN-202021-1887568,2022-06-15,2022-06-18,二级,谢聪-11665,谢聪,消费者,武汉,湖北,中国,中南,家具-用具-10000791,家具,用具,"Deflect-O 灯泡, 耐用",89.712,2,0.4,-53.928
5449,CN-202021-1887568,2022-06-15,2022-06-18,二级,谢聪-11665,谢聪,消费者,武汉,湖北,中国,中南,办公用-装订-10003175,办公用品,装订机,"Avery 装订机, 实惠",180.6,5,0.4,21.0
5450,CN-202021-1887568,2022-06-15,2022-06-18,二级,谢聪-11665,谢聪,消费者,武汉,湖北,中国,中南,技术-复印-10004535,技术,复印机,"佳能 墨水, 彩色",416.052,1,0.4,-215.068
5451,CN-202021-1887568,2022-06-15,2022-06-18,二级,谢聪-11665,谢聪,消费者,武汉,湖北,中国,中南,家具-桌子-10000685,家具,桌子,"Bevis 木桌, 组装",1997.632,2,0.6,-949.088
5470,CN-202021-3064630,2022-11-26,2022-11-30,标准级,王立-16585,王立勤,公司,聊城,山东,中国,华东,技术-电话-10004627,技术,电话,"思科 充电器, 整包",15201.2,5,0.0,5623.8
5485,US-202021-1761745,2022-10-08,2022-10-15,标准级,韦华-14095,韦华,公司,北京,北京,中国,华北,办公用-美术-10001455,办公用品,美术,"Sanford 速写本, 金属",1090.6,5,0.0,108.5
5491,CN-202021-5781167,2022-08-04,2022-08-06,一级,白欢-14245,白欢,小型企业,碣石,广东,中国,中南,办公用-器具-10001067,办公用品,器具,"Cuisinart 搅拌机, 黑色",619.92,2,0.0,204.4
5496,CN-202021-2396269,2022-02-02,2022-02-06,标准级,夏平-19120,夏平,消费者,天津,天津,中国,华北,办公用-信封-10001091,办公用品,信封,"Kraft 商业信封, 回收",213.36,3,0.0,68.04
5497,CN-202021-2560123,2022-09-25,2022-09-30,标准级,周康-15340,周康,消费者,成都,四川,中国,西南,技术-电话-10003642,技术,电话,"苹果 办公室电话机, 蓝色",365.568,2,0.4,18.088
5498,CN-202021-2560123,2022-09-25,2022-09-30,标准级,周康-15340,周康,消费者,成都,四川,中国,西南,家具-书架-10004069,家具,书架,"宜家 书架, 金属",683.424,2,0.4,-444.416
5499,CN-202021-2560123,2022-09-25,2022-09-30,标准级,周康-15340,周康,消费者,成都,四川,中国,西南,家具-椅子-10004126,家具,椅子,"Novimex 折叠椅, 黑色",223.44,1,0.4,-126.7
5500,CN-202021-2560123,2022-09-25,2022-09-30,标准级,周康-15340,周康,消费者,成都,四川,中国,西南,办公用-收纳-10004372,办公用品,收纳具,"Eldon 盘, 单宽度",448.0,2,0.0,156.8
5501,CN-202021-2560123,2022-09-25,2022-09-30,标准级,周康-15340,周康,消费者,成都,四川,中国,西南,家具-椅子-10004416,家具,椅子,"Novimex 折叠椅, 每套两件",236.544,1,0.4,-7.896
5502,CN-202021-2560123,2022-09-25,2022-09-30,标准级,周康-15340,周康,消费者,成都,四川,中国,西南,办公用-纸张-10002894,办公用品,纸张,"施乐 令, 优质",491.68,4,0.0,48.72
5503,CN-202021-2560123,2022-09-25,2022-09-30,标准级,周康-15340,周康,消费者,成都,四川,中国,西南,家具-椅子-10001116,家具,椅子,"Hon 摇椅, 红色",3291.624,9,0.4,273.924
5504,CN-202021-2560123,2022-09-25,2022-09-30,标准级,周康-15340,周康,消费者,成都,四川,中国,西南,家具-桌子-10002161,家具,桌子,"Bevis 培训桌, 黑色",2501.184,4,0.6,-2751.616
5512,CN-202021-5671165,2022-08-07,2022-08-12,二级,韦华-14095,韦华,公司,天津,天津,中国,华北,办公用-信封-10002009,办公用品,信封,"GlobeWeis 邮寄品, 回收",522.9,3,0.0,209.16
5513,CN-202021-2162302,2022-04-04,2022-04-08,标准级,范刚-13135,范刚,消费者,信阳,河南,中国,中南,家具-用具-10001106,家具,用具,"Advantus 门挡, 优质",407.4,2,0.0,52.92
5532,CN-202021-1392177,2022-08-14,2022-08-15,一级,王丹-12010,王丹,消费者,东村,山东,中国,华东,办公用-美术-10000997,办公用品,美术,"Boston 钢笔, 整包",270.48,4,0.0,132.16
5541,CN-202021-1318873,2022-09-24,2022-09-25,一级,夏平-19120,夏平,消费者,肃州,甘肃,中国,西北,家具-椅子-10001116,家具,椅子,"Hon 摇椅, 红色",1097.208,3,0.4,91.308
5590,CN-202021-4815290,2022-05-08,2022-05-13,标准级,邓康-15430,邓康,消费者,榆树,吉林,中国,东北,办公用-用品-10000180,办公用品,用品,"Elite 大剪刀, 钢",216.58,1,0.0,23.8
5608,CN-202021-1637441,2022-05-23,2022-05-27,二级,邱德-12055,邱德,小型企业,南宁,广西,中国,中南,技术-电话-10003014,技术,电话,"思科 智能手机, 混合尺寸",1319.08,2,0.0,580.16
5636,CN-202021-1525230,2022-11-17,2022-11-24,标准级,牛晒-19810,牛晒明,小型企业,内江,四川,中国,西南,办公用-收纳-10003204,办公用品,收纳具,"Tenex 盒, 单宽度",848.54,11,0.0,397.32
5651,US-202021-3360468,2022-08-04,2022-08-09,标准级,严盛-20410,严盛,消费者,宁波,浙江,中国,华东,家具-桌子-10001852,家具,桌子,"Bevis 会议桌, 组装",6908.384,4,0.6,-6908.496
5652,US-202021-3360468,2022-08-04,2022-08-09,标准级,严盛-20410,严盛,消费者,宁波,浙江,中国,华东,办公用-信封-10004866,办公用品,信封,"Kraft 马尼拉纸信封, 红色",420.42,3,0.0,21.0
5655,CN-202021-4647823,2022-11-24,2022-11-26,二级,佘彩-10735,佘彩,消费者,哈尔滨,黑龙江,中国,东北,办公用-信封-10004939,办公用品,信封,"Kraft 商业信封, 红色",372.96,4,0.0,36.96
5667,CN-202021-2975416,2022-10-19,2022-10-22,一级,薛强-19330,薛强,消费者,济宁,山东,中国,华东,家具-用具-10004218,家具,用具,"Tenex 相框, 一包多件",726.6,3,0.0,217.98
5668,CN-202021-4833083,2022-11-26,2022-11-30,标准级,吕君-15250,吕君,消费者,晋江,海南,中国,中南,家具-用具-10004382,家具,用具,"Eldon 相框, 一包多件",814.38,3,0.0,333.48
5669,CN-202021-4833083,2022-11-26,2022-11-30,标准级,吕君-15250,吕君,消费者,晋江,海南,中国,中南,办公用-收纳-10003407,办公用品,收纳具,"Tenex 盒, 金属",145.32,2,0.0,46.48
5676,US-202021-5739201,2022-02-22,2022-02-25,一级,田安-10255,田安,小型企业,澄江,江苏,中国,华东,技术-复印-10002045,技术,复印机,"Hewlett 传真机, 数字化",3579.072,4,0.4,-835.408
5677,US-202021-5739201,2022-02-22,2022-02-25,一级,田安-10255,田安,小型企业,澄江,江苏,中国,华东,家具-桌子-10002151,家具,桌子,"Chromcraft 电脑桌, 长方形",2469.6,3,0.6,-3210.48
5678,US-202021-5739201,2022-02-22,2022-02-25,一级,田安-10255,田安,小型企业,澄江,江苏,中国,华东,办公用-美术-10000476,办公用品,美术,"BIC 荧光笔, 整包",35.84,2,0.8,-143.36
5679,CN-202021-4502739,2022-03-30,2022-04-01,二级,秦蔓-17920,秦蔓楚,消费者,深圳,广东,中国,中南,办公用-装订-10001062,办公用品,装订机,"Acco 订书机, 回收",480.2,2,0.0,110.32
5680,CN-202021-4502739,2022-03-30,2022-04-01,二级,秦蔓-17920,秦蔓楚,消费者,深圳,广东,中国,中南,办公用-装订-10000994,办公用品,装订机,"Avery 装订机, 耐用",403.2,6,0.0,136.92
5691,US-202021-4911170,2022-07-25,2022-07-27,二级,巩明-18370,巩明媚,消费者,吉林市,吉林,中国,东北,办公用-美术-10001165,办公用品,美术,"Sanford 铅笔刀, 混合尺寸",216.608,2,0.2,-37.912
5693,CN-202021-4114478,2022-06-29,2022-07-03,标准级,曹达-11800,曹达侠,小型企业,新余,江西,中国,华东,家具-椅子-10004126,家具,椅子,"Novimex 折叠椅, 黑色",3351.6,9,0.0,200.34
5694,CN-202021-4114478,2022-06-29,2022-07-03,标准级,曹达-11800,曹达侠,小型企业,新余,江西,中国,华东,家具-椅子-10003019,家具,椅子,"Harbour Creations 摇椅, 红色",686.42,1,0.0,82.32
5695,CN-202021-4448783,2022-09-03,2022-09-06,一级,康娇-14680,康娇,消费者,大同,山西,中国,华北,家具-书架-10001213,家具,书架,"宜家 书架, 黑色",2313.36,4,0.0,1133.44
5696,CN-202021-4448783,2022-09-03,2022-09-06,一级,康娇-14680,康娇,消费者,大同,山西,中国,华北,办公用-收纳-10004477,办公用品,收纳具,"Tenex 文件夹, 金属",312.06,3,0.0,27.72
5699,US-202021-1246652,2022-03-01,2022-03-05,标准级,宋良-17170,宋良,公司,阆中,四川,中国,西南,技术-复印-10001968,技术,复印机,"惠普 复印机, 红色",4741.044,7,0.4,-3002.916
5731,US-202021-4269674,2022-01-26,2022-01-31,标准级,巩晒-19795,巩晒明,小型企业,乐山,四川,中国,西南,家具-椅子-10001701,家具,椅子,"Office Star 折叠椅, 每套两件",789.264,3,0.4,-329.196
5732,CN-202021-5088117,2022-05-17,2022-05-17,当日,康丽-15865,康丽,消费者,商丘,河南,中国,中南,办公用-器具-10004864,办公用品,器具,"Hoover 炉灶, 红色",13264.3,5,0.0,1989.4
5733,CN-202021-5671165,2022-09-26,2022-09-29,二级,廖保-10345,廖保,公司,成都,四川,中国,西南,办公用-标签-10004317,办公用品,标签,"Novimex 圆形标签, 耐用",62.16,2,0.0,22.96
5734,CN-202021-3378788,2022-05-11,2022-05-16,标准级,卢谙-18805,卢谙,小型企业,九江,江西,中国,华东,家具-书架-10001133,家具,书架,"Sauder 书库, 白色",3641.4,2,0.0,473.2
5743,CN-202021-4888622,2022-12-29,2022-12-29,当日,任婵-10795,任婵娟,公司,临汾,山西,中国,华北,家具-书架-10003307,家具,书架,"Sauder 书库, 金属",7225.68,4,0.0,2890.16
5744,CN-202021-4888622,2022-12-29,2022-12-29,当日,任婵-10795,任婵娟,公司,临汾,山西,中国,华北,办公用-系固-10001221,办公用品,系固件,"Stockwell 按钉, 金属",338.1,5,0.0,161.7
5752,US-202021-5679752,2022-06-16,2022-06-20,标准级,佘平-19165,佘平,消费者,邳州,江苏,中国,华东,技术-复印-10000801,技术,复印机,"Hewlett 传真机, 每套两件",1791.552,2,0.4,-1075.088
5754,US-202021-3360468,2022-05-17,2022-05-22,标准级,沈彩-10750,沈彩,消费者,咸阳,陕西,中国,西北,办公用-用品-10001056,办公用品,用品,"Stiletto 大剪刀, 蓝色",448.84,2,0.0,215.32
5755,US-202021-3360468,2022-05-17,2022-05-22,标准级,沈彩-10750,沈彩,消费者,咸阳,陕西,中国,西北,办公用-器具-10004757,办公用品,器具,"Breville 炉灶, 黑色",20942.88,8,0.0,5653.76
5756,US-202021-3360468,2022-05-17,2022-05-22,标准级,沈彩-10750,沈彩,消费者,咸阳,陕西,中国,西北,办公用-用品-10002717,办公用品,用品,"Fiskars 剪刀, 蓝色",432.32,4,0.0,51.52
5757,US-202021-3360468,2022-05-17,2022-05-22,标准级,沈彩-10750,沈彩,消费者,咸阳,陕西,中国,西北,办公用-标签-10002535,办公用品,标签,"Hon 可去除的标签, 耐用",298.2,6,0.0,59.64
5758,US-202021-3360468,2022-05-17,2022-05-22,标准级,沈彩-10750,沈彩,消费者,咸阳,陕西,中国,西北,办公用-纸张-10000778,办公用品,纸张,"施乐 备忘录便条, 回收",376.32,6,0.0,44.52
5759,US-202021-3360468,2022-05-17,2022-05-22,标准级,沈彩-10750,沈彩,消费者,咸阳,陕西,中国,西北,家具-椅子-10004282,家具,椅子,"Novimex 凳子, 红色",3069.92,4,0.0,245.28
5760,US-202021-3360468,2022-05-17,2022-05-22,标准级,沈彩-10750,沈彩,消费者,咸阳,陕西,中国,西北,办公用-标签-10001294,办公用品,标签,"Hon 合法证物标签, 耐用",157.5,3,0.0,45.36
5768,CN-202021-2544332,2022-06-20,2022-06-23,一级,周诚-11275,周诚,公司,义乌,浙江,中国,华东,办公用-装订-10000648,办公用品,装订机,"Cardinal 装订机盖, 实惠",33.6,1,0.4,2.24
5769,CN-202021-3722391,2022-05-08,2022-05-12,标准级,徐关-15655,徐关茵,公司,广州,广东,中国,中南,家具-桌子-10002343,家具,桌子,"Chromcraft 会议桌, 白色",9186.03,3,0.25,857.01
5770,CN-202021-3722391,2022-05-08,2022-05-12,标准级,徐关-15655,徐关茵,公司,广州,广东,中国,中南,家具-椅子-10003780,家具,椅子,"Harbour Creations 扶手椅, 红色",1989.162,1,0.1,751.422
5771,CN-202021-1067897,2022-10-15,2022-10-17,二级,曾伟-21595,曾伟,消费者,西安,陕西,中国,西北,办公用-美术-10004476,办公用品,美术,"BIC 速写本, 混合尺寸",1451.52,6,0.0,289.8
5772,CN-202021-1067897,2022-10-15,2022-10-17,二级,曾伟-21595,曾伟,消费者,西安,陕西,中国,西北,家具-椅子-10002209,家具,椅子,"Office Star 扶手椅, 每套两件",10959.2,5,0.0,1533.7
5773,CN-202021-1067897,2022-10-15,2022-10-17,二级,曾伟-21595,曾伟,消费者,西安,陕西,中国,西北,办公用-装订-10001828,办公用品,装订机,"Wilson Jones 装订机, 实惠",668.36,11,0.0,146.3
5777,US-202021-3284718,2022-05-22,2022-05-28,标准级,夏明-18355,夏明媚,公司,沈阳,辽宁,中国,东北,技术-配件-10002404,技术,配件,"贝尔金 键盘, 耐用",1177.26,5,0.4,-510.44
5778,US-202021-3284718,2022-05-22,2022-05-28,标准级,夏明-18355,夏明媚,公司,沈阳,辽宁,中国,东北,技术-设备-10004885,技术,设备,"StarTech 计算器, 多色",335.664,3,0.4,-33.936
5799,CN-202021-4480622,2022-05-24,2022-05-28,标准级,郝柏-18940,郝柏,消费者,深圳,广东,中国,中南,家具-书架-10004172,家具,书架,"Safco 柜, 传统",787.92,1,0.0,362.32
5800,CN-202021-4480622,2022-05-24,2022-05-28,标准级,郝柏-18940,郝柏,消费者,深圳,广东,中国,中南,办公用-系固-10004160,办公用品,系固件,"Accos 按钉, 每包 12 个",130.2,2,0.0,0.0
5801,CN-202021-4480622,2022-05-24,2022-05-28,标准级,郝柏-18940,郝柏,消费者,深圳,广东,中国,中南,办公用-装订-10001898,办公用品,装订机,"Wilson Jones 孔加固材料, 透明",111.72,6,0.0,44.52
5802,CN-202021-1787632,2022-08-29,2022-09-03,标准级,邱芯-13930,邱芯,消费者,上海,上海,中国,华东,办公用-纸张-10004686,办公用品,纸张,"SanDisk 信纸, 多色",930.16,4,0.0,250.88
5803,CN-202021-1787632,2022-08-29,2022-09-03,标准级,邱芯-13930,邱芯,消费者,上海,上海,中国,华东,技术-复印-10004166,技术,复印机,"惠普 传真复印机, 红色",1596.84,2,0.0,462.84
5804,CN-202021-1163629,2022-12-10,2022-12-13,一级,冯婷-21040,冯婷,小型企业,福州,福建,中国,华东,家具-书架-10002576,家具,书架,"Sauder 古典书架, 传统",6103.86,3,0.0,1525.86
5822,US-202021-3902607,2022-06-08,2022-06-13,标准级,潘丽-16240,潘丽美,公司,讷河,黑龙江,中国,东北,办公用-美术-10004410,办公用品,美术,"Boston 画布, 整包",402.528,2,0.2,-60.592
5823,US-202021-3902607,2022-06-08,2022-06-13,标准级,潘丽-16240,潘丽美,公司,讷河,黑龙江,中国,东北,办公用-信封-10004939,办公用品,信封,"Kraft 商业信封, 红色",279.72,3,0.0,27.72
5824,US-202021-3902607,2022-06-08,2022-06-13,标准级,潘丽-16240,潘丽美,公司,讷河,黑龙江,中国,东北,办公用-信封-10002658,办公用品,信封,"Cameo 局间信封, 银色",232.54,1,0.0,76.72
5826,CN-202021-1637441,2022-11-22,2022-11-28,标准级,雷木-18415,雷木兰,消费者,开封,河南,中国,中南,办公用-收纳-10003579,办公用品,收纳具,"Tenex 搁板, 蓝色",2295.72,9,0.0,45.36
5827,CN-202021-1637441,2022-11-22,2022-11-28,标准级,雷木-18415,雷木兰,消费者,开封,河南,中国,中南,办公用-标签-10001570,办公用品,标签,"Hon 运输标签, 可调",129.78,3,0.0,1.26
5831,CN-202021-2877300,2022-08-08,2022-08-13,标准级,廖松-20725,廖松,消费者,北京,北京,中国,华北,家具-书架-10003619,家具,书架,"Sauder 书库, 传统",14471.52,8,0.0,6222.72
5832,CN-202021-5278404,2022-01-04,2022-01-08,标准级,彭丽-17650,彭丽雪,小型企业,长春,吉林,中国,东北,技术-配件-10002874,技术,配件,"Enermax 键区, 可编程",823.62,3,0.0,411.6
5833,CN-202021-5278404,2022-01-04,2022-01-08,标准级,彭丽-17650,彭丽雪,小型企业,长春,吉林,中国,东北,办公用-标签-10003550,办公用品,标签,"Avery 合法证物标签, 白色",52.92,1,0.0,13.16
5835,CN-202021-3815654,2022-05-02,2022-05-06,二级,赵德-12145,赵德伟,消费者,松陵,江苏,中国,华东,办公用-信封-10004840,办公用品,信封,"GlobeWeis 搭扣信封, 银色",287.0,5,0.0,111.3
5836,CN-202021-3815654,2022-05-02,2022-05-06,二级,赵德-12145,赵德伟,消费者,松陵,江苏,中国,华东,技术-复印-10004642,技术,复印机,"夏普 传真机, 每套两件",4139.1,5,0.4,-2000.6
5848,CN-202021-5488732,2022-09-17,2022-09-19,二级,孙荷-13750,孙荷,公司,冷水滩,湖南,中国,中南,技术-复印-10000099,技术,复印机,"Brother 个人复印机, 红色",4608.94,7,0.0,921.2
5852,CN-202021-1184235,2022-12-03,2022-12-10,标准级,熊光-13390,熊光,小型企业,塘沽,天津,中国,华北,办公用-系固-10003118,办公用品,系固件,"Stockwell 夹子, 混合尺寸",233.52,3,0.0,69.72
5853,CN-202021-1184235,2022-12-03,2022-12-10,标准级,熊光-13390,熊光,小型企业,塘沽,天津,中国,华北,办公用-收纳-10001573,办公用品,收纳具,"Smead 盘, 蓝色",1131.2,5,0.0,531.3
5863,CN-202021-2508741,2022-09-05,2022-09-12,标准级,贺虹-13810,贺虹,公司,青岛,山东,中国,华东,家具-椅子-10001896,家具,椅子,"Office Star 椅垫, 黑色",887.46,3,0.0,336.84
5864,CN-202021-2508741,2022-09-05,2022-09-12,标准级,贺虹-13810,贺虹,公司,青岛,山东,中国,华东,办公用-美术-10000476,办公用品,美术,"BIC 荧光笔, 整包",448.0,5,0.0,0.0
5867,US-202021-2995973,2022-09-06,2022-09-12,标准级,薛庆-19525,薛庆缘,公司,金昌,甘肃,中国,西北,办公用-信封-10002675,办公用品,信封,"Ames 邮寄品, 银色",714.0,4,0.0,299.6
5868,CN-202021-2271818,2022-08-18,2022-08-22,标准级,洪梦-18205,洪梦,公司,本溪,辽宁,中国,东北,办公用-信封-10000222,办公用品,信封,"Ames 商业信封, 回收",125.44,2,0.0,7.28
5887,US-202021-3857264,2022-02-21,2022-02-25,标准级,韦绅-20005,韦绅,消费者,吴川,广东,中国,中南,办公用-美术-10000951,办公用品,美术,"Sanford 钢笔, 整包",127.344,3,0.2,-12.936
5888,US-202021-3857264,2022-02-21,2022-02-25,标准级,韦绅-20005,韦绅,消费者,吴川,广东,中国,中南,技术-复印-10002340,技术,复印机,"佳能 个人复印机, 每套两件",1332.24,2,0.0,532.84
5889,US-202021-3857264,2022-02-21,2022-02-25,标准级,韦绅-20005,韦绅,消费者,吴川,广东,中国,中南,技术-复印-10001588,技术,复印机,"Hewlett 复印机, 彩色",2474.36,2,0.0,494.76
5890,US-202021-3857264,2022-02-21,2022-02-25,标准级,韦绅-20005,韦绅,消费者,吴川,广东,中国,中南,技术-电话-10004858,技术,电话,"思科 耳机, 蓝色",2476.32,6,0.0,1163.4
5893,CN-202021-2330845,2022-11-22,2022-11-23,一级,廖松-20725,廖松,消费者,沈阳,辽宁,中国,东北,办公用-用品-10001026,办公用品,用品,"Fiskars 修剪器, 锯齿状",655.2,6,0.4,98.28
5894,CN-202021-5378913,2022-10-16,2022-10-21,标准级,任临-17440,任临耀,公司,常州,江苏,中国,华东,家具-书架-10004771,家具,书架,"宜家 搁架, 传统",1430.856,3,0.4,-95.424
5901,CN-202021-5497693,2022-08-13,2022-08-18,标准级,陈娟-15100,陈娟,消费者,宝山,黑龙江,中国,东北,技术-复印-10004787,技术,复印机,"佳能 墨水, 红色",4069.8,6,0.0,1586.76
5967,CN-202021-1323896,2022-09-22,2022-09-26,标准级,黄康-15355,黄康,消费者,洛阳,福建,中国,华东,办公用-用品-10002441,办公用品,用品,"Fiskars 尺子, 蓝色",538.72,8,0.0,31.36
5971,CN-202021-1244124,2022-04-17,2022-04-19,二级,殷昌-11080,殷昌,消费者,武汉,湖北,中国,中南,家具-书架-10001766,家具,书架,"Bush 书库, 黑色",4095.504,4,0.4,136.304
5972,CN-202021-1244124,2022-04-17,2022-04-19,二级,殷昌-11080,殷昌,消费者,武汉,湖北,中国,中南,家具-椅子-10003692,家具,椅子,"SAFCO 扶手椅, 红色",6460.02,5,0.4,430.22
5973,CN-202021-1244124,2022-04-17,2022-04-19,二级,殷昌-11080,殷昌,消费者,武汉,湖北,中国,中南,办公用-装订-10002360,办公用品,装订机,"Ibico 装订机盖, 实惠",191.1,5,0.4,-67.2
5980,CN-202021-5966135,2022-09-06,2022-09-08,二级,陈嫒-10015,陈嫒,消费者,运城,山西,中国,华北,办公用-纸张-10003915,办公用品,纸张,"SanDisk 信纸, 优质",225.96,1,0.0,38.36
5981,CN-202021-5966135,2022-09-06,2022-09-08,二级,陈嫒-10015,陈嫒,消费者,运城,山西,中国,华北,办公用-美术-10002057,办公用品,美术,"Binney & Smith 画布, 整包",722.82,3,0.0,144.48
5982,CN-202021-4347325,2022-01-06,2022-01-09,一级,贾松-20590,贾松,消费者,栖霞,山东,中国,华东,办公用-信封-10004437,办公用品,信封,"Jiffy 局间信封, 回收",633.36,3,0.0,12.6
5983,CN-202021-4347325,2022-01-06,2022-01-09,一级,贾松-20590,贾松,消费者,栖霞,山东,中国,华东,办公用-纸张-10002471,办公用品,纸张,"施乐 备忘录便条, 每包 12 个",164.92,2,0.0,82.32
5984,CN-202021-4347325,2022-01-06,2022-01-09,一级,贾松-20590,贾松,消费者,栖霞,山东,中国,华东,办公用-装订-10000440,办公用品,装订机,"Avery 装订机盖, 耐用",117.32,2,0.0,32.76
5987,CN-202021-5266113,2022-04-12,2022-04-17,二级,彭丽-17650,彭丽雪,小型企业,大理,云南,中国,西南,办公用-装订-10001192,办公用品,装订机,"Avery 标签, 透明",54.04,2,0.0,19.88
5988,CN-202021-5266113,2022-04-12,2022-04-17,二级,彭丽-17650,彭丽雪,小型企业,大理,云南,中国,西南,办公用-纸张-10004483,办公用品,纸张,"施乐 羊皮纸, 每包 12 个",406.0,5,0.0,97.3
5989,CN-202021-5266113,2022-04-12,2022-04-17,二级,彭丽-17650,彭丽雪,小型企业,大理,云南,中国,西南,办公用-收纳-10003897,办公用品,收纳具,"Rogers 搁板, 金属",571.2,2,0.0,96.88
5990,CN-202021-5266113,2022-04-12,2022-04-17,二级,彭丽-17650,彭丽雪,小型企业,大理,云南,中国,西南,技术-电话-10000045,技术,电话,"苹果 信号增强器, 混合尺寸",1302.0,2,0.0,481.6
5991,CN-202021-5266113,2022-04-12,2022-04-17,二级,彭丽-17650,彭丽雪,小型企业,大理,云南,中国,西南,技术-设备-10002738,技术,设备,"爱普生 电话, 耐用",756.84,2,0.0,370.72
5992,CN-202021-4173980,2022-10-30,2022-11-04,二级,楚娟-15115,楚娟,消费者,上海,上海,中国,华东,家具-桌子-10004814,家具,桌子,"Lesro 电脑桌, 组装",1203.468,1,0.4,180.488
5993,CN-202021-4173980,2022-10-30,2022-11-04,二级,楚娟-15115,楚娟,消费者,上海,上海,中国,华东,办公用-纸张-10004748,办公用品,纸张,"Eaton 羊皮纸, 优质",188.58,3,0.0,90.3
6003,CN-202021-5779998,2022-03-15,2022-03-20,标准级,常君-15145,常君,公司,栖霞,山东,中国,华东,办公用-器具-10001602,办公用品,器具,"Hoover 微波炉, 银色",8662.92,6,0.0,1039.08
6008,CN-202021-3033487,2022-03-21,2022-03-26,二级,秦淑-20440,秦淑芳,公司,临清,山东,中国,华东,办公用-美术-10002247,办公用品,美术,"BIC 记号笔, 整包",498.4,4,0.0,154.0
6009,CN-202021-3033487,2022-03-21,2022-03-26,二级,秦淑-20440,秦淑芳,公司,临清,山东,中国,华东,办公用-信封-10000118,办公用品,信封,"GlobeWeis 马尼拉纸信封, 银色",556.08,4,0.0,55.44
6019,CN-202021-1734605,2022-11-17,2022-11-17,当日,曹欢-14200,曹欢悦,小型企业,沈阳,辽宁,中国,东北,办公用-信封-10004840,办公用品,信封,"GlobeWeis 搭扣信封, 银色",114.8,2,0.0,44.52
6029,CN-202021-3640405,2022-04-20,2022-04-20,当日,袁丽-16210,袁丽华,公司,怀城,广东,中国,中南,办公用-纸张-10002523,办公用品,纸张,"Enermax 计划信息表, 回收",313.74,3,0.0,134.82
6030,CN-202021-3640405,2022-04-20,2022-04-20,当日,袁丽-16210,袁丽华,公司,怀城,广东,中国,中南,办公用-装订-10002836,办公用品,装订机,"Avery 订书机, 回收",688.8,3,0.0,61.74
6031,CN-202021-3640405,2022-04-20,2022-04-20,当日,袁丽-16210,袁丽华,公司,怀城,广东,中国,中南,家具-用具-10001632,家具,用具,"Eldon 分层置放架, 优质",421.68,3,0.0,75.6
6032,CN-202021-3640405,2022-04-20,2022-04-20,当日,袁丽-16210,袁丽华,公司,怀城,广东,中国,中南,家具-书架-10000339,家具,书架,"Dania 柜, 传统",1320.2,2,0.0,646.8
6033,CN-202021-3640405,2022-04-20,2022-04-20,当日,袁丽-16210,袁丽华,公司,怀城,广东,中国,中南,办公用-装订-10000333,办公用品,装订机,"Cardinal 订书机, 回收",467.88,2,0.0,116.76
6035,CN-202021-1357144,2022-05-01,2022-05-07,标准级,丁蔓-18025,丁蔓楚,消费者,西安,陕西,中国,西北,技术-电话-10001136,技术,电话,"思科 耳机, 混合尺寸",2556.12,6,0.0,357.84
6036,CN-202021-1357144,2022-05-01,2022-05-07,标准级,丁蔓-18025,丁蔓楚,消费者,西安,陕西,中国,西北,办公用-收纳-10003617,办公用品,收纳具,"Tenex 文件车, 单宽度",1252.16,2,0.0,212.8
6037,CN-202021-1357144,2022-05-01,2022-05-07,标准级,丁蔓-18025,丁蔓楚,消费者,西安,陕西,中国,西北,办公用-标签-10002245,办公用品,标签,"Smead 可去除的标签, 白色",441.0,9,0.0,91.98
6058,CN-202021-1966627,2022-09-28,2022-09-30,二级,袁丽-16210,袁丽华,公司,昆明,云南,中国,西南,家具-书架-10004224,家具,书架,"Dania 书库, 白色",1702.96,1,0.0,561.96
6059,CN-202021-1966627,2022-09-28,2022-09-30,二级,袁丽-16210,袁丽华,公司,昆明,云南,中国,西南,办公用-标签-10000480,办公用品,标签,"Smead 有色标签, 可调",153.3,3,0.0,64.26
6060,CN-202021-3006635,2022-08-11,2022-08-17,标准级,钱涛-21145,钱涛,公司,潮州,广东,中国,中南,技术-电话-10000942,技术,电话,"思科 智能手机, 整包",1293.32,2,0.0,258.44
6061,CN-202021-3006635,2022-08-11,2022-08-17,标准级,钱涛-21145,钱涛,公司,潮州,广东,中国,中南,家具-椅子-10000374,家具,椅子,"Harbour Creations 椅垫, 可调",1251.432,4,0.1,500.472
6072,CN-202021-2706465,2022-08-16,2022-08-22,标准级,常刚-13090,常刚,消费者,湘潭,湖南,中国,中南,办公用-用品-10003717,办公用品,用品,"Elite 开信刀, 蓝色",637.0,5,0.0,6.3
6073,CN-202021-2706465,2022-08-16,2022-08-22,标准级,常刚-13090,常刚,消费者,湘潭,湖南,中国,中南,办公用-系固-10001168,办公用品,系固件,"Accos 图钉, 每包 12 个",122.36,2,0.0,52.36
6074,CN-202021-2706465,2022-08-16,2022-08-22,标准级,常刚-13090,常刚,消费者,湘潭,湖南,中国,中南,家具-桌子-10003936,家具,桌子,"Hon 圆桌, 组装",1810.83,1,0.25,193.13
6080,CN-202021-5642637,2022-05-16,2022-05-20,标准级,秦诚-11245,秦诚,公司,徐州,江苏,中国,华东,办公用-标签-10004976,办公用品,标签,"Hon 可去除的标签, 红色",94.08,2,0.0,20.44
6081,CN-202021-5642637,2022-05-16,2022-05-20,标准级,秦诚-11245,秦诚,公司,徐州,江苏,中国,华东,办公用-收纳-10004714,办公用品,收纳具,"Smead 盒, 单宽度",100.8,2,0.0,44.24
6082,CN-202021-5642637,2022-05-16,2022-05-20,标准级,秦诚-11245,秦诚,公司,徐州,江苏,中国,华东,办公用-收纳-10000379,办公用品,收纳具,"Smead 锁柜, 工业",6497.4,7,0.0,1493.52
6093,CN-202021-3197896,2022-05-11,2022-05-16,二级,袁平-19210,袁平,公司,朝阳,辽宁,中国,东北,家具-书架-10000929,家具,书架,"Dania 搁架, 黑色",477.96,1,0.4,47.74
6094,CN-202021-3197896,2022-05-11,2022-05-16,二级,袁平-19210,袁平,公司,朝阳,辽宁,中国,东北,家具-书架-10004069,家具,书架,"宜家 书架, 金属",1708.56,5,0.4,-1111.04
6103,CN-202021-5448418,2022-08-08,2022-08-08,当日,廖立-16795,廖立,小型企业,济宁,山东,中国,华东,办公用-信封-10000832,办公用品,信封,"Ames 商业信封, 红色",169.68,2,0.0,54.04
6104,CN-202021-5448418,2022-08-08,2022-08-08,当日,廖立-16795,廖立,小型企业,济宁,山东,中国,华东,办公用-装订-10003175,办公用品,装订机,"Avery 装订机, 实惠",60.2,1,0.0,28.28
6105,CN-202021-5448418,2022-08-08,2022-08-08,当日,廖立-16795,廖立,小型企业,济宁,山东,中国,华东,办公用-用品-10003186,办公用品,用品,"Acme 修剪器, 工业",1509.2,7,0.0,437.08
6106,CN-202021-2900587,2022-12-26,2022-12-28,二级,邱丽-15745,邱丽,消费者,太原,山西,中国,华北,家具-书架-10003499,家具,书架,"宜家 书库, 金属",11853.1,7,0.0,2133.46
6112,CN-202021-1399108,2022-10-09,2022-10-11,二级,胡凤-12850,胡凤,消费者,临清,山东,中国,华东,办公用-收纳-10001749,办公用品,收纳具,"Rogers 锁柜, 工业",2969.4,3,0.0,1039.08
6113,CN-202021-5488732,2022-11-23,2022-11-23,当日,余凤-13060,余凤,消费者,上海,上海,中国,华东,办公用-信封-10003644,办公用品,信封,"Kraft 外皮和封条, 回收",180.04,2,0.0,50.4
6114,CN-202021-5488732,2022-11-23,2022-11-23,当日,余凤-13060,余凤,消费者,上海,上海,中国,华东,家具-椅子-10003177,家具,椅子,"Harbour Creations 椅垫, 每套两件",3118.5,9,0.0,903.42
6120,CN-202021-1715632,2022-10-15,2022-10-19,标准级,袁松-20785,袁松,消费者,西安,陕西,中国,西北,办公用-收纳-10004374,办公用品,收纳具,"Smead 文件车, 工业",1202.88,2,0.0,228.48
6133,CN-202021-2548759,2022-08-11,2022-08-15,标准级,沈聪-11710,沈聪,消费者,铁岭,辽宁,中国,东北,办公用-标签-10000355,办公用品,标签,"Hon 有色标签, 耐用",61.6,1,0.0,22.68
6134,CN-202021-5058012,2022-08-14,2022-08-19,二级,贾伟-21415,贾伟,消费者,石家庄,河北,中国,华北,家具-书架-10001860,家具,书架,"Safco 搁架, 传统",2754.36,3,0.0,578.34
6135,CN-202021-5058012,2022-08-14,2022-08-19,二级,贾伟-21415,贾伟,消费者,石家庄,河北,中国,华北,技术-复印-10004064,技术,复印机,"佳能 传真复印机, 每套两件",3571.68,4,0.0,142.8
6145,CN-202021-3815654,2022-04-19,2022-04-21,二级,龙谦-19300,龙谦,消费者,淮南,安徽,中国,华东,办公用-标签-10002702,办公用品,标签,"Smead 可去除的标签, 可调",117.6,3,0.0,50.4
6146,CN-202021-3815654,2022-04-19,2022-04-21,二级,龙谦-19300,龙谦,消费者,淮南,安徽,中国,华东,办公用-用品-10004001,办公用品,用品,"Fiskars 大剪刀, 蓝色",666.96,3,0.0,59.64
6147,CN-202021-3815654,2022-04-19,2022-04-21,二级,龙谦-19300,龙谦,消费者,淮南,安徽,中国,华东,办公用-信封-10002389,办公用品,信封,"Kraft 外皮和封条, 每套 50 个",286.86,3,0.0,0.0
6148,CN-202021-3815654,2022-04-19,2022-04-21,二级,龙谦-19300,龙谦,消费者,淮南,安徽,中国,华东,技术-电话-10001437,技术,电话,"诺基亚 信号增强器, 全尺寸",2572.08,4,0.0,514.08
6149,CN-202021-3815654,2022-04-19,2022-04-21,二级,龙谦-19300,龙谦,消费者,淮南,安徽,中国,华东,办公用-纸张-10000746,办公用品,纸张,"Eaton 信纸, 优质",632.52,3,0.0,265.44
6150,CN-202021-3815654,2022-04-19,2022-04-21,二级,龙谦-19300,龙谦,消费者,淮南,安徽,中国,华东,办公用-器具-10002796,办公用品,器具,"Hamilton Beach 烤面包机, 银色",271.88,1,0.0,43.4
6159,CN-202021-4682811,2022-02-08,2022-02-12,标准级,贺鹏-19045,贺鹏,小型企业,浯溪,湖南,中国,中南,办公用-信封-10003132,办公用品,信封,"Jiffy 搭扣信封, 每套 50 个",357.84,9,0.0,95.76
6160,CN-202021-4682811,2022-02-08,2022-02-12,标准级,贺鹏-19045,贺鹏,小型企业,浯溪,湖南,中国,中南,办公用-标签-10001867,办公用品,标签,"Smead 合法证物标签, 红色",254.8,5,0.0,50.4
6161,CN-202021-4682811,2022-02-08,2022-02-12,标准级,贺鹏-19045,贺鹏,小型企业,浯溪,湖南,中国,中南,办公用-标签-10000834,办公用品,标签,"Hon 有色标签, 红色",530.46,9,0.0,248.22
6162,CN-202021-4682811,2022-02-08,2022-02-12,标准级,贺鹏-19045,贺鹏,小型企业,浯溪,湖南,中国,中南,办公用-装订-10003061,办公用品,装订机,"Wilson Jones 订书机, 回收",230.16,1,0.0,13.72
6167,CN-202021-1850111,2022-10-01,2022-10-06,标准级,郭刚-13150,郭刚,公司,南麻,山东,中国,华东,家具-椅子-10002025,家具,椅子,"Novimex 折叠椅, 可调",2372.16,6,0.0,1161.72
6168,CN-202021-1850111,2022-10-01,2022-10-06,标准级,郭刚-13150,郭刚,公司,南麻,山东,中国,华东,办公用-美术-10000805,办公用品,美术,"Binney & Smith 荧光笔, 蓝色",541.94,7,0.0,270.48
6169,CN-202021-1850111,2022-10-01,2022-10-06,标准级,郭刚-13150,郭刚,公司,南麻,山东,中国,华东,办公用-纸张-10004938,办公用品,纸张,"SanDisk 信纸, 回收",902.16,4,0.0,90.16
6170,CN-202021-1850111,2022-10-01,2022-10-06,标准级,郭刚-13150,郭刚,公司,南麻,山东,中国,华东,办公用-信封-10002782,办公用品,信封,"Kraft 搭扣信封, 每套 50 个",126.0,3,0.0,10.08
6171,CN-202021-1850111,2022-10-01,2022-10-06,标准级,郭刚-13150,郭刚,公司,南麻,山东,中国,华东,办公用-信封-10000118,办公用品,信封,"GlobeWeis 马尼拉纸信封, 银色",417.06,3,0.0,41.58
6172,CN-202021-1850111,2022-10-01,2022-10-06,标准级,郭刚-13150,郭刚,公司,南麻,山东,中国,华东,办公用-信封-10003126,办公用品,信封,"Ames 邮寄品, 回收",1293.6,8,0.0,168.0
6216,US-202021-1388500,2022-08-10,2022-08-10,当日,贾柏-18910,贾柏,小型企业,上海,上海,中国,华东,技术-设备-10003147,技术,设备,"StarTech 收据打印机, 红色",502.74,1,0.0,30.1
6217,US-202021-1388500,2022-08-10,2022-08-10,当日,贾柏-18910,贾柏,小型企业,上海,上海,中国,华东,办公用-器具-10000373,办公用品,器具,"Breville 冰箱, 银色",7281.12,3,0.0,1528.8
6226,CN-202021-1166865,2022-11-27,2022-12-01,标准级,巩嘉-14500,巩嘉丽,消费者,武汉,湖北,中国,中南,办公用-标签-10000619,办公用品,标签,"Avery 可去除的标签, 耐用",103.88,2,0.0,7.0
6234,CN-202021-4662338,2022-05-17,2022-05-18,一级,邵鹏-19075,邵鹏,消费者,宣州,安徽,中国,华东,办公用-纸张-10001831,办公用品,纸张,"SanDisk 令, 优质",278.04,2,0.0,77.84
6235,CN-202021-3561948,2022-10-26,2022-11-01,标准级,贺斯-20935,贺斯云,消费者,济南,山东,中国,华东,办公用-标签-10002378,办公用品,标签,"Smead 文件夹标签, 耐用",216.3,5,0.0,42.7
6243,CN-202021-3693425,2022-09-03,2022-09-07,标准级,任临-17440,任临耀,公司,淮阴,江苏,中国,华东,办公用-纸张-10001677,办公用品,纸张,"Green Bar 备忘录便条, 多色",257.04,3,0.0,30.66
6244,CN-202021-1357144,2022-01-14,2022-01-18,标准级,徐杰-14740,徐杰,公司,镇江,江苏,中国,华东,办公用-美术-10003735,办公用品,美术,"Binney & Smith 速写本, 蓝色",129.696,3,0.8,-201.264
6247,CN-202021-5869022,2022-03-06,2022-03-10,二级,秦淑-20440,秦淑芳,公司,沈阳,辽宁,中国,东北,办公用-标签-10004733,办公用品,标签,"Avery 有色标签, 白色",124.04,2,0.0,61.88
6248,CN-202021-5869022,2022-03-06,2022-03-10,二级,秦淑-20440,秦淑芳,公司,沈阳,辽宁,中国,东北,办公用-美术-10001978,办公用品,美术,"Stanley 铅笔刀, 蓝色",69.384,3,0.8,-170.016
6249,CN-202021-2823186,2022-08-27,2022-09-02,标准级,沈彩-10750,沈彩,消费者,兴化,江苏,中国,华东,办公用-信封-10001478,办公用品,信封,"Cameo 邮寄品, 每套 50 个",534.24,3,0.0,256.2
6255,CN-202021-5468349,2022-11-07,2022-11-11,标准级,韦华-14095,韦华,公司,永川,重庆,中国,西南,办公用-标签-10000069,办公用品,标签,"Novimex 文件夹标签, 红色",150.64,4,0.0,62.72
6259,CN-202021-2977814,2022-12-03,2022-12-03,当日,夏芯-13960,夏芯,消费者,深圳,广东,中国,中南,家具-椅子-10000123,家具,椅子,"Hon 扶手椅, 黑色",11458.692,6,0.1,1655.052
6262,CN-202021-4162714,2022-06-29,2022-07-02,一级,胡锦-14860,胡锦,公司,宝山,黑龙江,中国,东北,家具-椅子-10004534,家具,椅子,"Office Star 扶手椅, 黑色",2170.0,1,0.0,0.0
6263,CN-202021-4162714,2022-06-29,2022-07-02,一级,胡锦-14860,胡锦,公司,宝山,黑龙江,中国,东北,办公用-系固-10000678,办公用品,系固件,"Accos 按钉, 金属",341.6,5,0.0,119.0
6264,US-202021-2470286,2022-01-21,2022-01-27,标准级,钱幂-18070,钱幂,小型企业,浯溪,湖南,中国,中南,办公用-标签-10002900,办公用品,标签,"Novimex 合法证物标签, 白色",146.58,3,0.0,49.56
6265,US-202021-2470286,2022-01-21,2022-01-27,标准级,钱幂-18070,钱幂,小型企业,浯溪,湖南,中国,中南,办公用-标签-10000344,办公用品,标签,"Avery 运输标签, 可调",91.0,2,0.0,7.28
6272,CN-202021-2063413,2022-11-06,2022-11-09,一级,邓达-11785,邓达侠,消费者,合德,江苏,中国,华东,办公用-用品-10003562,办公用品,用品,"Fiskars 剪刀, 锯齿状",166.824,3,0.4,-86.436
6273,CN-202021-2063413,2022-11-06,2022-11-09,一级,邓达-11785,邓达侠,消费者,合德,江苏,中国,华东,家具-书架-10002807,家具,书架,"Safco 墙角架, 金属",833.952,2,0.4,124.992
6274,CN-202021-2063413,2022-11-06,2022-11-09,一级,邓达-11785,邓达侠,消费者,合德,江苏,中国,华东,家具-用具-10000331,家具,用具,"Advantus 门挡, 一包多件",631.26,5,0.4,-0.14
6275,CN-202021-2063413,2022-11-06,2022-11-09,一级,邓达-11785,邓达侠,消费者,合德,江苏,中国,华东,技术-配件-10002979,技术,配件,"罗技 闪存驱动器, 耐用",516.096,6,0.4,-0.504
6277,CN-202021-4162714,2022-12-31,2023-01-04,标准级,卢壁-10450,卢壁,消费者,晋江,海南,中国,中南,技术-配件-10003885,技术,配件,"Enermax 闪存驱动器, 可编程",401.52,2,0.0,84.28
6278,CN-202021-4162714,2022-12-31,2023-01-04,标准级,卢壁-10450,卢壁,消费者,晋江,海南,中国,中南,办公用-系固-10003093,办公用品,系固件,"OIC 图钉, 整包",131.32,2,0.0,27.44
6291,CN-202021-1187433,2022-08-28,2022-09-02,标准级,钟松-20620,钟松,公司,延吉,吉林,中国,东北,家具-书架-10001668,家具,书架,"宜家 搁架, 黑色",1602.44,2,0.0,640.92
6296,US-202021-4794169,2022-09-14,2022-09-18,标准级,王霖-17545,王霖,小型企业,义乌,浙江,中国,华东,家具-椅子-10002059,家具,椅子,"SAFCO 凳子, 红色",470.232,1,0.4,-258.748
6319,US-202021-3636322,2022-06-14,2022-06-19,标准级,蒋宣-20830,蒋宣,消费者,启东,江苏,中国,华东,技术-复印-10000971,技术,复印机,"Brother 墨水, 彩色",832.944,2,0.4,-513.856
6320,US-202021-3636322,2022-06-14,2022-06-19,标准级,蒋宣-20830,蒋宣,消费者,启东,江苏,中国,华东,家具-用具-10003544,家具,用具,"Rubvermaid 门挡, 黑色",613.2,5,0.4,-102.2
6336,US-202021-2075782,2022-05-02,2022-05-04,一级,袁梅-18130,袁梅,公司,广州,广东,中国,中南,家具-用具-10001567,家具,用具,"Rubvermaid 相框, 黑色",724.5,3,0.0,50.4
6337,US-202021-2075782,2022-05-02,2022-05-04,一级,袁梅-18130,袁梅,公司,广州,广东,中国,中南,办公用-器具-10001375,办公用品,器具,"Hamilton Beach 微波炉, 红色",1318.38,1,0.0,197.68
6361,CN-202021-3656854,2022-02-28,2022-03-02,二级,顾君-15220,顾君,公司,铜仁,贵州,中国,西南,技术-电话-10003642,技术,电话,"苹果 办公室电话机, 蓝色",609.28,2,0.0,261.8
6362,CN-202021-3656854,2022-02-28,2022-03-02,二级,顾君-15220,顾君,公司,铜仁,贵州,中国,西南,技术-复印-10004642,技术,复印机,"夏普 传真机, 每套两件",3311.28,3,0.2,-372.54
6367,US-202021-2045726,2022-06-14,2022-06-21,标准级,俞明-18325,俞明,消费者,宜宾,四川,中国,西南,家具-椅子-10003670,家具,椅子,"Harbour Creations 摇椅, 黑色",1215.144,3,0.4,-101.556
6396,CN-202021-2271818,2022-06-18,2022-06-22,二级,贾柏-18910,贾柏,小型企业,枣庄,山东,中国,华东,办公用-美术-10004520,办公用品,美术,"Stanley 速写本, 金属",1705.76,8,0.0,682.08
6397,CN-202021-2271818,2022-06-18,2022-06-22,二级,贾柏-18910,贾柏,小型企业,枣庄,山东,中国,华东,办公用-美术-10003943,办公用品,美术,"BIC 铅笔刀, 混合尺寸",450.66,3,0.0,99.12
6398,CN-202021-2271818,2022-06-18,2022-06-22,二级,贾柏-18910,贾柏,小型企业,枣庄,山东,中国,华东,技术-配件-10004265,技术,配件,"Enermax 键盘, 耐用",780.92,2,0.0,234.08
6415,US-202021-4988987,2022-03-16,2022-03-19,一级,洪梦-18205,洪梦,公司,沈阳,辽宁,中国,东北,家具-书架-10004771,家具,书架,"宜家 搁架, 传统",3815.616,8,0.4,-254.464
6427,CN-202021-3139690,2022-08-02,2022-08-07,标准级,涂珑-17875,涂珑,小型企业,济宁,山东,中国,华东,办公用-器具-10001435,办公用品,器具,"KitchenAid 烤面包机, 银色",1606.64,4,0.0,674.24
6436,CN-202021-4992845,2022-03-28,2022-04-02,标准级,郝壁-10420,郝壁,公司,合肥,安徽,中国,华东,办公用-系固-10004460,办公用品,系固件,"Advantus 订书钉, 金属",307.44,6,0.0,89.04
6437,CN-202021-4992845,2022-03-28,2022-04-02,标准级,郝壁-10420,郝壁,公司,合肥,安徽,中国,华东,技术-设备-10001343,技术,设备,"松下 喷墨打印机, 白色",5796.0,4,0.0,1912.4
6440,US-202021-1300278,2022-08-30,2022-09-04,标准级,常崆-15505,常崆,消费者,兰西,黑龙江,中国,东北,技术-设备-10002994,技术,设备,"柯尼卡 收据打印机, 多色",1141.0,2,0.0,91.28
6445,US-202021-3436770,2022-10-19,2022-10-22,一级,余德-12100,余德,小型企业,武汉,湖北,中国,中南,办公用-用品-10004822,办公用品,用品,"Acme 剪刀, 钢",139.104,2,0.4,-7.056
6447,CN-202021-4356406,2022-07-06,2022-07-11,标准级,周诚-11275,周诚,公司,张掖,甘肃,中国,西北,家具-椅子-10004774,家具,椅子,"SAFCO 摇椅, 可调",769.44,2,0.4,-25.76
6463,CN-202021-4433229,2022-08-14,2022-08-18,标准级,罗婵-10960,罗婵,消费者,抚顺,辽宁,中国,东北,技术-配件-10000459,技术,配件,"Memorex 路由器, 实惠",3446.94,5,0.4,-230.16
6474,CN-202021-4769676,2022-01-26,2022-01-28,一级,李雯-21730,李雯,小型企业,天津,天津,中国,华北,办公用-收纳-10000793,办公用品,收纳具,"Smead 锁柜, 单宽度",2778.3,3,0.0,222.18
6492,CN-202021-4214287,2022-08-11,2022-08-13,二级,邢良-17140,邢良,消费者,本溪,辽宁,中国,东北,办公用-用品-10002717,办公用品,用品,"Fiskars 剪刀, 蓝色",453.936,7,0.4,-212.464
6493,CN-202021-4214287,2022-08-11,2022-08-13,二级,邢良-17140,邢良,消费者,本溪,辽宁,中国,东北,办公用-信封-10000814,办公用品,信封,"Cameo 商业信封, 红色",764.96,8,0.0,328.16
6494,CN-202021-4214287,2022-08-11,2022-08-13,二级,邢良-17140,邢良,消费者,本溪,辽宁,中国,东北,技术-复印-10000971,技术,复印机,"Brother 墨水, 彩色",2082.36,5,0.4,-1284.64
6496,CN-202021-3064620,2022-09-11,2022-09-17,标准级,施立-16690,施立伟,公司,高邮,江苏,中国,华东,技术-电话-10002340,技术,电话,"三星 耳机, 整包",205.212,1,0.4,30.772
6497,CN-202021-3064620,2022-09-11,2022-09-17,标准级,施立-16690,施立伟,公司,高邮,江苏,中国,华东,办公用-信封-10002440,办公用品,信封,"Ames 外皮和封条, 回收",244.86,3,0.0,83.16
6530,US-202021-2045726,2022-08-09,2022-08-13,标准级,贾嫒-10030,贾嫒,公司,青岛,山东,中国,华东,办公用-美术-10003419,办公用品,美术,"Stanley 记号笔, 整包",943.74,9,0.0,122.22
6537,US-202021-4159546,2022-06-01,2022-06-06,标准级,徐谙-18895,徐谙,消费者,沈阳,辽宁,中国,东北,技术-复印-10001124,技术,复印机,"夏普 个人复印机, 每套两件",672.0,2,0.4,-403.2
6538,US-202021-4159546,2022-06-01,2022-06-06,标准级,徐谙-18895,徐谙,消费者,沈阳,辽宁,中国,东北,办公用-用品-10002441,办公用品,用品,"Fiskars 尺子, 蓝色",121.212,3,0.4,-69.048
6539,US-202021-4159546,2022-06-01,2022-06-06,标准级,徐谙-18895,徐谙,消费者,沈阳,辽宁,中国,东北,技术-配件-10001398,技术,配件,"Enermax 键区, 耐用",805.56,5,0.4,134.26
6540,US-202021-4159546,2022-06-01,2022-06-06,标准级,徐谙-18895,徐谙,消费者,沈阳,辽宁,中国,东北,办公用-装订-10001062,办公用品,装订机,"Acco 订书机, 回收",1152.48,8,0.4,-327.04
6544,US-202021-5495957,2022-05-03,2022-05-07,标准级,韦华-14095,韦华,公司,盐城,江苏,中国,华东,办公用-器具-10003676,办公用品,器具,"Hoover 烤面包机, 红色",468.384,2,0.4,-140.616
6545,US-202021-5495957,2022-05-03,2022-05-07,标准级,韦华-14095,韦华,公司,盐城,江苏,中国,华东,家具-椅子-10003377,家具,椅子,"SAFCO 折叠椅, 黑色",699.552,3,0.4,-396.648
6551,CN-202021-3834707,2022-11-19,2022-11-22,一级,周诚-11290,周诚,消费者,宿州,安徽,中国,华东,办公用-收纳-10003186,办公用品,收纳具,"Rogers 盘, 单宽度",575.96,2,0.0,230.16
6552,CN-202021-3834707,2022-11-19,2022-11-22,一级,周诚-11290,周诚,消费者,宿州,安徽,中国,华东,办公用-器具-10000589,办公用品,器具,"Breville 炉灶, 白色",13059.2,5,0.0,1827.7
6553,CN-202021-3834707,2022-11-19,2022-11-22,一级,周诚-11290,周诚,消费者,宿州,安徽,中国,华东,办公用-用品-10000963,办公用品,用品,"Fiskars 开信刀, 钢",510.16,4,0.0,198.8
6561,CN-202021-1047687,2022-07-11,2022-07-16,标准级,彭伟-21550,彭伟,小型企业,沂水,山东,中国,华东,家具-书架-10004730,家具,书架,"Sauder 书架, 金属",2730.56,4,0.0,627.76
6566,CN-202021-5895003,2022-06-21,2022-06-27,标准级,白聪-11695,白聪,公司,深圳,广东,中国,中南,家具-椅子-10001258,家具,椅子,"Harbour Creations 扶手椅, 可调",3999.24,2,0.1,1555.12
6579,CN-202021-4167270,2022-08-15,2022-08-15,当日,高凤-12865,高凤,消费者,汕头,广东,中国,中南,办公用-装订-10000762,办公用品,装订机,"Ibico 装订机盖, 回收",65.38,1,0.0,11.76
6580,CN-202021-4292548,2022-02-02,2022-02-06,标准级,宋立-16840,宋立,消费者,集宁,内蒙古,中国,华北,家具-椅子-10004718,家具,椅子,"Novimex 折叠椅, 红色",920.976,4,0.4,-552.944
6581,CN-202021-4292548,2022-02-02,2022-02-06,标准级,宋立-16840,宋立,消费者,集宁,内蒙古,中国,华北,技术-设备-10000750,技术,设备,"冲电器 计算器, 红色",692.16,5,0.4,-184.94
6582,CN-202021-4292548,2022-02-02,2022-02-06,标准级,宋立-16840,宋立,消费者,集宁,内蒙古,中国,华北,办公用-美术-10003462,办公用品,美术,"Sanford 荧光笔, 混合尺寸",159.012,9,0.8,-477.288
6584,CN-202021-3865865,2022-06-12,2022-06-17,标准级,贺斯-20935,贺斯云,消费者,肇东,黑龙江,中国,东北,家具-书架-10000111,家具,书架,"Bush 书架, 传统",1152.76,2,0.0,530.04
6585,CN-202021-5910958,2022-09-18,2022-09-21,二级,唐欢-14170,唐欢悦,消费者,漯河,河南,中国,中南,技术-配件-10000166,技术,配件,"罗技 鼠标, 可编程",287.28,2,0.0,103.32
6591,US-202021-1761745,2022-06-13,2022-06-17,标准级,孙斯-21010,孙斯云,消费者,大同,安徽,中国,华东,家具-书架-10000674,家具,书架,"Bush 搁架, 传统",1598.52,2,0.0,335.44
6621,CN-202021-2508741,2022-06-28,2022-07-03,标准级,龙谦-19300,龙谦,消费者,盐城,江苏,中国,华东,技术-配件-10001523,技术,配件,"Enermax 路由器, 回收",2868.768,4,0.4,-1004.192
6633,CN-202021-3765639,2022-11-13,2022-11-17,标准级,陶恒-13645,陶恒,消费者,登封,河南,中国,中南,办公用-装订-10000090,办公用品,装订机,"Wilson Jones 装订机盖, 透明",198.8,4,0.0,31.36
6634,CN-202021-3765639,2022-11-13,2022-11-17,标准级,陶恒-13645,陶恒,消费者,登封,河南,中国,中南,办公用-器具-10001452,办公用品,器具,"Breville 炉灶, 银色",10496.08,4,0.0,1784.16
6635,US-202021-5057492,2022-10-08,2022-10-14,标准级,唐欢-14170,唐欢悦,消费者,余姚,浙江,中国,华东,家具-椅子-10000979,家具,椅子,"Hon 凳子, 可调",1395.576,3,0.4,-209.664
6636,US-202021-5057492,2022-10-08,2022-10-14,标准级,唐欢-14170,唐欢悦,消费者,余姚,浙江,中国,华东,办公用-装订-10004255,办公用品,装订机,"Acco 打孔机, 回收",597.408,7,0.4,-19.992
6637,US-202021-5057492,2022-10-08,2022-10-14,标准级,唐欢-14170,唐欢悦,消费者,余姚,浙江,中国,华东,家具-椅子-10000210,家具,椅子,"Harbour Creations 扶手椅, 每套两件",5329.632,4,0.4,-1865.808
6638,US-202021-5057492,2022-10-08,2022-10-14,标准级,唐欢-14170,唐欢悦,消费者,余姚,浙江,中国,华东,办公用-用品-10001508,办公用品,用品,"Acme 修剪器, 钢",246.288,2,0.4,-74.032
6644,CN-202021-2312244,2022-10-20,2022-10-25,标准级,钱幂-18070,钱幂,小型企业,乌海,内蒙古,中国,华北,技术-配件-10001200,技术,配件,"Memorex 键盘, 实惠",599.256,3,0.4,59.556
6651,CN-202021-4494383,2022-05-24,2022-05-29,标准级,马荣-19750,马荣,消费者,济南,山东,中国,华东,家具-书架-10001846,家具,书架,"Dania 搁架, 传统",5532.1,7,0.0,1880.62
6652,CN-202021-4494383,2022-05-24,2022-05-29,标准级,马荣-19750,马荣,消费者,济南,山东,中国,华东,办公用-纸张-10001576,办公用品,纸张,"Green Bar 笔记本, 回收",831.6,6,0.0,83.16
6668,CN-202021-3417942,2022-08-30,2022-09-04,标准级,巩荣-19735,巩荣,消费者,浏阳,湖南,中国,中南,办公用-装订-10004615,办公用品,装订机,"Wilson Jones 订书机, 耐用",470.96,2,0.0,169.4
6679,CN-202021-3434056,2022-08-16,2022-08-21,标准级,潘荷-13735,潘荷,小型企业,深圳,广东,中国,中南,技术-复印-10004359,技术,复印机,"夏普 传真机, 彩色",5545.68,4,0.0,1053.36
6680,CN-202021-3434056,2022-08-16,2022-08-21,标准级,潘荷-13735,潘荷,小型企业,深圳,广东,中国,中南,技术-配件-10000065,技术,配件,"Memorex 闪存驱动器, 耐用",967.26,7,0.0,76.44
6681,CN-202021-3434056,2022-08-16,2022-08-21,标准级,潘荷-13735,潘荷,小型企业,深圳,广东,中国,中南,办公用-系固-10001319,办公用品,系固件,"OIC 夹子, 混合尺寸",241.08,3,0.0,23.94
6682,CN-202021-3434056,2022-08-16,2022-08-21,标准级,潘荷-13735,潘荷,小型企业,深圳,广东,中国,中南,办公用-装订-10000183,办公用品,装订机,"Cardinal 订书机, 实惠",464.52,2,0.0,171.64
6683,CN-202021-3434056,2022-08-16,2022-08-21,标准级,潘荷-13735,潘荷,小型企业,深圳,广东,中国,中南,技术-电话-10002649,技术,电话,"诺基亚 耳机, 全尺寸",1041.6,3,0.0,260.4
6684,CN-202021-3434056,2022-08-16,2022-08-21,标准级,潘荷-13735,潘荷,小型企业,深圳,广东,中国,中南,办公用-标签-10003929,办公用品,标签,"Harbour Creations 合法证物标签, 白色",204.4,4,0.0,3.92
6685,CN-202021-3434056,2022-08-16,2022-08-21,标准级,潘荷-13735,潘荷,小型企业,深圳,广东,中国,中南,办公用-美术-10001165,办公用品,美术,"Sanford 铅笔刀, 混合尺寸",541.52,5,0.2,-94.78
6686,CN-202021-3434056,2022-08-16,2022-08-21,标准级,潘荷-13735,潘荷,小型企业,深圳,广东,中国,中南,技术-电话-10002321,技术,电话,"诺基亚 信号增强器, 混合尺寸",1300.6,2,0.0,51.8
6697,CN-202021-2966078,2022-10-08,2022-10-12,标准级,常光-13345,常光,公司,赤峰,内蒙古,中国,华北,办公用-信封-10000562,办公用品,信封,"Kraft 搭扣信封, 银色",106.4,2,0.0,48.72
6706,US-202021-2666353,2022-08-20,2022-08-22,二级,冯乐-17725,冯乐,消费者,蒲圻,湖北,中国,中南,家具-椅子-10001358,家具,椅子,"SAFCO 凳子, 每套两件",476.532,1,0.4,-262.108
6707,US-202021-2666353,2022-08-20,2022-08-22,二级,冯乐-17725,冯乐,消费者,蒲圻,湖北,中国,中南,办公用-系固-10003093,办公用品,系固件,"OIC 图钉, 整包",354.564,9,0.4,-112.896
6708,CN-202021-1340062,2022-06-06,2022-06-12,标准级,俞毅-12520,俞毅,消费者,巢湖,安徽,中国,华东,办公用-收纳-10000923,办公用品,收纳具,"Tenex 文件车, 工业",1256.36,2,0.0,464.8
6712,CN-202021-3223872,2022-07-07,2022-07-11,二级,肖保-10315,肖保,消费者,海口,海南,中国,西南,家具-书架-10002304,家具,书架,"Safco 墙角架, 传统",4882.36,7,0.0,2343.18
6713,CN-202021-3223872,2022-07-07,2022-07-11,二级,肖保-10315,肖保,消费者,海口,海南,中国,西南,技术-设备-10002736,技术,设备,"StarTech 卡片打印机, 耐用",3054.24,4,0.0,1404.48
6714,CN-202021-3223872,2022-07-07,2022-07-11,二级,肖保-10315,肖保,消费者,海口,海南,中国,西南,办公用-标签-10000895,办公用品,标签,"Harbour Creations 有色标签, 可调",100.8,2,0.0,15.12
6715,CN-202021-3223872,2022-07-07,2022-07-11,二级,肖保-10315,肖保,消费者,海口,海南,中国,西南,办公用-器具-10003361,办公用品,器具,"Cuisinart 微波炉, 黑色",2593.64,2,0.0,362.88
6730,CN-202021-5525339,2022-08-15,2022-08-17,二级,唐凤-12985,唐凤,消费者,上海,上海,中国,华东,办公用-系固-10000647,办公用品,系固件,"OIC 订书钉, 金属",106.96,2,0.0,7.28
6732,CN-202021-1399832,2022-06-27,2022-06-27,当日,彭丽-16255,彭丽美,公司,济南,山东,中国,华东,办公用-装订-10004336,办公用品,装订机,"Acco 装订机盖, 实惠",186.48,3,0.0,35.28
6736,CN-202021-1231498,2022-12-10,2022-12-12,二级,徐岱-11875,徐岱,公司,郑州,河南,中国,中南,技术-复印-10001080,技术,复印机,"夏普 无线传真机, 彩色",6670.72,4,0.0,66.64
6737,CN-202021-1231498,2022-12-10,2022-12-12,二级,徐岱-11875,徐岱,公司,郑州,河南,中国,中南,办公用-用品-10001871,办公用品,用品,"Fiskars 开信刀, 蓝色",260.68,2,0.0,57.12
6738,CN-202021-1231498,2022-12-10,2022-12-12,二级,徐岱-11875,徐岱,公司,郑州,河南,中国,中南,办公用-装订-10002836,办公用品,装订机,"Avery 订书机, 回收",1607.2,7,0.0,144.06
6754,US-202021-5315398,2022-07-05,2022-07-10,标准级,常升-20020,常升,消费者,南阳,河南,中国,中南,办公用-美术-10001467,办公用品,美术,"Boston 速写本, 蓝色",544.32,3,0.2,-102.06
6755,US-202021-5315398,2022-07-05,2022-07-10,标准级,常升-20020,常升,消费者,南阳,河南,中国,中南,技术-设备-10003910,技术,设备,"冲电器 收据打印机, 多色",6882.96,12,0.0,1582.56
6756,US-202021-5315398,2022-07-05,2022-07-10,标准级,常升-20020,常升,消费者,南阳,河南,中国,中南,办公用-信封-10003939,办公用品,信封,"Cameo 商业信封, 回收",73.5,1,0.0,14.7
6762,CN-202021-3561948,2022-11-27,2022-12-02,标准级,钱珑-17830,钱珑,消费者,睢城,江苏,中国,华东,家具-书架-10004603,家具,书架,"Bush 古典书架, 传统",4622.016,4,0.4,-1386.784
6763,CN-202021-3561948,2022-11-27,2022-12-02,标准级,钱珑-17830,钱珑,消费者,睢城,江苏,中国,华东,技术-配件-10001642,技术,配件,"贝尔金 键盘, 回收",1829.856,8,0.4,121.856
6764,CN-202021-3561948,2022-11-27,2022-12-02,标准级,钱珑-17830,钱珑,消费者,睢城,江苏,中国,华东,办公用-系固-10004444,办公用品,系固件,"Stockwell 回形针, 金属",78.456,2,0.4,-1.344
6765,CN-202021-3561948,2022-11-27,2022-12-02,标准级,钱珑-17830,钱珑,消费者,睢城,江苏,中国,华东,办公用-用品-10001494,办公用品,用品,"Kleencut 美工刀, 钢",190.68,2,0.4,-50.96
6783,CN-202021-1166331,2022-06-25,2022-07-02,标准级,何惠-14395,何惠,公司,忻州,山西,中国,华北,家具-书架-10003672,家具,书架,"Safco 书库, 传统",3638.04,2,0.0,727.44
6784,CN-202021-1166331,2022-06-25,2022-07-02,标准级,何惠-14395,何惠,公司,忻州,山西,中国,华北,家具-用具-10000470,家具,用具,"Advantus 框架, 优质",1024.24,2,0.0,337.96
6786,CN-202021-5648514,2022-01-17,2022-01-19,二级,徐关-15655,徐关茵,公司,广州,广东,中国,中南,技术-复印-10001211,技术,复印机,"夏普 墨水, 彩色",5285.7,9,0.0,1902.6
6787,CN-202021-5648514,2022-01-17,2022-01-19,二级,徐关-15655,徐关茵,公司,广州,广东,中国,中南,办公用-收纳-10003434,办公用品,收纳具,"Rogers 锁柜, 金属",3932.88,4,0.0,274.96
6808,US-202021-5569845,2022-10-08,2022-10-11,二级,赵升-20065,赵升,消费者,南通,江苏,中国,华东,办公用-器具-10000979,办公用品,器具,"Cuisinart 搅拌机, 白色",547.092,3,0.4,-155.148
6809,CN-202021-4214287,2022-09-04,2022-09-08,标准级,白忠-11515,白忠,消费者,天津,天津,中国,华北,家具-椅子-10002246,家具,椅子,"Novimex 沙滩椅, 每套两件",1124.9,5,0.0,415.8
6810,CN-202021-4214287,2022-09-04,2022-09-08,标准级,白忠-11515,白忠,消费者,天津,天津,中国,华北,办公用-装订-10002471,办公用品,装订机,"Acco 订书机, 实惠",715.26,3,0.0,221.34
6811,CN-202021-4214287,2022-09-04,2022-09-08,标准级,白忠-11515,白忠,消费者,天津,天津,中国,华北,办公用-标签-10001570,办公用品,标签,"Hon 运输标签, 可调",129.78,3,0.0,1.26
6812,CN-202021-4214287,2022-09-04,2022-09-08,标准级,白忠-11515,白忠,消费者,天津,天津,中国,华北,办公用-纸张-10002204,办公用品,纸张,"Enermax 信纸, 回收",1755.04,8,0.0,227.36
6813,CN-202021-2584532,2022-07-12,2022-07-17,二级,严恒-13660,严恒,消费者,蚌埠,安徽,中国,华东,办公用-系固-10002224,办公用品,系固件,"Advantus 图钉, 每包 12 个",182.28,3,0.0,50.82
6814,CN-202021-2584532,2022-07-12,2022-07-17,二级,严恒-13660,严恒,消费者,蚌埠,安徽,中国,华东,技术-配件-10001666,技术,配件,"SanDisk 键区, 回收",496.16,2,0.0,198.24
6815,CN-202021-2584532,2022-07-12,2022-07-17,二级,严恒-13660,严恒,消费者,蚌埠,安徽,中国,华东,办公用-收纳-10002196,办公用品,收纳具,"Fellowes 文件车, 单宽度",2563.68,4,0.0,307.44
6821,CN-202021-1349856,2022-06-16,2022-06-23,标准级,马盛-20365,马盛,消费者,枣庄,山东,中国,华东,技术-设备-10003324,技术,设备,"StarTech 卡片打印机, 白色",3022.32,4,0.0,1329.44
6851,CN-202021-5099065,2022-09-21,2022-09-25,标准级,任婵-10810,任婵娟,公司,内江,四川,中国,西南,家具-书架-10000196,家具,书架,"Sauder 柜, 白色",947.52,2,0.4,31.36
6852,CN-202021-5099065,2022-09-21,2022-09-25,标准级,任婵-10810,任婵娟,公司,内江,四川,中国,西南,家具-椅子-10001534,家具,椅子,"Hon 扶手椅, 红色",5119.968,4,0.4,340.928
6853,CN-202021-5099065,2022-09-21,2022-09-25,标准级,任婵-10810,任婵娟,公司,内江,四川,中国,西南,家具-椅子-10000670,家具,椅子,"Office Star 凳子, 可调",3458.028,7,0.4,-750.092
6870,CN-202021-3874208,2022-11-16,2022-11-21,标准级,邓达-11785,邓达侠,消费者,大同,山西,中国,华北,家具-椅子-10002020,家具,椅子,"Novimex 沙滩椅, 红色",1501.36,7,0.0,599.76
6876,US-202021-5739201,2022-12-13,2022-12-17,标准级,薛君-15205,薛君,消费者,江都,江苏,中国,华东,办公用-系固-10004460,办公用品,系固件,"Advantus 订书钉, 金属",215.208,7,0.4,-39.592
6877,US-202021-5739201,2022-12-13,2022-12-17,标准级,薛君-15205,薛君,消费者,江都,江苏,中国,华东,办公用-用品-10003186,办公用品,用品,"Acme 修剪器, 工业",517.44,4,0.4,-95.2
6878,CN-202021-2234207,2022-10-19,2022-10-25,标准级,邓保-10375,邓保,消费者,邵武,福建,中国,华东,办公用-标签-10002702,办公用品,标签,"Smead 可去除的标签, 可调",117.6,3,0.0,50.4
6879,CN-202021-2234207,2022-10-19,2022-10-25,标准级,邓保-10375,邓保,消费者,邵武,福建,中国,华东,办公用-收纳-10000103,办公用品,收纳具,"Tenex 文件夹, 蓝色",433.44,4,0.0,90.72
6880,CN-202021-2234207,2022-10-19,2022-10-25,标准级,邓保-10375,邓保,消费者,邵武,福建,中国,华东,办公用-标签-10003060,办公用品,标签,"Hon 圆形标签, 可调",63.84,3,0.0,6.3
6885,US-202021-4070986,2022-01-17,2022-01-21,标准级,胡宣-20890,胡宣,公司,盐城,江苏,中国,华东,办公用-装订-10004589,办公用品,装订机,"Avery 孔加固材料, 耐用",99.288,6,0.4,-63.672
6886,CN-202021-2275835,2022-01-26,2022-01-31,标准级,李蔓-17995,李蔓楚,小型企业,鸡西,黑龙江,中国,东北,办公用-系固-10002020,办公用品,系固件,"Advantus 橡皮筋, 金属",233.94,3,0.0,6.72
6888,CN-202021-4850175,2022-11-11,2022-11-16,标准级,王丹-12010,王丹,消费者,重庆,重庆,中国,西南,技术-电话-10001870,技术,电话,"三星 信号增强器, 蓝色",4461.94,7,0.0,44.1
6889,CN-202021-4850175,2022-11-11,2022-11-16,标准级,王丹-12010,王丹,消费者,重庆,重庆,中国,西南,办公用-系固-10000591,办公用品,系固件,"Stockwell 图钉, 整包",568.26,9,0.0,107.1
6903,CN-202021-2577941,2022-03-20,2022-03-20,当日,贺立-16780,贺立,公司,西安,陕西,中国,西北,技术-电话-10003653,技术,电话,"三星 充电器, 混合尺寸",8946.0,3,0.0,4025.7
6904,CN-202021-2577941,2022-03-20,2022-03-20,当日,贺立-16780,贺立,公司,西安,陕西,中国,西北,家具-椅子-10001902,家具,椅子,"SAFCO 沙滩椅, 黑色",1316.28,6,0.0,52.08
6916,CN-202021-4167270,2022-12-18,2022-12-23,二级,唐忠-11545,唐忠,公司,邢台,河北,中国,华北,办公用-收纳-10004035,办公用品,收纳具,"Rogers 盘, 蓝色",1151.36,4,0.0,402.64
6923,CN-202021-4080706,2022-08-15,2022-08-21,标准级,袁关-15670,袁关茵,消费者,白山,吉林,中国,东北,技术-设备-10001526,技术,设备,"爱普生 喷墨打印机, 多色",2876.72,2,0.0,949.2
6925,CN-202021-3557528,2022-07-06,2022-07-09,二级,冯丽-17350,冯丽丽,消费者,咸宁,湖北,中国,中南,技术-设备-10003254,技术,设备,"StarTech 打印机, 白色",1425.648,2,0.4,-237.832
6926,CN-202021-3557528,2022-07-06,2022-07-09,二级,冯丽-17350,冯丽丽,消费者,咸宁,湖北,中国,中南,办公用-纸张-10001282,办公用品,纸张,"Enermax 笔记本, 每包 12 个",304.64,2,0.0,78.96
6931,CN-202021-1048520,2022-02-28,2022-03-01,二级,薛立-16675,薛立伟,公司,无锡,江苏,中国,华东,办公用-器具-10002760,办公用品,器具,"Hoover 搅拌机, 红色",272.076,1,0.4,27.076
6935,CN-202021-3010037,2022-09-10,2022-09-16,标准级,葛蔓-17980,葛蔓楚,公司,鹤壁,河南,中国,中南,办公用-纸张-10004455,办公用品,纸张,"Eaton 令, 多色",782.88,6,0.0,250.32
6936,CN-202021-3010037,2022-09-10,2022-09-16,标准级,葛蔓-17980,葛蔓楚,公司,鹤壁,河南,中国,中南,技术-电话-10001440,技术,电话,"摩托罗拉 智能手机, 混合尺寸",4332.58,7,0.0,1906.1
6937,CN-202021-3010037,2022-09-10,2022-09-16,标准级,葛蔓-17980,葛蔓楚,公司,鹤壁,河南,中国,中南,办公用-标签-10003114,办公用品,标签,"Novimex 文件夹标签, 白色",269.5,7,0.0,0.0
6938,CN-202021-3010037,2022-09-10,2022-09-16,标准级,葛蔓-17980,葛蔓楚,公司,鹤壁,河南,中国,中南,办公用-装订-10004028,办公用品,装订机,"Wilson Jones 打孔机, 实惠",130.62,1,0.0,10.36
6941,CN-202021-5490018,2022-08-14,2022-08-16,一级,唐栋-12325,唐栋,小型企业,莆田,福建,中国,华东,办公用-器具-10000427,办公用品,器具,"Hoover 咖啡研磨机, 黑色",1591.8,5,0.0,461.3
6942,CN-202021-5308381,2022-03-02,2022-03-08,标准级,殷昌-11080,殷昌,消费者,郑州,河南,中国,中南,办公用-收纳-10000793,办公用品,收纳具,"Smead 锁柜, 单宽度",4630.5,5,0.0,370.3
6959,CN-202021-3261036,2022-09-28,2022-10-01,一级,田良-17185,田良,消费者,重庆,重庆,中国,西南,办公用-美术-10001817,办公用品,美术,"Stanley 速写本, 混合尺寸",444.36,2,0.0,79.8
6960,CN-202021-5488732,2022-01-06,2022-01-12,标准级,涂博-10585,涂博,消费者,成都,四川,中国,西南,技术-电话-10003598,技术,电话,"摩托罗拉 办公室电话机, 蓝色",401.856,2,0.4,-267.904
6961,CN-202021-5488732,2022-01-06,2022-01-12,标准级,涂博-10585,涂博,消费者,成都,四川,中国,西南,家具-椅子-10002778,家具,椅子,"Office Star 沙滩椅, 每套两件",969.192,6,0.4,-420.168
6962,CN-202021-5488732,2022-01-06,2022-01-12,标准级,涂博-10585,涂博,消费者,成都,四川,中国,西南,办公用-标签-10002109,办公用品,标签,"Harbour Creations 合法证物标签, 耐用",211.68,4,0.0,3.92
6963,CN-202021-3417942,2022-11-01,2022-11-07,标准级,曹鹏-19090,曹鹏,消费者,鹤岗,黑龙江,中国,东北,家具-椅子-10004961,家具,椅子,"Office Star 椅垫, 可调",956.34,3,0.0,449.4
6970,CN-202021-5088117,2022-10-29,2022-11-02,标准级,徐关-15655,徐关茵,公司,东莞,广东,中国,中南,办公用-装订-10000322,办公用品,装订机,"Ibico 标签, 透明",78.12,2,0.0,10.08
6973,CN-202021-4271574,2022-09-26,2022-09-27,一级,周康-15340,周康,消费者,滁州,安徽,中国,华东,技术-配件-10000196,技术,配件,"罗技 闪存驱动器, 可编程",448.14,3,0.0,89.46
6982,CN-202021-5592498,2022-07-09,2022-07-16,标准级,秦蔓-17920,秦蔓楚,消费者,北京,北京,中国,华北,家具-用具-10001802,家具,用具,"Deflect-O 闹钟, 耐用",662.76,3,0.0,331.38
6983,CN-202021-5592498,2022-07-09,2022-07-16,标准级,秦蔓-17920,秦蔓楚,消费者,北京,北京,中国,华北,办公用-信封-10000562,办公用品,信封,"Kraft 搭扣信封, 银色",266.0,5,0.0,121.8
6984,CN-202021-5592498,2022-07-09,2022-07-16,标准级,秦蔓-17920,秦蔓楚,消费者,北京,北京,中国,华北,家具-书架-10000466,家具,书架,"宜家 古典书架, 黑色",3855.6,2,0.0,1387.96
6985,CN-202021-5592498,2022-07-09,2022-07-16,标准级,秦蔓-17920,秦蔓楚,消费者,北京,北京,中国,华北,家具-椅子-10002448,家具,椅子,"SAFCO 折叠椅, 红色",399.98,1,0.0,71.96
7002,CN-202021-1150523,2022-10-18,2022-10-22,标准级,殷菊-15085,殷菊,消费者,潍坊,山东,中国,华东,办公用-装订-10004829,办公用品,装订机,"Avery 孔加固材料, 透明",90.3,5,0.0,21.0
7003,CN-202021-1150523,2022-10-18,2022-10-22,标准级,殷菊-15085,殷菊,消费者,潍坊,山东,中国,华东,办公用-用品-10003385,办公用品,用品,"Elite 剪刀, 工业",450.8,4,0.0,90.16
7005,CN-202021-3284020,2022-12-26,2023-01-01,标准级,吕婵-10840,吕婵娟,消费者,温州,浙江,中国,华东,技术-配件-10002428,技术,配件,"罗技 闪存驱动器, 回收",158.592,2,0.4,-90.048
7010,CN-202021-3490090,2022-12-03,2022-12-07,二级,封乐-17740,封乐,消费者,石嘴山,宁夏,中国,西北,技术-设备-10002232,技术,设备,"StarTech 收据打印机, 耐用",1549.8,3,0.0,495.6
7011,US-202021-5943918,2022-05-23,2022-05-27,标准级,常君-15145,常君,公司,安阳,河南,中国,中南,办公用-器具-10000613,办公用品,器具,"Hamilton Beach 搅拌机, 黑色",1644.3,5,0.0,147.7
7033,CN-202021-1118715,2022-09-21,2022-09-26,标准级,夏惠-14320,夏惠英,消费者,新泰,山东,中国,华东,办公用-器具-10003292,办公用品,器具,"KitchenAid 微波炉, 白色",14394.8,10,0.0,4173.4
7034,CN-202021-1118715,2022-09-21,2022-09-26,标准级,夏惠-14320,夏惠英,消费者,新泰,山东,中国,华东,家具-椅子-10000168,家具,椅子,"Novimex 椅垫, 每套两件",546.84,2,0.0,229.6
7038,CN-202021-3781306,2022-01-09,2022-01-13,标准级,葛乐-17755,葛乐,小型企业,开封,河南,中国,中南,办公用-信封-10004263,办公用品,信封,"Cameo 商业信封, 银色",541.8,6,0.0,80.64
7039,CN-202021-2373769,2022-03-02,2022-03-04,二级,赖聪-11680,赖聪,消费者,重庆,重庆,中国,西南,技术-电话-10002996,技术,电话,"三星 办公室电话机, 蓝色",913.08,3,0.0,0.0
7040,CN-202021-2373769,2022-03-02,2022-03-04,二级,赖聪-11680,赖聪,消费者,重庆,重庆,中国,西南,办公用-纸张-10003915,办公用品,纸张,"SanDisk 信纸, 优质",451.92,2,0.0,76.72
7047,CN-202021-3132230,2022-09-17,2022-09-20,一级,巩嫒-10045,巩嫒,公司,石嘴山,宁夏,中国,西北,办公用-标签-10004207,办公用品,标签,"Novimex 有色标签, 可调",144.48,3,0.0,1.26
7061,CN-202021-3476344,2022-05-19,2022-05-22,一级,周柏-18925,周柏,小型企业,无锡,江苏,中国,华东,家具-椅子-10000670,家具,椅子,"Office Star 凳子, 可调",3952.032,8,0.4,-857.248
7088,CN-202021-4225447,2022-05-14,2022-05-19,标准级,黄磊-16015,黄磊,消费者,岳阳,湖南,中国,中南,家具-书架-10001124,家具,书架,"Safco 古典书架, 黑色",8204.0,4,0.0,328.16
7093,CN-202021-5703090,2022-08-23,2022-08-25,二级,韩婵-10900,韩婵,消费者,广州,广东,中国,中南,家具-用具-10002670,家具,用具,"Tenex 门挡, 黑色",614.46,3,0.0,300.72
7094,CN-202021-1122615,2022-12-16,2022-12-16,当日,巩荷-13720,巩荷,消费者,义马,河南,中国,中南,办公用-美术-10000805,办公用品,美术,"Binney & Smith 荧光笔, 蓝色",247.744,4,0.2,92.624
7095,CN-202021-1122615,2022-12-16,2022-12-16,当日,巩荷-13720,巩荷,消费者,义马,河南,中国,中南,办公用-纸张-10004033,办公用品,纸张,"Eaton 信纸, 多色",652.26,3,0.0,71.4
7103,CN-202021-1637441,2022-12-03,2022-12-09,标准级,沈彩-10750,沈彩,消费者,望奎,黑龙江,中国,东北,办公用-信封-10004984,办公用品,信封,"Jiffy 邮寄品, 红色",379.96,2,0.0,121.52
7104,CN-202021-1637441,2022-12-03,2022-12-09,标准级,沈彩-10750,沈彩,消费者,望奎,黑龙江,中国,东北,办公用-信封-10003153,办公用品,信封,"Ames 商业信封, 银色",238.56,3,0.0,47.46
7105,CN-202021-1637441,2022-12-03,2022-12-09,标准级,沈彩-10750,沈彩,消费者,望奎,黑龙江,中国,东北,技术-设备-10002994,技术,设备,"柯尼卡 收据打印机, 多色",1141.0,2,0.0,91.28
7130,US-202021-4150614,2022-05-03,2022-05-08,二级,邢谦-19270,邢谦,公司,韶关,广东,中国,中南,办公用-美术-10003198,办公用品,美术,"Sanford 铅笔刀, 蓝色",192.864,2,0.2,-5.096
7144,CN-202021-5869022,2022-09-18,2022-09-22,标准级,夏惠-14320,夏惠英,消费者,武汉,湖北,中国,中南,办公用-器具-10000222,办公用品,器具,"KitchenAid 微波炉, 银色",2612.988,3,0.4,-392.112
7155,CN-202021-2396269,2022-11-27,2022-11-29,二级,谭乐-17815,谭乐,消费者,宁海,山东,中国,华东,办公用-收纳-10000409,办公用品,收纳具,"Smead 盘, 金属",221.9,1,0.0,88.76
7157,CN-202021-5266113,2022-09-26,2022-10-01,二级,邢柏-18970,邢柏,小型企业,呼和浩特,内蒙古,中国,华北,办公用-系固-10000296,办公用品,系固件,"Stockwell 按钉, 每包 12 个",115.92,3,0.4,15.12
7158,CN-202021-5266113,2022-09-26,2022-10-01,二级,邢柏-18970,邢柏,小型企业,呼和浩特,内蒙古,中国,华北,办公用-装订-10002115,办公用品,装订机,"Acco 打孔机, 实惠",590.352,7,0.4,-364.168
7159,CN-202021-5266113,2022-09-26,2022-10-01,二级,邢柏-18970,邢柏,小型企业,呼和浩特,内蒙古,中国,华北,办公用-装订-10002538,办公用品,装订机,"Acco 装订机, 透明",368.172,9,0.4,-245.448
7160,CN-202021-2312244,2022-11-13,2022-11-17,标准级,牛黎-16390,牛黎明,公司,上海,上海,中国,华东,办公用-标签-10004976,办公用品,标签,"Hon 可去除的标签, 红色",235.2,5,0.0,51.1
7161,CN-202021-2312244,2022-11-13,2022-11-17,标准级,牛黎-16390,牛黎明,公司,上海,上海,中国,华东,家具-书架-10004272,家具,书架,"Safco 书库, 黑色",5475.96,3,0.0,328.44
7162,CN-202021-2312244,2022-11-13,2022-11-17,标准级,牛黎-16390,牛黎明,公司,上海,上海,中国,华东,家具-用具-10002855,家具,用具,"Deflect-O 分层置放架, 黑色",472.08,4,0.0,179.2
7177,CN-202021-5728538,2022-04-12,2022-04-17,二级,戴珑-17860,戴珑,公司,遵义,贵州,中国,西南,办公用-纸张-10003534,办公用品,纸张,"Green Bar 笔记本, 每包 12 个",475.02,3,0.0,52.08
7178,CN-202021-5728538,2022-04-12,2022-04-17,二级,戴珑-17860,戴珑,公司,遵义,贵州,中国,西南,技术-电话-10002745,技术,电话,"苹果 智能手机, 蓝色",4027.8,7,0.0,1208.34
7189,CN-202021-2310505,2022-06-07,2022-06-11,标准级,范晒-19780,范晒明,消费者,上海,上海,中国,华东,办公用-收纳-10004245,办公用品,收纳具,"Smead 搁板, 工业",922.32,4,0.0,54.88
7202,CN-202021-3805086,2022-10-16,2022-10-20,标准级,邓姝-20500,邓姝,消费者,成都,四川,中国,西南,办公用-装订-10003079,办公用品,装订机,"Acco 标签, 实惠",96.096,4,0.4,9.296
7203,CN-202021-5801512,2022-12-29,2023-01-05,标准级,顾磊-16030,顾磊,消费者,温州,浙江,中国,华东,办公用-收纳-10002059,办公用品,收纳具,"Tenex 搁板, 工业",257.32,1,0.0,66.78
7204,CN-202021-5801512,2022-12-29,2023-01-05,标准级,顾磊-16030,顾磊,消费者,温州,浙江,中国,华东,技术-复印-10002448,技术,复印机,"夏普 传真机, 数字化",1653.624,2,0.4,-220.696
7205,CN-202021-5801512,2022-12-29,2023-01-05,标准级,顾磊-16030,顾磊,消费者,温州,浙江,中国,华东,技术-复印-10004788,技术,复印机,"Brother 个人复印机, 数字化",1197.252,3,0.4,-159.768
7206,CN-202021-5801512,2022-12-29,2023-01-05,标准级,顾磊-16030,顾磊,消费者,温州,浙江,中国,华东,办公用-纸张-10000746,办公用品,纸张,"Eaton 信纸, 优质",1054.2,5,0.0,442.4
7207,CN-202021-5801512,2022-12-29,2023-01-05,标准级,顾磊-16030,顾磊,消费者,温州,浙江,中国,华东,办公用-标签-10002109,办公用品,标签,"Harbour Creations 合法证物标签, 耐用",52.92,1,0.0,0.98
7210,CN-202021-2661656,2022-07-05,2022-07-11,标准级,陈嫒-10015,陈嫒,消费者,大同,山西,中国,华北,办公用-系固-10000678,办公用品,系固件,"Accos 按钉, 金属",136.64,2,0.0,47.6
7216,US-202021-5444149,2022-11-23,2022-11-29,标准级,柯婵-10930,柯婵,小型企业,鞍山,辽宁,中国,东北,办公用-美术-10004144,办公用品,美术,"Binney & Smith 速写本, 金属",133.224,3,0.8,-492.996
7217,CN-202021-1455994,2022-08-14,2022-08-19,标准级,赖聪-11680,赖聪,消费者,浯溪,湖南,中国,中南,办公用-器具-10003859,办公用品,器具,"Cuisinart 冰箱, 白色",9225.44,4,0.0,922.32
7223,CN-202021-3261036,2022-05-15,2022-05-21,标准级,许莞-13270,许莞颖,小型企业,莱芜,山东,中国,华东,技术-设备-10004659,技术,设备,"爱普生 卡片打印机, 耐用",5555.62,7,0.0,1222.06
7224,CN-202021-3261036,2022-05-15,2022-05-21,标准级,许莞-13270,许莞颖,小型企业,莱芜,山东,中国,华东,家具-用具-10001798,家具,用具,"Deflect-O 灯泡, 优质",410.9,5,0.0,130.9
7225,CN-202021-3261036,2022-05-15,2022-05-21,标准级,许莞-13270,许莞颖,小型企业,莱芜,山东,中国,华东,家具-椅子-10002078,家具,椅子,"Office Star 凳子, 黑色",3201.52,4,0.0,31.92
7226,CN-202021-3261036,2022-05-15,2022-05-21,标准级,许莞-13270,许莞颖,小型企业,莱芜,山东,中国,华东,办公用-收纳-10003383,办公用品,收纳具,"Eldon 盘, 蓝色",671.58,3,0.0,53.34
7227,CN-202021-4985754,2022-01-10,2022-01-14,标准级,常升-20020,常升,消费者,温岭,浙江,中国,华东,办公用-装订-10002360,办公用品,装订机,"Ibico 装订机盖, 实惠",114.66,3,0.4,-40.32
7228,CN-202021-4985754,2022-01-10,2022-01-14,标准级,常升-20020,常升,消费者,温岭,浙江,中国,华东,办公用-用品-10004429,办公用品,用品,"Stiletto 修剪器, 锯齿状",441.84,4,0.4,-250.88
7229,CN-202021-4985754,2022-01-10,2022-01-14,标准级,常升-20020,常升,消费者,温岭,浙江,中国,华东,家具-用具-10002112,家具,用具,"Eldon 框架, 耐用",634.368,2,0.4,-63.672
7230,CN-202021-4985754,2022-01-10,2022-01-14,标准级,常升-20020,常升,消费者,温岭,浙江,中国,华东,办公用-美术-10002411,办公用品,美术,"BIC 速写本, 整包",411.012,9,0.8,-720.468
7231,CN-202021-4985754,2022-01-10,2022-01-14,标准级,常升-20020,常升,消费者,温岭,浙江,中国,华东,办公用-信封-10001614,办公用品,信封,"Cameo 搭扣信封, 红色",182.7,3,0.0,89.46
7232,CN-202021-4985754,2022-01-10,2022-01-14,标准级,常升-20020,常升,消费者,温岭,浙江,中国,华东,家具-书架-10004730,家具,书架,"Sauder 书架, 金属",1228.752,3,0.4,-348.348
7233,CN-202021-4985754,2022-01-10,2022-01-14,标准级,常升-20020,常升,消费者,温岭,浙江,中国,华东,办公用-装订-10004369,办公用品,装订机,"Cardinal 装订机, 回收",158.928,4,0.4,-21.392
7246,CN-202021-4650370,2022-12-17,2022-12-19,二级,梁安-10195,梁安,公司,广州,广东,中国,中南,办公用-纸张-10000069,办公用品,纸张,"Eaton 备忘录便条, 多色",424.2,6,0.0,110.04
7253,CN-202021-1123287,2022-12-21,2022-12-28,标准级,冯娜-18460,冯娜,公司,上海,上海,中国,华东,办公用-收纳-10001573,办公用品,收纳具,"Smead 盘, 蓝色",1357.44,6,0.0,637.56
7269,CN-202021-1516102,2022-07-20,2022-07-24,标准级,邱廉-17200,邱廉,公司,本溪,辽宁,中国,东北,家具-书架-10003195,家具,书架,"Sauder 墙角架, 黑色",2081.1,5,0.4,-70.0
7270,CN-202021-1516102,2022-07-20,2022-07-24,标准级,邱廉-17200,邱廉,公司,本溪,辽宁,中国,东北,办公用-收纳-10000186,办公用品,收纳具,"Eldon 搁板, 单宽度",452.2,2,0.0,198.8
7271,CN-202021-1516102,2022-07-20,2022-07-24,标准级,邱廉-17200,邱廉,公司,本溪,辽宁,中国,东北,家具-椅子-10003151,家具,椅子,"Novimex 凳子, 每套两件",4201.092,9,0.4,-1961.568
7272,CN-202021-1516102,2022-07-20,2022-07-24,标准级,邱廉-17200,邱廉,公司,本溪,辽宁,中国,东北,办公用-收纳-10004393,办公用品,收纳具,"Rogers 文件车, 金属",3938.76,6,0.0,511.56
7273,CN-202021-2554132,2022-06-30,2022-07-05,二级,俞明-18325,俞明,消费者,芜湖,安徽,中国,华东,办公用-装订-10002129,办公用品,装订机,"Ibico 订书机, 耐用",493.92,2,0.0,103.6
7274,CN-202021-2554132,2022-06-30,2022-07-05,二级,俞明-18325,俞明,消费者,芜湖,安徽,中国,华东,办公用-装订-10002545,办公用品,装订机,"Wilson Jones 订书机, 实惠",456.96,2,0.0,196.28
7275,CN-202021-2554132,2022-06-30,2022-07-05,二级,俞明-18325,俞明,消费者,芜湖,安徽,中国,华东,家具-椅子-10002415,家具,椅子,"Novimex 摇椅, 红色",613.34,1,0.0,183.96
7277,CN-202021-1344410,2022-09-25,2022-09-29,标准级,范彩-10615,范彩,公司,大连,辽宁,中国,东北,办公用-信封-10003153,办公用品,信封,"Ames 商业信封, 银色",477.12,6,0.0,94.92
7278,CN-202021-1344410,2022-09-25,2022-09-29,标准级,范彩-10615,范彩,公司,大连,辽宁,中国,东北,家具-书架-10000196,家具,书架,"Sauder 柜, 白色",473.76,1,0.4,15.68
7288,CN-202021-4195213,2022-11-08,2022-11-12,二级,袁岱-11905,袁岱,小型企业,江门,广东,中国,中南,技术-设备-10000554,技术,设备,"爱普生 卡片打印机, 红色",4678.8,6,0.0,2292.36
7289,CN-202021-4195213,2022-11-08,2022-11-12,二级,袁岱-11905,袁岱,小型企业,江门,广东,中国,中南,办公用-装订-10004464,办公用品,装订机,"Wilson Jones 标签, 实惠",60.2,2,0.0,24.08
7290,CN-202021-4195213,2022-11-08,2022-11-12,二级,袁岱-11905,袁岱,小型企业,江门,广东,中国,中南,家具-书架-10004330,家具,书架,"Safco 书架, 黑色",3507.7,5,0.0,210.0
7329,US-202021-5586841,2022-12-06,2022-12-08,一级,曹灵-17590,曹灵,公司,黄陂,湖北,中国,中南,办公用-系固-10003763,办公用品,系固件,"Advantus 图钉, 整包",304.416,8,0.4,-86.464
7330,US-202021-5586841,2022-12-06,2022-12-08,一级,曹灵-17590,曹灵,公司,黄陂,湖北,中国,中南,办公用-系固-10004381,办公用品,系固件,"Accos 图钉, 金属",425.04,11,0.4,-255.64
7331,US-202021-5586841,2022-12-06,2022-12-08,一级,曹灵-17590,曹灵,公司,黄陂,湖北,中国,中南,办公用-标签-10002774,办公用品,标签,"Harbour Creations 圆形标签, 耐用",166.6,5,0.0,4.9
7332,US-202021-5586841,2022-12-06,2022-12-08,一级,曹灵-17590,曹灵,公司,黄陂,湖北,中国,中南,办公用-收纳-10000076,办公用品,收纳具,"Eldon 锁柜, 工业",925.82,1,0.0,268.38
7344,CN-202021-4448783,2022-01-30,2022-02-01,二级,苏姝-20485,苏姝,小型企业,塘沽,天津,中国,华北,家具-椅子-10000341,家具,椅子,"Office Star 椅垫, 红色",307.16,1,0.0,12.18
7345,CN-202021-4448783,2022-01-30,2022-02-01,二级,苏姝-20485,苏姝,小型企业,塘沽,天津,中国,华北,办公用-标签-10003944,办公用品,标签,"Harbour Creations 圆形标签, 白色",63.0,2,0.0,6.72
7346,CN-202021-4448783,2022-01-30,2022-02-01,二级,苏姝-20485,苏姝,小型企业,塘沽,天津,中国,华北,办公用-装订-10001715,办公用品,装订机,"Avery 订书机, 透明",1127.0,5,0.0,438.9
7347,CN-202021-4448783,2022-01-30,2022-02-01,二级,苏姝-20485,苏姝,小型企业,塘沽,天津,中国,华北,办公用-装订-10004876,办公用品,装订机,"Avery 标签, 实惠",59.08,2,0.0,29.4
7356,CN-202021-5665875,2022-11-06,2022-11-12,标准级,蒋光-13360,蒋光,小型企业,招远,山东,中国,华东,办公用-器具-10000468,办公用品,器具,"Cuisinart 微波炉, 红色",2598.96,2,0.0,545.72
7357,CN-202021-5665875,2022-11-06,2022-11-12,标准级,蒋光-13360,蒋光,小型企业,招远,山东,中国,华东,办公用-收纳-10003484,办公用品,收纳具,"Tenex 盘, 单宽度",759.36,3,0.0,242.76
7360,CN-202021-1190387,2022-10-17,2022-10-23,标准级,范雯-21685,范雯,小型企业,兰州,甘肃,中国,西北,办公用-标签-10004733,办公用品,标签,"Avery 有色标签, 白色",62.02,1,0.0,30.94
7363,CN-202021-2693856,2022-09-28,2022-09-30,二级,田江-14635,田江丽,公司,临沂,山东,中国,华东,家具-书架-10002369,家具,书架,"Dania 书架, 金属",2259.6,4,0.0,903.84
7368,CN-202021-2852208,2022-07-23,2022-07-28,标准级,施旺-21400,施旺,消费者,肃州,甘肃,中国,西北,办公用-用品-10000638,办公用品,用品,"Kleencut 大剪刀, 蓝色",523.824,4,0.4,-96.096
7369,CN-202021-2852208,2022-07-23,2022-07-28,标准级,施旺-21400,施旺,消费者,肃州,甘肃,中国,西北,办公用-收纳-10003736,办公用品,收纳具,"Rogers 文件夹, 单宽度",430.08,3,0.0,124.32
7376,CN-202021-2245112,2022-02-27,2022-03-03,标准级,薛立-16675,薛立伟,公司,昆明,云南,中国,西南,办公用-收纳-10004768,办公用品,收纳具,"Tenex 搁板, 金属",752.22,3,0.0,300.72
7377,CN-202021-2245112,2022-02-27,2022-03-03,标准级,薛立-16675,薛立伟,公司,昆明,云南,中国,西南,办公用-信封-10002009,办公用品,信封,"GlobeWeis 邮寄品, 回收",522.9,3,0.0,209.16
7380,CN-202021-2923559,2022-08-06,2022-08-10,标准级,巩晒-19795,巩晒明,小型企业,高密,山东,中国,华东,办公用-纸张-10000506,办公用品,纸张,"Enermax 羊皮纸, 优质",502.74,7,0.0,180.32
7391,CN-202021-4258082,2022-10-30,2022-11-01,一级,俞荷-13780,俞荷,消费者,南宁,广西,中国,中南,技术-配件-10000783,技术,配件,"罗技 键盘, 回收",655.76,2,0.0,163.8
7392,CN-202021-1777670,2022-08-08,2022-08-10,二级,韦锦-14950,韦锦,消费者,郑州,河南,中国,中南,家具-书架-10004528,家具,书架,"Bush 书库, 白色",3423.84,2,0.0,958.44
7393,CN-202021-1777670,2022-08-08,2022-08-10,二级,韦锦-14950,韦锦,消费者,郑州,河南,中国,中南,办公用-标签-10000355,办公用品,标签,"Hon 有色标签, 耐用",246.4,4,0.0,90.72
7436,CN-202021-3407073,2022-04-27,2022-05-01,标准级,钟松-20620,钟松,公司,晋城,山西,中国,华北,技术-设备-10001705,技术,设备,"StarTech 电话, 多色",695.52,2,0.0,138.88
7443,CN-202021-3557528,2022-12-19,2022-12-24,标准级,巩明-18370,巩明媚,消费者,潍坊,山东,中国,华东,办公用-器具-10004119,办公用品,器具,"Hoover 搅拌机, 白色",889.56,2,0.0,329.0
7457,CN-202021-5022660,2022-06-29,2022-07-04,标准级,马晨-11185,马晨,公司,丰润,河北,中国,华北,办公用-系固-10000675,办公用品,系固件,"OIC 订书钉, 混合尺寸",82.04,2,0.0,9.8
7476,CN-202021-4114478,2022-09-20,2022-09-24,标准级,袁平-19210,袁平,公司,威宁,贵州,中国,西南,办公用-系固-10004444,办公用品,系固件,"Stockwell 回形针, 金属",523.04,8,0.0,203.84
7479,CN-202021-3704015,2022-10-27,2022-10-31,标准级,徐婵-11005,徐婵,小型企业,邯郸,河北,中国,华北,办公用-收纳-10003808,办公用品,收纳具,"Fellowes 盘, 蓝色",1874.74,7,0.0,430.22
7480,CN-202021-1730893,2022-10-08,2022-10-15,标准级,谢君-15190,谢君,消费者,梨树,吉林,中国,东北,办公用-信封-10001091,办公用品,信封,"Kraft 商业信封, 回收",142.24,2,0.0,45.36
7485,US-202021-4080057,2022-04-20,2022-04-21,一级,孙壁-10465,孙壁,消费者,北票,辽宁,中国,东北,办公用-美术-10003419,办公用品,美术,"Stanley 记号笔, 整包",41.944,2,0.8,-140.616
7486,US-202021-4080057,2022-04-20,2022-04-21,一级,孙壁-10465,孙壁,消费者,北票,辽宁,中国,东北,办公用-用品-10002859,办公用品,用品,"Fiskars 大剪刀, 工业",827.568,6,0.4,-193.872
7497,CN-202021-5313470,2022-09-04,2022-09-09,标准级,韦达-11830,韦达侠,公司,重庆,重庆,中国,西南,家具-椅子-10004186,家具,椅子,"Novimex 凳子, 可调",1558.2,2,0.0,701.12
7507,US-202021-2328434,2022-09-21,2022-09-27,标准级,林磊-16045,林磊,小型企业,枝城,湖北,中国,中南,技术-配件-10003629,技术,配件,"SanDisk 键盘, 可编程",232.344,1,0.4,-154.896
7509,US-202021-2203847,2022-10-17,2022-10-19,一级,徐婵-11005,徐婵,小型企业,包头,内蒙古,中国,华北,办公用-系固-10000988,办公用品,系固件,"Stockwell 夹子, 每包 12 个",102.312,2,0.4,-6.888
7510,US-202021-2203847,2022-10-17,2022-10-19,一级,徐婵-11005,徐婵,小型企业,包头,内蒙古,中国,华北,技术-电话-10001542,技术,电话,"思科 办公室电话机, 混合尺寸",233.268,1,0.4,-139.972
7517,CN-202021-3768437,2022-10-18,2022-10-18,当日,刘乐-17785,刘乐,公司,永川,重庆,中国,西南,办公用-信封-10001912,办公用品,信封,"Cameo 外皮和封条, 银色",218.4,2,0.0,36.96
7521,CN-202021-2530333,2022-05-07,2022-05-11,标准级,殷丽-17695,殷丽雪,消费者,重庆,重庆,中国,西南,技术-配件-10004826,技术,配件,"罗技 键区, 耐用",1519.98,7,0.0,136.22
7523,CN-202021-2588842,2022-06-18,2022-06-25,标准级,钱宁-18655,钱宁,公司,无锡,江苏,中国,华东,办公用-装订-10003764,办公用品,装订机,"Acco 装订机盖, 回收",114.912,3,0.4,17.052
7524,CN-202021-2588842,2022-06-18,2022-06-25,标准级,钱宁-18655,钱宁,公司,无锡,江苏,中国,华东,办公用-装订-10002712,办公用品,装订机,"Ibico 标签, 实惠",99.792,4,0.4,-55.328
7525,CN-202021-4195213,2022-05-31,2022-06-01,当日,曾伟-21595,曾伟,消费者,长沙,湖南,中国,中南,家具-椅子-10000951,家具,椅子,"Hon 椅垫, 红色",932.904,4,0.1,207.144
7540,US-202021-3497234,2022-08-29,2022-09-03,标准级,王丹-12010,王丹,消费者,武汉,湖北,中国,中南,家具-用具-10004734,家具,用具,"Tenex 框架, 优质",3344.88,11,0.4,-1895.74
7541,US-202021-3497234,2022-08-29,2022-09-03,标准级,王丹-12010,王丹,消费者,武汉,湖北,中国,中南,办公用-收纳-10002943,办公用品,收纳具,"Smead 文件车, 蓝色",1797.6,3,0.0,682.92
7547,CN-202021-2166981,2022-10-23,2022-10-29,标准级,倪爽-20545,倪爽,公司,双鸭山,黑龙江,中国,东北,家具-用具-10001101,家具,用具,"Tenex 框架, 黑色",2052.96,4,0.0,307.44
7548,CN-202021-2166981,2022-10-23,2022-10-29,标准级,倪爽-20545,倪爽,公司,双鸭山,黑龙江,中国,东北,办公用-信封-10002929,办公用品,信封,"Jiffy 邮寄品, 每套 50 个",520.38,3,0.0,150.78
7549,CN-202021-2166981,2022-10-23,2022-10-29,标准级,倪爽-20545,倪爽,公司,双鸭山,黑龙江,中国,东北,办公用-器具-10000602,办公用品,器具,"Hamilton Beach 咖啡研磨机, 红色",398.16,2,0.0,71.4
7573,CN-202021-2547654,2022-02-06,2022-02-08,二级,邱芯-13930,邱芯,消费者,沈阳,辽宁,中国,东北,办公用-收纳-10000409,办公用品,收纳具,"Smead 盘, 金属",443.8,2,0.0,177.52
7583,CN-202021-2503468,2022-08-03,2022-08-08,标准级,袁保-10405,袁保,公司,杭州,浙江,中国,华东,办公用-信封-10001579,办公用品,信封,"Jiffy 外皮和封条, 每套 50 个",186.76,2,0.0,82.04
7584,CN-202021-2503468,2022-08-03,2022-08-08,标准级,袁保-10405,袁保,公司,杭州,浙江,中国,华东,技术-配件-10000166,技术,配件,"SanDisk 闪存驱动器, 耐用",333.9,3,0.4,49.98
7585,CN-202021-2503468,2022-08-03,2022-08-08,标准级,袁保-10405,袁保,公司,杭州,浙江,中国,华东,办公用-收纳-10004893,办公用品,收纳具,"Tenex 盒, 蓝色",308.0,4,0.0,119.84
7586,CN-202021-2938026,2022-08-29,2022-08-29,当日,肖岱-11845,肖岱,公司,大连,辽宁,中国,东北,技术-电话-10001717,技术,电话,"摩托罗拉 音频基座, 整包",971.376,2,0.4,161.896
7621,CN-202021-2900587,2022-05-27,2022-05-30,二级,牛德-12190,牛德伟,消费者,枝城,湖北,中国,中南,技术-配件-10003364,技术,配件,"SanDisk 键盘, 实惠",684.432,3,0.4,-285.348
7622,CN-202021-2900587,2022-05-27,2022-05-30,二级,牛德-12190,牛德伟,消费者,枝城,湖北,中国,中南,技术-复印-10001211,技术,复印机,"夏普 墨水, 彩色",1409.52,4,0.4,-94.08
7628,CN-202021-5869494,2022-10-26,2022-10-30,标准级,洪梦-18205,洪梦,公司,上海,上海,中国,华东,家具-用具-10002002,家具,用具,"Deflect-O 门挡, 优质",595.98,3,0.0,154.56
7639,CN-202021-3562924,2022-12-10,2022-12-14,标准级,常黎-16315,常黎明,消费者,无城,安徽,中国,华东,办公用-收纳-10000186,办公用品,收纳具,"Eldon 搁板, 单宽度",904.4,4,0.0,397.6
7640,CN-202021-5252007,2022-06-08,2022-06-11,一级,钟立-16720,钟立,消费者,吉林市,吉林,中国,东北,办公用-信封-10002940,办公用品,信封,"GlobeWeis 马尼拉纸信封, 每套 50 个",127.82,1,0.0,29.26
7641,CN-202021-3042636,2022-06-29,2022-07-05,标准级,谢君-15190,谢君,消费者,新乡,河南,中国,中南,技术-复印-10000950,技术,复印机,"佳能 传真机, 彩色",7462.7,5,0.0,2984.8
7642,CN-202021-3042636,2022-06-29,2022-07-05,标准级,谢君-15190,谢君,消费者,新乡,河南,中国,中南,技术-复印-10004759,技术,复印机,"夏普 复印机, 数字化",4462.08,4,0.0,267.68
7647,US-202021-2501800,2022-12-11,2022-12-13,二级,付立-16750,付立,消费者,广州,广东,中国,中南,办公用-美术-10004144,办公用品,美术,"Binney & Smith 速写本, 金属",532.896,3,0.2,-93.324
7648,US-202021-2501800,2022-12-11,2022-12-13,二级,付立-16750,付立,消费者,广州,广东,中国,中南,办公用-美术-10001683,办公用品,美术,"Boston 画布, 蓝色",200.256,1,0.2,-17.584
7649,CN-202021-4195666,2022-10-22,2022-10-24,二级,田立-16870,田立,消费者,枣阳,湖北,中国,中南,家具-椅子-10002209,家具,椅子,"Office Star 扶手椅, 每套两件",2630.208,2,0.4,-1139.992
7660,US-202021-5834341,2022-09-28,2022-10-03,标准级,许莞-13270,许莞颖,小型企业,庄河,辽宁,中国,东北,办公用-用品-10003907,办公用品,用品,"Kleencut 开信刀, 锯齿状",266.112,4,0.4,30.912
7682,CN-202021-4862116,2022-10-20,2022-10-24,二级,常盛-20305,常盛,消费者,天津,天津,中国,华北,技术-设备-10002438,技术,设备,"StarTech 打印机, 多色",2390.92,2,0.0,717.08
7683,CN-202021-4862116,2022-10-20,2022-10-24,二级,常盛-20305,常盛,消费者,天津,天津,中国,华北,办公用-用品-10000180,办公用品,用品,"Elite 大剪刀, 钢",433.16,2,0.0,47.6
7684,US-202021-5339863,2022-05-04,2022-05-08,标准级,潘涛-21205,潘涛,公司,抚顺,辽宁,中国,东北,技术-配件-10000680,技术,配件,"贝尔金 记忆卡, 耐用",322.056,1,0.4,-75.264
7695,CN-202021-4750815,2022-12-28,2023-01-03,标准级,孙梦-18250,孙梦,公司,潍坊,山东,中国,华东,办公用-装订-10002921,办公用品,装订机,"Wilson Jones 打孔机, 透明",512.4,4,0.0,107.52
7696,US-202021-2042105,2022-06-20,2022-06-23,二级,涂丽-15955,涂丽,消费者,武汉,湖北,中国,中南,办公用-装订-10002049,办公用品,装订机,"Ibico 装订机盖, 透明",73.416,2,0.4,-28.224
7697,CN-202021-2686699,2022-08-16,2022-08-23,标准级,程蔓-17935,程蔓楚,消费者,广州,广东,中国,中南,办公用-装订-10002538,办公用品,装订机,"Acco 装订机, 透明",477.26,7,0.0,0.0
7723,CN-202021-4650370,2022-11-19,2022-11-23,标准级,邢盛-20335,邢盛,消费者,中枢,云南,中国,西南,办公用-装订-10002049,办公用品,装订机,"Ibico 装订机盖, 透明",183.54,3,0.0,31.08
7724,CN-202021-4650370,2022-11-19,2022-11-23,标准级,邢盛-20335,邢盛,消费者,中枢,云南,中国,西南,办公用-信封-10004257,办公用品,信封,"Jiffy 局间信封, 每套 50 个",866.88,4,0.0,250.88
7730,CN-202021-3269021,2022-05-31,2022-06-06,标准级,贺舟-11425,贺舟,消费者,绵阳,四川,中国,西南,家具-椅子-10002778,家具,椅子,"Office Star 沙滩椅, 每套两件",646.128,4,0.4,-280.112
7731,CN-202021-3269021,2022-05-31,2022-06-06,标准级,贺舟-11425,贺舟,消费者,绵阳,四川,中国,西南,家具-书架-10004836,家具,书架,"Safco 书架, 传统",1668.576,4,0.4,83.216
7732,CN-202021-3269021,2022-05-31,2022-06-06,标准级,贺舟-11425,贺舟,消费者,绵阳,四川,中国,西南,办公用-器具-10004796,办公用品,器具,"Cuisinart 咖啡研磨机, 白色",102.9,1,0.4,-10.36
7734,CN-202021-2324964,2022-12-10,2022-12-16,标准级,葛蔓-17980,葛蔓楚,公司,济南,山东,中国,华东,办公用-器具-10004554,办公用品,器具,"Hoover 炉灶, 黑色",5300.4,2,0.0,1484.0
7738,CN-202021-3223872,2022-11-19,2022-11-24,标准级,孙梦-18250,孙梦,公司,宜昌,湖北,中国,中南,办公用-纸张-10002817,办公用品,纸张,"Eaton 笔记本, 回收",865.34,7,0.0,43.12
7739,CN-202021-3223872,2022-11-19,2022-11-24,标准级,孙梦-18250,孙梦,公司,宜昌,湖北,中国,中南,技术-设备-10002257,技术,设备,"柯尼卡 打印机, 多色",1499.904,2,0.4,-700.056
7749,US-202021-4375818,2022-10-01,2022-10-03,一级,万兰-15730,万兰,消费者,开封,河南,中国,中南,家具-用具-10003276,家具,用具,"Tenex 分层置放架, 优质",222.6,2,0.0,106.68
7760,CN-202021-3766882,2022-08-13,2022-08-15,二级,徐婵-10870,徐婵娟,消费者,原平,山西,中国,华北,办公用-标签-10004408,办公用品,标签,"Smead 文件夹标签, 红色",40.6,1,0.0,4.76
7761,CN-202021-1887568,2022-10-02,2022-10-06,标准级,邵鹏-19075,邵鹏,消费者,嫩江,黑龙江,中国,东北,办公用-标签-10002790,办公用品,标签,"Hon 文件夹标签, 白色",201.6,5,0.0,1.4
7762,CN-202021-1887568,2022-10-02,2022-10-06,标准级,邵鹏-19075,邵鹏,消费者,嫩江,黑龙江,中国,东北,办公用-装订-10001158,办公用品,装订机,"Avery 装订机盖, 实惠",51.66,1,0.0,3.08
7784,CN-202021-5837615,2022-09-04,2022-09-09,二级,佘虢-13555,佘虢,公司,深圳,广东,中国,中南,办公用-器具-10000797,办公用品,器具,"Breville 微波炉, 白色",9795.1,7,0.0,685.02
7800,CN-202021-3069391,2022-12-26,2022-12-30,标准级,巩关-15595,巩关茵,公司,宿州,安徽,中国,华东,办公用-收纳-10002846,办公用品,收纳具,"Rogers 搁板, 工业",1460.9,5,0.0,28.7
7801,CN-202021-3069391,2022-12-26,2022-12-30,标准级,巩关-15595,巩关茵,公司,宿州,安徽,中国,华东,办公用-纸张-10003833,办公用品,纸张,"Enermax 计划信息表, 多色",669.48,6,0.0,99.96
7803,CN-202021-5838362,2022-07-04,2022-07-09,标准级,王庆-19555,王庆缘,消费者,忻州,山西,中国,华北,家具-用具-10003358,家具,用具,"Advantus 灯泡, 一包多件",187.88,2,0.0,37.52
7804,CN-202021-5838362,2022-07-04,2022-07-09,标准级,王庆-19555,王庆缘,消费者,忻州,山西,中国,华北,办公用-器具-10001087,办公用品,器具,"Hamilton Beach 烤面包机, 黑色",265.72,1,0.0,63.7
7819,CN-202021-3415334,2022-11-10,2022-11-16,标准级,贺平-19105,贺平,消费者,徐州,江苏,中国,华东,办公用-收纳-10000208,办公用品,收纳具,"Rogers 搁板, 单宽度",870.24,3,0.0,260.82
7827,CN-202021-2274874,2022-09-21,2022-09-27,标准级,黄娜-18505,黄娜,消费者,新泰,山东,中国,华东,办公用-标签-10000477,办公用品,标签,"Avery 运输标签, 白色",387.1,7,0.0,127.4
7828,CN-202021-2281857,2022-08-19,2022-08-19,当日,蒋光-13360,蒋光,小型企业,烟台,山东,中国,华东,办公用-装订-10000416,办公用品,装订机,"Acco 订书机, 耐用",736.26,3,0.0,198.66
7829,CN-202021-2281857,2022-08-19,2022-08-19,当日,蒋光-13360,蒋光,小型企业,烟台,山东,中国,华东,办公用-器具-10003572,办公用品,器具,"Breville 咖啡研磨机, 黑色",572.04,2,0.0,154.28
7830,CN-202021-2281857,2022-08-19,2022-08-19,当日,蒋光-13360,蒋光,小型企业,烟台,山东,中国,华东,家具-椅子-10003670,家具,椅子,"Harbour Creations 摇椅, 黑色",1350.16,2,0.0,472.36
7834,US-202021-3279950,2022-12-31,2023-01-02,一级,白聪-11695,白聪,公司,深圳,广东,中国,中南,办公用-美术-10001817,办公用品,美术,"Stanley 速写本, 混合尺寸",1066.464,6,0.2,-27.216
7835,US-202021-3279950,2022-12-31,2023-01-02,一级,白聪-11695,白聪,公司,深圳,广东,中国,中南,办公用-器具-10003636,办公用品,器具,"KitchenAid 微波炉, 黑色",4336.5,3,0.0,86.52
7863,CN-202021-4258082,2022-05-15,2022-05-20,标准级,刘婵-10945,刘婵,消费者,上海,上海,中国,华东,技术-配件-10002107,技术,配件,"贝尔金 闪存驱动器, 实惠",782.88,4,0.0,101.36
7865,CN-202021-1911148,2022-10-10,2022-10-13,一级,李丽-17365,李丽丽,消费者,洛阳,广东,中国,中南,技术-配件-10001327,技术,配件,"Enermax 记忆卡, 实惠",2135.28,4,0.0,597.52
7868,CN-202021-3490090,2022-10-11,2022-10-13,一级,毛保-10360,毛保,公司,广州,广东,中国,中南,办公用-装订-10001901,办公用品,装订机,"Cardinal 标签, 实惠",67.76,2,0.0,17.36
7870,CN-202021-4046246,2022-05-24,2022-05-25,一级,涂丽-15955,涂丽,消费者,长春,吉林,中国,东北,办公用-器具-10002993,办公用品,器具,"Hoover 烤面包机, 白色",763.28,2,0.0,213.64
7871,CN-202021-4046246,2022-05-24,2022-05-25,一级,涂丽-15955,涂丽,消费者,长春,吉林,中国,东北,办公用-收纳-10000409,办公用品,收纳具,"Smead 盘, 金属",665.7,3,0.0,266.28
7872,CN-202021-4046246,2022-05-24,2022-05-25,一级,涂丽-15955,涂丽,消费者,长春,吉林,中国,东北,家具-椅子-10002837,家具,椅子,"Office Star 折叠椅, 可调",3516.8,8,0.0,491.68
7873,CN-202021-4046246,2022-05-24,2022-05-25,一级,涂丽-15955,涂丽,消费者,长春,吉林,中国,东北,办公用-标签-10000918,办公用品,标签,"Hon 圆形标签, 耐用",65.8,2,0.0,10.92
7874,CN-202021-4046246,2022-05-24,2022-05-25,一级,涂丽-15955,涂丽,消费者,长春,吉林,中国,东北,技术-复印-10003386,技术,复印机,"佳能 无线传真机, 彩色",21285.6,12,0.0,4043.76
7875,CN-202021-4046246,2022-05-24,2022-05-25,一级,涂丽-15955,涂丽,消费者,长春,吉林,中国,东北,家具-椅子-10003748,家具,椅子,"Harbour Creations 折叠椅, 红色",1827.28,4,0.0,767.2
7878,US-202021-4764837,2022-10-12,2022-10-14,一级,常明-18340,常明媚,消费者,石家庄,河北,中国,华北,办公用-纸张-10004087,办公用品,纸张,"Eaton 计划信息表, 回收",478.1,5,0.0,42.7
7879,US-202021-4764837,2022-10-12,2022-10-14,一级,常明-18340,常明媚,消费者,石家庄,河北,中国,华北,办公用-收纳-10002418,办公用品,收纳具,"Rogers 盒, 金属",215.04,2,0.0,79.52
7880,US-202021-4764837,2022-10-12,2022-10-14,一级,常明-18340,常明媚,消费者,石家庄,河北,中国,华北,办公用-器具-10004796,办公用品,器具,"Cuisinart 咖啡研磨机, 白色",171.5,1,0.0,58.24
7889,CN-202021-5896840,2022-05-15,2022-05-20,标准级,熊光-13390,熊光,小型企业,鹤岗,黑龙江,中国,东北,技术-设备-10002403,技术,设备,"StarTech 卡片打印机, 多色",1526.0,2,0.0,701.96
7890,CN-202021-5896840,2022-05-15,2022-05-20,标准级,熊光-13390,熊光,小型企业,鹤岗,黑龙江,中国,东北,办公用-收纳-10003204,办公用品,收纳具,"Tenex 盒, 单宽度",154.28,2,0.0,72.24
7891,CN-202021-5896840,2022-05-15,2022-05-20,标准级,熊光-13390,熊光,小型企业,鹤岗,黑龙江,中国,东北,办公用-用品-10002859,办公用品,用品,"Fiskars 大剪刀, 工业",459.76,2,0.0,119.28
7896,US-202021-5510381,2022-01-05,2022-01-10,标准级,钟松-20620,钟松,公司,常州,江苏,中国,华东,家具-椅子-10002994,家具,椅子,"Office Star 折叠椅, 黑色",499.968,2,0.4,-275.072
7897,US-202021-5510381,2022-01-05,2022-01-10,标准级,钟松-20620,钟松,公司,常州,江苏,中国,华东,办公用-美术-10000574,办公用品,美术,"Sanford 铅笔刀, 金属",126.42,5,0.8,-271.88
7898,US-202021-5510381,2022-01-05,2022-01-10,标准级,钟松-20620,钟松,公司,常州,江苏,中国,华东,办公用-纸张-10002986,办公用品,纸张,"施乐 信纸, 回收",628.32,3,0.0,49.98
7906,CN-202021-2033462,2022-12-21,2022-12-25,标准级,曹冬-12445,曹冬露,消费者,开封,河南,中国,中南,技术-复印-10004145,技术,复印机,"Hewlett 无线传真机, 红色",5297.46,3,0.0,1165.08
7907,CN-202021-2033462,2022-12-21,2022-12-25,标准级,曹冬-12445,曹冬露,消费者,开封,河南,中国,中南,技术-电话-10001870,技术,电话,"三星 信号增强器, 蓝色",1274.84,2,0.0,12.6
7908,CN-202021-2033462,2022-12-21,2022-12-25,标准级,曹冬-12445,曹冬露,消费者,开封,河南,中国,中南,办公用-装订-10002016,办公用品,装订机,"Acco 装订机盖, 耐用",207.48,3,0.0,28.98
7909,CN-202021-2033462,2022-12-21,2022-12-25,标准级,曹冬-12445,曹冬露,消费者,开封,河南,中国,中南,家具-用具-10000239,家具,用具,"Tenex 分层置放架, 耐用",727.16,7,0.0,130.34
7912,CN-202021-5022660,2022-08-21,2022-08-23,二级,曹丽-16510,曹丽娜,消费者,包头,内蒙古,中国,华北,家具-用具-10002425,家具,用具,"Advantus 闹钟, 优质",280.056,2,0.4,-42.224
7913,CN-202021-5022660,2022-08-21,2022-08-23,二级,曹丽-16510,曹丽娜,消费者,包头,内蒙古,中国,华北,办公用-收纳-10002508,办公用品,收纳具,"Fellowes 锁柜, 单宽度",967.68,1,0.0,377.3
7924,CN-202021-1017090,2022-12-27,2022-12-31,标准级,薛光-13405,薛光,消费者,德州,山东,中国,华东,办公用-纸张-10004748,办公用品,纸张,"Eaton 羊皮纸, 优质",125.72,2,0.0,60.2
7931,CN-202021-3069391,2022-12-25,2022-12-30,二级,侯虹-13825,侯虹,公司,仪征,江苏,中国,华东,办公用-标签-10000983,办公用品,标签,"Smead 合法证物标签, 耐用",321.72,6,0.0,18.48
7939,CN-202021-4247811,2022-11-01,2022-11-03,一级,贺锦-14845,贺锦,消费者,黄梅,湖北,中国,中南,办公用-标签-10001969,办公用品,标签,"Harbour Creations 圆形标签, 红色",91.98,3,0.0,37.38
7940,CN-202021-4247811,2022-11-01,2022-11-03,一级,贺锦-14845,贺锦,消费者,黄梅,湖北,中国,中南,技术-配件-10000839,技术,配件,"罗技 路由器, 回收",2059.092,3,0.4,-446.208
7941,CN-202021-4247811,2022-11-01,2022-11-03,一级,贺锦-14845,贺锦,消费者,黄梅,湖北,中国,中南,技术-电话-10000045,技术,电话,"苹果 信号增强器, 混合尺寸",2734.2,7,0.4,-137.2
7942,CN-202021-4247811,2022-11-01,2022-11-03,一级,贺锦-14845,贺锦,消费者,黄梅,湖北,中国,中南,办公用-标签-10004286,办公用品,标签,"Avery 有色标签, 耐用",127.68,2,0.0,28.0
7943,CN-202021-4247811,2022-11-01,2022-11-03,一级,贺锦-14845,贺锦,消费者,黄梅,湖北,中国,中南,家具-椅子-10004563,家具,椅子,"Office Star 沙滩椅, 可调",973.224,6,0.4,-275.856
7944,CN-202021-4247811,2022-11-01,2022-11-03,一级,贺锦-14845,贺锦,消费者,黄梅,湖北,中国,中南,技术-复印-10000078,技术,复印机,"Brother 无线传真机, 红色",3166.884,3,0.4,-1161.216
7965,CN-202021-4619981,2022-10-27,2022-10-30,二级,付立-16750,付立,消费者,沈阳,辽宁,中国,东北,办公用-纸张-10001677,办公用品,纸张,"Green Bar 备忘录便条, 多色",599.76,7,0.0,71.54
7966,CN-202021-4619981,2022-10-27,2022-10-30,二级,付立-16750,付立,消费者,沈阳,辽宁,中国,东北,家具-用具-10001201,家具,用具,"Eldon 门挡, 优质",1092.672,8,0.4,163.072
7987,CN-202021-3095328,2022-09-03,2022-09-04,一级,陶磊-16105,陶磊,公司,邵武,福建,中国,华东,技术-设备-10001286,技术,设备,"冲电器 打印机, 白色",2491.16,2,0.0,822.08
8002,CN-202021-4836537,2022-10-08,2022-10-14,标准级,谭君-15265,谭君,公司,厦门,福建,中国,华东,家具-书架-10000253,家具,书架,"宜家 书库, 传统",3391.64,2,0.0,1424.36
8003,CN-202021-2130965,2022-03-02,2022-03-06,标准级,白忠-11515,白忠,消费者,濮阳,河南,中国,中南,办公用-装订-10002021,办公用品,装订机,"Wilson Jones 装订机, 透明",116.48,2,0.0,52.36
8004,CN-202021-2130965,2022-03-02,2022-03-06,标准级,白忠-11515,白忠,消费者,濮阳,河南,中国,中南,家具-用具-10000958,家具,用具,"Advantus 门挡, 耐用",1373.96,7,0.0,164.64
8007,CN-202021-5093470,2022-11-12,2022-11-16,标准级,邓秋-11590,邓秋,公司,延吉,吉林,中国,东北,办公用-信封-10004354,办公用品,信封,"Ames 外皮和封条, 每套 50 个",610.54,7,0.0,91.14
8008,CN-202021-5146329,2022-07-23,2022-07-28,标准级,肖菊-15010,肖菊,公司,潍坊,山东,中国,华东,办公用-美术-10000800,办公用品,美术,"Boston 记号笔, 金属",386.82,3,0.0,139.02
8017,CN-202021-3269021,2022-08-15,2022-08-19,二级,罗君-15235,罗君,消费者,郸城,河南,中国,中南,办公用-收纳-10002847,办公用品,收纳具,"Tenex 文件车, 金属",621.6,1,0.0,198.8
8018,CN-202021-3269021,2022-08-15,2022-08-19,二级,罗君-15235,罗君,消费者,郸城,河南,中国,中南,技术-配件-10001617,技术,配件,"Memorex 鼠标, 耐用",397.32,3,0.0,91.14
8019,CN-202021-3269021,2022-08-15,2022-08-19,二级,罗君-15235,罗君,消费者,郸城,河南,中国,中南,家具-用具-10001426,家具,用具,"Rubvermaid 灯泡, 耐用",74.06,1,0.0,31.78
8023,CN-202021-2596183,2022-08-13,2022-08-17,标准级,邹涛-21265,邹涛,公司,吉首,湖南,中国,中南,家具-椅子-10004110,家具,椅子,"SAFCO 沙滩椅, 可调",1090.53,5,0.1,351.33
8024,CN-202021-2596183,2022-08-13,2022-08-17,标准级,邹涛-21265,邹涛,公司,吉首,湖南,中国,中南,办公用-系固-10002481,办公用品,系固件,"Accos 橡皮筋, 金属",627.2,8,0.0,106.4
8025,CN-202021-4597424,2022-06-28,2022-07-02,标准级,邢德-12160,邢德伟,消费者,武汉,湖北,中国,中南,技术-配件-10004442,技术,配件,"贝尔金 路由器, 耐用",2900.352,4,0.4,96.432
8026,CN-202021-4597424,2022-06-28,2022-07-02,标准级,邢德-12160,邢德伟,消费者,武汉,湖北,中国,中南,办公用-纸张-10000328,办公用品,纸张,"SanDisk 计划信息表, 每包 12 个",391.44,3,0.0,19.32
8027,CN-202021-4597424,2022-06-28,2022-07-02,标准级,邢德-12160,邢德伟,消费者,武汉,湖北,中国,中南,办公用-装订-10002164,办公用品,装订机,"Avery 装订机, 透明",138.432,4,0.4,-11.648
8028,CN-202021-4597424,2022-06-28,2022-07-02,标准级,邢德-12160,邢德伟,消费者,武汉,湖北,中国,中南,办公用-信封-10000067,办公用品,信封,"Ames 局间信封, 红色",454.16,2,0.0,145.32
8029,US-202021-2062805,2022-06-20,2022-06-25,标准级,余雯-21835,余雯,消费者,高邮,江苏,中国,华东,办公用-美术-10004550,办公用品,美术,"Sanford 速写本, 整包",42.7,1,0.8,-74.76
8030,US-202021-2062805,2022-06-20,2022-06-25,标准级,余雯-21835,余雯,消费者,高邮,江苏,中国,华东,办公用-美术-10001497,办公用品,美术,"Sanford 荧光笔, 整包",44.856,3,0.8,-98.784
8031,CN-202021-1455994,2022-12-06,2022-12-12,标准级,陶德-12220,陶德伟,消费者,上海,上海,中国,华东,办公用-用品-10004807,办公用品,用品,"Stiletto 剪刀, 锯齿状",284.34,3,0.0,136.08
8045,CN-202021-2548759,2022-05-26,2022-05-28,一级,胡凤-12850,胡凤,消费者,石家庄,河北,中国,华北,家具-用具-10002269,家具,用具,"Rubvermaid 闹钟, 耐用",660.66,3,0.0,78.96
8046,CN-202021-2548759,2022-05-26,2022-05-28,一级,胡凤-12850,胡凤,消费者,石家庄,河北,中国,华北,办公用-装订-10002373,办公用品,装订机,"Cardinal 装订机盖, 回收",115.36,2,0.0,57.68
8047,CN-202021-2548759,2022-05-26,2022-05-28,一级,胡凤-12850,胡凤,消费者,石家庄,河北,中国,华北,技术-电话-10003758,技术,电话,"摩托罗拉 充电器, 蓝色",11996.88,4,0.0,1319.36
8048,CN-202021-2548759,2022-05-26,2022-05-28,一级,胡凤-12850,胡凤,消费者,石家庄,河北,中国,华北,办公用-美术-10000575,办公用品,美术,"Binney & Smith 画布, 金属",491.12,2,0.0,34.16
8049,CN-202021-2548759,2022-05-26,2022-05-28,一级,胡凤-12850,胡凤,消费者,石家庄,河北,中国,华北,办公用-装订-10001029,办公用品,装订机,"Ibico 订书机, 实惠",1199.8,5,0.0,431.9
8050,CN-202021-2548759,2022-05-26,2022-05-28,一级,胡凤-12850,胡凤,消费者,石家庄,河北,中国,华北,办公用-纸张-10004404,办公用品,纸张,"Eaton 计划信息表, 优质",288.12,3,0.0,63.0
8051,CN-202021-2548759,2022-05-26,2022-05-28,一级,胡凤-12850,胡凤,消费者,石家庄,河北,中国,华北,办公用-器具-10000224,办公用品,器具,"Breville 咖啡研磨机, 银色",584.36,2,0.0,52.36
8069,CN-202021-3381572,2022-05-25,2022-05-29,二级,毛保-10360,毛保,公司,三亚,海南,中国,中南,办公用-器具-10001087,办公用品,器具,"Hamilton Beach 烤面包机, 黑色",1062.88,4,0.0,254.8
8070,CN-202021-3381572,2022-05-25,2022-05-29,二级,毛保-10360,毛保,公司,三亚,海南,中国,中南,办公用-纸张-10001323,办公用品,纸张,"SanDisk 计划信息表, 多色",117.74,1,0.0,44.66
8071,CN-202021-3381572,2022-05-25,2022-05-29,二级,毛保-10360,毛保,公司,三亚,海南,中国,中南,办公用-信封-10001674,办公用品,信封,"Jiffy 外皮和封条, 红色",439.6,4,0.0,109.76
8072,CN-202021-3381572,2022-05-25,2022-05-29,二级,毛保-10360,毛保,公司,三亚,海南,中国,中南,办公用-器具-10002945,办公用品,器具,"Breville 微波炉, 黑色",4215.96,3,0.0,42.0
8081,CN-202021-2161331,2022-10-09,2022-10-12,一级,夏彩-10645,夏彩,消费者,南宁,广西,中国,中南,技术-复印-10000413,技术,复印机,"Hewlett 传真复印机, 红色",4458.3,5,0.0,445.2
8082,CN-202021-2161331,2022-10-09,2022-10-12,一级,夏彩-10645,夏彩,消费者,南宁,广西,中国,中南,家具-椅子-10000670,家具,椅子,"Office Star 凳子, 可调",1482.012,2,0.1,279.692
8083,CN-202021-2161331,2022-10-09,2022-10-12,一级,夏彩-10645,夏彩,消费者,南宁,广西,中国,中南,技术-复印-10002130,技术,复印机,"Brother 个人复印机, 每套两件",666.82,1,0.0,53.34
8084,CN-202021-2161331,2022-10-09,2022-10-12,一级,夏彩-10645,夏彩,消费者,南宁,广西,中国,中南,办公用-收纳-10000652,办公用品,收纳具,"Eldon 文件夹, 金属",74.9,1,0.0,34.44
8085,CN-202021-2161331,2022-10-09,2022-10-12,一级,夏彩-10645,夏彩,消费者,南宁,广西,中国,中南,家具-桌子-10002665,家具,桌子,"Hon 咖啡桌, 白色",2226.63,2,0.25,-326.69
8086,CN-202021-2161331,2022-10-09,2022-10-12,一级,夏彩-10645,夏彩,消费者,南宁,广西,中国,中南,技术-配件-10001234,技术,配件,"Memorex 鼠标, 可编程",553.84,4,0.0,82.88
8087,CN-202021-2161331,2022-10-09,2022-10-12,一级,夏彩-10645,夏彩,消费者,南宁,广西,中国,中南,办公用-收纳-10004714,办公用品,收纳具,"Smead 盒, 单宽度",151.2,3,0.0,66.36
8088,CN-202021-5468349,2022-06-28,2022-07-04,标准级,程安-10105,程安,消费者,重庆,重庆,中国,西南,办公用-美术-10000639,办公用品,美术,"Boston 速写本, 金属",465.36,2,0.0,148.68
8090,CN-202021-2491194,2022-08-29,2022-09-03,标准级,施奇-11410,施奇,消费者,广州,广东,中国,中南,办公用-收纳-10000406,办公用品,收纳具,"Smead 文件车, 金属",1784.58,3,0.0,695.94
8091,CN-202021-2491194,2022-08-29,2022-09-03,标准级,施奇-11410,施奇,消费者,广州,广东,中国,中南,家具-桌子-10000395,家具,桌子,"Barricks 木桌, 组装",9072.0,5,0.25,2298.1
8092,CN-202021-2491194,2022-08-29,2022-09-03,标准级,施奇-11410,施奇,消费者,广州,广东,中国,中南,办公用-美术-10001978,办公用品,美术,"Stanley 铅笔刀, 蓝色",277.536,3,0.2,38.136
8097,CN-202021-5784606,2022-12-28,2022-12-31,一级,袁松-20785,袁松,消费者,秦皇岛,河北,中国,华北,办公用-纸张-10000416,办公用品,纸张,"施乐 笔记本, 每包 12 个",284.76,2,0.0,45.36
8116,CN-202021-3257417,2022-12-25,2022-12-30,标准级,余婵-11020,余婵,公司,朝阳,辽宁,中国,东北,办公用-器具-10001757,办公用品,器具,"KitchenAid 炉灶, 黑色",7974.12,3,0.0,3109.68
8117,CN-202021-3257417,2022-12-25,2022-12-30,标准级,余婵-11020,余婵,公司,朝阳,辽宁,中国,东北,家具-用具-10003876,家具,用具,"Deflect-O 相框, 一包多件",969.92,4,0.0,77.28
8118,CN-202021-3257417,2022-12-25,2022-12-30,标准级,余婵-11020,余婵,公司,朝阳,辽宁,中国,东北,办公用-收纳-10001112,办公用品,收纳具,"Fellowes 盒, 工业",470.4,5,0.0,112.7
8123,US-202021-3284718,2022-08-10,2022-08-15,二级,顾丹-11965,顾丹,公司,贵阳,贵州,中国,西南,技术-电话-10002973,技术,电话,"摩托罗拉 办公室电话机, 全尺寸",1022.7,3,0.0,470.4
8138,CN-202021-1182921,2022-05-25,2022-05-25,当日,薛荷-13705,薛荷,公司,澄江,江苏,中国,华东,技术-复印-10001249,技术,复印机,"夏普 个人复印机, 数字化",1674.96,5,0.4,-698.04
8139,CN-202021-3232413,2022-08-13,2022-08-19,标准级,程宁-18640,程宁,公司,十字路,山东,中国,华东,技术-电话-10003206,技术,电话,"诺基亚 音频基座, 全尺寸",4704.84,6,0.0,1034.88
8142,CN-202021-3258425,2022-06-07,2022-06-12,标准级,陈磊-15970,陈磊,消费者,安丘,山东,中国,华东,办公用-器具-10002796,办公用品,器具,"Hamilton Beach 烤面包机, 银色",815.64,3,0.0,130.2
8143,CN-202021-3258425,2022-06-07,2022-06-12,标准级,陈磊-15970,陈磊,消费者,安丘,山东,中国,华东,技术-配件-10001403,技术,配件,"贝尔金 键盘, 可编程",796.88,2,0.0,135.24
8145,CN-202021-2506507,2022-11-05,2022-11-10,标准级,曾岱-11890,曾岱,消费者,沧州,河北,中国,华北,办公用-美术-10002415,办公用品,美术,"Boston 画布, 混合尺寸",530.32,2,0.0,164.36
8147,US-202021-1103148,2022-01-04,2022-01-07,一级,白婵-10975,白婵,公司,南通,江苏,中国,华东,办公用-用品-10003397,办公用品,用品,"Acme 开信刀, 钢",82.908,1,0.4,-40.152
8148,US-202021-1103148,2022-01-04,2022-01-07,一级,白婵-10975,白婵,公司,南通,江苏,中国,华东,办公用-收纳-10001047,办公用品,收纳具,"Smead 锁柜, 蓝色",2777.88,3,0.0,1277.64
8150,CN-202021-2596183,2022-03-01,2022-03-07,标准级,蒋宣-20830,蒋宣,消费者,仙桃,湖北,中国,中南,办公用-装订-10001901,办公用品,装订机,"Acco 孔加固材料, 回收",58.968,3,0.4,-37.632
8151,CN-202021-2648094,2022-08-08,2022-08-14,标准级,俞平-19195,俞平,小型企业,昆明,云南,中国,西南,技术-复印-10001364,技术,复印机,"夏普 传真复印机, 数字化",3140.48,5,0.2,-667.52
8152,CN-202021-2648094,2022-08-08,2022-08-14,标准级,俞平-19195,俞平,小型企业,昆明,云南,中国,西南,办公用-装订-10004464,办公用品,装订机,"Wilson Jones 标签, 实惠",180.6,6,0.0,72.24
8153,CN-202021-2648094,2022-08-08,2022-08-14,标准级,俞平-19195,俞平,小型企业,昆明,云南,中国,西南,办公用-系固-10002857,办公用品,系固件,"Advantus 橡皮筋, 整包",309.68,4,0.0,101.92
8165,CN-202021-4961841,2022-09-12,2022-09-14,一级,顾君-15220,顾君,公司,成都,四川,中国,西南,办公用-装订-10000622,办公用品,装订机,"Cardinal 打孔机, 实惠",161.28,2,0.4,-83.44
8200,CN-202021-2531621,2022-02-15,2022-02-15,当日,彭博-10555,彭博,公司,成都,四川,中国,西南,办公用-美术-10003716,办公用品,美术,"BIC 铅笔刀, 整包",54.656,2,0.8,-93.184
8213,CN-202021-4482834,2022-09-22,2022-09-27,二级,赖芳-12715,赖芳茵,公司,诸暨,浙江,中国,华东,办公用-标签-10001867,办公用品,标签,"Smead 合法证物标签, 红色",101.92,2,0.0,20.16
8214,CN-202021-4482834,2022-09-22,2022-09-27,二级,赖芳-12715,赖芳茵,公司,诸暨,浙江,中国,华东,办公用-系固-10002020,办公用品,系固件,"Advantus 橡皮筋, 金属",233.94,5,0.4,-144.76
8217,CN-202021-2098822,2022-10-27,2022-11-01,二级,郝立-16570,郝立勤,消费者,佳木斯,黑龙江,中国,东北,办公用-信封-10003369,办公用品,信封,"GlobeWeis 局间信封, 回收",435.12,2,0.0,152.04
8218,CN-202021-2098822,2022-10-27,2022-11-01,二级,郝立-16570,郝立勤,消费者,佳木斯,黑龙江,中国,东北,办公用-用品-10002859,办公用品,用品,"Fiskars 大剪刀, 工业",1149.4,5,0.0,298.2
8219,CN-202021-2098822,2022-10-27,2022-11-01,二级,郝立-16570,郝立勤,消费者,佳木斯,黑龙江,中国,东北,办公用-标签-10001132,办公用品,标签,"Smead 有色标签, 耐用",188.16,3,0.0,76.86
8220,CN-202021-3807036,2022-09-20,2022-09-24,标准级,郝升-20095,郝升,消费者,广州,广东,中国,中南,技术-配件-10000668,技术,配件,"SanDisk 路由器, 可编程",9626.4,8,0.0,2694.72
8227,CN-202021-5774848,2022-10-19,2022-10-23,标准级,叶柏-19030,叶柏,公司,昆明,云南,中国,西南,办公用-用品-10003575,办公用品,用品,"Stiletto 尺子, 蓝色",208.32,3,0.0,74.76
8228,CN-202021-5774848,2022-10-19,2022-10-23,标准级,叶柏-19030,叶柏,公司,昆明,云南,中国,西南,办公用-装订-10000765,办公用品,装订机,"Wilson Jones 孔加固材料, 回收",68.46,3,0.0,1.26
8235,CN-202021-2513055,2022-03-16,2022-03-20,标准级,肖崆-15520,肖崆,消费者,天津,天津,中国,华北,办公用-用品-10003797,办公用品,用品,"Acme 尺子, 蓝色",311.92,4,0.0,58.8
8236,CN-202021-2513055,2022-03-16,2022-03-20,标准级,肖崆-15520,肖崆,消费者,天津,天津,中国,华北,办公用-收纳-10003434,办公用品,收纳具,"Rogers 锁柜, 金属",1966.44,2,0.0,137.48
8237,CN-202021-2513055,2022-03-16,2022-03-20,标准级,肖崆-15520,肖崆,消费者,天津,天津,中国,华北,办公用-器具-10000468,办公用品,器具,"Hoover 微波炉, 红色",1440.32,1,0.0,201.6
8238,CN-202021-2513055,2022-03-16,2022-03-20,标准级,肖崆-15520,肖崆,消费者,天津,天津,中国,华北,办公用-系固-10001658,办公用品,系固件,"Stockwell 回形针, 整包",504.0,8,0.0,105.28
8260,CN-202021-5726249,2022-03-26,2022-03-31,标准级,邱升-20035,邱升,小型企业,上海,上海,中国,华东,办公用-装订-10002580,办公用品,装订机,"Wilson Jones 订书机, 透明",677.88,3,0.0,162.54
8261,CN-202021-5726249,2022-03-26,2022-03-31,标准级,邱升-20035,邱升,小型企业,上海,上海,中国,华东,办公用-标签-10001294,办公用品,标签,"Harbour Creations 有色标签, 耐用",248.08,4,0.0,71.68
8264,CN-202021-1021233,2022-06-18,2022-06-23,标准级,钱宁-18655,钱宁,公司,忻州,湖北,中国,中南,技术-电话-10000691,技术,电话,"摩托罗拉 耳机, 蓝色",446.544,2,0.4,-275.576
8265,CN-202021-1021233,2022-06-18,2022-06-23,标准级,钱宁-18655,钱宁,公司,忻州,湖北,中国,中南,技术-电话-10003206,技术,电话,"诺基亚 音频基座, 全尺寸",1411.452,3,0.4,-423.528
8266,CN-202021-1021233,2022-06-18,2022-06-23,标准级,钱宁-18655,钱宁,公司,忻州,湖北,中国,中南,办公用-用品-10003793,办公用品,用品,"Stiletto 美工刀, 锯齿状",823.284,9,0.4,-138.096
8268,CN-202021-5488732,2022-11-12,2022-11-15,一级,倪乐-17800,倪乐,小型企业,忻州,山西,中国,华北,技术-复印-10000725,技术,复印机,"夏普 复印机, 每套两件",2234.4,2,0.0,22.12
8269,CN-202021-5488732,2022-11-12,2022-11-15,一级,倪乐-17800,倪乐,小型企业,忻州,山西,中国,华北,技术-电话-10003757,技术,电话,"三星 智能手机, 整包",1151.08,2,0.0,68.88
8270,CN-202021-5488732,2022-11-12,2022-11-15,一级,倪乐-17800,倪乐,小型企业,忻州,山西,中国,华北,办公用-器具-10003466,办公用品,器具,"Cuisinart 烤面包机, 银色",252.98,1,0.0,85.96
8292,CN-202021-5896840,2022-11-20,2022-11-22,二级,毛保-10360,毛保,公司,潍坊,山东,中国,华东,办公用-用品-10002396,办公用品,用品,"Stiletto 美工刀, 钢",495.18,3,0.0,168.0
8294,CN-202021-4752200,2022-10-29,2022-11-03,标准级,严珑-17890,严珑,小型企业,洛阳,河南,中国,中南,办公用-装订-10004939,办公用品,装订机,"Ibico 打孔机, 耐用",298.2,2,0.0,11.76
8307,CN-202021-2964244,2022-09-28,2022-10-03,标准级,唐安-10240,唐安,消费者,天津,天津,中国,华北,技术-复印-10003040,技术,复印机,"佳能 无线传真机, 红色",3517.36,2,0.0,1336.44
8320,CN-202021-5779998,2022-10-01,2022-10-07,标准级,雷菊-15025,雷菊,消费者,枣阳,湖北,中国,中南,办公用-美术-10000997,办公用品,美术,"Boston 钢笔, 整包",54.096,4,0.8,-84.224
8370,CN-202021-5667067,2022-05-09,2022-05-13,标准级,徐健-14590,徐健,公司,北京,北京,中国,华北,家具-椅子-10003692,家具,椅子,"SAFCO 扶手椅, 红色",6460.02,3,0.0,2842.14
8371,CN-202021-5667067,2022-05-09,2022-05-13,标准级,徐健-14590,徐健,公司,北京,北京,中国,华北,办公用-收纳-10003186,办公用品,收纳具,"Rogers 盘, 单宽度",575.96,2,0.0,230.16
8374,CN-202021-3378788,2022-11-08,2022-11-15,标准级,田丽-16495,田丽娜,公司,昆明,云南,中国,西南,技术-复印-10000971,技术,复印机,"Brother 墨水, 彩色",1110.592,2,0.2,-236.208
8391,CN-202021-1398732,2022-11-22,2022-11-28,标准级,邓秋-11590,邓秋,公司,钟祥,湖北,中国,中南,办公用-标签-10000799,办公用品,标签,"Hon 文件夹标签, 红色",118.44,3,0.0,13.02
8392,CN-202021-1398732,2022-11-22,2022-11-28,标准级,邓秋-11590,邓秋,公司,钟祥,湖北,中国,中南,办公用-纸张-10004825,办公用品,纸张,"施乐 令, 回收",245.0,2,0.0,21.84
8393,US-202021-5339863,2022-09-07,2022-09-11,标准级,俞毅-12520,俞毅,消费者,洛阳,广东,中国,中南,办公用-美术-10000263,办公用品,美术,"Boston 荧光笔, 整包",142.912,2,0.2,-34.048
8394,US-202021-5339863,2022-09-07,2022-09-11,标准级,俞毅-12520,俞毅,消费者,洛阳,广东,中国,中南,办公用-系固-10000081,办公用品,系固件,"Stockwell 订书钉, 混合尺寸",183.4,5,0.0,62.3
8405,US-202021-1154983,2022-01-08,2022-01-10,一级,万达-11815,万达侠,公司,镇江,江苏,中国,华东,办公用-装订-10000183,办公用品,装订机,"Cardinal 订书机, 实惠",139.356,1,0.4,-7.084
8406,US-202021-1154983,2022-01-08,2022-01-10,一级,万达-11815,万达侠,公司,镇江,江苏,中国,华东,办公用-标签-10001607,办公用品,标签,"Avery 圆形标签, 可调",47.04,2,0.0,0.84
8407,CN-202021-2161331,2022-06-01,2022-06-08,标准级,郭升-20140,郭升,公司,蚌埠,安徽,中国,华东,办公用-美术-10000951,办公用品,美术,"Sanford 钢笔, 整包",42.448,1,0.2,-4.312
8410,US-202021-5922906,2022-12-26,2022-12-28,二级,何娇-14650,何娇,公司,广州,广东,中国,中南,家具-椅子-10003692,家具,椅子,"SAFCO 扶手椅, 红色",15504.048,8,0.1,5856.368
8421,CN-202021-1966706,2022-10-05,2022-10-09,标准级,付丽-15790,付丽,消费者,日照,山东,中国,华东,办公用-器具-10003071,办公用品,器具,"Cuisinart 烤面包机, 黑色",740.46,3,0.0,288.54
8422,CN-202021-4998591,2022-05-15,2022-05-20,标准级,潘丽-16240,潘丽美,公司,西安,陕西,中国,西北,家具-椅子-10000210,家具,椅子,"Harbour Creations 扶手椅, 每套两件",17765.44,8,0.0,3374.56
8423,CN-202021-4998591,2022-05-15,2022-05-20,标准级,潘丽-16240,潘丽美,公司,西安,陕西,中国,西北,家具-用具-10003876,家具,用具,"Deflect-O 相框, 一包多件",1212.4,5,0.0,96.6
8432,CN-202021-1182921,2022-05-24,2022-05-30,标准级,熊丽-15805,熊丽,公司,绥棱,黑龙江,中国,东北,办公用-收纳-10003711,办公用品,收纳具,"Rogers 盒, 蓝色",223.72,2,0.0,111.72
8433,CN-202021-1900344,2022-08-04,2022-08-08,标准级,唐忠-11545,唐忠,公司,潍坊,山东,中国,华东,办公用-收纳-10004131,办公用品,收纳具,"Rogers 文件夹, 金属",555.52,4,0.0,205.52
8435,CN-202021-3108642,2022-11-26,2022-11-27,一级,袁临-17485,袁临耀,消费者,桦甸,吉林,中国,东北,技术-电话-10000619,技术,电话,"三星 音频基座, 整包",1557.92,2,0.0,46.48
8440,CN-202021-4261740,2022-02-07,2022-02-10,二级,牛黎-16390,牛黎明,公司,大庆,黑龙江,中国,东北,家具-用具-10003358,家具,用具,"Advantus 灯泡, 一包多件",281.82,3,0.0,56.28
8442,CN-202021-1190387,2022-06-27,2022-07-02,标准级,周冬-12385,周冬露,消费者,寿光,山东,中国,华东,办公用-收纳-10004690,办公用品,收纳具,"Fellowes 盘, 工业",1350.3,5,0.0,593.6
8445,CN-202021-4482834,2022-10-26,2022-10-29,一级,沈聪-11710,沈聪,消费者,集宁,内蒙古,中国,华北,家具-用具-10002645,家具,用具,"Advantus 灯泡, 耐用",143.64,3,0.4,-95.76
8447,CN-202021-4171126,2022-05-31,2022-06-04,标准级,殷凤-13030,殷凤,小型企业,岳阳,湖南,中国,中南,办公用-信封-10004110,办公用品,信封,"Ames 搭扣信封, 银色",134.4,3,0.0,1.26
8448,CN-202021-4171126,2022-05-31,2022-06-04,标准级,殷凤-13030,殷凤,小型企业,岳阳,湖南,中国,中南,家具-用具-10001387,家具,用具,"Tenex 灯泡, 耐用",223.44,3,0.0,111.72
8449,CN-202021-4171126,2022-05-31,2022-06-04,标准级,殷凤-13030,殷凤,小型企业,岳阳,湖南,中国,中南,办公用-收纳-10003289,办公用品,收纳具,"Tenex 搁板, 单宽度",510.44,2,0.0,127.4
8450,CN-202021-4171126,2022-05-31,2022-06-04,标准级,殷凤-13030,殷凤,小型企业,岳阳,湖南,中国,中南,办公用-标签-10004932,办公用品,标签,"Novimex 运输标签, 红色",151.2,3,0.0,63.42
8451,CN-202021-4171126,2022-05-31,2022-06-04,标准级,殷凤-13030,殷凤,小型企业,岳阳,湖南,中国,中南,办公用-信封-10002782,办公用品,信封,"Kraft 搭扣信封, 每套 50 个",210.0,5,0.0,16.8
8452,CN-202021-4171126,2022-05-31,2022-06-04,标准级,殷凤-13030,殷凤,小型企业,岳阳,湖南,中国,中南,办公用-系固-10003277,办公用品,系固件,"Stockwell 图钉, 每包 12 个",293.3,5,0.0,126.0
8453,CN-202021-4171126,2022-05-31,2022-06-04,标准级,殷凤-13030,殷凤,小型企业,岳阳,湖南,中国,中南,技术-配件-10004781,技术,配件,"贝尔金 路由器, 实惠",15697.5,13,0.0,1412.32
8457,CN-202021-2252147,2022-06-28,2022-07-03,标准级,蔡梦-18265,蔡梦,消费者,上海,上海,中国,华东,办公用-标签-10004327,办公用品,标签,"Novimex 文件夹标签, 可调",86.1,3,0.0,38.64
8495,CN-202021-1698598,2022-12-21,2022-12-25,标准级,尹凤-13045,尹凤,公司,襄樊,湖北,中国,中南,办公用-信封-10004437,办公用品,信封,"Jiffy 局间信封, 回收",844.48,4,0.0,16.8
8506,CN-202021-3768437,2022-12-26,2022-12-30,标准级,孙梦-18250,孙梦,公司,大连,辽宁,中国,东北,办公用-系固-10002226,办公用品,系固件,"Advantus 图钉, 金属",76.776,2,0.4,-18.144
8507,CN-202021-3768437,2022-12-26,2022-12-30,标准级,孙梦-18250,孙梦,公司,大连,辽宁,中国,东北,办公用-收纳-10004533,办公用品,收纳具,"Fellowes 盒, 蓝色",183.68,2,0.0,38.36
8508,CN-202021-3768437,2022-12-26,2022-12-30,标准级,孙梦-18250,孙梦,公司,大连,辽宁,中国,东北,办公用-装订-10004464,办公用品,装订机,"Wilson Jones 标签, 实惠",72.24,4,0.4,0.0
8521,CN-202021-1569506,2022-12-04,2022-12-07,一级,邱丽-15745,邱丽,消费者,佛山,广东,中国,中南,家具-用具-10001578,家具,用具,"Deflect-O 闹钟, 一包多件",470.12,2,0.0,206.64
8522,CN-202021-1569506,2022-12-04,2022-12-07,一级,邱丽-15745,邱丽,消费者,佛山,广东,中国,中南,家具-用具-10002425,家具,用具,"Advantus 闹钟, 优质",466.76,2,0.0,144.48
8528,CN-202021-4733722,2022-05-02,2022-05-05,二级,林青-19600,林青,消费者,宿州,安徽,中国,华东,技术-设备-10003439,技术,设备,"柯尼卡 喷墨打印机, 白色",2910.6,2,0.0,261.8
8531,US-202021-5339863,2022-11-22,2022-11-29,标准级,李康-15385,李康,消费者,天津,天津,中国,华北,办公用-装订-10000440,办公用品,装订机,"Avery 装订机盖, 耐用",410.62,7,0.0,114.66
8532,US-202021-5339863,2022-11-22,2022-11-29,标准级,李康-15385,李康,消费者,天津,天津,中国,华北,办公用-系固-10001322,办公用品,系固件,"Accos 回形针, 每包 12 个",377.16,6,0.0,162.12
8533,US-202021-5339863,2022-11-22,2022-11-29,标准级,李康-15385,李康,消费者,天津,天津,中国,华北,办公用-器具-10000850,办公用品,器具,"KitchenAid 炉灶, 白色",7956.06,3,0.0,1431.78
8534,US-202021-5339863,2022-11-22,2022-11-29,标准级,李康-15385,李康,消费者,天津,天津,中国,华北,技术-电话-10000810,技术,电话,"摩托罗拉 充电器, 整包",20997.48,7,0.0,3988.6
8535,US-202021-5339863,2022-11-22,2022-11-29,标准级,李康-15385,李康,消费者,天津,天津,中国,华北,办公用-装订-10004829,办公用品,装订机,"Avery 孔加固材料, 透明",54.18,3,0.0,12.6
8536,US-202021-5339863,2022-11-22,2022-11-29,标准级,李康-15385,李康,消费者,天津,天津,中国,华北,办公用-标签-10004030,办公用品,标签,"Harbour Creations 可去除的标签, 红色",94.92,2,0.0,19.88
8537,US-202021-5339863,2022-11-22,2022-11-29,标准级,李康-15385,李康,消费者,天津,天津,中国,华北,办公用-美术-10004191,办公用品,美术,"Binney & Smith 铅笔刀, 整包",628.6,5,0.0,308.0
8538,US-202021-5339863,2022-11-22,2022-11-29,标准级,李康-15385,李康,消费者,天津,天津,中国,华北,办公用-收纳-10002840,办公用品,收纳具,"Fellowes 盒, 金属",612.5,7,0.0,85.26
8539,US-202021-5339863,2022-11-22,2022-11-29,标准级,李康-15385,李康,消费者,天津,天津,中国,华北,办公用-装订-10002474,办公用品,装订机,"Wilson Jones 打孔机, 回收",1058.4,8,0.0,390.88
8540,US-202021-5339863,2022-11-22,2022-11-29,标准级,李康-15385,李康,消费者,天津,天津,中国,华北,办公用-美术-10001814,办公用品,美术,"BIC 画布, 金属",769.44,3,0.0,223.02
8547,CN-202021-5743460,2022-09-27,2022-10-01,标准级,韦绅-20005,韦绅,消费者,七台河,黑龙江,中国,东北,家具-用具-10001632,家具,用具,"Eldon 分层置放架, 优质",281.12,2,0.0,50.4
8548,CN-202021-5743460,2022-09-27,2022-10-01,标准级,韦绅-20005,韦绅,消费者,七台河,黑龙江,中国,东北,办公用-系固-10003763,办公用品,系固件,"Advantus 图钉, 整包",317.1,5,0.0,72.8
8549,CN-202021-3127854,2022-06-28,2022-06-30,二级,佟崆-15550,佟崆,小型企业,重庆,重庆,中国,西南,家具-椅子-10002448,家具,椅子,"SAFCO 折叠椅, 红色",799.96,2,0.0,143.92
8572,CN-202021-3381572,2022-12-25,2022-12-31,标准级,龙廷-21295,龙廷,消费者,姜堰,江苏,中国,华东,办公用-收纳-10000409,办公用品,收纳具,"Smead 盘, 金属",1109.5,5,0.0,443.8
8573,CN-202021-2547654,2022-07-06,2022-07-08,一级,夏彩-10645,夏彩,消费者,沧州,河北,中国,华北,办公用-用品-10002448,办公用品,用品,"Elite 修剪器, 钢",191.66,1,0.0,49.7
8577,CN-202021-1397931,2022-06-20,2022-06-22,一级,田磊-16120,田磊,小型企业,恩城,广东,中国,中南,办公用-纸张-10002298,办公用品,纸张,"施乐 计划信息表, 优质",380.24,4,0.0,121.52
8578,CN-202021-1397931,2022-06-20,2022-06-22,一级,田磊-16120,田磊,小型企业,恩城,广东,中国,中南,技术-复印-10004220,技术,复印机,"夏普 无线传真机, 每套两件",8304.8,5,0.0,3736.6
8579,CN-202021-1397931,2022-06-20,2022-06-22,一级,田磊-16120,田磊,小型企业,恩城,广东,中国,中南,家具-桌子-10001294,家具,桌子,"Lesro 木桌, 白色",8218.35,5,0.25,-2520.35
8580,CN-202021-1397931,2022-06-20,2022-06-22,一级,田磊-16120,田磊,小型企业,恩城,广东,中国,中南,办公用-系固-10001746,办公用品,系固件,"Advantus 回形针, 整包",716.1,11,0.0,163.24
8588,CN-202021-3360134,2022-09-13,2022-09-19,标准级,佘凤-12955,佘凤,公司,漯河,河南,中国,中南,技术-配件-10000166,技术,配件,"罗技 鼠标, 可编程",287.28,2,0.0,103.32
8594,CN-202021-4480622,2022-07-30,2022-08-01,一级,严强-19435,严强,消费者,上海,上海,中国,华东,办公用-标签-10000389,办公用品,标签,"Smead 合法证物标签, 白色",103.6,2,0.0,6.16
8596,CN-202021-3127854,2022-04-11,2022-04-15,标准级,陈宣-20815,陈宣,公司,集宁,内蒙古,中国,华北,办公用-装订-10002164,办公用品,装订机,"Avery 装订机, 透明",276.864,8,0.4,-23.296
8597,CN-202021-2558627,2022-02-28,2022-03-04,标准级,夏光-13375,夏光,消费者,深圳,广东,中国,中南,家具-椅子-10000374,家具,椅子,"Harbour Creations 椅垫, 可调",625.716,2,0.1,250.236
8604,CN-202021-2688173,2022-05-03,2022-05-08,标准级,黄芳-12760,黄芳,公司,上海,上海,中国,华东,办公用-用品-10004606,办公用品,用品,"Elite 尺子, 锯齿状",98.0,2,0.0,28.28
8607,US-202021-4080057,2022-01-10,2022-01-10,当日,周康-15340,周康,消费者,肃州,甘肃,中国,西北,办公用-标签-10004623,办公用品,标签,"Avery 有色标签, 可调",104.44,2,0.0,11.48
8608,CN-202021-4757928,2022-06-04,2022-06-06,一级,马锦-14890,马锦,公司,深圳,广东,中国,中南,办公用-收纳-10004372,办公用品,收纳具,"Eldon 盘, 单宽度",1120.0,5,0.0,392.0
8622,CN-202021-3700485,2022-12-01,2022-12-05,标准级,万虹-13900,万虹,消费者,德州,山东,中国,华东,家具-椅子-10003410,家具,椅子,"Hon 沙滩椅, 红色",1896.3,9,0.0,94.5
8629,CN-202021-1135813,2022-04-09,2022-04-11,二级,罗霖-17530,罗霖,消费者,苏州,江苏,中国,华东,办公用-收纳-10003204,办公用品,收纳具,"Tenex 盒, 单宽度",462.84,6,0.0,216.72
8644,CN-202021-1529712,2022-12-04,2022-12-07,一级,倪芬-12790,倪芬,小型企业,肇庆,广东,中国,中南,办公用-系固-10002230,办公用品,系固件,"Stockwell 橡皮筋, 混合尺寸",260.96,4,0.0,109.2
8645,CN-202021-2286344,2022-06-11,2022-06-11,当日,彭博-10555,彭博,公司,明水,黑龙江,中国,东北,技术-复印-10000308,技术,复印机,"夏普 墨水, 红色",572.18,1,0.0,57.12
8655,CN-202021-2018203,2022-10-22,2022-10-26,二级,戴松-20755,戴松,公司,合肥,安徽,中国,华东,办公用-装订-10003861,办公用品,装订机,"Avery 打孔机, 实惠",520.24,4,0.0,25.76
8656,CN-202021-2018203,2022-10-22,2022-10-26,二级,戴松-20755,戴松,公司,合肥,安徽,中国,华东,家具-书架-10004493,家具,书架,"Dania 书架, 传统",2837.1,5,0.0,539.0
8663,CN-202021-2190451,2022-04-17,2022-04-20,一级,彭安-10225,彭安,公司,杭州,浙江,中国,华东,办公用-标签-10001778,办公用品,标签,"Harbour Creations 文件夹标签, 耐用",212.8,5,0.0,31.5
8664,CN-202021-2190451,2022-04-17,2022-04-20,一级,彭安-10225,彭安,公司,杭州,浙江,中国,华东,办公用-装订-10002223,办公用品,装订机,"Avery 装订机, 回收",185.64,5,0.4,-123.76
8665,CN-202021-1129627,2022-12-10,2022-12-15,标准级,苏涛-21220,苏涛,消费者,合川,重庆,中国,西南,技术-配件-10004359,技术,配件,"Memorex 键区, 回收",401.52,2,0.0,48.16
8689,CN-202021-1321997,2022-09-18,2022-09-21,一级,邱升-20035,邱升,小型企业,恒山,黑龙江,中国,东北,技术-设备-10003952,技术,设备,"柯尼卡 卡片打印机, 白色",3240.16,4,0.0,31.92
8699,US-202021-2298972,2022-11-07,2022-11-12,标准级,曾锦-14935,曾锦,公司,成都,四川,中国,西南,办公用-系固-10002368,办公用品,系固件,"OIC 回形针, 混合尺寸",133.056,4,0.4,-84.784
8711,CN-202021-1058371,2022-09-15,2022-09-18,一级,楚虢-13465,楚虢,消费者,商丘,河南,中国,中南,办公用-纸张-10003781,办公用品,纸张,"Green Bar 备忘录便条, 优质",158.2,2,0.0,67.76
8719,CN-202021-1196810,2022-10-26,2022-10-30,标准级,蔡晨-11200,蔡晨,消费者,八面通,黑龙江,中国,东北,办公用-器具-10004554,办公用品,器具,"Hoover 炉灶, 黑色",2650.2,1,0.0,742.0
8728,CN-202021-1186689,2022-02-27,2022-03-03,标准级,秦宁-18670,秦宁,消费者,浯溪,湖南,中国,中南,办公用-美术-10001897,办公用品,美术,"Boston 速写本, 混合尺寸",773.248,4,0.2,115.808
8729,CN-202021-1186689,2022-02-27,2022-03-03,标准级,秦宁-18670,秦宁,消费者,浯溪,湖南,中国,中南,办公用-装订-10000749,办公用品,装订机,"Ibico 打孔机, 透明",977.06,7,0.0,331.24
8740,CN-202021-4037167,2022-08-01,2022-08-05,二级,吕欢-14155,吕欢悦,消费者,营口,辽宁,中国,东北,办公用-信封-10004088,办公用品,信封,"GlobeWeis 商业信封, 银色",552.72,6,0.0,120.96
8745,CN-202021-4180783,2022-11-20,2022-11-24,标准级,邵娜-18565,邵娜,小型企业,开封,河南,中国,中南,家具-椅子-10001258,家具,椅子,"Harbour Creations 扶手椅, 可调",15996.96,8,0.1,6220.48
8751,CN-202021-3868597,2022-06-11,2022-06-15,标准级,徐安-10150,徐安,消费者,鸡西,黑龙江,中国,东北,办公用-系固-10000170,办公用品,系固件,"Stockwell 图钉, 混合尺寸",153.72,3,0.0,28.98
8752,CN-202021-3868597,2022-06-11,2022-06-15,标准级,徐安-10150,徐安,消费者,鸡西,黑龙江,中国,东北,办公用-器具-10003122,办公用品,器具,"Breville 炉灶, 红色",7861.56,3,0.0,2436.84
8764,CN-202021-4572693,2022-06-02,2022-06-04,二级,孔关-15610,孔关茵,公司,天津,天津,中国,华北,技术-电话-10002069,技术,电话,"苹果 音频基座, 混合尺寸",3168.48,4,0.0,506.8
8766,CN-202021-5113626,2022-10-22,2022-10-27,标准级,郝壁-10420,郝壁,公司,宁波,浙江,中国,华东,办公用-用品-10000222,办公用品,用品,"Kleencut 开信刀, 蓝色",75.768,1,0.4,-40.432
8778,CN-202021-3420308,2022-08-22,2022-08-25,二级,钟伟-21475,钟伟,小型企业,上海,上海,中国,华东,家具-椅子-10004899,家具,椅子,"Hon 凳子, 每套两件",2322.6,3,0.0,603.54
8796,CN-202021-1398732,2022-08-24,2022-08-29,标准级,巩珑-17845,巩珑,消费者,平度,山东,中国,华东,办公用-信封-10002389,办公用品,信封,"Kraft 外皮和封条, 每套 50 个",191.24,2,0.0,0.0
8797,CN-202021-1398732,2022-08-24,2022-08-29,标准级,巩珑-17845,巩珑,消费者,平度,山东,中国,华东,家具-用具-10002284,家具,用具,"Rubvermaid 闹钟, 优质",682.92,3,0.0,27.3
8800,CN-202021-2664017,2022-05-17,2022-05-19,二级,廖保-10330,廖保,消费者,牡丹江,黑龙江,中国,东北,办公用-纸张-10004671,办公用品,纸张,"Enermax 信纸, 优质",1318.8,6,0.0,395.64
8801,CN-202021-2171205,2022-07-07,2022-07-10,一级,林凤-12895,林凤,消费者,肃州,甘肃,中国,西北,家具-桌子-10004575,家具,桌子,"Chromcraft 咖啡桌, 白色",3518.592,7,0.6,-1759.688
8807,CN-202021-4167270,2022-12-20,2022-12-22,二级,唐欢-14170,唐欢悦,消费者,岳阳,湖南,中国,中南,办公用-收纳-10003711,办公用品,收纳具,"Smead 文件夹, 金属",386.4,5,0.0,189.0
8809,CN-202021-1196810,2022-04-17,2022-04-24,标准级,唐凤-12985,唐凤,消费者,郑州,河南,中国,中南,办公用-器具-10000176,办公用品,器具,"Breville 烤面包机, 黑色",1065.96,3,0.0,234.36
8810,CN-202021-1196810,2022-04-17,2022-04-24,标准级,唐凤-12985,唐凤,消费者,郑州,河南,中国,中南,办公用-美术-10000164,办公用品,美术,"Sanford 钢笔, 金属",138.432,3,0.2,48.132
8824,US-202021-4544243,2022-06-15,2022-06-19,标准级,袁临-17485,袁临耀,消费者,宁波,浙江,中国,华东,办公用-装订-10001101,办公用品,装订机,"Avery 订书机, 耐用",281.904,2,0.4,-18.816
8825,CN-202021-1349856,2022-06-15,2022-06-22,标准级,郝涛-21175,郝涛,公司,遵义,贵州,中国,西南,办公用-装订-10002699,办公用品,装订机,"Wilson Jones 装订机, 耐用",271.04,4,0.0,0.0
8829,CN-202021-3815654,2022-09-07,2022-09-14,标准级,袁荣-19765,袁荣,公司,内江,四川,中国,西南,办公用-系固-10000749,办公用品,系固件,"Stockwell 图钉, 金属",111.384,3,0.4,-26.376
8830,CN-202021-3815654,2022-09-07,2022-09-14,标准级,袁荣-19765,袁荣,公司,内江,四川,中国,西南,办公用-装订-10001257,办公用品,装订机,"Ibico 打孔机, 实惠",170.52,2,0.4,-59.92
8832,US-202021-3924364,2022-06-15,2022-06-18,一级,余德-12100,余德,小型企业,广州,广东,中国,中南,办公用-美术-10003735,办公用品,美术,"Binney & Smith 速写本, 蓝色",518.784,3,0.2,187.824
8833,US-202021-3924364,2022-06-15,2022-06-18,一级,余德-12100,余德,小型企业,广州,广东,中国,中南,办公用-系固-10003826,办公用品,系固件,"Accos 回形针, 整包",393.12,6,0.0,145.32
8834,US-202021-3924364,2022-06-15,2022-06-18,一级,余德-12100,余德,小型企业,广州,广东,中国,中南,办公用-收纳-10004035,办公用品,收纳具,"Rogers 盘, 蓝色",863.52,3,0.0,301.98
8835,US-202021-3924364,2022-06-15,2022-06-18,一级,余德-12100,余德,小型企业,广州,广东,中国,中南,办公用-用品-10002717,办公用品,用品,"Fiskars 剪刀, 蓝色",324.24,3,0.0,38.64
8842,CN-202021-1120887,2022-05-11,2022-05-18,标准级,苏升-20185,苏升,消费者,椒江,浙江,中国,华东,办公用-纸张-10002175,办公用品,纸张,"施乐 羊皮纸, 优质",185.64,3,0.0,60.9
8846,CN-202021-2752724,2022-10-09,2022-10-11,二级,毛芯-13975,毛芯,公司,蚌埠,安徽,中国,华东,办公用-系固-10003755,办公用品,系固件,"OIC 回形针, 整包",202.02,3,0.0,80.64
8847,CN-202021-2752724,2022-10-09,2022-10-11,二级,毛芯-13975,毛芯,公司,蚌埠,安徽,中国,华东,办公用-收纳-10000335,办公用品,收纳具,"Tenex 盘, 金属",497.28,2,0.0,193.76
8852,US-202021-4230867,2022-12-31,2023-01-05,标准级,白鹄-14050,白鹄,消费者,赤峰,内蒙古,中国,华北,技术-电话-10002996,技术,电话,"三星 办公室电话机, 蓝色",913.08,5,0.4,-608.72
8853,CN-202021-2281857,2022-05-24,2022-05-31,标准级,涂博-10585,涂博,消费者,鹤岗,黑龙江,中国,东北,家具-用具-10003687,家具,用具,"Tenex 门挡, 耐用",190.96,1,0.0,53.34
8854,CN-202021-2281857,2022-05-24,2022-05-31,标准级,涂博-10585,涂博,消费者,鹤岗,黑龙江,中国,东北,办公用-用品-10001057,办公用品,用品,"Kleencut 美工刀, 工业",507.78,3,0.0,50.4
8858,CN-202021-1951831,2022-12-18,2022-12-18,当日,洪强-19345,洪强,公司,蒙阴,山东,中国,华东,技术-复印-10004302,技术,复印机,"Brother 无线传真机, 数字化",3532.2,2,0.0,1306.76
8859,CN-202021-1951831,2022-12-18,2022-12-18,当日,洪强-19345,洪强,公司,蒙阴,山东,中国,华东,办公用-收纳-10002059,办公用品,收纳具,"Tenex 搁板, 工业",257.32,1,0.0,66.78
8860,CN-202021-1951831,2022-12-18,2022-12-18,当日,洪强-19345,洪强,公司,蒙阴,山东,中国,华东,办公用-美术-10002471,办公用品,美术,"Boston 记号笔, 蓝色",492.24,4,0.0,171.92
8861,CN-202021-1951831,2022-12-18,2022-12-18,当日,洪强-19345,洪强,公司,蒙阴,山东,中国,华东,家具-用具-10003459,家具,用具,"Rubvermaid 框架, 优质",2531.9,5,0.0,151.9
8864,US-202021-3504524,2022-09-01,2022-09-06,标准级,邱丽-17620,邱丽雪,公司,丰县,江苏,中国,华东,办公用-装订-10000662,办公用品,装订机,"Cardinal 装订机盖, 耐用",189.0,5,0.4,-113.4
8879,CN-202021-1498954,2022-12-12,2022-12-18,标准级,巩嫒-10045,巩嫒,公司,莱阳,山东,中国,华东,办公用-系固-10004283,办公用品,系固件,"OIC 橡皮筋, 每包 12 个",616.0,8,0.0,227.36
8898,CN-202021-5956361,2022-09-21,2022-09-25,标准级,钟伟-21475,钟伟,小型企业,邯郸,河北,中国,华北,办公用-信封-10001318,办公用品,信封,"GlobeWeis 搭扣信封, 回收",81.2,2,0.0,12.04
8909,CN-202021-2871844,2022-10-01,2022-10-07,标准级,顾莲-16975,顾莲,小型企业,朝阳,辽宁,中国,东北,办公用-纸张-10003091,办公用品,纸张,"施乐 笔记本, 回收",858.48,7,0.0,325.36
8910,CN-202021-2871844,2022-10-01,2022-10-07,标准级,顾莲-16975,顾莲,小型企业,朝阳,辽宁,中国,东北,办公用-用品-10000222,办公用品,用品,"Kleencut 开信刀, 蓝色",303.072,4,0.4,-161.728
8911,CN-202021-2871844,2022-10-01,2022-10-07,标准级,顾莲-16975,顾莲,小型企业,朝阳,辽宁,中国,东北,家具-书架-10001519,家具,书架,"Safco 柜, 白色",4318.272,9,0.4,-2159.388
8912,CN-202021-2871844,2022-10-01,2022-10-07,标准级,顾莲-16975,顾莲,小型企业,朝阳,辽宁,中国,东北,家具-书架-10003273,家具,书架,"Bush 古典书架, 白色",3487.68,3,0.4,-2034.48
8913,CN-202021-2871844,2022-10-01,2022-10-07,标准级,顾莲-16975,顾莲,小型企业,朝阳,辽宁,中国,东北,家具-椅子-10004186,家具,椅子,"Novimex 凳子, 可调",2337.3,5,0.4,194.6
8914,CN-202021-2871844,2022-10-01,2022-10-07,标准级,顾莲-16975,顾莲,小型企业,朝阳,辽宁,中国,东北,办公用-信封-10002658,办公用品,信封,"Cameo 局间信封, 银色",232.54,1,0.0,76.72
8915,CN-202021-3133210,2022-11-21,2022-11-26,标准级,付立-16750,付立,消费者,徐州,江苏,中国,华东,家具-桌子-10003647,家具,桌子,"Chromcraft 培训桌, 长方形",525.392,1,0.6,-748.748
8916,CN-202021-3133210,2022-11-21,2022-11-26,标准级,付立-16750,付立,消费者,徐州,江苏,中国,华东,技术-复印-10000950,技术,复印机,"佳能 传真机, 彩色",4477.62,5,0.4,-0.28
8919,US-202021-3289723,2022-06-18,2022-06-24,标准级,汤欢-14185,汤欢悦,消费者,成都,四川,中国,西南,办公用-美术-10004489,办公用品,美术,"Boston 画布, 金属",307.44,6,0.8,-922.32
8920,US-202021-3289723,2022-06-18,2022-06-24,标准级,汤欢-14185,汤欢悦,消费者,成都,四川,中国,西南,办公用-收纳-10001749,办公用品,收纳具,"Rogers 锁柜, 工业",989.8,1,0.0,346.36
8921,US-202021-3289723,2022-06-18,2022-06-24,标准级,汤欢-14185,汤欢悦,消费者,成都,四川,中国,西南,家具-椅子-10002286,家具,椅子,"SAFCO 椅垫, 红色",334.992,2,0.4,-106.288
8927,CN-202021-5165630,2022-02-24,2022-02-25,一级,方栋-12280,方栋,消费者,南宁,广西,中国,中南,家具-用具-10002981,家具,用具,"Deflect-O 门挡, 黑色",205.1,1,0.0,16.38
8928,CN-202021-5165630,2022-02-24,2022-02-25,一级,方栋-12280,方栋,消费者,南宁,广西,中国,中南,办公用-装订-10002432,办公用品,装订机,"Avery 打孔机, 耐用",137.06,1,0.0,2.66
8929,CN-202021-5165630,2022-02-24,2022-02-25,一级,方栋-12280,方栋,消费者,南宁,广西,中国,中南,办公用-器具-10000979,办公用品,器具,"Cuisinart 搅拌机, 白色",607.88,2,0.0,139.72
8930,CN-202021-5165630,2022-02-24,2022-02-25,一级,方栋-12280,方栋,消费者,南宁,广西,中国,中南,技术-配件-10003356,技术,配件,"Memorex 鼠标, 实惠",394.38,3,0.0,153.72
8936,US-202021-1232384,2022-06-20,2022-06-22,二级,贺兰-15685,贺兰,公司,随州,湖北,中国,中南,办公用-用品-10000245,办公用品,用品,"Fiskars 大剪刀, 钢",131.712,1,0.4,-46.228
8937,US-202021-1232384,2022-06-20,2022-06-22,二级,贺兰-15685,贺兰,公司,随州,湖北,中国,中南,技术-复印-10002045,技术,复印机,"Hewlett 传真机, 数字化",4473.84,5,0.4,-1044.26
8938,US-202021-1232384,2022-06-20,2022-06-22,二级,贺兰-15685,贺兰,公司,随州,湖北,中国,中南,办公用-信封-10004375,办公用品,信封,"Cameo 商业信封, 每套 50 个",79.1,1,0.0,37.94
8939,US-202021-1232384,2022-06-20,2022-06-22,二级,贺兰-15685,贺兰,公司,随州,湖北,中国,中南,技术-配件-10002594,技术,配件,"SanDisk 键盘, 耐用",686.196,3,0.4,-423.444
8940,US-202021-1232384,2022-06-20,2022-06-22,二级,贺兰-15685,贺兰,公司,随州,湖北,中国,中南,办公用-纸张-10003939,办公用品,纸张,"Green Bar 令, 回收",830.76,6,0.0,398.16
8955,CN-202021-1658434,2022-07-13,2022-07-20,标准级,邱升-20080,邱升,消费者,苏州,江苏,中国,华东,家具-椅子-10002303,家具,椅子,"Harbour Creations 椅垫, 红色",604.8,3,0.4,-40.32
8956,CN-202021-1658434,2022-07-13,2022-07-20,标准级,邱升-20080,邱升,消费者,苏州,江苏,中国,华东,办公用-系固-10003943,办公用品,系固件,"Accos 橡皮筋, 混合尺寸",158.256,4,0.4,-79.184
8957,CN-202021-1658434,2022-07-13,2022-07-20,标准级,邱升-20080,邱升,消费者,苏州,江苏,中国,华东,办公用-标签-10002702,办公用品,标签,"Smead 可去除的标签, 可调",78.4,2,0.0,33.6
8958,CN-202021-1658434,2022-07-13,2022-07-20,标准级,邱升-20080,邱升,消费者,苏州,江苏,中国,华东,办公用-装订-10003117,办公用品,装订机,"Wilson Jones 标签, 耐用",111.3,5,0.4,-56.0
8981,US-202021-4853457,2022-05-16,2022-05-21,二级,余毅-12535,余毅,公司,惠州,广东,中国,中南,办公用-美术-10000831,办公用品,美术,"Binney & Smith 钢笔, 金属",344.96,7,0.2,-64.68
8982,US-202021-4853457,2022-05-16,2022-05-21,二级,余毅-12535,余毅,公司,惠州,广东,中国,中南,办公用-美术-10000960,办公用品,美术,"Binney & Smith 铅笔刀, 混合尺寸",334.32,3,0.2,0.0
8985,CN-202021-1186689,2022-05-28,2022-06-01,标准级,刘乐-17785,刘乐,公司,常州,江苏,中国,华东,家具-用具-10002886,家具,用具,"Eldon 闹钟, 一包多件",1267.392,8,0.4,-274.848
8991,CN-202021-4725073,2022-02-01,2022-02-06,二级,肖良-17125,肖良,消费者,包头,内蒙古,中国,华北,办公用-器具-10000912,办公用品,器具,"Hamilton Beach 冰箱, 黑色",4196.304,3,0.4,-2587.956
8992,CN-202021-4725073,2022-02-01,2022-02-06,二级,肖良-17125,肖良,消费者,包头,内蒙古,中国,华北,办公用-系固-10002326,办公用品,系固件,"Accos 订书钉, 混合尺寸",94.08,4,0.4,12.32
8994,CN-202021-1069751,2022-08-12,2022-08-17,标准级,任梅-18115,任梅,小型企业,上海,上海,中国,华东,技术-复印-10002908,技术,复印机,"佳能 复印机, 数字化",7329.84,6,0.0,1318.8
8998,CN-202021-2211607,2022-09-28,2022-10-04,标准级,肖菊-15010,肖菊,公司,东村,山东,中国,华东,办公用-用品-10002396,办公用品,用品,"Stiletto 美工刀, 钢",495.18,3,0.0,168.0
9002,CN-202021-3409532,2022-11-28,2022-12-02,二级,郝柏-18940,郝柏,消费者,天津,天津,中国,华北,技术-电话-10000983,技术,电话,"三星 信号增强器, 整包",3827.04,6,0.0,76.44
9003,CN-202021-3409532,2022-11-28,2022-12-02,二级,郝柏-18940,郝柏,消费者,天津,天津,中国,华北,技术-设备-10004928,技术,设备,"柯尼卡 打印机, 白色",2485.0,2,0.0,472.08
9004,CN-202021-3409532,2022-11-28,2022-12-02,二级,郝柏-18940,郝柏,消费者,天津,天津,中国,华北,家具-用具-10003236,家具,用具,"Rubvermaid 框架, 一包多件",3078.6,6,0.0,1538.88
9010,CN-202021-3693425,2022-12-31,2023-01-04,标准级,郝立-16570,郝立勤,消费者,厦门,福建,中国,华东,家具-桌子-10000576,家具,桌子,"Chromcraft 圆桌, 白色",3942.036,3,0.4,393.876
9012,CN-202021-4171126,2022-09-19,2022-09-24,标准级,付聪-11650,付聪,公司,西丰,辽宁,中国,东北,技术-电话-10004650,技术,电话,"诺基亚 音频基座, 整包",1401.372,3,0.4,140.112
9013,CN-202021-4171126,2022-09-19,2022-09-24,标准级,付聪-11650,付聪,公司,西丰,辽宁,中国,东北,技术-复印-10004286,技术,复印机,"Hewlett 墨水, 彩色",840.672,2,0.4,-392.448
9031,US-202021-1619603,2022-10-10,2022-10-15,二级,杨欢-14275,杨欢,公司,肃州,甘肃,中国,西北,技术-电话-10004558,技术,电话,"思科 办公室电话机, 整包",451.08,2,0.4,-180.6
9033,CN-202021-2381293,2022-11-14,2022-11-17,一级,邵娜-18565,邵娜,小型企业,都匀,贵州,中国,西南,办公用-装订-10003846,办公用品,装订机,"Cardinal 装订机, 耐用",286.16,4,0.0,71.12
9036,US-202021-2353754,2022-06-23,2022-06-27,标准级,吕兰-15700,吕兰,消费者,北京,北京,中国,华北,办公用-标签-10000869,办公用品,标签,"Novimex 有色标签, 耐用",179.34,3,0.0,89.46
9037,US-202021-2353754,2022-06-23,2022-06-27,标准级,吕兰-15700,吕兰,消费者,北京,北京,中国,华北,办公用-纸张-10001957,办公用品,纸张,"Enermax 令, 回收",132.44,1,0.0,11.9
9040,CN-202021-4347413,2022-10-01,2022-10-03,一级,邢柏-18970,邢柏,小型企业,烟台,山东,中国,华东,办公用-收纳-10003289,办公用品,收纳具,"Tenex 搁板, 单宽度",1276.1,5,0.0,318.5
9046,CN-202021-5784606,2022-01-05,2022-01-09,标准级,邵伟-21565,邵伟,公司,万县,重庆,中国,西南,办公用-装订-10001898,办公用品,装订机,"Wilson Jones 孔加固材料, 透明",55.86,3,0.0,22.26
9047,CN-202021-5784606,2022-01-05,2022-01-09,标准级,邵伟-21565,邵伟,公司,万县,重庆,中国,西南,办公用-用品-10003209,办公用品,用品,"Acme 大剪刀, 工业",481.04,2,0.0,67.2
9048,CN-202021-5784606,2022-01-05,2022-01-09,标准级,邵伟-21565,邵伟,公司,万县,重庆,中国,西南,家具-椅子-10003151,家具,椅子,"Novimex 凳子, 每套两件",1555.96,2,0.0,186.48
9049,CN-202021-2396895,2022-05-02,2022-05-07,标准级,洪毅-12490,洪毅,公司,平度,山东,中国,华东,办公用-装订-10004816,办公用品,装订机,"Wilson Jones 标签, 回收",63.56,2,0.0,29.12
9050,CN-202021-2396895,2022-05-02,2022-05-07,标准级,洪毅-12490,洪毅,公司,平度,山东,中国,华东,技术-配件-10001341,技术,配件,"Memorex 记忆卡, 回收",2802.24,6,0.0,1092.84
9053,CN-202021-5693708,2022-10-23,2022-10-25,二级,范宁-18685,范宁,小型企业,天长,河北,中国,华北,办公用-器具-10001757,办公用品,器具,"KitchenAid 炉灶, 黑色",15948.24,6,0.0,6219.36
9059,CN-202021-2693856,2022-09-25,2022-09-27,一级,谭立-16855,谭立,公司,辽阳,辽宁,中国,东北,办公用-系固-10003116,办公用品,系固件,"OIC 订书钉, 每包 12 个",30.156,1,0.4,-1.624
9060,CN-202021-2693856,2022-09-25,2022-09-27,一级,谭立-16855,谭立,公司,辽阳,辽宁,中国,东北,办公用-装订-10004167,办公用品,装订机,"Ibico 孔加固材料, 实惠",58.716,3,0.4,-38.304
9061,CN-202021-2693856,2022-09-25,2022-09-27,一级,谭立-16855,谭立,公司,辽阳,辽宁,中国,东北,技术-复印-10000386,技术,复印机,"惠普 无线传真机, 红色",3010.644,3,0.4,-351.456
9062,CN-202021-2693856,2022-09-25,2022-09-27,一级,谭立-16855,谭立,公司,辽阳,辽宁,中国,东北,家具-椅子-10001676,家具,椅子,"Hon 沙滩椅, 可调",533.568,4,0.4,-196.112
9063,CN-202021-2693856,2022-09-25,2022-09-27,一级,谭立-16855,谭立,公司,辽阳,辽宁,中国,东北,办公用-器具-10002516,办公用品,器具,"KitchenAid 搅拌机, 银色",836.64,3,0.4,-362.88
9064,CN-202021-2693856,2022-09-25,2022-09-27,一级,谭立-16855,谭立,公司,辽阳,辽宁,中国,东北,办公用-用品-10003746,办公用品,用品,"Kleencut 开信刀, 工业",80.304,1,0.4,-6.776
9065,CN-202021-2693856,2022-09-25,2022-09-27,一级,谭立-16855,谭立,公司,辽阳,辽宁,中国,东北,办公用-装订-10002471,办公用品,装订机,"Acco 订书机, 实惠",143.052,1,0.4,-21.588
9066,CN-202021-2693856,2022-09-25,2022-09-27,一级,谭立-16855,谭立,公司,辽阳,辽宁,中国,东北,办公用-美术-10004608,办公用品,美术,"Sanford 记号笔, 混合尺寸",49.336,2,0.8,-106.344
9067,CN-202021-2693856,2022-09-25,2022-09-27,一级,谭立-16855,谭立,公司,辽阳,辽宁,中国,东北,办公用-标签-10003597,办公用品,标签,"Smead 文件夹标签, 可调",221.48,7,0.0,103.88
9070,CN-202021-4870971,2022-10-31,2022-11-02,一级,余毅-12535,余毅,公司,成都,四川,中国,西南,办公用-系固-10002927,办公用品,系固件,"Advantus 橡皮筋, 每包 12 个",134.568,3,0.4,1.848
9105,US-202021-5235171,2022-01-25,2022-01-30,标准级,楚娟-15115,楚娟,消费者,武汉,湖北,中国,中南,办公用-标签-10004164,办公用品,标签,"Hon 文件夹标签, 可调",213.64,7,0.0,31.36
9113,CN-202021-1599696,2022-05-30,2022-05-30,当日,夏彩-10645,夏彩,消费者,湖州,浙江,中国,华东,家具-用具-10004104,家具,用具,"Tenex 相框, 黑色",290.304,2,0.4,-87.136
9114,CN-202021-1599696,2022-05-30,2022-05-30,当日,夏彩-10645,夏彩,消费者,湖州,浙江,中国,华东,办公用-装订-10000225,办公用品,装订机,"Cardinal 装订机盖, 透明",96.264,3,0.4,-9.996
9115,CN-202021-1599696,2022-05-30,2022-05-30,当日,夏彩-10645,夏彩,消费者,湖州,浙江,中国,华东,办公用-用品-10002649,办公用品,用品,"Kleencut 修剪器, 钢",228.648,2,0.4,-57.232
9116,CN-202021-1599696,2022-05-30,2022-05-30,当日,夏彩-10645,夏彩,消费者,湖州,浙江,中国,华东,家具-书架-10004848,家具,书架,"Sauder 搁架, 黑色",1097.208,2,0.4,72.968
9120,CN-202021-5874531,2022-06-11,2022-06-15,标准级,麦平-19150,麦平,消费者,长沙,湖南,中国,中南,办公用-用品-10000800,办公用品,用品,"Elite 修剪器, 工业",1818.18,9,0.0,144.9
9121,CN-202021-5874531,2022-06-11,2022-06-15,标准级,麦平-19150,麦平,消费者,长沙,湖南,中国,中南,办公用-标签-10003944,办公用品,标签,"Harbour Creations 圆形标签, 白色",189.0,6,0.0,20.16
9122,CN-202021-5779998,2022-02-22,2022-02-28,标准级,吕关-15640,吕关茵,小型企业,宜春,黑龙江,中国,东北,技术-电话-10002069,技术,电话,"苹果 音频基座, 混合尺寸",2376.36,3,0.0,380.1
9123,CN-202021-5779998,2022-02-22,2022-02-28,标准级,吕关-15640,吕关茵,小型企业,宜春,黑龙江,中国,东北,办公用-收纳-10001253,办公用品,收纳具,"Eldon 锁柜, 金属",2757.72,3,0.0,220.5
9124,CN-202021-5779998,2022-02-22,2022-02-28,标准级,吕关-15640,吕关茵,小型企业,宜春,黑龙江,中国,东北,办公用-信封-10003026,办公用品,信封,"Cameo 搭扣信封, 银色",166.74,3,0.0,61.32
9126,CN-202021-4339927,2022-06-06,2022-06-09,一级,洪康-15370,洪康,消费者,广州,广东,中国,中南,办公用-系固-10003118,办公用品,系固件,"Stockwell 夹子, 混合尺寸",311.36,4,0.0,92.96
9127,CN-202021-4339927,2022-06-06,2022-06-09,一级,洪康-15370,洪康,消费者,广州,广东,中国,中南,办公用-器具-10000224,办公用品,器具,"Breville 咖啡研磨机, 银色",292.18,1,0.0,26.18
9142,US-202021-4800042,2022-04-04,2022-04-05,一级,龙娜-18535,龙娜,公司,盐城,江苏,中国,华东,办公用-用品-10001494,办公用品,用品,"Kleencut 美工刀, 钢",286.02,3,0.4,-76.44
9143,US-202021-4800042,2022-04-04,2022-04-05,一级,龙娜-18535,龙娜,公司,盐城,江苏,中国,华东,技术-复印-10000491,技术,复印机,"惠普 传真机, 彩色",3375.456,4,0.4,55.776
9159,CN-202021-5082514,2022-09-21,2022-09-27,标准级,柯婵-10930,柯婵,小型企业,胶州,山东,中国,华东,家具-书架-10003672,家具,书架,"Safco 书库, 传统",12733.14,7,0.0,2546.04
9160,CN-202021-5082514,2022-09-21,2022-09-27,标准级,柯婵-10930,柯婵,小型企业,胶州,山东,中国,华东,技术-设备-10004928,技术,设备,"柯尼卡 打印机, 白色",7455.0,6,0.0,1416.24
9161,CN-202021-5082514,2022-09-21,2022-09-27,标准级,柯婵-10930,柯婵,小型企业,胶州,山东,中国,华东,办公用-信封-10002940,办公用品,信封,"GlobeWeis 马尼拉纸信封, 每套 50 个",511.28,4,0.0,117.04
9176,CN-202021-3557528,2022-09-12,2022-09-18,标准级,陈惠-14290,陈惠英,小型企业,揭阳,广东,中国,中南,办公用-美术-10002569,办公用品,美术,"Stanley 画布, 金属",946.96,5,0.2,260.26
9177,CN-202021-3557528,2022-09-12,2022-09-18,标准级,陈惠-14290,陈惠英,小型企业,揭阳,广东,中国,中南,办公用-器具-10000589,办公用品,器具,"Breville 炉灶, 白色",7835.52,3,0.0,1096.62
9179,CN-202021-2547654,2022-10-23,2022-10-28,二级,巩松-20680,巩松,小型企业,明光,安徽,中国,华东,技术-电话-10004899,技术,电话,"苹果 智能手机, 混合尺寸",2354.8,4,0.0,376.32
9183,CN-202021-3954075,2022-03-31,2022-04-05,标准级,殷保-10390,殷保,消费者,襄樊,湖北,中国,中南,办公用-装订-10002049,办公用品,装订机,"Ibico 装订机盖, 透明",183.54,5,0.4,-70.56
9200,CN-202021-4439307,2022-11-09,2022-11-11,一级,樊彩-10630,樊彩,小型企业,天津,天津,中国,华北,家具-书架-10004836,家具,书架,"Safco 书架, 传统",2085.72,3,0.0,896.7
9201,CN-202021-4439307,2022-11-09,2022-11-11,一级,樊彩-10630,樊彩,小型企业,天津,天津,中国,华北,家具-椅子-10003377,家具,椅子,"SAFCO 折叠椅, 黑色",388.64,1,0.0,23.24
9202,CN-202021-4439307,2022-11-09,2022-11-11,一级,樊彩-10630,樊彩,小型企业,天津,天津,中国,华北,办公用-信封-10004202,办公用品,信封,"Ames 邮寄品, 每套 50 个",501.9,3,0.0,39.9
9213,CN-202021-2551450,2022-02-10,2022-02-13,二级,刘立-16810,刘立,消费者,绥化,黑龙江,中国,东北,办公用-标签-10004286,办公用品,标签,"Avery 有色标签, 耐用",574.56,9,0.0,126.0
9214,CN-202021-2551450,2022-02-10,2022-02-13,二级,刘立-16810,刘立,消费者,绥化,黑龙江,中国,东北,办公用-器具-10004844,办公用品,器具,"KitchenAid 炉灶, 银色",7992.6,3,0.0,1278.48
9219,CN-202021-1424056,2022-12-24,2022-12-28,标准级,丁崆-15535,丁崆,消费者,成都,四川,中国,西南,家具-书架-10004173,家具,书架,"Bush 搁架, 金属",1434.132,3,0.4,238.812
9220,CN-202021-1424056,2022-12-24,2022-12-28,标准级,丁崆-15535,丁崆,消费者,成都,四川,中国,西南,办公用-美术-10004812,办公用品,美术,"Binney & Smith 铅笔刀, 蓝色",99.568,4,0.8,-194.432
9221,CN-202021-1756643,2022-08-28,2022-09-02,标准级,薛君-15205,薛君,消费者,哈尔滨,黑龙江,中国,东北,家具-桌子-10002161,家具,桌子,"Bevis 培训桌, 黑色",2344.86,2,0.25,-281.54
9222,CN-202021-1525230,2022-02-20,2022-02-24,标准级,巩凤-12880,巩凤,公司,万县,重庆,中国,西南,办公用-美术-10003628,办公用品,美术,"Boston 荧光笔, 蓝色",176.12,2,0.0,66.92
9229,US-202021-4676940,2022-06-08,2022-06-13,二级,潘磊-16075,潘磊,消费者,镇江,江苏,中国,华东,办公用-用品-10001414,办公用品,用品,"Kleencut 修剪器, 锯齿状",213.528,2,0.4,-53.592
9234,CN-202021-4037167,2022-03-01,2022-03-01,当日,贾彩-10600,贾彩,公司,珠海,广东,中国,中南,办公用-收纳-10003897,办公用品,收纳具,"Rogers 搁板, 金属",571.2,2,0.0,96.88
9236,CN-202021-1255631,2022-06-16,2022-06-20,标准级,韩廉-17230,韩廉,消费者,济南,山东,中国,华东,办公用-装订-10001101,办公用品,装订机,"Avery 订书机, 耐用",704.76,3,0.0,253.68
9237,US-202021-5495957,2022-11-23,2022-11-27,标准级,宋忠-11530,宋忠,小型企业,太原,山西,中国,华北,家具-用具-10000751,家具,用具,"Deflect-O 门挡, 耐用",573.72,3,0.0,257.88
9238,US-202021-5495957,2022-11-23,2022-11-27,标准级,宋忠-11530,宋忠,小型企业,太原,山西,中国,华北,技术-电话-10000073,技术,电话,"摩托罗拉 信号增强器, 混合尺寸",2043.72,3,0.0,388.08
9242,CN-202021-3336873,2022-10-27,2022-10-31,二级,李彩-10675,李彩,消费者,昆明,云南,中国,西南,办公用-纸张-10001285,办公用品,纸张,"Eaton 计划信息表, 多色",205.24,2,0.0,51.24
9275,CN-202021-3954075,2022-07-19,2022-07-24,标准级,吕欢-14155,吕欢悦,消费者,冷水江,湖南,中国,中南,办公用-美术-10000831,办公用品,美术,"Binney & Smith 钢笔, 金属",98.56,2,0.2,-18.48
9276,CN-202021-3954075,2022-07-19,2022-07-24,标准级,吕欢-14155,吕欢悦,消费者,冷水江,湖南,中国,中南,办公用-收纳-10004690,办公用品,收纳具,"Fellowes 盘, 工业",540.12,2,0.0,237.44
9286,US-202021-2048658,2022-08-06,2022-08-06,当日,麦实-20230,麦实,公司,宿州,安徽,中国,华东,办公用-美术-10004772,办公用品,美术,"Stanley 钢笔, 金属",253.344,6,0.2,-44.856
9287,US-202021-2048658,2022-08-06,2022-08-06,当日,麦实-20230,麦实,公司,宿州,安徽,中国,华东,办公用-器具-10000084,办公用品,器具,"KitchenAid 烤面包机, 黑色",1977.5,5,0.0,691.6
9288,CN-202021-3665640,2022-11-30,2022-12-06,标准级,麦虹-13855,麦虹,公司,淮南,安徽,中国,华东,家具-用具-10001426,家具,用具,"Rubvermaid 灯泡, 耐用",518.42,7,0.0,222.46
9289,CN-202021-3665640,2022-11-30,2022-12-06,标准级,麦虹-13855,麦虹,公司,淮南,安徽,中国,华东,技术-配件-10000932,技术,配件,"SanDisk 键盘, 回收",2220.12,6,0.0,754.32
9297,CN-202021-2871844,2022-03-09,2022-03-11,一级,陈婉-21340,陈婉,消费者,江门,广东,中国,中南,技术-复印-10004983,技术,复印机,"Brother 复印机, 每套两件",2448.04,2,0.0,954.52
9298,CN-202021-2871844,2022-03-09,2022-03-11,一级,陈婉-21340,陈婉,消费者,江门,广东,中国,中南,技术-复印-10004460,技术,复印机,"惠普 传真复印机, 每套两件",1613.64,2,0.0,80.64
9304,CN-202021-4266965,2022-12-26,2022-12-30,标准级,薛关-15580,薛关茵,消费者,集宁,内蒙古,中国,华北,办公用-纸张-10000628,办公用品,纸张,"施乐 备忘录便条, 多色",627.48,9,0.0,11.34
9316,CN-202021-4985754,2022-04-26,2022-05-01,标准级,潘健-14575,潘健,消费者,珲春,吉林,中国,东北,办公用-装订-10000416,办公用品,装订机,"Acco 订书机, 耐用",490.84,2,0.0,132.44
9317,CN-202021-4985754,2022-04-26,2022-05-01,标准级,潘健-14575,潘健,消费者,珲春,吉林,中国,东北,办公用-器具-10000088,办公用品,器具,"Breville 搅拌机, 红色",1263.36,3,0.0,126.0
9318,CN-202021-4985754,2022-04-26,2022-05-01,标准级,潘健-14575,潘健,消费者,珲春,吉林,中国,东北,办公用-标签-10000355,办公用品,标签,"Hon 有色标签, 耐用",123.2,2,0.0,45.36
9319,CN-202021-3690158,2022-10-18,2022-10-22,标准级,邹凤-13000,邹凤,消费者,重庆,重庆,中国,西南,办公用-标签-10004066,办公用品,标签,"Avery 可去除的标签, 红色",689.92,14,0.0,205.8
9320,CN-202021-3690158,2022-10-18,2022-10-22,标准级,邹凤-13000,邹凤,消费者,重庆,重庆,中国,西南,办公用-用品-10002349,办公用品,用品,"Kleencut 剪刀, 钢",404.88,4,0.0,36.4
9321,CN-202021-3690158,2022-10-18,2022-10-22,标准级,邹凤-13000,邹凤,消费者,重庆,重庆,中国,西南,办公用-用品-10000026,办公用品,用品,"Fiskars 开信刀, 工业",413.7,3,0.0,177.66
9322,CN-202021-3690158,2022-10-18,2022-10-22,标准级,邹凤-13000,邹凤,消费者,重庆,重庆,中国,西南,办公用-用品-10000553,办公用品,用品,"Kleencut 美工刀, 蓝色",485.1,3,0.0,237.3
9323,CN-202021-3690158,2022-10-18,2022-10-22,标准级,邹凤-13000,邹凤,消费者,重庆,重庆,中国,西南,办公用-系固-10001658,办公用品,系固件,"Stockwell 回形针, 整包",315.0,5,0.0,65.8
9324,CN-202021-3690158,2022-10-18,2022-10-22,标准级,邹凤-13000,邹凤,消费者,重庆,重庆,中国,西南,技术-设备-10000554,技术,设备,"爱普生 卡片打印机, 红色",2339.4,3,0.0,1146.18
9327,CN-202021-4190541,2022-10-06,2022-10-07,一级,陶惠-14440,陶惠,消费者,西安,陕西,中国,西北,办公用-装订-10000363,办公用品,装订机,"Cardinal 装订机, 实惠",193.62,3,0.0,42.42
9328,CN-202021-4190541,2022-10-06,2022-10-07,一级,陶惠-14440,陶惠,消费者,西安,陕西,中国,西北,家具-椅子-10001310,家具,椅子,"SAFCO 沙滩椅, 每套两件",723.66,3,0.0,354.48
9329,CN-202021-4190541,2022-10-06,2022-10-07,一级,陶惠-14440,陶惠,消费者,西安,陕西,中国,西北,家具-桌子-10003936,家具,桌子,"Hon 圆桌, 组装",1448.664,1,0.4,-169.036
9330,CN-202021-4190541,2022-10-06,2022-10-07,一级,陶惠-14440,陶惠,消费者,西安,陕西,中国,西北,办公用-收纳-10004673,办公用品,收纳具,"Smead 盒, 蓝色",251.3,5,0.0,4.9
9331,CN-202021-4190541,2022-10-06,2022-10-07,一级,陶惠-14440,陶惠,消费者,西安,陕西,中国,西北,家具-书架-10002807,家具,书架,"Safco 墙角架, 金属",6949.6,10,0.0,3404.8
9339,US-202021-1031662,2022-12-18,2022-12-23,标准级,彭虹-13870,彭虹,消费者,遵义,贵州,中国,西南,技术-复印-10000495,技术,复印机,"Brother 传真复印机, 数字化",2140.656,3,0.2,-294.504
9340,US-202021-1031662,2022-12-18,2022-12-23,标准级,彭虹-13870,彭虹,消费者,遵义,贵州,中国,西南,技术-设备-10000225,技术,设备,"松下 卡片打印机, 红色",5585.02,7,0.0,781.06
9341,US-202021-1031662,2022-12-18,2022-12-23,标准级,彭虹-13870,彭虹,消费者,遵义,贵州,中国,西南,家具-椅子-10000908,家具,椅子,"Office Star 凳子, 每套两件",2466.66,3,0.0,196.98
9360,CN-202021-5223739,2022-08-25,2022-08-27,二级,郭博-10525,郭博,公司,深圳,广东,中国,中南,办公用-系固-10001658,办公用品,系固件,"Stockwell 回形针, 整包",630.0,10,0.0,131.6
9361,CN-202021-5223739,2022-08-25,2022-08-27,二级,郭博-10525,郭博,公司,深圳,广东,中国,中南,家具-椅子-10001807,家具,椅子,"SAFCO 折叠椅, 每套两件",738.864,2,0.1,40.824
9372,CN-202021-5008743,2022-08-09,2022-08-11,二级,方惠-14350,方惠,消费者,开通,吉林,中国,东北,技术-电话-10002475,技术,电话,"诺基亚 办公室电话机, 全尺寸",929.88,3,0.0,288.12
9373,CN-202021-5008743,2022-08-09,2022-08-11,二级,方惠-14350,方惠,消费者,开通,吉林,中国,东北,家具-桌子-10004634,家具,桌子,"Hon 圆桌, 黑色",7222.74,4,0.25,1733.06
9374,CN-202021-5008743,2022-08-09,2022-08-11,二级,方惠-14350,方惠,消费者,开通,吉林,中国,东北,家具-椅子-10000341,家具,椅子,"Office Star 椅垫, 红色",921.48,3,0.0,36.54
9375,CN-202021-5008743,2022-08-09,2022-08-11,二级,方惠-14350,方惠,消费者,开通,吉林,中国,东北,办公用-信封-10001899,办公用品,信封,"Cameo 马尼拉纸信封, 银色",411.6,3,0.0,7.98
9399,CN-202021-2373769,2022-03-12,2022-03-16,标准级,薛柏-18985,薛柏,小型企业,廉洲,广东,中国,中南,办公用-系固-10000163,办公用品,系固件,"Accos 按钉, 混合尺寸",55.86,1,0.0,0.0
9400,CN-202021-2373769,2022-03-12,2022-03-16,标准级,薛柏-18985,薛柏,小型企业,廉洲,广东,中国,中南,家具-桌子-10001388,家具,桌子,"Chromcraft 木桌, 长方形",5040.945,3,0.25,1545.705
9411,US-202021-4364300,2022-07-14,2022-07-16,二级,陶博-10570,陶博,消费者,广州,广东,中国,中南,办公用-用品-10002441,办公用品,用品,"Fiskars 尺子, 蓝色",336.7,5,0.0,19.6
9412,US-202021-4364300,2022-07-14,2022-07-16,二级,陶博-10570,陶博,消费者,广州,广东,中国,中南,技术-配件-10001141,技术,配件,"贝尔金 键盘, 实惠",391.44,1,0.0,195.72
9413,US-202021-4364300,2022-07-14,2022-07-16,二级,陶博-10570,陶博,消费者,广州,广东,中国,中南,办公用-收纳-10004690,办公用品,收纳具,"Fellowes 盘, 工业",540.12,2,0.0,237.44
9414,US-202021-4364300,2022-07-14,2022-07-16,二级,陶博-10570,陶博,消费者,广州,广东,中国,中南,技术-复印-10004064,技术,复印机,"佳能 传真复印机, 每套两件",1785.84,2,0.0,71.4
9415,US-202021-4364300,2022-07-14,2022-07-16,二级,陶博-10570,陶博,消费者,广州,广东,中国,中南,技术-复印-10002540,技术,复印机,"惠普 传真复印机, 彩色",813.54,1,0.0,276.5
9421,CN-202021-3551529,2022-06-01,2022-06-05,标准级,白锦-14905,白锦,消费者,桂平,广西,中国,中南,办公用-用品-10003397,办公用品,用品,"Acme 开信刀, 钢",414.54,3,0.0,45.36
9422,CN-202021-3551529,2022-06-01,2022-06-05,标准级,白锦-14905,白锦,消费者,桂平,广西,中国,中南,家具-书架-10000192,家具,书架,"Sauder 古典书架, 金属",12192.6,6,0.0,853.44
9427,CN-202021-5279873,2022-12-30,2023-01-03,标准级,潘博-10540,潘博,消费者,广州,广东,中国,中南,技术-复印-10003100,技术,复印机,"惠普 个人复印机, 每套两件",2900.1,5,0.0,144.9
9430,CN-202021-5687295,2022-12-21,2022-12-27,标准级,余丽-16540,余丽娜,消费者,绍兴,浙江,中国,华东,办公用-装订-10001029,办公用品,装订机,"Ibico 订书机, 实惠",143.976,1,0.4,-9.604
9433,CN-202021-1947265,2022-07-19,2022-07-21,二级,范刚-13135,范刚,消费者,肇庆,广东,中国,中南,家具-书架-10002899,家具,书架,"宜家 古典书架, 传统",13450.5,7,0.0,3496.64
9434,CN-202021-1947265,2022-07-19,2022-07-21,二级,范刚-13135,范刚,消费者,肇庆,广东,中国,中南,家具-椅子-10000979,家具,椅子,"Hon 凳子, 可调",3488.94,5,0.1,813.54
9435,CN-202021-1947265,2022-07-19,2022-07-21,二级,范刚-13135,范刚,消费者,肇庆,广东,中国,中南,技术-电话-10000698,技术,电话,"思科 充电器, 蓝色",3039.82,1,0.0,121.52
9436,CN-202021-1947265,2022-07-19,2022-07-21,二级,范刚-13135,范刚,消费者,肇庆,广东,中国,中南,技术-复印-10002364,技术,复印机,"Hewlett 复印机, 每套两件",2460.92,2,0.0,1156.4
9437,CN-202021-1947265,2022-07-19,2022-07-21,二级,范刚-13135,范刚,消费者,肇庆,广东,中国,中南,家具-书架-10002899,家具,书架,"宜家 古典书架, 传统",3843.0,2,0.0,999.04
9438,CN-202021-1947265,2022-07-19,2022-07-21,二级,范刚-13135,范刚,消费者,肇庆,广东,中国,中南,家具-椅子-10000979,家具,椅子,"Hon 凳子, 可调",1395.576,2,0.1,325.416
9439,CN-202021-1947265,2022-07-19,2022-07-21,二级,范刚-13135,范刚,消费者,肇庆,广东,中国,中南,办公用-收纳-10003407,办公用品,收纳具,"Tenex 盒, 金属",72.66,1,0.0,23.24
9440,CN-202021-1947265,2022-07-19,2022-07-21,二级,范刚-13135,范刚,消费者,肇庆,广东,中国,中南,办公用-器具-10003822,办公用品,器具,"KitchenAid 咖啡研磨机, 红色",1315.44,4,0.0,144.48
9447,CN-202021-3188191,2022-08-08,2022-08-10,一级,邢盛-20335,邢盛,消费者,廉洲,广东,中国,中南,办公用-标签-10001075,办公用品,标签,"Smead 运输标签, 可调",133.14,3,0.0,21.0
9448,CN-202021-3188191,2022-08-08,2022-08-10,一级,邢盛-20335,邢盛,消费者,廉洲,广东,中国,中南,办公用-纸张-10000816,办公用品,纸张,"Green Bar 令, 优质",138.88,1,0.0,35.98
9449,US-202021-1776641,2022-10-02,2022-10-04,一级,夏梦-18175,夏梦,小型企业,荆门,湖北,中国,中南,技术-配件-10001403,技术,配件,"贝尔金 键盘, 可编程",1195.32,5,0.4,-458.78
9457,CN-202021-2595550,2022-06-15,2022-06-22,标准级,白婵-10975,白婵,公司,合肥,安徽,中国,华东,技术-电话-10003432,技术,电话,"三星 音频基座, 蓝色",3114.16,4,0.0,467.04
9458,CN-202021-2595550,2022-06-15,2022-06-22,标准级,白婵-10975,白婵,公司,合肥,安徽,中国,华东,办公用-用品-10003934,办公用品,用品,"Elite 开信刀, 锯齿状",448.0,4,0.0,147.84
9459,CN-202021-2595550,2022-06-15,2022-06-22,标准级,白婵-10975,白婵,公司,合肥,安徽,中国,华东,办公用-装订-10004876,办公用品,装订机,"Avery 标签, 实惠",88.62,3,0.0,44.1
9460,CN-202021-4757928,2022-11-08,2022-11-15,标准级,钱婵-10780,钱婵娟,公司,宿州,安徽,中国,华东,办公用-用品-10002354,办公用品,用品,"Stiletto 美工刀, 工业",526.26,3,0.0,173.46
9461,CN-202021-4757928,2022-11-08,2022-11-15,标准级,钱婵-10780,钱婵娟,公司,宿州,安徽,中国,华东,办公用-标签-10000869,办公用品,标签,"Novimex 有色标签, 耐用",179.34,3,0.0,89.46
9463,US-202021-5720978,2022-06-02,2022-06-04,二级,杨德-12250,杨德伟,公司,肃州,甘肃,中国,西北,技术-复印-10003040,技术,复印机,"佳能 无线传真机, 红色",9496.872,9,0.4,-317.268
9472,CN-202021-2330845,2022-08-21,2022-08-26,标准级,楚宣-20845,楚宣,消费者,云阳,河南,中国,中南,办公用-纸张-10002058,办公用品,纸张,"Green Bar 计划信息表, 回收",110.6,1,0.0,47.46
9475,CN-202021-2571041,2022-10-01,2022-10-03,一级,田良-17185,田良,消费者,青岛,山东,中国,华东,办公用-标签-10000574,办公用品,标签,"Harbour Creations 运输标签, 红色",263.2,5,0.0,52.5
9480,CN-202021-4597424,2022-05-21,2022-05-25,标准级,马锦-14890,马锦,公司,门头沟,北京,中国,华北,家具-用具-10001691,家具,用具,"Eldon 灯泡, 优质",333.48,3,0.0,46.62
9481,CN-202021-4597424,2022-05-21,2022-05-25,标准级,马锦-14890,马锦,公司,门头沟,北京,中国,华北,办公用-纸张-10000715,办公用品,纸张,"Eaton 羊皮纸, 多色",138.88,2,0.0,24.92
9509,CN-202021-1951831,2022-06-29,2022-07-04,二级,曾岱-11890,曾岱,消费者,义乌,浙江,中国,华东,办公用-信封-10001165,办公用品,信封,"Ames 局间信封, 每套 50 个",1052.8,5,0.0,94.5
9510,CN-202021-5940390,2022-05-26,2022-05-28,一级,徐芬-12805,徐芬,公司,蓬莱,山东,中国,华东,技术-电话-10001870,技术,电话,"三星 信号增强器, 蓝色",1274.84,2,0.0,12.6
9517,CN-202021-3706710,2022-10-23,2022-10-25,二级,陶聪-11725,陶聪,消费者,福州,福建,中国,华东,办公用-用品-10002100,办公用品,用品,"Stiletto 开信刀, 锯齿状",351.12,3,0.0,108.78
9518,CN-202021-3706710,2022-10-23,2022-10-25,二级,陶聪-11725,陶聪,消费者,福州,福建,中国,华东,技术-复印-10000078,技术,复印机,"Brother 无线传真机, 红色",1759.38,1,0.0,316.68
9519,CN-202021-3706710,2022-10-23,2022-10-25,二级,陶聪-11725,陶聪,消费者,福州,福建,中国,华东,家具-书架-10004132,家具,书架,"Safco 书库, 金属",3633.0,2,0.0,399.56
9545,CN-202021-1261828,2022-10-07,2022-10-12,标准级,陶盛-20395,陶盛,消费者,遂宁,四川,中国,西南,家具-书架-10000111,家具,书架,"Bush 书架, 传统",691.656,2,0.4,68.936
9546,CN-202021-1261828,2022-10-07,2022-10-12,标准级,陶盛-20395,陶盛,消费者,遂宁,四川,中国,西南,家具-书架-10002984,家具,书架,"Safco 柜, 黑色",953.064,2,0.4,-492.576
9547,CN-202021-1261828,2022-10-07,2022-10-12,标准级,陶盛-20395,陶盛,消费者,遂宁,四川,中国,西南,办公用-美术-10000263,办公用品,美术,"Boston 荧光笔, 整包",53.592,3,0.8,-211.848
9548,US-202021-3964185,2022-06-04,2022-06-09,标准级,陈安-10090,陈安,消费者,天津,天津,中国,华北,办公用-美术-10000997,办公用品,美术,"Boston 钢笔, 整包",135.24,2,0.0,66.08
9560,CN-202021-2373769,2022-04-20,2022-04-23,一级,常升-20020,常升,消费者,鹤岗,黑龙江,中国,东北,家具-用具-10001410,家具,用具,"Advantus 门挡, 黑色",630.42,3,0.0,107.1
9561,CN-202021-2373769,2022-04-20,2022-04-23,一级,常升-20020,常升,消费者,鹤岗,黑龙江,中国,东北,家具-用具-10000059,家具,用具,"Tenex 门挡, 优质",991.9,5,0.0,247.8
9565,CN-202021-2900587,2022-12-11,2022-12-15,二级,龙廷-21295,龙廷,消费者,宿州,安徽,中国,华东,家具-书架-10001519,家具,书架,"Safco 柜, 白色",1599.36,2,0.0,159.88
9566,CN-202021-2900587,2022-12-11,2022-12-15,二级,龙廷-21295,龙廷,消费者,宿州,安徽,中国,华东,办公用-用品-10002207,办公用品,用品,"Elite 美工刀, 钢",480.06,3,0.0,134.4
9567,CN-202021-2900587,2022-12-11,2022-12-15,二级,龙廷-21295,龙廷,消费者,宿州,安徽,中国,华东,办公用-纸张-10003326,办公用品,纸张,"Green Bar 令, 多色",290.92,2,0.0,145.32
9568,CN-202021-4190541,2022-10-26,2022-10-31,标准级,范雯-21685,范雯,小型企业,兰州,甘肃,中国,西北,技术-配件-10004919,技术,配件,"Enermax 路由器, 可编程",4365.144,6,0.4,-727.776
9569,CN-202021-4190541,2022-10-26,2022-10-31,标准级,范雯-21685,范雯,小型企业,兰州,甘肃,中国,西北,家具-用具-10000470,家具,用具,"Advantus 框架, 优质",614.544,2,0.4,-71.736
9576,CN-202021-3122639,2022-03-14,2022-03-17,二级,郝立-16570,郝立勤,消费者,延吉,吉林,中国,东北,技术-配件-10002092,技术,配件,"Memorex 记忆卡, 耐用",1434.72,3,0.0,444.36
9577,CN-202021-3122639,2022-03-14,2022-03-17,二级,郝立-16570,郝立勤,消费者,延吉,吉林,中国,东北,家具-用具-10002284,家具,用具,"Rubvermaid 闹钟, 优质",682.92,3,0.0,27.3
9578,CN-202021-3122639,2022-03-14,2022-03-17,二级,郝立-16570,郝立勤,消费者,延吉,吉林,中国,东北,办公用-装订-10002021,办公用品,装订机,"Wilson Jones 装订机, 透明",291.2,5,0.0,130.9
9579,CN-202021-3122639,2022-03-14,2022-03-17,二级,郝立-16570,郝立勤,消费者,延吉,吉林,中国,东北,办公用-纸张-10000829,办公用品,纸张,"施乐 笔记本, 多色",388.92,3,0.0,23.1
9583,CN-202021-5667067,2022-06-01,2022-06-05,标准级,陶莞-13315,陶莞颖,消费者,梅州,广东,中国,中南,办公用-用品-10001057,办公用品,用品,"Kleencut 美工刀, 工业",338.52,2,0.0,33.6
9584,US-202021-2665116,2022-03-19,2022-03-25,标准级,范雯-21685,范雯,小型企业,济宁,山东,中国,华东,技术-电话-10001992,技术,电话,"三星 充电器, 全尺寸",8924.16,3,0.0,1784.58
9585,US-202021-2665116,2022-03-19,2022-03-25,标准级,范雯-21685,范雯,小型企业,济宁,山东,中国,华东,技术-配件-10002869,技术,配件,"贝尔金 记忆卡, 回收",2627.8,5,0.0,1234.8
9590,CN-202021-2544332,2022-01-27,2022-01-27,当日,黄涛-21190,黄涛,小型企业,临沂,山东,中国,华东,办公用-器具-10002966,办公用品,器具,"Cuisinart 冰箱, 红色",9260.16,4,0.0,3703.84
9591,CN-202021-2544332,2022-01-27,2022-01-27,当日,黄涛-21190,黄涛,小型企业,临沂,山东,中国,华东,办公用-装订-10004560,办公用品,装订机,"Wilson Jones 装订机盖, 耐用",236.88,4,0.0,89.6
9592,CN-202021-2544332,2022-01-27,2022-01-27,当日,黄涛-21190,黄涛,小型企业,临沂,山东,中国,华东,家具-书架-10004173,家具,书架,"Bush 搁架, 金属",2390.22,3,0.0,1194.9
9593,CN-202021-2544332,2022-01-27,2022-01-27,当日,黄涛-21190,黄涛,小型企业,临沂,山东,中国,华东,技术-复印-10004582,技术,复印机,"夏普 复印机, 红色",3326.4,3,0.0,0.0
9597,CN-202021-3139690,2022-09-12,2022-09-16,标准级,徐杰-14740,徐杰,公司,胶州,山东,中国,华东,办公用-装订-10002575,办公用品,装订机,"Wilson Jones 打孔机, 耐用",137.62,1,0.0,63.28
9607,CN-202021-4258082,2022-03-09,2022-03-12,一级,韩婵-10900,韩婵,消费者,兰州,甘肃,中国,西北,家具-用具-10001106,家具,用具,"Advantus 门挡, 优质",122.22,1,0.4,-55.02
9609,CN-202021-5008743,2022-09-17,2022-09-20,一级,麦磊-16060,麦磊,消费者,上海,上海,中国,华东,办公用-用品-10003917,办公用品,用品,"Elite 剪刀, 锯齿状",89.74,1,0.0,22.4
9610,CN-202021-5008743,2022-09-17,2022-09-20,一级,麦磊-16060,麦磊,消费者,上海,上海,中国,华东,办公用-装订-10001158,办公用品,装订机,"Avery 装订机盖, 实惠",361.62,7,0.0,21.56
9611,CN-202021-5008743,2022-09-17,2022-09-20,一级,麦磊-16060,麦磊,消费者,上海,上海,中国,华东,办公用-装订-10000850,办公用品,装订机,"Wilson Jones 装订机盖, 回收",107.8,2,0.0,19.32
9630,CN-202021-1090625,2022-07-28,2022-08-04,标准级,孔松-20695,孔松,公司,兰州,甘肃,中国,西北,技术-复印-10004788,技术,复印机,"Brother 个人复印机, 数字化",1995.42,5,0.4,-266.28
9645,CN-202021-1900344,2022-08-13,2022-08-17,标准级,毛丽-16225,毛丽美,公司,上海,上海,中国,华东,家具-椅子-10000210,家具,椅子,"Harbour Creations 扶手椅, 每套两件",6662.04,3,0.0,1265.46
9646,CN-202021-2932548,2022-08-14,2022-08-18,标准级,洪辉-12580,洪辉,小型企业,海口,海南,中国,中南,办公用-收纳-10003186,办公用品,收纳具,"Rogers 盘, 单宽度",863.94,3,0.0,345.24
9647,CN-202021-2932548,2022-08-14,2022-08-18,标准级,洪辉-12580,洪辉,小型企业,海口,海南,中国,中南,家具-用具-10002675,家具,用具,"Eldon 相框, 耐用",2058.56,8,0.0,369.6
9648,US-202021-5510381,2022-10-24,2022-10-27,一级,曹欢-14200,曹欢悦,小型企业,渭南,陕西,中国,西北,办公用-信封-10002280,办公用品,信封,"Jiffy 搭扣信封, 红色",112.56,2,0.0,54.88
9649,US-202021-5510381,2022-10-24,2022-10-27,一级,曹欢-14200,曹欢悦,小型企业,渭南,陕西,中国,西北,技术-配件-10000911,技术,配件,"Memorex 路由器, 回收",3416.28,3,0.0,1673.7
9665,US-202021-4911170,2022-10-23,2022-10-29,标准级,韦松-20770,韦松,公司,大连,辽宁,中国,东北,办公用-标签-10001238,办公用品,标签,"Avery 合法证物标签, 耐用",218.96,4,0.0,63.28
9666,US-202021-4911170,2022-10-23,2022-10-29,标准级,韦松-20770,韦松,公司,大连,辽宁,中国,东北,技术-电话-10001359,技术,电话,"诺基亚 耳机, 整包",409.92,2,0.4,-20.72
9667,US-202021-4911170,2022-10-23,2022-10-29,标准级,韦松-20770,韦松,公司,大连,辽宁,中国,东北,办公用-装订-10003676,办公用品,装订机,"Ibico 订书机, 透明",427.392,3,0.4,42.672
9668,CN-202021-1141510,2022-11-23,2022-11-29,标准级,杨诚-11380,杨诚,公司,合肥,安徽,中国,华东,办公用-美术-10002494,办公用品,美术,"BIC 铅笔刀, 蓝色",324.912,3,0.2,60.732
9672,CN-202021-5022660,2022-01-26,2022-01-29,一级,薛光-13405,薛光,消费者,十字路,山东,中国,华东,技术-配件-10001323,技术,配件,"罗技 记忆卡, 可编程",978.88,2,0.0,107.52
9673,CN-202021-5022660,2022-01-26,2022-01-29,一级,薛光-13405,薛光,消费者,十字路,山东,中国,华东,办公用-装订-10004560,办公用品,装订机,"Wilson Jones 装订机盖, 耐用",236.88,4,0.0,89.6
9678,CN-202021-5740094,2022-08-24,2022-08-28,标准级,谢斯-20950,谢斯云,公司,营口,辽宁,中国,东北,办公用-美术-10000463,办公用品,美术,"Binney & Smith 钢笔, 蓝色",44.576,4,0.8,-111.664
9682,CN-202021-3351164,2022-07-27,2022-08-02,标准级,涂伟-21640,涂伟,消费者,衡阳,湖南,中国,中南,家具-椅子-10002550,家具,椅子,"Office Star 沙滩椅, 黑色",667.926,3,0.1,259.686
9683,CN-202021-3351164,2022-07-27,2022-08-02,标准级,涂伟-21640,涂伟,消费者,衡阳,湖南,中国,中南,技术-电话-10002321,技术,电话,"诺基亚 信号增强器, 混合尺寸",2601.2,4,0.0,103.6
9690,US-202021-1776641,2022-08-29,2022-09-02,二级,曹琼-19675,曹琼,小型企业,昆明,云南,中国,西南,技术-复印-10003326,技术,复印机,"夏普 复印机, 彩色",2697.408,3,0.2,674.268
9691,US-202021-4911170,2022-07-03,2022-07-07,标准级,余嫒-10075,余嫒,公司,青岛,山东,中国,华东,办公用-收纳-10001253,办公用品,收纳具,"Eldon 锁柜, 金属",2757.72,3,0.0,220.5
9701,US-202021-5339863,2022-01-16,2022-01-21,标准级,涂博-10585,涂博,消费者,长沙,湖南,中国,中南,技术-配件-10002404,技术,配件,"贝尔金 键盘, 耐用",1177.26,3,0.0,164.64
9702,US-202021-5339863,2022-01-16,2022-01-21,标准级,涂博-10585,涂博,消费者,长沙,湖南,中国,中南,办公用-装订-10003676,办公用品,装订机,"Ibico 订书机, 透明",474.88,2,0.0,218.4
9713,US-202021-2136895,2022-11-08,2022-11-12,标准级,陈立-16705,陈立,小型企业,仙居,浙江,中国,华东,办公用-用品-10003934,办公用品,用品,"Elite 开信刀, 锯齿状",201.6,3,0.4,-23.52
9721,CN-202021-2904914,2022-05-21,2022-05-27,标准级,贺宁-18700,贺宁,消费者,襄樊,湖北,中国,中南,家具-用具-10001122,家具,用具,"Rubvermaid 分层置放架, 一包多件",352.8,5,0.4,-205.8
9722,CN-202021-2904914,2022-05-21,2022-05-27,标准级,贺宁-18700,贺宁,消费者,襄樊,湖北,中国,中南,技术-复印-10003216,技术,复印机,"Hewlett 传真机, 彩色",4499.04,5,0.4,74.34
9723,CN-202021-1301703,2022-09-26,2022-09-28,二级,马惠-14335,马惠英,公司,上海,上海,中国,华东,家具-书架-10002309,家具,书架,"宜家 墙角架, 黑色",1161.16,2,0.0,127.68
9724,CN-202021-1301703,2022-09-26,2022-09-28,二级,马惠-14335,马惠英,公司,上海,上海,中国,华东,办公用-器具-10000501,办公用品,器具,"Hamilton Beach 炉灶, 红色",17716.44,7,0.0,0.0
9734,CN-202021-4075015,2022-07-11,2022-07-11,当日,陈丽-17605,陈丽雪,公司,泉州,福建,中国,华东,办公用-装订-10002575,办公用品,装订机,"Wilson Jones 打孔机, 耐用",412.86,3,0.0,189.84
9735,CN-202021-4075015,2022-07-11,2022-07-11,当日,陈丽-17605,陈丽雪,公司,泉州,福建,中国,华东,家具-椅子-10003670,家具,椅子,"Harbour Creations 摇椅, 黑色",4050.48,6,0.0,1417.08
9736,CN-202021-4075015,2022-07-11,2022-07-11,当日,陈丽-17605,陈丽雪,公司,泉州,福建,中国,华东,办公用-收纳-10002196,办公用品,收纳具,"Fellowes 文件车, 单宽度",1281.84,2,0.0,153.72
9737,CN-202021-4505574,2022-06-07,2022-06-11,标准级,苏姝-20485,苏姝,小型企业,长春,吉林,中国,东北,办公用-用品-10001057,办公用品,用品,"Kleencut 美工刀, 工业",1861.86,11,0.0,184.8
9738,CN-202021-1017090,2022-12-14,2022-12-20,标准级,邱德-12055,邱德,小型企业,宿州,安徽,中国,华东,办公用-收纳-10003273,办公用品,收纳具,"Tenex 盒, 工业",713.16,9,0.0,220.5
9739,CN-202021-1017090,2022-12-14,2022-12-20,标准级,邱德-12055,邱德,小型企业,宿州,安徽,中国,华东,办公用-标签-10002381,办公用品,标签,"Harbour Creations 运输标签, 耐用",276.5,5,0.0,132.3
9740,CN-202021-1017090,2022-12-14,2022-12-20,标准级,邱德-12055,邱德,小型企业,宿州,安徽,中国,华东,技术-复印-10004910,技术,复印机,"Brother 复印机, 数字化",1222.34,1,0.0,452.2
9741,CN-202021-1017090,2022-12-14,2022-12-20,标准级,邱德-12055,邱德,小型企业,宿州,安徽,中国,华东,家具-用具-10002675,家具,用具,"Eldon 相框, 耐用",2058.56,8,0.0,369.6
9750,CN-202021-4323224,2022-11-03,2022-11-07,标准级,巩凤-12880,巩凤,公司,上虞,浙江,中国,华东,办公用-装订-10003487,办公用品,装订机,"Avery 装订机盖, 回收",32.004,1,0.4,-11.256
9751,CN-202021-4323224,2022-11-03,2022-11-07,标准级,巩凤-12880,巩凤,公司,上虞,浙江,中国,华东,办公用-装订-10004764,办公用品,装订机,"Avery 装订机盖, 透明",176.904,6,0.4,-29.736
9755,CN-202021-5106829,2022-04-30,2022-05-03,一级,马盛-20365,马盛,消费者,大同,安徽,中国,华东,技术-复印-10000101,技术,复印机,"惠普 个人复印机, 彩色",586.74,1,0.0,70.28
9756,CN-202021-5106829,2022-04-30,2022-05-03,一级,马盛-20365,马盛,消费者,大同,安徽,中国,华东,办公用-系固-10004607,办公用品,系固件,"Stockwell 橡皮筋, 金属",388.5,5,0.0,7.7
9760,US-202021-4853457,2022-01-01,2022-01-07,标准级,彭博-10555,彭博,公司,沈阳,辽宁,中国,东北,办公用-纸张-10000928,办公用品,纸张,"Eaton 令, 每包 12 个",572.88,4,0.0,183.12
9762,CN-202021-4896054,2022-02-15,2022-02-16,一级,顾君-15220,顾君,公司,宜春,江西,中国,华东,办公用-收纳-10000793,办公用品,收纳具,"Smead 锁柜, 单宽度",1852.2,2,0.0,148.12
9763,CN-202021-4896054,2022-02-15,2022-02-16,一级,顾君-15220,顾君,公司,宜春,江西,中国,华东,技术-设备-10004713,技术,设备,"松下 计算器, 红色",1328.04,6,0.0,331.8
9764,US-202021-5315398,2022-05-23,2022-05-28,二级,冯丽-17350,冯丽丽,消费者,三岔子,吉林,中国,东北,办公用-纸张-10004573,办公用品,纸张,"Enermax 信纸, 多色",679.14,3,0.0,26.88
9765,US-202021-5315398,2022-05-23,2022-05-28,二级,冯丽-17350,冯丽丽,消费者,三岔子,吉林,中国,东北,办公用-装订-10004336,办公用品,装订机,"Acco 装订机盖, 实惠",248.64,4,0.0,47.04
9766,US-202021-5315398,2022-05-23,2022-05-28,二级,冯丽-17350,冯丽丽,消费者,三岔子,吉林,中国,东北,技术-配件-10001341,技术,配件,"Memorex 记忆卡, 回收",2335.2,5,0.0,910.7
9772,CN-202021-4950934,2022-01-16,2022-01-21,标准级,涂丽-15955,涂丽,消费者,广州,广东,中国,中南,家具-书架-10000253,家具,书架,"宜家 书库, 传统",10174.92,6,0.0,4273.08
9776,CN-202021-1608087,2022-08-31,2022-09-04,标准级,郝壁-10420,郝壁,公司,上海,上海,中国,华东,办公用-器具-10000188,办公用品,器具,"KitchenAid 冰箱, 银色",4934.44,2,0.0,1776.32
9783,CN-202021-4647823,2022-09-10,2022-09-12,二级,陈昌-11035,陈昌,消费者,威海,山东,中国,华东,办公用-标签-10002774,办公用品,标签,"Harbour Creations 圆形标签, 耐用",66.64,2,0.0,1.96
9790,CN-202021-4719760,2022-06-05,2022-06-09,标准级,袁岱-11905,袁岱,小型企业,阳谷,山东,中国,华东,家具-书架-10001860,家具,书架,"Safco 搁架, 传统",4590.6,5,0.0,963.9
9791,CN-202021-4719760,2022-06-05,2022-06-09,标准级,袁岱-11905,袁岱,小型企业,阳谷,山东,中国,华东,办公用-器具-10003836,办公用品,器具,"Hoover 微波炉, 黑色",2875.32,2,0.0,373.52
9811,CN-202021-2969769,2022-08-08,2022-08-12,标准级,黄磊-16000,黄磊,消费者,佳木斯,黑龙江,中国,东北,办公用-信封-10001224,办公用品,信封,"Jiffy 局间信封, 红色",932.96,4,0.0,55.44
9832,CN-202021-4271574,2022-04-09,2022-04-13,二级,戴康-15415,戴康,消费者,武汉,湖北,中国,中南,办公用-收纳-10000181,办公用品,收纳具,"Eldon 文件车, 蓝色",1193.64,2,0.0,357.84
9835,CN-202021-2518780,2022-01-23,2022-01-28,标准级,丁妮-18610,丁妮,公司,昆明,云南,中国,西南,办公用-美术-10000575,办公用品,美术,"Binney & Smith 画布, 金属",245.56,1,0.0,17.08
9836,CN-202021-2518780,2022-01-23,2022-01-28,标准级,丁妮-18610,丁妮,公司,昆明,云南,中国,西南,技术-复印-10002682,技术,复印机,"佳能 传真机, 每套两件",10697.904,9,0.2,668.304
9837,CN-202021-2518780,2022-01-23,2022-01-28,标准级,丁妮-18610,丁妮,公司,昆明,云南,中国,西南,技术-配件-10002874,技术,配件,"Enermax 键区, 可编程",1098.16,4,0.0,548.8
9838,CN-202021-2518780,2022-01-23,2022-01-28,标准级,丁妮-18610,丁妮,公司,昆明,云南,中国,西南,家具-椅子-10004110,家具,椅子,"SAFCO 沙滩椅, 可调",969.36,4,0.0,378.0
9839,CN-202021-5525339,2022-05-25,2022-05-31,标准级,曹琼-19675,曹琼,小型企业,天津,天津,中国,华北,技术-配件-10000668,技术,配件,"SanDisk 路由器, 可编程",1203.3,1,0.0,336.84
9843,US-202021-1436231,2022-12-03,2022-12-06,二级,贺立-16780,贺立,公司,襄樊,湖北,中国,中南,技术-电话-10004871,技术,电话,"三星 充电器, 蓝色",14249.76,8,0.4,-5700.8
9844,US-202021-1436231,2022-12-03,2022-12-06,二级,贺立-16780,贺立,公司,襄樊,湖北,中国,中南,办公用-器具-10000979,办公用品,器具,"Cuisinart 搅拌机, 白色",729.456,4,0.4,-206.864
9845,US-202021-1436231,2022-12-03,2022-12-06,二级,贺立-16780,贺立,公司,襄樊,湖北,中国,中南,技术-设备-10000530,技术,设备,"冲电器 喷墨打印机, 多色",6156.36,7,0.4,-2257.92
9847,CN-202021-1058371,2022-03-25,2022-03-29,标准级,邵伟-21565,邵伟,公司,青岛,山东,中国,华东,技术-复印-10002364,技术,复印机,"Hewlett 复印机, 每套两件",2460.92,2,0.0,1156.4
9848,CN-202021-1058371,2022-03-25,2022-03-29,标准级,邵伟-21565,邵伟,公司,青岛,山东,中国,华东,家具-椅子-10004961,家具,椅子,"Office Star 椅垫, 可调",956.34,3,0.0,449.4
9850,CN-202021-5698942,2022-12-10,2022-12-13,二级,孟斯-20980,孟斯云,公司,吉林市,吉林,中国,东北,办公用-系固-10001285,办公用品,系固件,"Stockwell 订书钉, 整包",50.4,1,0.0,24.08
9880,US-202021-4571372,2022-02-13,2022-02-17,标准级,涂伟-21640,涂伟,消费者,成都,四川,中国,西南,技术-设备-10002232,技术,设备,"StarTech 收据打印机, 耐用",1549.8,5,0.4,-207.2
9881,US-202021-4571372,2022-02-13,2022-02-17,标准级,涂伟-21640,涂伟,消费者,成都,四川,中国,西南,技术-配件-10004986,技术,配件,"贝尔金 路由器, 回收",3591.84,5,0.4,-179.76
9902,CN-202021-4644475,2022-12-08,2022-12-12,二级,顾磊-16030,顾磊,消费者,上海,上海,中国,华东,技术-复印-10004944,技术,复印机,"惠普 无线传真机, 每套两件",3361.96,2,0.0,1176.56
9919,US-202021-3436770,2022-03-07,2022-03-11,标准级,佘升-20170,佘升,消费者,青岛,山东,中国,华东,办公用-收纳-10001262,办公用品,收纳具,"Eldon 搁板, 金属",664.86,3,0.0,186.06
9920,US-202021-3436770,2022-03-07,2022-03-11,标准级,佘升-20170,佘升,消费者,青岛,山东,中国,华东,家具-椅子-10002450,家具,椅子,"Hon 折叠椅, 红色",1899.8,5,0.0,702.8
9921,CN-202021-2996094,2022-01-05,2022-01-11,标准级,戴虎-14065,戴虎,消费者,即墨,山东,中国,华东,办公用-收纳-10004240,办公用品,收纳具,"Fellowes 文件夹, 蓝色",246.4,2,0.0,83.72
9929,CN-202021-4662338,2022-06-26,2022-07-01,标准级,杨健-14605,杨健,消费者,仪征,江苏,中国,华东,技术-配件-10001450,技术,配件,"罗技 记忆卡, 回收",1133.328,4,0.4,-547.792
9930,CN-202021-4662338,2022-06-26,2022-07-01,标准级,杨健-14605,杨健,消费者,仪征,江苏,中国,华东,办公用-纸张-10000416,办公用品,纸张,"施乐 笔记本, 每包 12 个",569.52,4,0.0,90.72
9931,US-202021-4544243,2022-12-17,2022-12-21,标准级,田妮-18595,田妮,小型企业,上海,上海,中国,华东,办公用-信封-10000504,办公用品,信封,"Cameo 邮寄品, 回收",517.44,3,0.0,82.74
9959,CN-202021-4027651,2022-07-02,2022-07-09,标准级,马荣-19750,马荣,消费者,广州,广东,中国,中南,家具-用具-10004678,家具,用具,"Eldon 闹钟, 优质",1029.28,4,0.0,30.8
9960,CN-202021-4027651,2022-07-02,2022-07-09,标准级,马荣-19750,马荣,消费者,广州,广东,中国,中南,办公用-标签-10000647,办公用品,标签,"Novimex 运输标签, 耐用",265.3,5,0.0,119.0
9963,CN-202021-4850175,2022-07-23,2022-07-29,标准级,邱秋-11575,邱秋,公司,鹤壁,河南,中国,中南,办公用-美术-10003886,办公用品,美术,"Stanley 钢笔, 整包",115.584,3,0.2,-13.356
9964,CN-202021-4850175,2022-07-23,2022-07-29,标准级,邱秋-11575,邱秋,公司,鹤壁,河南,中国,中南,技术-复印-10004788,技术,复印机,"Brother 个人复印机, 数字化",665.14,1,0.0,212.8
9965,CN-202021-3405401,2022-08-10,2022-08-10,当日,袁康-15475,袁康,消费者,深圳,广东,中国,中南,家具-书架-10001278,家具,书架,"Bush 搁架, 黑色",8861.16,11,0.0,2568.72
9967,CN-202021-5385461,2022-07-31,2022-08-05,二级,马丽-16480,马丽娜,消费者,禹州,河南,中国,中南,办公用-系固-10004262,办公用品,系固件,"Advantus 回形针, 混合尺寸",159.6,3,0.0,33.18
9968,CN-202021-5385461,2022-07-31,2022-08-05,二级,马丽-16480,马丽娜,消费者,禹州,河南,中国,中南,技术-配件-10001067,技术,配件,"罗技 闪存驱动器, 实惠",711.9,5,0.0,28.0
9975,CN-202021-3138910,2022-08-18,2022-08-22,二级,顾黎-16360,顾黎明,消费者,天津,天津,中国,华北,技术-复印-10004447,技术,复印机,"佳能 复印机, 每套两件",3669.96,3,0.0,990.78
9976,CN-202021-3138910,2022-08-18,2022-08-22,二级,顾黎-16360,顾黎明,消费者,天津,天津,中国,华北,办公用-纸张-10001282,办公用品,纸张,"Enermax 笔记本, 每包 12 个",304.64,2,0.0,78.96
9977,CN-202021-1364986,2022-03-06,2022-03-12,标准级,余婵-11020,余婵,公司,汕头,广东,中国,中南,技术-配件-10000932,技术,配件,"SanDisk 键盘, 回收",370.02,1,0.0,125.72
9978,CN-202021-1364986,2022-03-06,2022-03-12,标准级,余婵-11020,余婵,公司,汕头,广东,中国,中南,办公用-收纳-10004690,办公用品,收纳具,"Fellowes 盘, 工业",810.18,3,0.0,356.16
9983,CN-202021-3438839,2022-09-05,2022-09-07,二级,薛芳-12745,薛芳,公司,澄江,江苏,中国,华东,办公用-纸张-10001036,办公用品,纸张,"Eaton 备忘录便条, 回收",254.8,4,0.0,40.32
9984,CN-202021-3438839,2022-09-05,2022-09-07,二级,薛芳-12745,薛芳,公司,澄江,江苏,中国,华东,家具-椅子-10003748,家具,椅子,"Harbour Creations 折叠椅, 红色",274.092,1,0.4,9.072
9985,CN-202021-1608087,2022-08-13,2022-08-14,一级,贺斯-20935,贺斯云,消费者,哈尔滨,黑龙江,中国,东北,办公用-纸张-10000069,办公用品,纸张,"Eaton 备忘录便条, 多色",282.8,4,0.0,73.36
9986,CN-202021-1608087,2022-08-13,2022-08-14,一级,贺斯-20935,贺斯云,消费者,哈尔滨,黑龙江,中国,东北,办公用-装订-10000850,办公用品,装订机,"Wilson Jones 装订机盖, 回收",107.8,2,0.0,19.32
9987,CN-202021-1608087,2022-08-13,2022-08-14,一级,贺斯-20935,贺斯云,消费者,哈尔滨,黑龙江,中国,东北,办公用-用品-10002884,办公用品,用品,"Stiletto 修剪器, 蓝色",399.0,2,0.0,51.8
9988,CN-202021-1608087,2022-08-13,2022-08-14,一级,贺斯-20935,贺斯云,消费者,哈尔滨,黑龙江,中国,东北,办公用-纸张-10004825,办公用品,纸张,"施乐 令, 回收",367.5,3,0.0,32.76
9989,CN-202021-3773206,2022-01-10,2022-01-15,标准级,曹冬-12445,曹冬露,消费者,西安,陕西,中国,西北,办公用-装订-10000292,办公用品,装订机,"Wilson Jones 装订机盖, 实惠",156.66,3,0.0,51.66
9993,CN-202021-3665640,2022-08-07,2022-08-14,标准级,邓黎-16465,邓黎明,消费者,随州,湖北,中国,中南,办公用-收纳-10002744,办公用品,收纳具,"Eldon 盒, 单宽度",192.08,4,0.0,22.96
